DataType=double
version=3
OpenSimVersion=4.5.2-2025-04-07-2c9fc5bc9
endheader
time	q	q_dot
0	-0.7853981633974483	0
0.001	-0.7853898184857181	0.01668980024768597
0.002	-0.7853368703793406	0.08920626521954864
0.003	-0.7852098391392169	0.1648558616283506
0.004	-0.7850069283300517	0.2409651921136403
0.005	-0.7847280639193633	0.3167628531509111
0.006	-0.7843736676029824	0.3920287929725385
0.007	-0.7839443016934892	0.4667018301930637
0.008	-0.7834405666852227	0.5407667827419737
0.009000000000000001	-0.7828630710913326	0.6142227950482185
0.01	-0.7822124232128432	0.6870711468919437
0.011	-0.7814892290657816	0.7593151284414444
0.012	-0.7806940912505707	0.8309582806877436
0.013	-0.7798276082729414	0.9020052519758652
0.01400000000000001	-0.778890374777653	0.9724591158569438
0.01500000000000001	-0.777882982411832	1.042322794002679
0.01600000000000001	-0.7768060192840393	1.111600441828916
0.01700000000000001	-0.77566006972227	1.180295465008858
0.01800000000000001	-0.7744457147654894	1.248411035888963
0.01900000000000001	-0.7731635314886623	1.315951910083161
0.02000000000000001	-0.7718140931217166	1.382921022012433
0.02100000000000001	-0.7703979699892246	1.449321247930837
0.02200000000000001	-0.7689157289560926	1.515156630882067
0.02300000000000001	-0.7673679334817619	1.580429938717442
0.02400000000000001	-0.765755143473938	1.645145507023749
0.02500000000000002	-0.7640779151068039	1.709306467226822
0.02600000000000002	-0.7623368015342935	1.772915728369185
0.02700000000000002	-0.7605323526566337	1.835976888793508
0.02800000000000002	-0.7586651148742355	1.898493349759785
0.02900000000000002	-0.7567356312286889	1.960468427623224
0.03000000000000002	-0.7547444415297525	2.021905269665519
0.03100000000000002	-0.752692081905078	2.082808092793232
0.03200000000000002	-0.7505790854767147	2.143178691281104
0.03300000000000002	-0.7484059822450856	2.20302151408563
0.03400000000000002	-0.7461732987400765	2.262339053302
0.03500000000000002	-0.7438815586723643	2.321134455234212
0.03600000000000003	-0.7415312827655441	2.379410547722541
0.03700000000000003	-0.7391229886007533	2.437170787824729
0.03800000000000003	-0.7366571904673741	2.494418301975213
0.03900000000000003	-0.7341364000771254	2.547155124893207
0.04000000000000003	-0.731563691542562	2.598254421882375
0.04100000000000003	-0.7289382799391309	2.652561090598091
0.04200000000000003	-0.7262582746979482	2.707441518758389
0.04300000000000003	-0.7235258930918659	2.757313647216004
0.04400000000000003	-0.7207444701200989	2.80552408574308
0.04500000000000003	-0.7179151838901024	2.853040001780446
0.04600000000000003	-0.7150385895815796	2.900140081564463
0.04700000000000003	-0.7121176311901862	2.941768014072981
0.04800000000000004	-0.7091557064804984	2.982072573921519
0.04900000000000004	-0.7061535597685239	3.022211875785804
0.05000000000000004	-0.7031086375765648	3.067623382522095
0.05100000000000004	-0.7000202820379525	3.109078414833185
0.05200000000000004	-0.696890969306173	3.149537621134135
0.05300000000000004	-0.693721284303119	3.189822810548539
0.05400000000000004	-0.6905112980399728	3.230139993828797
0.05500000000000004	-0.6872635355565565	3.265375110403278
0.05600000000000004	-0.6839810184889551	3.299649029910038
0.05700000000000004	-0.6806641459995679	3.334085822161552
0.05800000000000004	-0.6773151946008534	3.36380672299333
0.05900000000000005	-0.6739342327345127	3.398106631371821
0.06000000000000005	-0.6705181950123892	3.4339582983885
0.06100000000000005	-0.6670685598400328	3.4653013994787
0.06200000000000005	-0.6635879193469173	3.49596881485918
0.06300000000000004	-0.6600764344615648	3.526990058749845
0.06400000000000004	-0.6565336384347488	3.558590970477671
0.06500000000000004	-0.6529615235454647	3.585627661940066
0.06600000000000004	-0.6493626147204513	3.612178727490972
0.06700000000000005	-0.6457368569327557	3.63932547214233
0.06800000000000005	-0.642083543040275	3.667290819127907
0.06900000000000005	-0.6384018617062658	3.696060234143176
0.07000000000000005	-0.6346910477215585	3.725555996464972
0.07100000000000005	-0.6309529882375162	3.750551114151905
0.07200000000000005	-0.6271901603027862	3.775092786523831
0.07300000000000005	-0.6234024814106804	3.800252916845244
0.07400000000000005	-0.6195917922708873	3.821113175258984
0.07500000000000005	-0.6157603350615913	3.841788955986108
0.07600000000000005	-0.6119077581835503	3.863352411388445
0.07700000000000005	-0.6080330730125862	3.886005436910315
0.07800000000000006	-0.6041352094750795	3.909709035696256
0.07900000000000006	-0.6002157420249514	3.929213158070185
0.08000000000000006	-0.5962768528001319	3.948552487728838
0.08100000000000006	-0.5923181822528893	3.968775704082307
0.08200000000000006	-0.5883413165874907	3.984942630082736
0.08300000000000006	-0.5843482654421195	4.00114657639313
0.08400000000000006	-0.5803384659947718	4.018439144336528
0.08500000000000006	-0.5763133096097209	4.031860366465339
0.08600000000000006	-0.5722720558181648	4.050633869380635
0.08700000000000006	-0.5682109006026491	4.071663113605375
0.08800000000000006	-0.5641306498646784	4.088824815898066
0.08900000000000007	-0.5600332834461662	4.105894382626697
0.09000000000000007	-0.5559184048557271	4.123849066153086
0.09100000000000007	-0.5517876099624335	4.137726899865087
0.09200000000000007	-0.547642928798726	4.151621525156288
0.09300000000000007	-0.5434863879912418	4.161446112301232
0.09400000000000007	-0.5393198966465007	4.171522530936889
0.09500000000000007	-0.5351400846619272	4.188087311820378
0.09600000000000007	-0.5309450106863317	4.202046426160179
0.09700000000000007	-0.5267358243032823	4.216312043683113
0.09800000000000007	-0.5225118561868567	4.231609807485285
0.09900000000000007	-0.5182745942283273	4.242899647435272
0.1000000000000001	-0.5140260105155772	4.254253242156191
0.1010000000000001	-0.5097680887525765	4.261575680959071
0.1020000000000001	-0.5055027011801571	4.269184800495303
0.1030000000000001	-0.5012290133449374	4.278176143266506
0.1040000000000001	-0.4969455542844516	4.288727182715
0.1050000000000001	-0.4926508016217488	4.300763274146068
0.1060000000000001	-0.4883459100338604	4.309004963546015
0.1070000000000001	-0.4840326767361423	4.317446630557049
0.1080000000000001	-0.4797103929217614	4.327105931230235
0.1090000000000001	-0.4753803281688599	4.333008446465047
0.1100000000000001	-0.4710442031929214	4.339226322303682
0.1110000000000001	-0.4667037568022377	4.341651227207687
0.1120000000000001	-0.4623606335002529	4.344580102135109
0.1130000000000001	-0.4580112200119932	4.354231544464183
0.1140000000000001	-0.4536533518580987	4.361489370604911
0.1150000000000001	-0.4492879758248182	4.369247243891791
0.1160000000000001	-0.4449142371636061	4.378214564214339
0.1170000000000001	-0.4405334526449423	4.383338901337314
0.1180000000000001	-0.4361474374003787	4.38867596517044
0.1190000000000001	-0.4317580322214956	4.390118725895537
0.1200000000000001	-0.4273669779586341	4.391974095506692
0.1210000000000001	-0.4229733186023621	4.39532887193382
0.1220000000000001	-0.4185780432698871	4.395206010933323
0.1230000000000001	-0.4141800320997371	4.400800506542382
0.1240000000000001	-0.409777700622196	4.403846579505474
0.1250000000000001	-0.4053720327965974	4.407473160222251
0.1260000000000001	-0.4009620648792981	4.412446717221105
0.1270000000000001	-0.3965489725367237	4.413721969575164
0.1280000000000001	-0.3921344299660799	4.415347138497411
0.1290000000000001	-0.3877201472882255	4.413202155644987
0.1300000000000001	-0.3833077459097913	4.411584517539376
0.1310000000000001	-0.3788961593398038	4.411572513086307
0.1320000000000001	-0.3744837017793221	4.413326467019323
0.1330000000000001	-0.3700686526647569	4.416755583732535
0.1340000000000001	-0.3656519853569754	4.416562819773209
0.1350000000000001	-0.3612353300371636	4.41673158039927
0.1360000000000001	-0.3568178216318796	4.418268960451916
0.1370000000000001	-0.3524005807904236	4.416196426917404
0.1380000000000001	-0.3479851884501777	4.414571938374603
0.1390000000000001	-0.3435732573007392	4.409274031970115
0.1400000000000001	-0.3391663163288572	4.404591575980126
0.1410000000000001	-0.3347606457647905	4.406733195641532
0.1420000000000001	-0.3303539790331337	4.406583882367434
0.1430000000000001	-0.3259471645318214	4.407028709622638
0.1440000000000001	-0.3215418261751125	4.403631574207692
0.1450000000000001	-0.3171396967339025	4.400610866491793
0.1460000000000001	-0.3127398660791307	4.399033986162672
0.1470000000000001	-0.3083433746785744	4.393932347147432
0.1480000000000001	-0.3039517189498666	4.389362637540742
0.1490000000000001	-0.2995664323405269	4.381194109642819
0.1500000000000001	-0.2951864003724379	4.378853352491348
0.1510000000000001	-0.2908073287268027	4.379273446398872
0.1520000000000001	-0.2864295274870803	4.376312523830381
0.1530000000000001	-0.282054506818628	4.373712293064232
0.1540000000000001	-0.2776840041461666	4.367276527983468
0.1550000000000001	-0.2733197140712139	4.361287100980477
0.1560000000000001	-0.2689606502846716	4.356823950757742
0.1570000000000001	-0.2646077712365708	4.34891762771771
0.1580000000000001	-0.2602624940336338	4.341620269833949
0.1590000000000001	-0.255923705750512	4.33593979366826
0.1600000000000001	-0.2515897175441783	4.332020115799855
0.1610000000000001	-0.2472588142953485	4.329769872032402
0.1620000000000001	-0.2429319695468276	4.323903112619988
0.1630000000000001	-0.2386108093636032	4.318400745452148
0.1640000000000001	-0.2342944656760424	4.314270122361272
0.1650000000000001	-0.2299840577726475	4.30652918284093
0.1660000000000001	-0.225681163671668	4.299242529677674
0.1670000000000001	-0.2213873869886669	4.288294365576904
0.1680000000000001	-0.2171042432474927	4.277976670944951
0.1690000000000001	-0.2128279971228137	4.274499143563104
0.1700000000000001	-0.2085563676987977	4.26874327219242
0.1710000000000001	-0.2042901880486332	4.263599601990995
0.1720000000000001	-0.2000310631736845	4.254633734434543
0.1730000000000001	-0.1957807054192116	4.246065380689952
0.1740000000000001	-0.1915381830043703	4.238963071605669
0.1750000000000001	-0.1873045153068071	4.228355966878712
0.1760000000000001	-0.1830811767203739	4.218304876169607
0.1770000000000001	-0.1788671028546406	4.209826548569223
0.1780000000000001	-0.1746606458988568	4.203071073349216
0.1790000000000001	-0.1704601260851186	4.197952275399752
0.1800000000000001	-0.1662665534279688	4.189176775350017
0.1810000000000001	-0.1620815868450665	4.180740148866493
0.1820000000000001	-0.1579043801563415	4.173657006023536
0.1830000000000001	-0.1537360716142217	4.16294387945342
0.1840000000000001	-0.1495782554552188	4.152672270137878
0.1850000000000001	-0.1454325476976372	4.138727113606022
0.1860000000000001	-0.1413004727312663	4.125406731013086
0.1870000000000001	-0.1371782987016226	4.118925269275274
0.1880000000000001	-0.1330637441036466	4.110167888245518
0.1890000000000001	-0.1289576391275062	4.102026049731855
0.1900000000000001	-0.1248590147093374	4.095206792970999
0.1910000000000001	-0.1207690755730901	4.084655511576819
0.1920000000000001	-0.1166895263994845	4.074426900354414
0.1930000000000001	-0.1126195286447305	4.065552703586905
0.1940000000000001	-0.1085602146062702	4.053059502224623
0.1950000000000001	-0.1045131679671818	4.041017945814281
0.1960000000000001	-0.1004799925659526	4.025317074076647
0.1970000000000001	-0.09645963008997674	4.015392139058534
0.1980000000000001	-0.09244783471434549	4.008182900821219
0.1990000000000001	-0.08844495832241983	3.99755420075123
0.2000000000000001	-0.08445254467068558	3.987257455882825
0.2010000000000002	-0.0804697856327298	3.978245005761949
0.2020000000000002	-0.07649789057729549	3.965529528436142
0.2030000000000002	-0.07253852657872344	3.953182936460092
0.2040000000000002	-0.06859080781351669	3.942239102938806
0.2050000000000002	-0.06465581931079166	3.927722457269016
0.2060000000000002	-0.0607325290042027	3.918842752665028
0.2070000000000002	-0.05681942551291868	3.907348862992614
0.2080000000000002	-0.05291755209746665	3.896382641695744
0.2090000000000002	-0.04902599030447388	3.886725655421766
0.2100000000000002	-0.04514594762317131	3.873344460663904
0.2110000000000002	-0.04127911783273199	3.860299922955583
0.2120000000000002	-0.03742464715267323	3.848626286060107
0.2130000000000002	-0.03358365040373939	3.833352111493303
0.2140000000000002	-0.02975769321482249	3.818547223214461
0.2150000000000002	-0.02594579255554717	3.80523910577434
0.2160000000000002	-0.0221463709410867	3.793589181180286
0.2170000000000002	-0.01835780813443113	3.783521531616576
0.2180000000000002	-0.0145785885317932	3.774902808859244
0.2190000000000002	-0.0108099096759281	3.762440078714984
0.2200000000000002	-0.007053609122923498	3.750146251227286
0.2210000000000002	-0.003309000768725968	3.739055726704246
0.2220000000000002	0.0004226394430288578	3.724210017173874
0.2230000000000002	0.004139598084313263	3.709692643540931
0.2240000000000002	0.007842724248992593	3.6965451186017
0.2250000000000002	0.01153347485709576	3.684941579491839
0.2260000000000002	0.01521336168216384	3.674817595880895
0.2270000000000002	0.01888380288596682	3.666050374922922
0.2280000000000002	0.0225435211419242	3.653371743362009
0.2290000000000002	0.02619060904238643	3.640789714788958
0.2300000000000002	0.02982568293544065	3.629343777156352
0.2310000000000002	0.03344740278348009	3.614081678812735
0.2320000000000002	0.03705399733716732	3.599093249637032
0.2330000000000002	0.04064626389852823	3.58542575237306
0.2340000000000002	0.04422304378818383	3.56811996915163
0.2350000000000002	0.04778530626412014	3.556390984203248
0.2360000000000002	0.05133707666127008	3.547135855183111
0.2370000000000002	0.05487776430049139	3.5342255144246
0.2380000000000002	0.05840560040557599	3.52143284008427
0.2390000000000002	0.06192118997715837	3.509732498361509
0.2400000000000002	0.06542313676471215	3.494147328589351
0.2410000000000002	0.06890960629313478	3.478778043993605
0.2420000000000002	0.07238134150384933	3.464678754276256
0.2430000000000002	0.07583713599884147	3.446896678505567
0.2440000000000002	0.07927534581242869	3.429509463983751
0.2450000000000002	0.08269945506801032	3.418695621456708
0.2460000000000002	0.08611405483756292	3.410490533005732
0.2470000000000002	0.08951857255351543	3.398531557703704
0.2480000000000002	0.09291111338695043	3.386536818958798
0.2490000000000002	0.09629212746236764	3.375478091002949
0.2500000000000002	0.0996600729631802	3.360399725227635
0.2510000000000002	0.1030129822655142	3.345405757321612
0.2520000000000002	0.1063514721288335	3.331560908148949
0.2530000000000002	0.1096742210222368	3.313923883693962
0.2540000000000002	0.1129820524462494	3.301726032430177
0.2550000000000002	0.1162788611117213	3.291878414534214
0.2560000000000002	0.1195665110893886	3.283408697552813
0.2570000000000002	0.1228436332673086	3.270822861214052
0.2580000000000002	0.126108096450511	3.258090762697206
0.2590000000000002	0.129360277106593	3.246257860159761
0.2600000000000002	0.1325986069542518	3.230389205226388
0.2610000000000002	0.1358211067212211	3.214597765934255
0.2620000000000002	0.1390283874222175	3.199951138103403
0.2630000000000002	0.1422191164631732	3.181494515914886
0.2640000000000002	0.1453941046376226	3.168469472035766
0.2650000000000002	0.148557242627661	3.157794198941551
0.2660000000000002	0.1517103951218104	3.14849852491349
0.2670000000000002	0.1548521934097649	3.135085836593768
0.2680000000000002	0.157980508281831	3.121531751506493
0.2690000000000002	0.1610957212904869	3.108882166703395
0.2700000000000002	0.1641962693228994	3.092201862056402
0.2710000000000002	0.1672801776800838	3.075602886972981
0.2720000000000002	0.1703480620404515	3.060153936775617
0.2730000000000002	0.1734011717729211	3.046053694702579
0.2740000000000002	0.1764408343398555	3.033259664109367
0.2750000000000002	0.1794683047199259	3.021669374546253
0.2760000000000002	0.1824847309158684	3.011171345014106
0.2770000000000002	0.1854911520334367	3.001659262976801
0.2780000000000002	0.1884859359002421	2.987896895013856
0.2790000000000002	0.1914668542742481	2.973928337536697
0.2800000000000002	0.1944342359045663	2.960823466537872
0.2810000000000002	0.1973864845726072	2.943662478049414
0.2820000000000002	0.2003216007093348	2.926558476683744
0.2830000000000002	0.2032401771535775	2.910583163548201
0.2840000000000002	0.2061460150511694	2.901081439195909
0.2850000000000002	0.209040930430943	2.888738176742665
0.2860000000000002	0.2119235221442327	2.876434160464331
0.2870000000000002	0.2147942040417715	2.864918597890938
0.2880000000000002	0.2176538344218163	2.854331174835125
0.2890000000000002	0.2205007577527528	2.839504555398025
0.2900000000000002	0.2233327655894182	2.824500250484083
0.2910000000000002	0.226150216671475	2.810391108974346
0.2920000000000002	0.2289541151729537	2.797395148252209
0.2930000000000002	0.2317429949710894	2.780353766808995
0.2940000000000002	0.2345174071763427	2.768460024869782
0.2950000000000002	0.2372809608282185	2.758636708609256
0.2960000000000002	0.2400352520429093	2.749935192953854
0.2970000000000002	0.2427786699393504	2.736890120724118
0.2980000000000002	0.2455088664376567	2.723492454252886
0.2990000000000002	0.2482260224067314	2.710809119114809
0.3000000000000002	0.2509309665111229	2.699068778556618
0.3010000000000002	0.2536220692733195	2.683126494579727
0.3020000000000002	0.25629716162615	2.66704802789722
0.3030000000000002	0.2589566432514633	2.651905106044238
0.3040000000000002	0.2616041266304616	2.643051587985198
0.3050000000000002	0.2642412540259054	2.631193185390872
0.3060000000000002	0.2668664695862093	2.619227970051108
0.3070000000000002	0.2694800485768845	2.607920097407003
0.3080000000000002	0.2720827250930634	2.597423069523415
0.3090000000000002	0.2746727322818996	2.582581497853215
0.3100000000000002	0.277247762349894	2.567468891664737
0.3110000000000002	0.2798080859770651	2.553168678949062
0.3120000000000002	0.2823546287657828	2.539907273944088
0.3130000000000002	0.2848884229982542	2.527671621693579
0.3140000000000002	0.287410457095358	2.516387054671481
0.3150000000000002	0.2899216393412285	2.505967967227806
0.3160000000000002	0.2924227939488429	2.496331823023402
0.3170000000000002	0.2949146657400992	2.487402376546259
0.3180000000000002	0.2973953573896223	2.473971588706854
0.3190000000000002	0.2998624024839473	2.460109324531504
0.3200000000000002	0.3023159162275225	2.446908945095493
0.3210000000000002	0.3047566804593812	2.434610355992477
0.3220000000000002	0.3071855971453457	2.423213904763354
0.3230000000000002	0.3096009679418883	2.407518634920226
0.3240000000000002	0.3120030923827015	2.396721249889719
0.3250000000000002	0.3143953411182062	2.387767268216179
0.3260000000000002	0.3167790944575295	2.379730496245357
0.3270000000000002	0.3191525473014057	2.367166322759326
0.3280000000000002	0.3215131770107371	2.354084281968053
0.3290000000000002	0.3238610075502107	2.341568037703364
0.3300000000000002	0.3261967268469268	2.329861848484591
0.3310000000000002	0.3285211489752382	2.318973749835629
0.3320000000000002	0.3308324954470955	2.303710591081942
0.3330000000000002	0.3331284240559713	2.288138088015998
0.3340000000000002	0.3354091675426106	2.273340409796806
0.3350000000000002	0.3376781851007803	2.26468628133485
0.3360000000000002	0.3399395500344888	2.258035195965779
0.3370000000000002	0.342192085424651	2.247027233669649
0.3380000000000002	0.3444333138642958	2.23542134349602
0.3390000000000002	0.3466631493244975	2.224241323607439
0.3400000000000002	0.3488821367012722	2.213725223391066
0.3410000000000002	0.351090948097681	2.203889407086057
0.3420000000000002	0.3532876731232456	2.189552532912488
0.3430000000000002	0.3554698495006555	2.174792170998461
0.3440000000000003	0.3576376014162375	2.160703668929016
0.3450000000000003	0.3597942903091216	2.152666172807303
0.3460000000000003	0.361943901293575	2.146547884549206
0.3470000000000003	0.3640851778350481	2.135997323920138
0.3480000000000003	0.3662155708418715	2.124780861647633
0.3490000000000003	0.3683349294861296	2.113928645678705
0.3500000000000003	0.3704437403559489	2.103685357810743
0.3510000000000003	0.3725426234066717	2.094073050194275
0.3520000000000003	0.3746296134245651	2.079899342000162
0.3530000000000003	0.376702196615005	2.065259454256891
0.3540000000000003	0.3787604581168147	2.051256023301912
0.3550000000000003	0.3808051567694501	2.03813381160257
0.3560000000000003	0.3828397457950102	2.031036812154414
0.3570000000000003	0.384865584922753	2.020634053953729
0.3580000000000003	0.3868808233612433	2.009835478329939
0.3590000000000003	0.3888854592260963	1.999428951301165
0.3600000000000003	0.3908799743958259	1.989594130887226
0.3610000000000003	0.3928649445587269	1.980338978293975
0.3620000000000003	0.3948409304982353	1.971625722659092
0.3630000000000003	0.3968058811572226	1.958268463197864
0.3640000000000003	0.3987571957413703	1.944353628283255
0.3650000000000003	0.4006948701233876	1.930988114160823
0.3660000000000003	0.4026221509836619	1.923566628175323
0.3670000000000003	0.4045429204070856	1.91796526973238
0.3680000000000003	0.4064583967692578	1.91298053051018
0.3690000000000003	0.4083664484801286	1.903115999641529
0.3700000000000003	0.41026420636585	1.89239292303262
0.3710000000000003	0.4121513670979058	1.881921736157447
0.3720000000000003	0.4140283194857424	1.87197627697099
0.3730000000000003	0.4158956072229795	1.862592475312267
0.3740000000000003	0.4177512080916498	1.848602587399211
0.3750000000000003	0.4195925603658032	1.834095342963096
0.3760000000000003	0.4214196994323409	1.820176228622027
0.3770000000000003	0.4232359088750384	1.812236139856217
0.3780000000000003	0.4250451044168496	1.806148457315323
0.3790000000000003	0.4268485354205011	1.800707089488628
0.3800000000000003	0.4286466682902915	1.795552213846216
0.3810000000000003	0.4304371629927011	1.785430787320138
0.3820000000000003	0.4322170985087132	1.77443388403175
0.3830000000000003	0.4339861643931066	1.763691568098511
0.3840000000000003	0.4357447547265154	1.753482824597526
0.3850000000000003	0.4374934215548315	1.743844598408941
0.3860000000000003	0.4392327208216097	1.734747739970642
0.3870000000000003	0.4409606022968389	1.721009060990312
0.3880000000000003	0.4426770364445125	1.711853130563368
0.3890000000000003	0.4443850942139985	1.704256339330591
0.3900000000000003	0.4460858859922122	1.697321178738903
0.3910000000000003	0.4477799333336239	1.690767494551636
0.3920000000000003	0.4494675681668023	1.684496189880417
0.3930000000000003	0.4511464803145543	1.673322159447241
0.3940000000000003	0.4528138198792906	1.661351069620113
0.3950000000000003	0.4544693542988785	1.649711915660455
0.3960000000000003	0.4561135520924278	1.638677862313114
0.3970000000000003	0.4577470336903867	1.628279566979627
0.3980000000000003	0.45937041736914	1.618482064146133
0.3990000000000003	0.4609868483516554	1.614374203596036
0.4000000000000003	0.4625973557481027	1.606634917435305
0.4010000000000003	0.4641997758315066	1.598199610510133
0.4020000000000003	0.465793820671011	1.589884463595664
0.4030000000000003	0.4673797132796083	1.581895181815259
0.4040000000000003	0.4689577954434065	1.574263605863229
0.4050000000000003	0.4705284169357493	1.566973869491514
0.4060000000000003	0.4720919059555352	1.559998690137789
0.4070000000000003	0.4736459931253393	1.5481702068145
0.4080000000000003	0.4751878781718431	1.535594490553732
0.4090000000000003	0.476717376858246	1.523397534184514
0.4100000000000003	0.4782375730028494	1.516989443666514
0.4110000000000003	0.4797522018130515	1.51226288899427
0.4120000000000003	0.4812623501158534	1.508028448655069
0.4130000000000003	0.4827683377684733	1.503941607279574
0.4140000000000003	0.4842676928416001	1.494763316902246
0.4150000000000003	0.4857573756140941	1.484597043778721
0.4160000000000003	0.4872369688271156	1.474584237104716
0.4170000000000003	0.488706770350114	1.465013701774468
0.4180000000000003	0.4901672454800412	1.455931487320522
0.4190000000000003	0.4916188721563879	1.447316829249684
0.4200000000000003	0.4930620994987361	1.439132852342284
0.4210000000000003	0.4944999086210825	1.436480411885483
0.4220000000000003	0.4959331771851422	1.430051755338575
0.4230000000000003	0.497359603131449	1.422795203881307
0.4240000000000003	0.4987787729408551	1.415539510422856
0.4250000000000003	0.5001907959259793	1.408501583777389
0.4260000000000003	0.5015959109008213	1.401723517447672
0.4270000000000003	0.502994374794365	1.395199447838739
0.4280000000000003	0.504386432278386	1.388910724174227
0.4290000000000003	0.5057723084371494	1.382836822279538
0.4300000000000003	0.5071496389307765	1.371819426947868
0.4310000000000003	0.5085155375501805	1.359973116738848
0.4320000000000003	0.5098697423373886	1.348431806279652
0.4330000000000003	0.5112152662712551	1.342611443359765
0.4340000000000003	0.5125557806421044	1.33841270090375
0.4350000000000003	0.5138923154966935	1.334652427938797
0.4360000000000003	0.5152251397179393	1.33099145037351
0.4370000000000003	0.5165543049477819	1.327334461091646
0.4380000000000003	0.5178772333010981	1.318517722070802
0.4390000000000003	0.5191908290795062	1.308669346558246
0.4400000000000003	0.5204946360974984	1.298940238014758
0.4410000000000003	0.5217889206940268	1.289624539431264
0.4420000000000003	0.5230741209812197	1.280771653585971
0.4430000000000003	0.5243506907379647	1.272363511170915
0.4440000000000003	0.5256190574653414	1.264365625972349
0.4450000000000003	0.526882182967244	1.261881081219712
0.4460000000000003	0.5281409276498018	1.255604005324108
0.4470000000000003	0.5293929741783894	1.248484799162681
0.4480000000000003	0.5306378954020498	1.241353422759303
0.4490000000000003	0.5318757884473063	1.234428469268795
0.4500000000000003	0.5331068814688964	1.227753401521583
0.4510000000000003	0.5343314219462315	1.221323405972312
0.4520000000000003	0.5355496462139943	1.215121006749042
0.4530000000000003	0.5367617719579451	1.209126381944281
0.4540000000000003	0.5379679977777996	1.203321181443138
0.4550000000000003	0.5391659350531354	1.192549323819716
0.4560000000000003	0.5403552443824042	1.186065321312847
0.4570000000000004	0.5415387158931695	1.180873709353946
0.4580000000000004	0.5427172062325452	1.176102998153095
0.4590000000000004	0.5438910081292593	1.171496842634822
0.4600000000000004	0.5450602473438523	1.166977652063447
0.4610000000000004	0.546224997883486	1.162519510592901
0.4620000000000004	0.5473853155771109	1.158111977708291
0.4630000000000004	0.5485412482350228	1.153749456642632
0.4640000000000004	0.5496928387521522	1.149427713449195
0.4650000000000004	0.5508375569190798	1.140004782000092
0.4660000000000004	0.5519723663880504	1.129610353423558
0.4670000000000004	0.5530968694523135	1.119392009740224
0.4680000000000004	0.5542139562564695	1.114777860629811
0.4690000000000004	0.5553271871120754	1.111680128112739
0.4700000000000004	0.556437492039485	1.108926016581262
0.4710000000000004	0.5575450497628758	1.106185731806634
0.4720000000000004	0.5586498306673769	1.103372390618138
0.4730000000000004	0.5597517530849633	1.100468770050691
0.4740000000000004	0.560850727729636	1.097476857146567
0.4750000000000004	0.5619441004474597	1.089264937528183
0.4760000000000004	0.5630287214030283	1.079973364255893
0.4770000000000004	0.5641040898792877	1.070760012138175
0.4780000000000004	0.5651704333624535	1.061923410482891
0.4790000000000004	0.5662281552482641	1.053516848446029
0.4800000000000004	0.5672776781671857	1.045525506267167
0.4810000000000004	0.5683219716525871	1.04305800107214
0.4820000000000004	0.569364476161452	1.041947561430199
0.4830000000000004	0.5704059574825426	1.041011631216237
0.4840000000000004	0.5714464294799775	1.039928919762426
0.4850000000000004	0.5724831392605976	1.033487212330182
0.4860000000000004	0.5735127922868263	1.02581543658856
0.4870000000000004	0.5745347410193933	1.018078652711103
0.4880000000000004	0.5755490752906491	1.01058654132702
0.4890000000000004	0.5765560725406308	1.003404636562437
0.4900000000000004	0.5775560415202612	0.9965300259627541
0.4910000000000004	0.5785492788018672	0.9899412648330596
0.4920000000000004	0.579536058260036	0.9836144024659063
0.4930000000000004	0.5805191991841669	0.9826642108238457
0.4940000000000004	0.581502001146037	0.9829364811437225
0.4950000000000004	0.5824851014584024	0.9832609129214219
0.4960000000000004	0.5834658279761709	0.9781889018347438
0.4970000000000004	0.5844408193544762	0.9717906548961059
0.4980000000000004	0.5854093275264003	0.9652225123923533
0.4990000000000004	0.5863713399620863	0.9587992057436056
0.5000000000000003	0.5873270381053569	0.9525939502527246
0.5010000000000003	0.5882766424588478	0.9466116481174965
0.5020000000000003	0.5892203693129159	0.940838972597786
0.5030000000000003	0.5901584197645193	0.9352588636882389
0.5040000000000003	0.5910909781794519	0.929854919121279
0.5050000000000003	0.5920182127644412	0.9246112230871447
0.5060000000000003	0.5929428459835592	0.924652197752414
0.5070000000000003	0.5938680896189723	0.9258320555667575
0.5080000000000003	0.5947919308862558	0.9218474679469877
0.5090000000000003	0.5957111215011078	0.9165307677286274
0.5100000000000003	0.5966248766378438	0.9109765312680033
0.5110000000000003	0.5975331102735127	0.905487785396891
0.5120000000000003	0.5984359257304808	0.9001401933020082
0.5130000000000003	0.5993334694909013	0.8949444112318639
0.5140000000000003	0.6002258900508938	0.8898938108645793
0.5150000000000003	0.6011133270871779	0.8849773817524885
0.5160000000000003	0.6019959091140256	0.8801838094852328
0.5170000000000003	0.6028737536409382	0.8755023989686322
0.5180000000000003	0.6037469679272224	0.8709233449417939
0.5190000000000003	0.6046182193096007	0.8715765992125568
0.5200000000000004	0.6054881017653047	0.8681854977183238
0.5210000000000004	0.6063540563270267	0.8637208256401357
0.5220000000000004	0.6072154360372898	0.8590358112610831
0.5230000000000004	0.6080721399463781	0.8543692400528242
0.5240000000000004	0.6089242175617745	0.8497832404545294
0.5250000000000004	0.6097717550321936	0.8452889663732238
0.5260000000000004	0.6106148428617092	0.8408839746069274
0.5270000000000004	0.6114535672425128	0.8365620846074768
0.5280000000000004	0.6122880079609205	0.8323166651937274
0.5290000000000004	0.6131182383417872	0.8281414246457272
0.5300000000000004	0.6139443256715456	0.8240305778588843
0.5310000000000004	0.6147663317224542	0.8199788816084808
0.5320000000000004	0.6155868826625178	0.8211203623751885
0.5330000000000004	0.6164065343096178	0.8181803000973352
0.5340000000000004	0.6172226937285753	0.8141359188210251
0.5350000000000004	0.6180346842852282	0.8098425903708075
0.5360000000000004	0.61884237769551	0.8055416413509103
0.5370000000000004	0.6196457984780586	0.8012973500761986
0.5380000000000004	0.6204450101912599	0.7971235176026326
0.5390000000000004	0.6212400830219361	0.7930195997265346
0.5400000000000004	0.6220310847031522	0.7889812331450494
0.5410000000000004	0.6228180783066497	0.7850034585304471
0.5420000000000004	0.623601122038684	0.781081504253372
0.5430000000000004	0.6243802694541948	0.7772108393273803
0.5440000000000004	0.625155569857278	0.7733874930657989
0.5450000000000004	0.6259270688219516	0.769607976011071
0.5460000000000004	0.6266973779043798	0.7710077337381656
0.5470000000000004	0.6274670396071702	0.7683132201658307
0.5480000000000004	0.628233449023216	0.7645031719683339
0.5490000000000004	0.6289959187683584	0.7604338922489191
0.5500000000000004	0.6297543107508052	0.75634766088704
0.5510000000000004	0.6305086406755575	0.7523097910991978
0.5520000000000004	0.6312589640667414	0.7483346077938381
0.5530000000000004	0.6320053436934048	0.7444222758822541
0.5540000000000004	0.6327478405660381	0.7405691133456148
0.5550000000000004	0.6334865117413288	0.7367708946089806
0.5560000000000004	0.6342214100448549	0.733023383042854
0.5570000000000004	0.6349525842083514	0.72932262760357
0.5580000000000004	0.6356800791679174	0.7256649880750663
0.5590000000000004	0.6364065058549385	0.7271860871300855
0.5600000000000004	0.6371349751717846	0.7297502424996264
0.5610000000000004	0.6378659538836197	0.7322048704194409
0.5620000000000004	0.6385966157841517	0.7291166221460583
0.5630000000000004	0.6393234597978432	0.7245691100427452
0.5640000000000004	0.6400456110748576	0.7197311648382727
0.5650000000000004	0.6407629422461009	0.7149289149260623
0.5660000000000004	0.6414755310135998	0.7102463735070282
0.5670000000000004	0.6421835041735382	0.7056977155402384
0.5680000000000004	0.6428869932741497	0.7012782701521957
0.5690000000000004	0.6435861228188234	0.6969786185509247
0.5700000000000004	0.6442810076490131	0.692788855688249
0.5710000000000004	0.644971752924592	0.6886995234833522
0.5720000000000004	0.6456584547783992	0.6847020259777944
0.5730000000000004	0.6463412011428585	0.6807885583252684
0.5740000000000004	0.6470226418559742	0.6820907284929877
0.5750000000000004	0.6477059229983364	0.6844694121456846
0.5760000000000004	0.6483915433229214	0.6867690867122649
0.5770000000000004	0.6490792748544448	0.6886918205232271
0.5780000000000004	0.6497661405477588	0.6850374141299119
0.5790000000000004	0.6504486415679188	0.6799624890020906
0.5800000000000004	0.6511259500974614	0.6746524502519922
0.5810000000000004	0.6517979943772816	0.6694340071141354
0.5820000000000004	0.6524649061857203	0.6643875246098515
0.5830000000000004	0.6531268623667051	0.659522768751159
0.5840000000000004	0.6537840401190731	0.6548306833446504
0.5850000000000004	0.6544366053654697	0.6502977722376112
0.5860000000000004	0.6550847103888885	0.6459102523225464
0.5870000000000004	0.6557284940923898	0.6416551468830778
0.5880000000000004	0.656370651104065	0.6426568747339581
0.5890000000000004	0.6570143690683906	0.6447770483116479
0.5900000000000004	0.6576601858079648	0.6468544196925369
0.5910000000000004	0.6583079080751856	0.6485880986781145
0.5920000000000004	0.6589571646148337	0.6499229607849011
0.5930000000000004	0.65960756318222	0.6508721516197126
0.5940000000000004	0.660258733120787	0.6514657017692369
0.5950000000000004	0.6609077654117608	0.6465968640949092
0.5960000000000004	0.6615512795835367	0.6404294815184448
0.5970000000000004	0.6621885664212929	0.6341422163762103
0.5980000000000004	0.6628196647961933	0.6280525759786167
0.5990000000000004	0.6634448076498445	0.6222311933005539
0.6000000000000004	0.6640642633643005	0.6166783161527883
0.6010000000000004	0.6646782921009745	0.6113772554708921
0.6020000000000004	0.6652871350956093	0.6063068490385176
0.6030000000000004	0.6658935821370956	0.6065853574855932
0.6040000000000004	0.6665009062491626	0.6080609883819481
0.6050000000000004	0.6671097209005007	0.6095664323183254
0.6060000000000004	0.6677199022601694	0.6107944017236583
0.6070000000000004	0.6683311421649814	0.6116835202433485
0.6080000000000004	0.6689431055521518	0.6122413651187542
0.6090000000000004	0.6695554734492596	0.6124925397840638
0.6100000000000004	0.6701679531012562	0.6124648754672832
0.6110000000000004	0.6707802790962399	0.6121852271485069
0.6120000000000004	0.6713922116597271	0.6116780146026902
0.6130000000000004	0.6720009648829491	0.605826557322391
0.6140000000000004	0.67260327101519	0.5987838533858374
0.6150000000000004	0.6731985231070305	0.5917184991060903
0.6160000000000004	0.6737868526023717	0.5849386825373661
0.6170000000000004	0.6743685758918273	0.5785061084833972
0.6180000000000004	0.6749440371964381	0.5724147329115752
0.6190000000000004	0.6755161351906798	0.571779498883934
0.6200000000000004	0.6760882459179699	0.5724401997745829
0.6210000000000004	0.6766610769254895	0.573220057939372
0.6220000000000004	0.677234589375376	0.5738030832276501
0.6230000000000004	0.6778085523058593	0.5741210185636871
0.6240000000000004	0.6783827005910396	0.5741737928661895
0.6250000000000004	0.6789567784206556	0.5739801084648782
0.6260000000000004	0.6795305504688657	0.5735622318039681
0.6270000000000004	0.6801038031458926	0.572941368500987
0.6280000000000004	0.6806763433874488	0.5721373638535875
0.6290000000000004	0.6812479971187558	0.571168351523252
0.6300000000000004	0.6818186075314301	0.5700507305840872
0.6310000000000004	0.6823880334416801	0.5687993510982458
0.6320000000000005	0.6829535783768025	0.5622887929761178
0.6330000000000005	0.6835120555959756	0.5546639415510635
0.6340000000000005	0.6840629311894499	0.5470855655290967
0.6350000000000005	0.6846089723033922	0.5449949979738693
0.6360000000000005	0.6851536283380133	0.5443154118474497
0.6370000000000005	0.6856977288613764	0.5438839778875667
0.6380000000000005	0.6862413616192571	0.5433798830437698
0.6390000000000005	0.6867844147353991	0.5427246969101421
0.6400000000000005	0.6873267321094427	0.5419084018197756
0.6410000000000005	0.6878681569996036	0.5409397325910741
0.6420000000000005	0.6884085436393347	0.5398319048465348
0.6430000000000005	0.6889477595829407	0.5385983446257442
0.6440000000000005	0.6894856853570239	0.5372515704439585
0.6450000000000005	0.6900222133782414	0.5358028438590038
0.6460000000000005	0.6905572469333159	0.5342626434107208
0.6470000000000005	0.6910906992688155	0.532640410219688
0.6480000000000005	0.691622492563871	0.5309445682628418
0.6490000000000005	0.6921525570860597	0.5291828704312362
0.6500000000000005	0.692680830439791	0.5273622374756477
0.6510000000000005	0.6932072568358155	0.5254889613075505
0.6520000000000005	0.6937317864999427	0.5235687801144279
0.6530000000000005	0.6942543751072832	0.5216068542944
0.6540000000000005	0.6947749832106218	0.5196077787831384
0.6550000000000005	0.6952935757747513	0.5175757826469247
0.6560000000000005	0.6958101217892176	0.5155146863139172
0.6570000000000005	0.6963245939040382	0.5134279902874088
0.6580000000000005	0.696836968045335	0.5113187462633428
0.6590000000000005	0.6973472230766715	0.5091897774196202
0.6600000000000005	0.6978553405663911	0.5070436701302217
0.6610000000000005	0.6983613045145334	0.5048827014061893
0.6620000000000005	0.6988651011157393	0.5027089834320899
0.6630000000000005	0.6993667185744988	0.5005244237158235
0.6640000000000005	0.6998661468783484	0.4983306808367294
0.6650000000000005	0.7003633776361745	0.4961293389107969
0.6660000000000005	0.7008584039460066	0.4939217921035079
0.6670000000000005	0.7013512202278244	0.4917092901454154
0.6680000000000005	0.701841822093264	0.4894929666161372
0.6690000000000005	0.7023302062420569	0.4872738641227735
0.6700000000000005	0.702818939742702	0.4901916698781218
0.6710000000000005	0.703311093613521	0.494114594815201
0.6720000000000005	0.7038070986886201	0.4978940675047562
0.6730000000000005	0.7043066652931042	0.5012376435345197
0.6740000000000005	0.7048067600343622	0.4989503401056603
0.6750000000000005	0.7053038319448739	0.4951919917337384
0.6760000000000005	0.7057970057374523	0.4911541165400473
0.6770000000000005	0.7062861675806652	0.4871681056301148
0.6780000000000005	0.7067714111858062	0.4833176527287991
0.6790000000000005	0.707252878810548	0.4796161567243574
0.6800000000000005	0.7077307162784648	0.4760573505223755
0.6810000000000005	0.7082050608189145	0.4726303128104309
0.6820000000000005	0.7086760386213469	0.4693238851184892
0.6830000000000005	0.7091437649308195	0.4661273371664498
0.6840000000000005	0.7096083447364404	0.4630308873651595
0.6850000000000005	0.7100698737390355	0.4600257407688914
0.6860000000000005	0.7105284392089859	0.4571038314589912
0.6870000000000005	0.7109841206954733	0.4542577829789964
0.6880000000000005	0.7114369908611882	0.4514811988232479
0.6890000000000005	0.7118896855633158	0.4539068568540635
0.6900000000000005	0.7123453381804371	0.4573970205309209
0.6910000000000005	0.7128044355872822	0.460796426583423
0.6920000000000005	0.7132667387474191	0.4638085181199086
0.6930000000000005	0.7137318350533624	0.466382710440443
0.6940000000000005	0.7141992949908381	0.468535774716178
0.6950000000000005	0.7146687137777583	0.4703004040720299
0.6960000000000005	0.7151397207656098	0.471712172429871
0.6970000000000005	0.7156119799726979	0.4728048393998513
0.6980000000000005	0.7160826178195454	0.4684694573359602
0.6990000000000005	0.7165482868650784	0.462867252082204
0.7000000000000005	0.7170083082430946	0.4571741396090476
0.7010000000000005	0.7174627482782662	0.4517045834834501
0.7020000000000005	0.7179118642195703	0.4465259681830548
0.7030000000000005	0.7183559463605321	0.4416369982295795
0.7040000000000005	0.7187952745987762	0.4370181773325534
0.7050000000000005	0.7192301077479594	0.4326468339106396
0.7060000000000005	0.7196606820489249	0.4285004939865641
0.7070000000000005	0.7200872121160781	0.4245583787265235
0.7080000000000005	0.7205124623079888	0.4259407477570462
0.7090000000000005	0.7209396823063292	0.4284979862343293
0.7100000000000005	0.721369464076737	0.4310642847984564
0.7110000000000005	0.7218016638517918	0.4333339888683491
0.7120000000000005	0.7222359552544017	0.4352475342203164
0.7130000000000005	0.7226719865290847	0.4368137283717889
0.7140000000000005	0.7231094235438843	0.4380590108017943
0.7150000000000005	0.7235479597489692	0.4390121061999646
0.7160000000000005	0.7239873167710961	0.439700642967339
0.7170000000000005	0.724427242829772	0.4401501781248774
0.7180000000000005	0.7248675106340263	0.440384133622351
0.7190000000000005	0.7253079150099023	0.4404233214716049
0.7200000000000005	0.7257482707982575	0.4402869592299417
0.7210000000000005	0.7261884109659542	0.4399920812949258
0.7220000000000005	0.7266281848623712	0.4395544182536344
0.7230000000000005	0.7270648872915247	0.4338491563006192
0.7240000000000005	0.7274953233787187	0.4270217532434918
0.7250000000000005	0.7279189517815213	0.4202338079955996
0.7260000000000005	0.7283359631342767	0.4137876730447511
0.7270000000000005	0.7287467275012257	0.4077398551710409
0.7280000000000005	0.7291516371190764	0.4020781924656838
0.7290000000000005	0.729553633746429	0.4019138831470804
0.7300000000000005	0.7299561324331433	0.4030823101408064
0.7310000000000005	0.7303598757046128	0.4044030494355946
0.7320000000000005	0.7307648563466959	0.4055570481709151
0.7330000000000005	0.7311708717159437	0.4064725011658224
0.7340000000000005	0.7315776820724673	0.4071470208280965
0.7350000000000005	0.7319850546227662	0.4075968875063655
0.7360000000000005	0.7323927744137694	0.4078415016571707
0.7370000000000005	0.732800646052629	0.407900583212502
0.7380000000000005	0.7332084928663096	0.4077918518096269
0.7390000000000005	0.7336161552613621	0.4075317469329465
0.7400000000000005	0.7340234894110741	0.4071353625250384
0.7410000000000005	0.7344303656929178	0.4066160129705148
0.7420000000000005	0.7348366672353324	0.4059858857808541
0.7430000000000005	0.7352422888572747	0.4052561744451513
0.7440000000000005	0.7356471358345732	0.4044365991864783
0.7450000000000006	0.7360511228640119	0.4035362816654122
0.7460000000000006	0.7364541733017431	0.4025634189322376
0.7470000000000006	0.7368562182994906	0.401525405056166
0.7480000000000006	0.737257196048019	0.4004289240296586
0.7490000000000006	0.7376570511303067	0.3992800762680569
0.7500000000000006	0.7380531645121493	0.3929455344516568
0.7510000000000006	0.7384424193348226	0.3855629782971663
0.7520000000000006	0.7388269156362879	0.3834285062751099
0.7530000000000006	0.7392099820361222	0.3827031795838675
0.7540000000000006	0.7395924774525705	0.3822865415511705
0.7550000000000006	0.7399745561500627	0.3818697432700812
0.7560000000000006	0.7403561777825378	0.3813724132317489
0.7570000000000006	0.7407372542305229	0.3807793762592986
0.7580000000000006	0.7411176911156068	0.3800932896706714
0.7590000000000006	0.7414973991312571	0.3793216398912388
0.7600000000000006	0.7418762966771474	0.3784723528837583
0.7610000000000006	0.7422543100088572	0.3775532144753981
0.7620000000000006	0.742631372825011	0.3765713249062719
0.7630000000000006	0.7430074255663868	0.3755330682238303
0.7640000000000006	0.7433824147922139	0.3744442972652318
0.7650000000000006	0.7437562926431984	0.3733103221304459
0.7660000000000006	0.7441290163010696	0.3721359147512188
0.7670000000000006	0.7445005474608883	0.3709253298455503
0.7680000000000006	0.7448708519609701	0.3696825991929975
0.7690000000000006	0.7452398993463458	0.3684111044333688
0.7700000000000006	0.7456076624960895	0.3671141320037364
0.7710000000000006	0.7459741173677761	0.3657945524601026
0.7720000000000006	0.7463392426603385	0.3644549779537855
0.7730000000000006	0.7467030195685099	0.3630977879272905
0.7740000000000006	0.7470654315366375	0.3617251021591911
0.7750000000000006	0.7474264640616061	0.360338905940232
0.7760000000000006	0.7477861045086923	0.3589409507583831
0.7770000000000006	0.7481469112805694	0.3626715525050232
0.7780000000000006	0.7485119473277105	0.3673994894445869
0.7790000000000006	0.7488790647369001	0.3668342709614954
0.7800000000000006	0.7492448925291371	0.36482025961487
0.7810000000000006	0.749608534469561	0.3624625739878626
0.7820000000000006	0.7499698034098449	0.3600742665198007
0.7830000000000006	0.7503287109134796	0.357739707834498
0.7840000000000006	0.750685320088464	0.355477616175724
0.7850000000000006	0.7510397035687726	0.353288325224317
0.7860000000000006	0.751391931898119	0.3511673207838003
0.7870000000000006	0.7517420706373193	0.3491091512699777
0.7880000000000006	0.7520901798954793	0.3471083648626115
0.7890000000000006	0.7524363146084567	0.3451600669008369
0.7900000000000006	0.7527805250115384	0.3432597509178119
0.7910000000000006	0.7531228570090209	0.341403261412229
0.7920000000000006	0.753463352576396	0.339586896286808
0.7930000000000006	0.7538020501528069	0.3378072849528861
0.7940000000000006	0.7541389849701157	0.336061383445671
0.7950000000000006	0.75447418935438	0.3343464241297071
0.7960000000000006	0.7548076929824757	0.3326598762844538
0.7970000000000006	0.7551395231372865	0.3309994826533999
0.7980000000000006	0.7554697049896196	0.3293632763460278
0.7990000000000006	0.7557982617753173	0.3277493543286878
0.8000000000000006	0.7561252149150361	0.3261559892691917
0.8010000000000006	0.7564505842216295	0.3245816928974874
0.8020000000000006	0.7567743880691964	0.3230250759795963
0.8030000000000006	0.7570966435216775	0.3214849074363104
0.8040000000000006	0.7574199358540205	0.3250988330200707
0.8050000000000006	0.7577473523093834	0.3297331419739673
0.8060000000000006	0.7580793379035241	0.3342370978133025
0.8070000000000006	0.7584156160882829	0.3383183112500602
0.8080000000000006	0.7587557397463219	0.3419280337018836
0.8090000000000006	0.7590992473885982	0.3450862703803819
0.8100000000000006	0.7594457055151252	0.347828994105329
0.8110000000000006	0.7597947177058612	0.3501943918393103
0.8120000000000006	0.7601433543820583	0.347077966428372
0.8130000000000006	0.7604882167831086	0.3426458526320918
0.8140000000000006	0.7608285794402068	0.3380784916666441
0.8150000000000006	0.7611644663421993	0.3336943554829612
0.8160000000000006	0.7614960963208456	0.3295646574014056
0.8170000000000006	0.7618237246945809	0.3256911573498383
0.8180000000000006	0.7621475993444558	0.3220572206533057
0.8190000000000006	0.7624679497927489	0.3186427644964384
0.8200000000000006	0.7627849854865257	0.3154277213262819
0.8210000000000006	0.7630988967694381	0.3123939519231028
0.8220000000000006	0.7634098564333561	0.3095244919945181
0.8230000000000006	0.7637180212692837	0.3068043041459618
0.8240000000000006	0.7640235336897827	0.3042196689299107
0.8250000000000006	0.7643265229290985	0.3017579491985261
0.8260000000000006	0.7646271063254264	0.2994079900336387
0.8270000000000006	0.7649253904431257	0.2971593987128357
0.8280000000000006	0.76522147202249	0.2950029198550416
0.8290000000000006	0.7655154390953112	0.2929303918629242
0.8300000000000006	0.7658073717975008	0.2909341845962616
0.8310000000000006	0.7660973430116895	0.2890074216539985
0.8320000000000006	0.7663854190869935	0.2871439124269925
0.8330000000000006	0.7666716604736836	0.2853380498506909
0.8340000000000006	0.766956122265489	0.283584727921926
0.8350000000000006	0.7672388547135854	0.2818793675504225
0.8360000000000006	0.7675199036998053	0.2802178091529152
0.8370000000000006	0.7678018805365032	0.2837350660962592
0.8380000000000006	0.7680878960120209	0.2882950755828007
0.8390000000000006	0.7683784164550927	0.2927449886856899
0.8400000000000006	0.7686731841875432	0.2967896425600752
0.8410000000000006	0.7689717694583464	0.3003800548371096
0.8420000000000006	0.7692737269131679	0.3035340013100458
0.8430000000000006	0.7695786371211667	0.3062855530990607
0.8440000000000006	0.769886116105333	0.3086715466439786
0.8450000000000006	0.770195815478638	0.3107263253659197
0.8460000000000006	0.7705074198776676	0.3124815929783695
0.8470000000000006	0.7708206441815698	0.3139661308060509
0.8480000000000006	0.7711326610203925	0.3100666664942695
0.8490000000000006	0.7714401647093201	0.3049398440108923
0.8500000000000006	0.7717425136459831	0.299757176757537
0.8510000000000006	0.7720398076175378	0.2948299282925738
0.8520000000000006	0.7723323344043197	0.290222820887266
0.8530000000000006	0.7726204116502616	0.285930859381591
0.8540000000000006	0.7729043434973945	0.281932035171211
0.8550000000000006	0.7731844104039043	0.2782009892384679
0.8560000000000006	0.773460867973072	0.2747133708612901
0.8570000000000007	0.7737339482582662	0.2714464310049993
0.8580000000000007	0.774003861642715	0.2683795784841763
0.8590000000000007	0.7742707987949509	0.2654939751501511
0.8600000000000007	0.7745349327055374	0.2627731032632088
0.8610000000000007	0.7747964203963799	0.2602015432923445
0.8620000000000007	0.7750554042655342	0.2577654671116159
0.8630000000000007	0.7753120135421065	0.2554523649845384
0.8640000000000007	0.7755663655279835	0.2532508922424695
0.8650000000000007	0.7758185667324958	0.2511508084731922
0.8660000000000007	0.7760687138629364	0.2491427500410334
0.8670000000000007	0.7763168948235304	0.2472184744710112
0.8680000000000007	0.7765631896406985	0.2453704686517397
0.8690000000000007	0.7768076710454523	0.2435916548971289
0.8700000000000007	0.7770504050864208	0.2418757461465971
0.8710000000000007	0.7772914519048888	0.2402172147900486
0.8720000000000007	0.7775308663436639	0.2386109914971642
0.8730000000000007	0.7777686983994475	0.2370524534004775
0.8740000000000007	0.7780049936849971	0.2355374554915012
0.8750000000000007	0.778239793837738	0.2340621921259361
0.8760000000000007	0.778473136892368	0.2326232635028284
0.8770000000000007	0.7787076270295312	0.2363563541310338
0.8780000000000007	0.7789463684959305	0.2411259102248319
0.8790000000000007	0.7791898214818556	0.2457793801534122
0.8800000000000007	0.7794377229320474	0.2500228264745437
0.8810000000000007	0.7796896382062766	0.2538070171694686
0.8820000000000007	0.7799451172820117	0.2571504196947724
0.8830000000000007	0.7802037368798745	0.2600880528244184
0.8840000000000007	0.780465109574014	0.262656604737272
0.8850000000000007	0.7807288834952921	0.2648905005802012
0.8860000000000007	0.7809947400710677	0.2668219081062289
0.8870000000000007	0.7812623914904574	0.2684801829908651
0.8880000000000007	0.7815315774922023	0.2698910687300704
0.8890000000000007	0.7818020626622216	0.2710785161138
0.8900000000000007	0.7820710648909331	0.2669251904559446
0.8910000000000007	0.7823353194363446	0.2615831629609233
0.8920000000000007	0.7825942216455911	0.2562205332495456
0.8930000000000007	0.7828479046121721	0.251144692370895
0.8940000000000007	0.7830966858839812	0.2464171575502223
0.8950000000000007	0.7833409101636751	0.2420307210144245
0.8960000000000007	0.7835809060452816	0.2379603733241664
0.8970000000000007	0.7838169760247293	0.2341789277943819
0.8980000000000007	0.7840493957004582	0.2306597762087989
0.8990000000000007	0.7842784151331058	0.2273784512508314
0.9000000000000007	0.7845042609218891	0.2243124974614638
0.9010000000000007	0.7847271384401163	0.2214419185428279
0.9020000000000007	0.7849472339826253	0.2187485539050207
0.9030000000000007	0.7851647165307777	0.2162159372342963
0.9040000000000007	0.785379739330467	0.2138290639528585
0.9050000000000007	0.7855924413412244	0.2115743659533411
0.9060000000000007	0.7858029486292242	0.2094396246659579
0.9070000000000007	0.7860113755848389	0.2074137070897902
0.9080000000000007	0.7862178260246123	0.2054865985976347
0.9090000000000007	0.7864223942482096	0.2036492800864565
0.9100000000000007	0.7866251658822196	0.2018934245309761
0.9110000000000007	0.7868262187293361	0.2002117111880609
0.9120000000000007	0.787025623564234	0.1985974047830891
0.9130000000000007	0.7872234447355625	0.1970443885572418
0.9140000000000007	0.7874197407863552	0.1955471680544243
0.9150000000000007	0.7876145650385886	0.194100795630727
0.9160000000000007	0.7878079660845499	0.1927007595654046
0.9170000000000007	0.787999988168231	0.1913428750003426
0.9180000000000007	0.7881906716316132	0.1900235227835989
0.9190000000000007	0.7883800533326051	0.1887393539315048
0.9200000000000007	0.7885681669217652	0.1874873027362579
0.9210000000000007	0.7887550431772784	0.1862646901666841
0.9220000000000007	0.7889407102793141	0.1850689992302817
0.9230000000000007	0.7891251940405075	0.1838980118576256
0.9240000000000007	0.7893085181237177	0.1827496465720982
0.9250000000000007	0.7894907042498887	0.1816221010252037
0.9260000000000007	0.7896717724027661	0.1805137031742569
0.9270000000000007	0.7898517409790735	0.1794229510218887
0.9280000000000007	0.7900306269358557	0.1783484672115571
0.9290000000000007	0.790208445903578	0.177288975945278
0.9300000000000007	0.7903852123385573	0.1762434047271559
0.9310000000000007	0.7905609396463046	0.1752107244440863
0.9320000000000007	0.7907356402643865	0.1741900283232916
0.9330000000000007	0.7909093257413879	0.173180445176655
0.9340000000000007	0.7910820068273604	0.1721812491277359
0.9350000000000007	0.7912536935644942	0.1711917503321344
0.9360000000000007	0.7914243953285955	0.1702113058689165
0.9370000000000007	0.7915941209114432	0.1692393906047718
0.9380000000000007	0.7917628785840932	0.1682754882293087
0.9390000000000007	0.7919332455002055	0.1724578731620207
0.9400000000000007	0.792108301457062	0.1776535568436451
0.9410000000000007	0.7922884847585562	0.1827125483592078
0.9420000000000007	0.7924735121762443	0.1873417759436896
0.9430000000000007	0.7926629306913043	0.1914947310734805
0.9440000000000007	0.7928562737058906	0.1951907642617896
0.9450000000000007	0.7930505330909915	0.1933274696779151
0.9460000000000007	0.7932422348210258	0.1900754612930532
0.9470000000000007	0.7934305836662086	0.1866217093290201
0.9480000000000007	0.7936155400775177	0.1832906030039418
0.9490000000000007	0.7937972649746947	0.1801586900739123
0.9500000000000007	0.7939759609790161	0.1772328257380169
0.9510000000000007	0.7941518283440111	0.1745014193095757
0.9520000000000007	0.7943250534232547	0.1719482616059214
0.9530000000000007	0.7944958064201951	0.1695572616012112
0.9540000000000007	0.7946642420013804	0.1673134365636704
0.9550000000000007	0.7948305005183949	0.1652031393375274
0.9560000000000007	0.7949947092972068	0.1632139658829352
0.9570000000000007	0.7951569838434092	0.1613346795217261
0.9580000000000007	0.7953174289372608	0.1595550662934506
0.9590000000000007	0.7954761396677007	0.1578659575462663
0.9600000000000007	0.7956332023469941	0.1562589686082946
0.9610000000000007	0.7957886953579457	0.1547266252525802
0.9620000000000007	0.7959426900415072	0.1532623180196454
0.9630000000000007	0.7960952512085551	0.1518595962366711
0.9640000000000007	0.7962464376566027	0.1505128838670128
0.9650000000000007	0.7963963028872436	0.149217165121792
0.9660000000000007	0.7965448955971308	0.1479678459229255
0.9670000000000007	0.7966922601233558	0.1467608012368616
0.9680000000000007	0.7968384368418627	0.1455922338141089
0.9690000000000007	0.7969834625623788	0.144458808479541
0.9700000000000008	0.7971273709227854	0.1433575167257049
0.9710000000000008	0.7972701926129159	0.1422854709722335
0.9720000000000008	0.7974119556585437	0.1412402306870624
0.9730000000000008	0.7975526857197395	0.1402195050027708
0.9740000000000008	0.7976924062745658	0.1392212207774508
0.9750000000000008	0.7978311388230025	0.138243494992209
0.9760000000000008	0.7979689030894562	0.1372846595251914
0.9770000000000008	0.7981057171936273	0.1363431730896542
0.9780000000000008	0.7982415977852851	0.1354176371143176
0.9790000000000008	0.7983765602082541	0.1345068382847706
0.9800000000000008	0.7985106185918368	0.133609560874682
0.9810000000000008	0.798643785978302	0.1327248465456363
0.9820000000000008	0.7987760744378628	0.1318517095278528
0.9830000000000008	0.7989074951366346	0.1309893273978804
0.9840000000000008	0.799038058463343	0.1301369678017655
0.9850000000000008	0.7991677740714398	0.1292938925482288
0.9860000000000008	0.7992966509495768	0.1284595102301755
0.9870000000000008	0.7994246974886252	0.1276332166949486
0.9880000000000008	0.7995519215366802	0.1268145305447305
0.9890000000000008	0.7996783304703543	0.1260029902136682
0.9900000000000008	0.7998039311977623	0.1251981202730686
0.9910000000000008	0.7999287302118454	0.1243995658057589
0.9920000000000008	0.8000527336461027	0.1236069628459051
0.9930000000000008	0.8001759472998002	0.1228200068936858
0.9940000000000008	0.8002983766777994	0.1220384136408384
0.9950000000000008	0.8004200270116247	0.1212619207227707
0.9960000000000008	0.8005409033039863	0.120490332875082
0.9970000000000008	0.8006610103152684	0.119723360711939
0.9980000000000008	0.8007803525870881	0.1189608560855671
0.9990000000000008	0.8008989344817895	0.1182026085975344
1.000000000000001	0.8010167601828634	0.117448470940687
1.001000000000001	0.8011338337277324	0.1166982982859305
1.002	0.801250159014584	0.1159519569926389
1.003	0.8013657398141429	0.1152093257765964
1.004	0.8014805797796158	0.1144702908855853
1.005	0.8015946824682119	0.1137347740773494
1.006	0.8017080513321885	0.1130026436913582
1.007	0.8018206897283953	0.1122738405723141
1.008	0.8019326009363308	0.1115482691737445
1.009	0.802043788161755	0.1108258775651766
1.01	0.8021542545481352	0.1101065930917242
1.010999999999999	0.8022640031719149	0.109390354361537
1.011999999999999	0.802373037050911	0.1086771055125702
1.012999999999999	0.8024813591498263	0.1079667961794939
1.013999999999999	0.8025889723847595	0.1072593795190261
1.014999999999999	0.8026958796216125	0.1065548019814007
1.015999999999999	0.8028020836832235	0.1058530309889741
1.016999999999999	0.8029075873645684	0.1051540433950443
1.017999999999999	0.8030123934236703	0.1044577884405934
1.018999999999999	0.8031165045796258	0.1037642390317616
1.019999999999998	0.803219923524478	0.1030733681554693
1.020999999999998	0.8033226529229314	0.1023851481477547
1.021999999999998	0.8034246954134552	0.1016995542021185
1.022999999999998	0.8035260536124762	0.1010165670403468
1.023999999999998	0.8036267301104457	0.1003361539896152
1.024999999999998	0.8037267274762596	0.09965830461198387
1.025999999999998	0.8038260482580075	0.09898298773294789
1.026999999999998	0.8039246949806522	0.09831018827329623
1.027999999999998	0.8040201007730107	0.0925011360336729
1.028999999999997	0.8041091956728762	0.08568842053649402
1.029999999999997	0.804191551106524	0.07902222201169817
1.030999999999997	0.8042674594200757	0.07279419795560667
1.031999999999997	0.8043373822566841	0.06705128447234994
1.032999999999997	0.8044017946472256	0.06177332086985071
1.033999999999997	0.8044611432092945	0.05692364135338843
1.034999999999997	0.8045158370316299	0.05246385411076735
1.035999999999997	0.8045662478340994	0.04835761331321349
1.036999999999997	0.8046127127345462	0.04457206083591733
1.037999999999996	0.8046555371477959	0.04107664885488498
1.038999999999996	0.8046949977453484	0.03784443862103877
1.039999999999996	0.8047313452259131	0.03485042337422912
1.040999999999996	0.8047648065603582	0.03207215425695127
1.041999999999996	0.8047955875444397	0.02948972995998424
1.042999999999996	0.8048238747028291	0.02708450967629189
1.043999999999996	0.8048498370351482	0.02484008416132717
1.044999999999996	0.8048736278027544	0.02274138617406313
1.045999999999996	0.8048953859422213	0.02077483342728603
1.046999999999995	0.8049152374122988	0.01892805259545321
1.047999999999995	0.8049332964456173	0.01718996479825995
1.048999999999995	0.804949666687922	0.01555047517356673
1.049999999999995	0.8049644421913689	0.01400049143165352
1.050999999999995	0.8049777083561541	0.01253180196654374
1.051999999999995	0.8049895427439165	0.01113694129022972
1.052999999999995	0.8050000157738816	0.009809090084106194
1.053999999999995	0.8050091914042273	0.008542145589317209
1.054999999999995	0.8050171277688225	0.00733056196213959
1.055999999999994	0.8050238777347958	0.006169351580535419
1.056999999999994	0.8050294894248627	0.005054013253169979
1.057999999999994	0.8050340066624689	0.003980449642988155
1.058999999999994	0.8050374693445513	0.002944905080925311
1.059999999999994	0.8050399138097176	0.001944018586850112
1.060999999999994	0.8050413732279058	0.000974813810399527
1.061999999999994	0.8050393085135419	-0.005104236908824392
1.062999999999994	0.8050306748839706	-0.01216299869430905
1.063999999999994	0.8050150665817427	-0.0190535632052189
1.064999999999994	0.8049927963764046	-0.02548678674952576
1.065999999999993	0.8049643445972802	-0.03141669392151453
1.066999999999993	0.8049302032497558	-0.03686590803267027
1.067999999999993	0.8048908341358506	-0.04187221242466254
1.068999999999993	0.8048466605059043	-0.04647492700842768
1.069999999999993	0.8047980668958929	-0.05071216049518277
1.070999999999993	0.80474540180061	-0.0546178864406725
1.071999999999993	0.8046889811319295	-0.05822329703943224
1.072999999999993	0.8046290911690632	-0.06155646534023457
1.073999999999993	0.8045659912824633	-0.06464313574034723
1.074999999999992	0.8044999163870586	-0.06750647482265022
1.075999999999992	0.8044310793467886	-0.0701674179231247
1.076999999999992	0.8043596730943636	-0.07264489210930915
1.077999999999992	0.8042858724657971	-0.0749561636584684
1.078999999999992	0.8042098359488137	-0.07711666282611984
1.079999999999992	0.8041317072771799	-0.0791404672334506
1.080999999999992	0.8040516168083336	-0.08104025187939951
1.081999999999992	0.8039696828786964	-0.08282738376536516
1.082999999999992	0.8038860128877996	-0.08451236964078845
1.083999999999991	0.8038007042607244	-0.08610465162883048
1.084999999999991	0.8037164148674645	-0.08247390477213773
1.085999999999991	0.8036362975768859	-0.07776045763791961
1.086999999999991	0.8035608564572562	-0.0731215756253415
1.087999999999991	0.8034898680101042	-0.06885512482580183
1.088999999999991	0.8034229333680237	-0.06501397653949915
1.089999999999991	0.8033596349310771	-0.06158272447674508
1.090999999999991	0.8032995785319695	-0.05852990970527688
1.091999999999991	0.8032424029497565	-0.05582109854671653
1.09299999999999	0.8031877801767611	-0.05342429823427445
1.09399999999999	0.803135413127376	-0.05130965747987728
1.09499999999999	0.8030850333381926	-0.04944978325260519
1.09599999999999	0.8030363979996858	-0.04782076088529842
1.09699999999999	0.8029892873821952	-0.04640034537968875
1.09799999999999	0.8029435031107678	-0.04516807237667578
1.09899999999999	0.8028988659843576	-0.04410605847408242
1.09999999999999	0.8028552139193965	-0.04319795216443334
1.10099999999999	0.8028124003573285	-0.04242905497406951
1.101999999999989	0.8027702928525652	-0.04178583947931426
1.102999999999989	0.8027287718957011	-0.0412559607737608
1.103999999999989	0.802687729574917	-0.04082856862275028
1.104999999999989	0.802647068405835	-0.04049365840650939
1.105999999999989	0.8026067003959806	-0.04024225096406105
1.106999999999989	0.8025665461685909	-0.0400660940568689
1.107999999999989	0.8025265341158727	-0.03995790200516854
1.108999999999989	0.8024865996121304	-0.03991099631262292
1.109999999999989	0.8024466843733233	-0.03991937218280033
1.110999999999988	0.8024067358765238	-0.03997751220228455
1.111999999999988	0.8023667068015069	-0.04008052839246011
1.112999999999988	0.8023265544904308	-0.04022398397928153
1.113999999999988	0.8022862405544033	-0.0404037778486751
1.114999999999988	0.8022457304832542	-0.0406162536817487
1.115999999999988	0.8022049932429881	-0.04085811545671465
1.116999999999988	0.8021640009568339	-0.04112634475594076
1.117999999999988	0.8021227285903196	-0.04141827540610564
1.118999999999988	0.8020811536704974	-0.04173145053979862
1.119999999999987	0.8020392560606928	-0.04206365448326201
1.120999999999987	0.801997017733539	-0.04241288430129879
1.121999999999987	0.8019544225697929	-0.04277732668699937
1.122999999999987	0.8019114561862081	-0.04315532295794278
1.123999999999987	0.8018655363756966	-0.04868417245614943
1.124999999999987	0.8018135792908603	-0.0552298550861739
1.125999999999987	0.801755143775306	-0.06164101616093381
1.126999999999987	0.8016905107107934	-0.06762493603695037
1.127999999999987	0.8016201313582785	-0.07313357643131599
1.128999999999986	0.8015444711369435	-0.07818665921250563
1.129999999999986	0.8014639678989969	-0.08281959638505454
1.130999999999986	0.8013790230083369	-0.08706995246498694
1.131999999999986	0.8012900013645048	-0.09097309155041861
1.132999999999986	0.8011972338011022	-0.09456178132984981
1.133999999999986	0.8011010199080677	-0.09786574135508919
1.134999999999986	0.8010016310605084	-0.1009116816606777
1.135999999999986	0.8008993130630561	-0.1037240330926781
1.136999999999986	0.800794288503427	-0.1063247985726778
1.137999999999985	0.8006867590741018	-0.1087337655936936
1.138999999999985	0.800576907635406	-0.1109688109208726
1.139999999999985	0.8004648998759664	-0.1130464011403219
1.140999999999985	0.8003508858776066	-0.1149812832288941
1.141999999999985	0.800235001719489	-0.1167867154949411
1.142999999999985	0.800117370905038	-0.1184745910715758
1.143999999999985	0.7999981053946759	-0.1200561027975942
1.144999999999985	0.7998773066435466	-0.1215410683630186
1.145999999999985	0.7997550667515753	-0.1229383804898765
1.146999999999984	0.799631469284016	-0.1242562157745249
1.147999999999984	0.7995065900836963	-0.125501842452912
1.148999999999984	0.7993804980162666	-0.1266819466241729
1.149999999999984	0.7992532557023578	-0.127802332211651
1.150999999999984	0.799124920091311	-0.1288685378554751
1.151999999999984	0.7989955428570457	-0.1298855757443461
1.152999999999984	0.7988651709750285	-0.1308578305826655
1.153999999999984	0.7987338472172753	-0.1317893245564766
1.154999999999984	0.7986016104946316	-0.1326837578088529
1.155999999999983	0.7984684962571229	-0.1335443518287125
1.156999999999983	0.7983345368081216	-0.1343741784236723
1.157999999999983	0.7981997615936864	-0.1351758804058658
1.158999999999983	0.7980641974999236	-0.135951934861471
1.159999999999983	0.7979278690736138	-0.1367045433487285
1.160999999999983	0.7977907987551012	-0.1374357171767868
1.161999999999983	0.7976530071052779	-0.1381472039353407
1.162999999999983	0.7975145129704181	-0.1388406852661267
1.163999999999983	0.7973727642240714	-0.1446564179109054
1.164999999999982	0.797224704285147	-0.1514630530187358
1.165999999999982	0.7970699167117695	-0.158111668261112
1.166999999999982	0.796908704751545	-0.164311808982182
1.167999999999982	0.796741539745305	-0.1700177438483317
1.168999999999982	0.7965689054019052	-0.1752504681806303
1.169999999999982	0.7963912563555503	-0.1800471358797519
1.170999999999982	0.7962090090367049	-0.1844470004212118
1.171999999999982	0.7960225420533624	-0.1884864531682461
1.172999999999982	0.7958321986101377	-0.1921999094183338
1.173999999999982	0.7956382895443659	-0.1956176883441041
1.174999999999981	0.7954410965954988	-0.1987676664611036
1.175999999999981	0.7952408748567629	-0.201675259630724
1.176999999999981	0.7950378554207684	-0.2043630531587909
1.177999999999981	0.7948322477468445	-0.2068517282426955
1.178999999999981	0.7946242416065323	-0.2091599792067461
1.179999999999981	0.7944140089826156	-0.2113046891930603
1.180999999999981	0.7942017057741654	-0.2133011424412009
1.181999999999981	0.7939874733263864	-0.2151631624038798
1.182999999999981	0.7937714398115325	-0.2169032714944162
1.18399999999998	0.793553721410359	-0.2185329302639848
1.18499999999998	0.7933344235772418	-0.2200621308903306
1.18599999999998	0.7931136419771663	-0.2215004599504897
1.18699999999998	0.7928914634058973	-0.2228560692839016
1.18799999999998	0.792667966807216	-0.2241365109974328
1.18899999999998	0.7924457932798755	-0.2202099301163208
1.18999999999998	0.7922280803698329	-0.2152152885863611
1.19099999999998	0.7920153182408038	-0.210308381636515
1.19199999999998	0.7918072708361841	-0.2057858526712388
1.192999999999979	0.7916035281034787	-0.2016990495861767
1.193999999999979	0.7914036620990249	-0.1980324067705794
1.194999999999979	0.7912072692398409	-0.1947527685396587
1.195999999999979	0.7910139797286108	-0.191825719338677
1.196999999999979	0.790820887877461	-0.1943574488212804
1.197999999999979	0.7906246166226319	-0.1981845177953015
1.198999999999979	0.7904244599129758	-0.2021283476144015
1.199999999999979	0.790220459201482	-0.2058725107178503
1.200999999999979	0.7900128489308859	-0.2093474557084363
1.201999999999978	0.7898018983812332	-0.2125530594602674
1.202999999999978	0.789587867904057	-0.2155073020997327
1.203999999999978	0.7893709979759049	-0.2182319534172598
1.204999999999978	0.7891515078200483	-0.2207477501163897
1.205999999999978	0.7889295966548808	-0.2230739651937464
1.206999999999978	0.7887054451407784	-0.2252284416375506
1.207999999999978	0.7884792169576303	-0.2272272973863843
1.208999999999978	0.7882510604516519	-0.2290850818066664
1.209999999999978	0.788021110109522	-0.2308149645675739
1.210999999999977	0.7877894878680475	-0.2324288757090113
1.211999999999977	0.7875563043094931	-0.2339375942440376
1.212999999999977	0.7873216596801814	-0.2353510130155527
1.213999999999977	0.7870856449108834	-0.2366778702584388
1.214999999999977	0.7868483426710393	-0.2379259503764043
1.215999999999977	0.7866098279998603	-0.2391027294029845
1.216999999999977	0.7863701688987972	-0.2402148068061405
1.217999999999977	0.7861294271384609	-0.2412680447798365
1.218999999999977	0.7858876588722098	-0.2422678156205109
1.219999999999976	0.785644915175876	-0.2432189020699668
1.220999999999976	0.7854012425606247	-0.2441256507076265
1.221999999999976	0.7851566833139977	-0.2449921621892608
1.222999999999976	0.7849112758828004	-0.2458220173214172
1.223999999999976	0.7846624859343078	-0.2517571871966657
1.224999999999976	0.7844072729934092	-0.2586679840771627
1.225999999999976	0.7841452350563151	-0.2654071603983081
1.226999999999976	0.7838766885581299	-0.2716850879366148
1.227999999999976	0.783602116902296	-0.2774574587055283
1.228999999999975	0.7833220146293005	-0.28274630663435
1.229999999999975	0.7830368463472406	-0.2875894624917573
1.230999999999975	0.7827470376399314	-0.2920271439650488
1.231999999999975	0.7824529751132352	-0.2960970891653775
1.232999999999975	0.7821550091963211	-0.2998339132680182
1.233999999999975	0.7818534573490065	-0.3032689397103258
1.234999999999975	0.7815486069956209	-0.3064309159472119
1.235999999999975	0.781243288356111	-0.3042055103934828
1.236999999999975	0.7809408106753977	-0.3007490060336146
1.237999999999974	0.7806418190282971	-0.2972334526575127
1.238999999999974	0.7803462170868259	-0.2939696040037048
1.239999999999974	0.7800537210934154	-0.2910215649803012
1.240999999999974	0.7797640176684144	-0.2883844747594511
1.241999999999974	0.7794768070187692	-0.2860360210114761
1.242999999999974	0.7791918134092374	-0.2839504005097345
1.243999999999974	0.7789087861989781	-0.2821032277472257
1.244999999999974	0.7786274982303955	-0.2804719218056298
1.245999999999974	0.7783477439930498	-0.2790357693507439
1.246999999999973	0.7780693377389757	-0.2777759588235581
1.247999999999973	0.7777921116181217	-0.2766755060041128
1.248999999999973	0.7775133445211518	-0.2808579065229413
1.249999999999973	0.7772298268196559	-0.2861767015197708
1.250999999999973	0.776941003681781	-0.2914687641771062
1.251999999999973	0.7766470532319413	-0.2964313108327445
1.252999999999973	0.7763483337185837	-0.3010068775893464
1.253999999999973	0.77604522639345	-0.3052069218201506
1.254999999999973	0.7757380930450785	-0.3090589125052082
1.255999999999972	0.7754272662236453	-0.3125938573077143
1.256999999999972	0.7751130483169855	-0.3158410731633701
1.257999999999972	0.7747957136319267	-0.3188274050724468
1.258999999999972	0.7744755108508108	-0.321577256935796
1.259999999999972	0.77415266525396	-0.3241130288266712
1.260999999999972	0.773827380950437	-0.3264546631319765
1.261999999999972	0.7734998429493058	-0.3286204174088834
1.262999999999972	0.7731702188943643	-0.3306267645847361
1.263999999999972	0.7728386607271371	-0.3324886362345855
1.264999999999971	0.772505306169317	-0.3342195404077816
1.265999999999971	0.7721702801481389	-0.3358315579348342
1.266999999999971	0.7718336959720301	-0.3373358455685256
1.267999999999971	0.7714956563184836	-0.3387425083949509
1.268999999999971	0.7711562543505114	-0.3400604702635181
1.269999999999971	0.7708155746937526	-0.3412978820466135
1.270999999999971	0.7704736941873009	-0.3424621659414537
1.271999999999971	0.7701306826106203	-0.343560018990395
1.272999999999971	0.7697866033575284	-0.3445975154261851
1.27399999999997	0.7694415139786528	-0.3455802673790317
1.27499999999997	0.769095466819941	-0.346513072065397
1.27599999999997	0.768748509540555	-0.3474005058266346
1.27699999999997	0.7684006854983084	-0.3482465950053197
1.27799999999997	0.7680520341768178	-0.3490550616434627
1.27899999999997	0.767702591537137	-0.3498292288134897
1.27999999999997	0.7673523903554904	-0.3505721430938497
1.28099999999997	0.7670014605586521	-0.3512864567982129
1.28199999999997	0.7666498294690649	-0.3519747262686112
1.282999999999969	0.7662975220233283	-0.3526391668423475
1.283999999999969	0.7659445610379139	-0.3532818034330936
1.284999999999969	0.7655909673972415	-0.3539044752239769
1.285999999999969	0.765236760238586	-0.3545088373179985
1.286999999999969	0.7648819571030938	-0.3550964268640028
1.287999999999969	0.7645265740906418	-0.3556685892483026
1.288999999999969	0.7641706260303016	-0.356226520691777
1.289999999999969	0.7638141265737541	-0.3567713797513372
1.290999999999969	0.7634570882953724	-0.3573041624832419
1.291999999999969	0.763099522808153	-0.3578257955810539
1.292999999999968	0.7627388714475815	-0.3634759000636871
1.293999999999968	0.7623720716083351	-0.3701227350852218
1.294999999999968	0.7619987014798215	-0.3766164595338049
1.295999999999968	0.7616190596237742	-0.3826661719187153
1.296999999999968	0.7612336132928698	-0.3882253923254089
1.297999999999968	0.7608428424162887	-0.3933152476985906
1.298999999999968	0.7604471979946001	-0.3979724682360534
1.299999999999968	0.7600470933605897	-0.4022356592005874
1.300999999999968	0.7596429041067063	-0.406141695897373
1.301999999999967	0.7592349708146591	-0.4097237244021819
1.302999999999967	0.7588261718860961	-0.4078729660071344
1.303999999999967	0.7584198596890397	-0.4047502680382195
1.304999999999967	0.7580167184083295	-0.4015311419264374
1.305999999999967	0.7576166873778403	-0.398529776045449
1.306999999999967	0.7572195154441146	-0.3958129561406324
1.307999999999967	0.7568249185450414	-0.3933797136786304
1.308999999999967	0.7564326232539178	-0.391209746406079
1.309999999999967	0.7560423777831425	-0.3892800784330169
1.310999999999966	0.7556539529049278	-0.3875685660869194
1.311999999999966	0.755264571495078	-0.3911931385562225
1.312999999999966	0.7548709733265095	-0.396002071033397
1.313999999999966	0.7544725576798075	-0.4008280805974708
1.314999999999966	0.7540694610516854	-0.4053640200236167
1.315999999999966	0.7536620040835382	-0.409548747702279
1.316999999999966	0.7532505342118035	-0.4133898152363661
1.317999999999966	0.7528353823931576	-0.4169126304993343
1.318999999999966	0.752416853227151	-0.4201444997948182
1.319999999999965	0.7519952241669191	-0.4231124095731481
1.320999999999965	0.7515707467502647	-0.4258412039755106
1.321999999999965	0.7511436490246129	-0.428353019549808
1.322999999999965	0.7507141376552405	-0.4306684839844728
1.323999999999965	0.7502823999094455	-0.4328057654934633
1.324999999999965	0.7498486055867722	-0.4347816313203337
1.325999999999965	0.7494129085578923	-0.4366111719228433
1.326999999999965	0.7489754483305666	-0.4383080226232625
1.327999999999965	0.7485363513432274	-0.4398846867196909
1.328999999999964	0.7480957322321917	-0.4413522651110041
1.329999999999964	0.7476562645013753	-0.4375819290829198
1.330999999999964	0.7472185451744038	-0.4378554619502358
1.331999999999964	0.7467800177273158	-0.4391981664704542
1.332999999999964	0.7463400389460544	-0.4407581255917473
1.333999999999964	0.745898510566022	-0.4422973590181593
1.334999999999964	0.7454554838923547	-0.4437547080102265
1.335999999999964	0.7450110461061352	-0.4451195795183939
1.336999999999964	0.7445652880369878	-0.4463952695196366
1.337999999999963	0.7441182954963923	-0.4475885183124683
1.338999999999963	0.7436701472797316	-0.448706617771775
1.339999999999963	0.7432209152267604	-0.449756187259239
1.340999999999963	0.7427706647236605	-0.4507435145408061
1.341999999999963	0.7423194551668522	-0.4516742913565874
1.342999999999963	0.7418673405153134	-0.4525537008352589
1.343999999999963	0.7414143697982721	-0.4533864193347775
1.344999999999963	0.7409605876171712	-0.4541766260542606
1.345999999999963	0.7405060346258727	-0.4549280369449712
1.346999999999962	0.7400507478635684	-0.4556441653861045
1.347999999999962	0.739594761012018	-0.4563282128525892
1.348999999999962	0.7391355353054133	-0.4621218655271995
1.349999999999962	0.7386700262399484	-0.4688949117388513
1.350999999999962	0.7381978283712537	-0.4754994519496738
1.351999999999962	0.7377192549663043	-0.4816459650985504
1.352999999999962	0.7372347866576083	-0.4872892416690098
1.353999999999962	0.7367474903844978	-0.4873018850672478
1.354999999999962	0.7362609070001835	-0.4858634655268894
1.355999999999961	0.7357758916471965	-0.4841658263601815
1.356999999999961	0.7352925385490829	-0.4825389600083509
1.357999999999961	0.7348107366885278	-0.4810633551544488
1.358999999999961	0.7343303282430113	-0.4797521333877812
1.359999999999961	0.733851153100881	-0.4785967513762216
1.360999999999961	0.7333730631348511	-0.4775817837538041
1.361999999999961	0.7328959241831456	-0.4766947249058268
1.362999999999961	0.7324196139864854	-0.475924275488468
1.363999999999961	0.7319440214355661	-0.4752594349268587
1.36499999999996	0.7314690460918926	-0.4746898622095621
1.36599999999996	0.7309920280754041	-0.4793447739813383
1.36699999999996	0.7305098134112992	-0.4850831416182453
1.36799999999996	0.7300218975028564	-0.4907472453345881
1.36899999999996	0.7295285040547207	-0.4960382043160456
1.36999999999996	0.729030032636802	-0.5009031693639027
1.37099999999996	0.7285269018338447	-0.5053569600655664
1.37199999999996	0.7280195071579652	-0.509430902024247
1.37299999999996	0.7275082114529786	-0.5131590061448343
1.373999999999959	0.7269933446829534	-0.5165730209213182
1.374999999999959	0.7264752063384692	-0.5197021447493109
1.375999999999959	0.7259540678913928	-0.5225732165778195
1.376999999999959	0.7254327446572422	-0.5200717176448908
1.377999999999959	0.7249145319303454	-0.5163522105203334
1.378999999999959	0.7244000625685784	-0.5125849977129576
1.379999999999959	0.7238892295194369	-0.5090795952967251
1.380999999999959	0.7233817393532219	-0.5058992410372964
1.381999999999959	0.7228747003161039	-0.5081773377629485
1.382999999999958	0.722364731974099	-0.5117578414967809
1.383999999999958	0.7218511202579065	-0.5154640747038903
1.384999999999958	0.7213338976685242	-0.5189795765243712
1.385999999999958	0.7208132903288996	-0.5222335644900885
1.386999999999958	0.7202895601987758	-0.52522514758615
1.387999999999958	0.7197629609425604	-0.5279718074741271
1.388999999999958	0.7192337271318738	-0.5304942480126904
1.389999999999958	0.7187020727248247	-0.5328129923063717
1.390999999999958	0.7181681918883707	-0.5349470994951203
1.391999999999957	0.7176322606610058	-0.5369137673137288
1.392999999999957	0.7170944386221616	-0.5387287161044917
1.393999999999957	0.7165548705498692	-0.5404058282829394
1.394999999999957	0.7160136878479403	-0.5419579698334362
1.395999999999957	0.7154710096425854	-0.543396829938107
1.396999999999957	0.7149269439244219	-0.5447329905689038
1.397999999999957	0.7143815886745727	-0.5459758887138104
1.398999999999957	0.7138350328453958	-0.5471341448878064
1.399999999999957	0.7132873571918692	-0.5482155333127169
1.400999999999957	0.7127386350931014	-0.5492270314834423
1.401999999999956	0.7121889332171142	-0.550175084059777
1.402999999999956	0.711638312124245	-0.5510654617322006
1.403999999999956	0.7110868268616226	-0.5519034202116506
1.404999999999956	0.7105345275016626	-0.5526936531990122
1.405999999999956	0.7099814596672293	-0.5534403660828521
1.406999999999956	0.709427664935355	-0.5541474451268867
1.407999999999956	0.7088731811473828	-0.5548184754354379
1.408999999999956	0.7083180427958404	-0.5554565695243824
1.409999999999956	0.7077622813553134	-0.5560646507535829
1.410999999999955	0.7072059255406333	-0.5566453152630132
1.411999999999955	0.7066490016029822	-0.5572008942050268
1.412999999999955	0.7060889641846193	-0.5628722665746341
1.413999999999955	0.7055227628761555	-0.5695286551472473
1.414999999999955	0.7049499868636505	-0.5760216541401864
1.415999999999955	0.7043709445315895	-0.5820612746388143
1.416999999999955	0.7037861120666432	-0.5876019016913697
1.417999999999955	0.7031985525362882	-0.5875153964026273
1.418999999999955	0.7026118031164383	-0.5859816822348553
1.419999999999954	0.7020267158366862	-0.5841911203244805
1.420999999999954	0.701443384036276	-0.5824707279565142
1.421999999999954	0.7008616954239056	-0.5809047483215449
1.422999999999954	0.700281489994296	-0.5795043660382735
1.423999999999954	0.6997026065019228	-0.5782608769733831
1.424999999999954	0.6991248947920287	-0.5771608037597753
1.425999999999954	0.698548217989	-0.5761910655149693
1.426999999999954	0.6979698770973308	-0.5804889751841066
1.427999999999954	0.6973866801083661	-0.5859032446174993
1.428999999999953	0.696798093750341	-0.5912676961868598
1.429999999999953	0.69620431777783	-0.5962824570503353
1.430999999999953	0.6956057299082335	-0.6008914749369735
1.431999999999953	0.6950027297289203	-0.605107062249454
1.432999999999953	0.694395695918581	-0.6089587238798112
1.433999999999953	0.6937849762882349	-0.6124786901878726
1.434999999999953	0.6931708870018689	-0.6156980247847209
1.435999999999953	0.6925537147710568	-0.6186445687984379
1.436999999999953	0.6919362887638395	-0.6162055758695325
1.437999999999952	0.691321916349855	-0.6125373906305134
1.438999999999952	0.6907112411774947	-0.6088111028851383
1.439999999999952	0.6901041658319319	-0.6053377470216481
1.440999999999952	0.6895004054400397	-0.6021812046827324
1.441999999999952	0.6888970760471665	-0.604475749379907
1.442999999999952	0.6882908043248915	-0.6080658536368021
1.443999999999952	0.6876808828207803	-0.6117753010394308
1.444999999999952	0.6870673502968521	-0.6152878813598931
1.445999999999952	0.6864504384354672	-0.6185339647309057
1.446999999999951	0.6858304139503656	-0.6215131183682979
1.447999999999951	0.6852075347789235	-0.6242433277590981
1.448999999999951	0.6845820393577653	-0.626745608861542
1.449999999999951	0.6839541453317153	-0.6290405292560824
1.450999999999951	0.6833240503722245	-0.6311474680489024
1.451999999999951	0.6826919336315734	-0.6330840844199209
1.452999999999951	0.6820579575550858	-0.6348661330523698
1.453999999999951	0.6814222695030442	-0.6365080293006065
1.454999999999951	0.6807850030858441	-0.6380228575429666
1.45599999999995	0.6801462794558805	-0.6394224493654267
1.45699999999995	0.6795062085522888	-0.6407173996669991
1.45799999999995	0.6788648901746324	-0.6419173926627956
1.45899999999995	0.6782224148495454	-0.6430312899681095
1.45999999999995	0.6775788647964835	-0.6440668442999998
1.46099999999995	0.6769343147256655	-0.6450313213927239
1.46199999999995	0.6762888324837357	-0.6459311826397615
1.46299999999995	0.6756424797735886	-0.6467722541295391
1.46399999999995	0.6749953127291113	-0.64755984777149
1.464999999999949	0.6743473823636071	-0.6482988928081088
1.465999999999949	0.6736987350945093	-0.6489936517237452
1.466999999999949	0.6730494132439538	-0.6496480526155949
1.467999999999949	0.6723994554043869	-0.6502656267553428
1.468999999999949	0.6717463274031079	-0.6559883652435038
1.469999999999949	0.6710869889436326	-0.662686522970436
1.470999999999949	0.6704210383979816	-0.6692125161505866
1.471999999999949	0.6697513619753841	-0.6701382642887682
1.472999999999949	0.6690815160173945	-0.6695515853164402
1.473999999999948	0.668412426592178	-0.668625199983384
1.474999999999948	0.6677442684186569	-0.667689083710888
1.475999999999948	0.6670770077747519	-0.6668301424374297
1.476999999999948	0.666410558910854	-0.6660655251231653
1.477999999999948	0.6657448285281322	-0.6653931812279646
1.478999999999948	0.6650797278099787	-0.6648061968589418
1.479999999999948	0.6644151753260769	-0.6642967133486717
1.480999999999948	0.6637510972256102	-0.6638574303872745
1.481999999999948	0.6630848573633549	-0.6686202291551838
1.482999999999947	0.662413323159705	-0.6744460956791773
1.483999999999947	0.6617360094834539	-0.6801791553301177
1.484999999999947	0.6610531573527241	-0.6855229863299986
1.485999999999947	0.6603651820821758	-0.690425417924237
1.486999999999947	0.6596725169916715	-0.6949026105215997
1.487999999999947	0.6589781403838346	-0.693848446109676
1.488999999999947	0.6582854997656454	-0.691430635466767
1.489999999999947	0.657595367022502	-0.6888327026719557
1.490999999999947	0.6569077614653144	-0.6863762702825248
1.491999999999946	0.6562225041009898	-0.6841363231287513
1.492999999999946	0.6555393762731485	-0.6821172028298528
1.493999999999946	0.6548581640359326	-0.6803051467357282
1.494999999999946	0.6541760997878361	-0.6838212208194844
1.495999999999946	0.6534899305773898	-0.6885150575004365
1.496999999999946	0.6527990619458107	-0.6932200472733943
1.497999999999946	0.6521036362304432	-0.6976292096886315
1.498999999999946	0.6514039792085103	-0.7016826460126503
1.499999999999946	0.6507004428780866	-0.7053878133606699
1.500999999999945	0.6499933627147391	-0.7087702995826572
1.501999999999945	0.6492830472742306	-0.711858356354958
1.502999999999945	0.6485697774359179	-0.7146790847288362
1.503999999999945	0.6478563777927397	-0.7121179644699345
1.504999999999945	0.6471461523212871	-0.7083307500312813
1.505999999999945	0.6464397414614713	-0.7044887519783969
1.506999999999945	0.6457370449371548	-0.7009020895199756
1.507999999999945	0.6450352058553586	-0.7027738684641863
1.508999999999945	0.6443308348011623	-0.7059660251917077
1.509999999999944	0.6436231980255374	-0.7093052998725442
1.510999999999944	0.6429123070767174	-0.7124743601541765
1.511999999999944	0.6421983679638034	-0.7154016172668298
1.512999999999944	0.6414816239785244	-0.7180840948424679
1.513999999999944	0.640762311981303	-0.7205376318441691
1.514999999999944	0.640040651327587	-0.7227813992042522
1.515999999999944	0.6393168422498257	-0.724834471928957
1.516999999999944	0.6385910665355204	-0.7267146648505964
1.517999999999944	0.6378634890964694	-0.7284379144914953
1.518999999999944	0.6371342595608069	-0.7300188516093317
1.519999999999943	0.6364035136155436	-0.7314707276512037
1.520999999999943	0.6356713743317836	-0.7328055229437898
1.521999999999943	0.6349379533688596	-0.7340340806676843
1.522999999999943	0.6342033520663296	-0.7351661971605246
1.523999999999943	0.6334676623733252	-0.7362108569077783
1.524999999999943	0.6327309677866533	-0.7371759800474991
1.525999999999943	0.6319933442062328	-0.7380688401938595
1.526999999999943	0.6312548605899263	-0.7388960478236699
1.527999999999943	0.6305155796219126	-0.7396635398086276
1.528999999999942	0.6297755583340197	-0.7403766839609892
1.529999999999942	0.6290348485698395	-0.7410404889243539
1.530999999999942	0.6282934975406513	-0.74165921066631
1.531999999999942	0.6275515482953812	-0.7422369179126146
1.532999999999942	0.626806470664277	-0.7479159710958057
1.533999999999942	0.6260552280022919	-0.7545669587407968
1.534999999999942	0.6252999930396445	-0.7559005583861447
1.535999999999942	0.624544160023858	-0.7557630617967388
1.536999999999942	0.623788646754648	-0.755261064940434
1.537999999999941	0.6230336605579855	-0.7547089170738346
1.538999999999941	0.622279208854181	-0.7541920796244451
1.539999999999941	0.6215252465169224	-0.7537301842419732
1.540999999999941	0.6207717178594812	-0.7533247200753747
1.541999999999941	0.6200185683069188	-0.7529719743988191
1.542999999999941	0.6192657475467084	-0.7526671351282541
1.543999999999941	0.6185132099748248	-0.7524055973585878
1.544999999999941	0.6177583450168794	-0.7573218984968533
1.545999999999941	0.6169980432063585	-0.7632792837669912
1.54699999999994	0.6162318403555436	-0.7691239588253954
1.54799999999994	0.6154599967886862	-0.7745606963989544
1.54899999999994	0.6146829450808277	-0.779540222737341
1.54999999999994	0.6139037035041766	-0.7789404255723856
1.55099999999994	0.6131257677846478	-0.7769285113181763
1.55199999999994	0.6123499566567305	-0.774691247818467
1.55299999999994	0.6115763327011874	-0.7725541722534587
1.55399999999994	0.610804756553453	-0.7705956374484516
1.55499999999994	0.6100350453096006	-0.7688243691591855
1.555999999999939	0.6092644477677751	-0.7723682292002761
1.556999999999939	0.608489722760491	-0.7770792854171706
1.557999999999939	0.6077102857986966	-0.7817921216539537
1.558999999999939	0.6069262879028426	-0.7862011374340485
1.559999999999939	0.6061380623343554	-0.7902474518732865
1.560999999999939	0.6053459677442223	-0.7939391668176901
1.561999999999939	0.6045503456360188	-0.7973024751926617
1.562999999999939	0.6037515099471272	-0.800366316371614
1.563999999999939	0.6029523162179121	-0.7980185532543215
1.564999999999938	0.6021560966550769	-0.7944179918292816
1.565999999999938	0.6013635172989119	-0.7907381503087956
1.566999999999938	0.600574501158431	-0.787291570627216
1.567999999999938	0.5997862122731814	-0.7892836408239368
1.568999999999938	0.5989952801852886	-0.7925779659461034
1.569999999999938	0.5982009883395499	-0.7960031442065149
1.570999999999938	0.5974033639849207	-0.7992429714907546
1.571999999999938	0.5966026275894067	-0.8022272144406206
1.572999999999938	0.5957990352969483	-0.8049547546636907
1.573999999999937	0.5949928356257295	-0.8074419620415609
1.574999999999937	0.5941842585909995	-0.8097094725034746
1.575999999999937	0.5933735139107185	-0.8117772446346767
1.576999999999937	0.5925607920942682	-0.8136637369442641
1.577999999999937	0.5917488354736421	-0.8102468540333946
1.578999999999937	0.5909408734986452	-0.8056744572886464
1.579999999999937	0.590134910093846	-0.8062497187397027
1.580999999999937	0.589327711786969	-0.8081442559837212
1.581999999999937	0.588518505387265	-0.8102658963983354
1.582999999999936	0.587707214560643	-0.812313101566054
1.583999999999936	0.5868939508504235	-0.8142116556953276
1.584999999999936	0.5860788675973795	-0.8159521798110494
1.585999999999936	0.5852621188732682	-0.8175425909230762
1.586999999999936	0.5844438488406526	-0.818994790378814
1.587999999999936	0.5836241895269412	-0.8203211471009393
1.588999999999936	0.5828032610168024	-0.8215331776086229
1.589999999999936	0.5819811723105742	-0.8226415340077309
1.590999999999936	0.5811580223969272	-0.8236555874959779
1.591999999999935	0.5803339011734238	-0.8245841490616334
1.592999999999935	0.5795088902546086	-0.8254349737258999
1.593999999999935	0.5786830638182693	-0.8262151799580856
1.594999999999935	0.5778564892569484	-0.8269312197563891
1.595999999999935	0.5770292278669124	-0.827588833656029
1.596999999999935	0.5762013354303333	-0.8281933092921273
1.597999999999935	0.5753728627147033	-0.8287493883734864
1.598999999999935	0.5745438559849351	-0.8292613343362839
1.599999999999935	0.5737143573518416	-0.8297331919293268
1.600999999999934	0.5728844051580984	-0.8301684526673233
1.601999999999934	0.5720514650325611	-0.8357090441659555
1.602999999999934	0.5712124965574557	-0.8422251303765415
1.603999999999934	0.5703670981472272	-0.8485688916245588
1.604999999999934	0.5695181584589523	-0.8493076732194496
1.605999999999934	0.5686692365949526	-0.8485332416043277
1.606999999999934	0.5678212589648229	-0.847419207084497
1.607999999999934	0.5669744001593778	-0.8462955944265219
1.608999999999934	0.5661286260332334	-0.8452498505690311
1.609999999999933	0.5652838501944438	-0.8442990215238344
1.610999999999933	0.5644399788376285	-0.8434408881227413
1.611999999999933	0.5635969226960431	-0.8426685922765028
1.612999999999933	0.5627520304575713	-0.8471130742928397
1.613999999999933	0.5619021554564719	-0.8526340994457459
1.614999999999933	0.5610467998612161	-0.858074242837442
1.615999999999933	0.5601861934719549	-0.8631356684266545
1.616999999999933	0.5593207411259984	-0.8677661385215867
1.617999999999933	0.5584534360308996	-0.8668411589666256
1.618999999999932	0.5575877513049733	-0.8645254040174173
1.619999999999932	0.5567244853000104	-0.8620037235580162
1.620999999999932	0.5558636818686565	-0.8596002634790217
1.621999999999932	0.5550051845451448	-0.8573915140457498
1.622999999999932	0.5541487954358975	-0.8553838404748225
1.623999999999932	0.5532917418826127	-0.8587203983785366
1.624999999999932	0.552430760438832	-0.8632396067949427
1.625999999999932	0.5515652535532678	-0.8677712652531352
1.626999999999932	0.5506953628072137	-0.8720073115347083
1.627999999999932	0.5498214141836655	-0.875887005073185
1.628999999999931	0.548943759972506	-0.8794184727517937
1.629999999999931	0.5480627357035266	-0.8826271078164961
1.630999999999931	0.5471812198083127	-0.880401721978191
1.631999999999931	0.5463025661230594	-0.8769026959256254
1.632999999999931	0.5454274605461614	-0.8733055156221533
1.633999999999931	0.5445558441297409	-0.8699243851484015
1.634999999999931	0.5436848973309772	-0.871966281014414
1.635999999999931	0.5428112645389762	-0.8752963610321457
1.636999999999931	0.5419342426359196	-0.8787444901528377
1.63799999999993	0.5410538709579744	-0.8819958979533181
1.63899999999993	0.5401703809181261	-0.8849812018683897
1.63999999999993	0.5392840388060304	-0.8877000312416743
1.64099999999993	0.5383951022242928	-0.8901701308028117
1.64199999999993	0.5375038092932349	-0.892412720325819
1.64299999999993	0.5366129465855886	-0.8893096838343324
1.64399999999993	0.5357257840144851	-0.885012458160355
1.64499999999993	0.5348403622846996	-0.8858280055100084
1.64599999999993	0.5339534811844691	-0.8879311925364343
1.646999999999929	0.5330643976642061	-0.8902328365382396
1.647999999999929	0.5321730626681166	-0.8924341349772578
1.648999999999929	0.5312796122798524	-0.8944636121273283
1.649999999999929	0.5303842221006677	-0.896313708644934
1.650999999999929	0.5294870663626513	-0.8979947222010269
1.651999999999929	0.5285883073844202	-0.8995201820287912
1.652999999999929	0.5276880937668667	-0.9009039942994141
1.653999999999929	0.5267865606293142	-0.9021592159344327
1.654999999999929	0.5258838306126985	-0.9032977467462587
1.655999999999928	0.5249800150238131	-0.9043303551693199
1.656999999999928	0.5240752148936632	-0.9052668243114925
1.657999999999928	0.5231695219094773	-0.906116058586994
1.658999999999928	0.5222630193646628	-0.9068859411965429
1.659999999999928	0.5213557829690837	-0.9075837560002645
1.660999999999928	0.5204478814881545	-0.9082161080142376
1.661999999999928	0.5195393774229725	-0.9087889208356073
1.662999999999928	0.5186303276527986	-0.9093075145217316
1.663999999999928	0.5177207839473877	-0.9097767880096486
1.664999999999927	0.5168107934475015	-0.9102011003339309
1.665999999999927	0.515897829728387	-0.9157232146825065
1.666999999999927	0.5149788595292767	-0.9222140381443658
1.667999999999927	0.5140560567833581	-0.9233882935347575
1.668999999999927	0.5131328163580242	-0.9230893938276805
1.669999999999927	0.5122100582850505	-0.9224235888222679
1.670999999999927	0.511287992381805	-0.9217050551043157
1.671999999999927	0.5103666284893285	-0.9210195680575188
1.672999999999927	0.5094459235542238	-0.9203871409922086
1.673999999999926	0.5085258237696659	-0.9198092674170663
1.674999999999926	0.5076062763408909	-0.9192824297037785
1.675999999999926	0.5066872325919017	-0.9188019079611102
1.676999999999926	0.5057660789200249	-0.9235022666057242
1.677999999999926	0.5048397033005255	-0.9292457836093201
1.678999999999926	0.5039076395728589	-0.934878461712592
1.679999999999926	0.5029727154569283	-0.9349665486283709
1.680999999999926	0.5020384342401737	-0.9335926639202869
1.681999999999926	0.5011056738689809	-0.9319248610996425
1.682999999999925	0.5001745654605624	-0.9302887424296892
1.683999999999925	0.4992450360744505	-0.9287668203042444
1.684999999999925	0.4983169643947696	-0.9273733329776201
1.685999999999925	0.4973902247897188	-0.9261026740298202
1.686999999999925	0.4964621297649376	-0.9300841661381788
1.687999999999925	0.4955294987651928	-0.9351746066456136
1.688999999999925	0.494591802992925	-0.9402136920206925
1.689999999999925	0.4936492442408094	-0.9449005478531749
1.690999999999925	0.4927022020437906	-0.9491805646319738
1.691999999999924	0.4917536480685845	-0.9479240973163483
1.692999999999924	0.490807036219173	-0.9452963181096286
1.693999999999924	0.4898631461280112	-0.942480588603153
1.694999999999924	0.4889220045366812	-0.9397993263426985
1.695999999999924	0.4879834395978322	-0.9373272909573815
1.696999999999924	0.4870446696812378	-0.9402092794965553
1.697999999999924	0.4861024138429513	-0.9442991205943353
1.698999999999924	0.4851560480990753	-0.9484290747418108
1.699999999999924	0.484205686793671	-0.9522902280968899
1.700999999999923	0.4832516301266396	-0.9558197834700329
1.701999999999923	0.4822942068084524	-0.9590235170113597
1.702999999999923	0.4813363007971238	-0.9567851663974422
1.703999999999923	0.4803812745182723	-0.9532640604319078
1.704999999999923	0.4794298227459207	-0.9496361642160385
1.705999999999923	0.4784818946714565	-0.9462166753194561
1.706999999999923	0.4775346778493769	-0.9482136603041507
1.707999999999923	0.4765848230648763	-0.9514925893184087
1.708999999999923	0.4756316332598214	-0.9548836881212397
1.709999999999922	0.4746751532931802	-0.9580728993425854
1.710999999999922	0.473715619442684	-0.9609914434957672
1.711999999999922	0.4727533023136664	-0.9636394449849432
1.712999999999922	0.4717884634625359	-0.9660348772265011
1.713999999999922	0.4708213445527978	-0.968199552542514
1.714999999999922	0.4698547354114033	-0.9650153406581419
1.715999999999922	0.4688919087915681	-0.9606345210336525
1.716999999999922	0.4679309079861968	-0.9613637164926669
1.717999999999922	0.4669685353299388	-0.9633782163496022
1.718999999999921	0.4660040499224891	-0.965589209811044
1.719999999999921	0.4650374046311456	-0.9676979748985235
1.720999999999921	0.4640687373020586	-0.9696332765365888
1.721999999999921	0.4630982250046783	-0.9713879033394106
1.722999999999921	0.4621260432825605	-0.9729721184783141
1.723999999999921	0.461152355856767	-0.9743993037284698
1.724999999999921	0.460177312778139	-0.9756834177096638
1.725999999999921	0.4592010503643108	-0.9768379681681987
1.726999999999921	0.4582236921768693	-0.9778749594085175
1.72799999999992	0.4572453503249158	-0.9788052920579514
1.72899999999992	0.4562661266099876	-0.9796386805812163
1.72999999999992	0.4552861135018553	-0.980384074015359
1.73099999999992	0.4543053949530348	-0.981049557802558
1.73199999999992	0.4533240471822234	-0.9816425141115744
1.73299999999992	0.4523421394189011	-0.9821695391839774
1.73399999999992	0.4513597345949313	-0.9826366319889743
1.73499999999992	0.4503768899513453	-0.9830491752030449
1.73599999999992	0.4493936575849961	-0.9834120744871591
1.736999999999919	0.4484075074722866	-0.9888846559283695
1.737999999999919	0.4474179711943022	-0.9901843913691381
1.738999999999919	0.446427729701833	-0.9902950807291504
1.739999999999919	0.4454375411888102	-0.9900784309989289
1.740999999999919	0.4444476091538808	-0.9897821237913638
1.741999999999919	0.4434579782408881	-0.989476186538131
1.742999999999919	0.4424686487273641	-0.989179324272334
1.743999999999919	0.4414796094139075	-0.9888957857870918
1.744999999999919	0.4404908470152198	-0.9886254940753982
1.745999999999919	0.439502348821294	-0.988367375564143
1.746999999999918	0.4385115338125464	-0.9932591138317877
1.747999999999918	0.4375153192314225	-0.9991664994366827
1.748999999999918	0.436515834335131	-0.9997997308543518
1.749999999999918	0.4355164335754778	-0.9989982247987983
1.750999999999918	0.4345180004003115	-0.9978645636756674
1.751999999999918	0.4335207114370502	-0.9967098034224751
1.752999999999918	0.432524546447896	-0.9956166178325081
1.753999999999918	0.4315294352672666	-0.9946021885018245
1.754999999999918	0.4305352996311549	-0.9936655306553455
1.755999999999917	0.4295394951766467	-0.9979398177035465
1.756999999999917	0.4285388806082591	-1.003285739578723
1.757999999999917	0.4275329627237459	-1.008546429333413
1.758999999999917	0.4265219754182721	-1.013424561693986
1.759999999999917	0.4255088970683589	-1.012728509056441
1.760999999999917	0.4244972276292889	-1.010606743391418
1.761999999999917	0.4234878012904671	-1.008242314946315
1.762999999999917	0.4224806977652108	-1.005961122947367
1.763999999999917	0.4214757941552818	-1.003842490552561
1.764999999999916	0.4204729229407652	-1.001896337796005
1.765999999999916	0.4194693468165715	-1.005252305759202
1.766999999999916	0.4184618369361054	-1.009763834587592
1.767999999999916	0.4174498197980582	-1.014266803090774
1.768999999999916	0.4164334564233377	-1.01845629066453
1.769999999999916	0.4154130895707112	-1.02227374284945
1.770999999999916	0.4143916562260928	-1.020589269155209
1.771999999999916	0.4133725783611192	-1.017562790392643
1.772999999999916	0.4123566080659881	-1.014374139029425
1.773999999999915	0.4113437474451335	-1.011343451424703
1.774999999999915	0.4103338022406232	-1.008543315243962
1.775999999999915	0.4093239626014217	-1.011132319587334
1.776999999999915	0.4083109196877261	-1.014949851070526
1.777999999999915	0.4072940315577809	-1.018822736594395
1.778999999999915	0.4062733984748826	-1.022439741832596
1.779999999999915	0.4052493085477641	-1.025736410918138
1.780999999999915	0.4042220798272994	-1.028717315546102
1.781999999999915	0.4031945866688538	-1.026265284290579
1.782999999999914	0.4021701826390896	-1.02253906773624
1.783999999999914	0.4011495543994471	-1.018713716105502
1.784999999999914	0.4001300723261109	-1.020246737676265
1.785999999999914	0.3991084123862108	-1.023069439746751
1.786999999999914	0.3980838613052642	-1.026029007689506
1.787999999999914	0.397056438095743	-1.028813684875791
1.788999999999914	0.3960263525212993	-1.031353726266005
1.789999999999914	0.3949938501720526	-1.033647224096401
1.790999999999914	0.3939591695309585	-1.035710300434445
1.791999999999913	0.3929225313758051	-1.037562243484691
1.792999999999913	0.3918867066456597	-1.034083451757238
1.793999999999913	0.3908549509425504	-1.029424202600229
1.794999999999913	0.3898252912581528	-1.029891420365173
1.795999999999913	0.3887945147955377	-1.031657753384995
1.796999999999913	0.3877618676038697	-1.033632870073721
1.797999999999913	0.3867272908964392	-1.035516776293917
1.798999999999913	0.3856909120600828	-1.037237119769021
1.799999999999913	0.3846528988886854	-1.03878543882713
1.800999999999912	0.383613418765819	-1.040171015764987
1.801999999999912	0.3825726277053123	-1.04140730773273
1.802999999999912	0.381530668448264	-1.042507402992345
1.803999999999912	0.3804876708043013	-1.043484076178677
1.804999999999912	0.3794437525234199	-1.044348671876437
1.805999999999912	0.378399020511792	-1.045111533109022
1.806999999999912	0.3773535717799869	-1.04578210802366
1.807999999999912	0.3763074943486212	-1.046368928345786
1.808999999999912	0.3752608681448777	-1.046879649188746
1.809999999999911	0.3742137657836228	-1.047321240045821
1.810999999999911	0.3731662532305782	-1.047700029688868
1.811999999999911	0.3721183904437094	-1.048021704837178
1.812999999999911	0.3710702319641997	-1.048291412316063
1.813999999999911	0.3700218273968017	-1.048513878143991
1.814999999999911	0.3689732218601929	-1.04869334843684
1.815999999999911	0.3679244564382605	-1.048833646644062
1.816999999999911	0.3668755685648977	-1.048938249291691
1.817999999999911	0.3658265923687913	-1.049010290254595
1.81899999999991	0.3647775590007476	-1.04905259140757
1.81999999999991	0.363728496908627	-1.049067736758421
1.82099999999991	0.3626794320774959	-1.049058067878337
1.82199999999991	0.3616303882700449	-1.049025687939658
1.82299999999991	0.3605788178481786	-1.054111285877214
1.82399999999991	0.3595216683085368	-1.060183901411816
1.82499999999991	0.3584610962272932	-1.060956354926123
1.82599999999991	0.3574004811386283	-1.06026991454351
1.82699999999991	0.3563407293677138	-1.059229721059898
1.827999999999909	0.3552820379993667	-1.058149111778655
1.828999999999909	0.354224405028891	-1.057112927688266
1.829999999999909	0.3531677765487937	-1.056140133203381
1.830999999999909	0.3521120889229611	-1.055231221113635
1.831999999999909	0.351054710999222	-1.05952072126072
1.832999999999909	0.3499925137100713	-1.064869932615182
1.833999999999909	0.3489250149655028	-1.070123610975896
1.834999999999909	0.3478550289843454	-1.069844395062084
1.835999999999909	0.3467860470659943	-1.06811548754302
1.836999999999908	0.3457189352686252	-1.066104158491267
1.837999999999908	0.3446538137086633	-1.06413501857976
1.838999999999908	0.3435905991381464	-1.062290185156637
1.839999999999908	0.3425291607940842	-1.060582570753603
1.840999999999908	0.3414693645362689	-1.05900601726132
1.841999999999908	0.3404085152049891	-1.06268871229783
1.842999999999908	0.3393434253540247	-1.067487039422421
1.843999999999908	0.3382735599841005	-1.072239731010286
1.844999999999908	0.3371991152238563	-1.076645801568363
1.845999999999907	0.3361230352054951	-1.075510239668665
1.846999999999907	0.3350487888615665	-1.072978458013251
1.847999999999907	0.3339771822338988	-1.070230815464486
1.848999999999907	0.3329082695609779	-1.067590557054568
1.849999999999907	0.3318419050597272	-1.065134480132427
1.850999999999907	0.3307753229719728	-1.068025727795042
1.851999999999907	0.3297052542511121	-1.072107731914615
1.852999999999907	0.3286310929967315	-1.076210778138834
1.853999999999907	0.3275529721923596	-1.080026815684162
1.854999999999907	0.3264712095681478	-1.083494402777834
1.855999999999906	0.3253887196500104	-1.081481399348171
1.856999999999906	0.3243089039932702	-1.078145888481614
1.857999999999906	0.3232324958960137	-1.074666291629546
1.858999999999906	0.3221594804663634	-1.071360564481143
1.859999999999906	0.3210870764628576	-1.073443440188937
1.860999999999906	0.3200119624935976	-1.076780484442377
1.861999999999906	0.318933468340161	-1.080203794485129
1.862999999999906	0.3178516635533494	-1.083401737386595
1.863999999999906	0.3167668067422821	-1.086307830148998
1.864999999999905	0.315679188770815	-1.088924046418856
1.865999999999905	0.3145916594275348	-1.08613057266193
1.866999999999905	0.3135075501420737	-1.082083942139186
1.867999999999905	0.3124275272908169	-1.077957718124769
1.868999999999905	0.3113489426165826	-1.079207592069131
1.869999999999905	0.3102684552841182	-1.081763026055659
1.870999999999905	0.3091853369590262	-1.084469566063096
1.871999999999905	0.3080995929358601	-1.087014410957087
1.872999999999905	0.3070114204538913	-1.0893264731557
1.873999999999904	0.3059210537897205	-1.091402765722656
1.874999999999904	0.3048287212757067	-1.093258164056057
1.875999999999904	0.3037372039030428	-1.089772484674131
1.876999999999904	0.3026497671702224	-1.085096898290169
1.877999999999904	0.3015644479535549	-1.085537458935952
1.878999999999904	0.3004780426699113	-1.087269026785011
1.879999999999904	0.2993898051284172	-1.089201966375682
1.880999999999904	0.2982996835564873	-1.091037079198389
1.881999999999904	0.2972078115711051	-1.092702785322487
1.882999999999903	0.2961143624411567	-1.094191361023071
1.883999999999903	0.2950195082847479	-1.095512831582598
1.884999999999903	0.2939234094590855	-1.096680693472759
1.885999999999903	0.2928262126357116	-1.097708821500815
1.886999999999903	0.2917306205074247	-1.093471307977816
1.887999999999903	0.2906372572328205	-1.093251121177498
1.888999999999903	0.2895435911139604	-1.09407699400022
1.889999999999903	0.2884490006993069	-1.095099707935066
1.890999999999903	0.2873534070902186	-1.096083377744507
1.891999999999902	0.2862568789721969	-1.096968720937049
1.892999999999902	0.2851595191827132	-1.097746716193316
1.893999999999902	0.2840614326498438	-1.09842220363164
1.894999999999902	0.2829627178546588	-1.099003237121804
1.895999999999902	0.2818634650994927	-1.099498120235377
1.896999999999902	0.280763756627309	-1.099914668112299
1.897999999999902	0.2796636672037239	-1.100260020279409
1.898999999999902	0.278563264718573	-1.100540788745847
1.899999999999902	0.2774626108079627	-1.10076286893714
1.900999999999901	0.2763617614695472	-1.100931642311315
1.901999999999901	0.2752607675786428	-1.1010519720668
1.902999999999901	0.2741596754086794	-1.101128198761089
1.903999999999901	0.2730585270512464	-1.101164345501958
1.904999999999901	0.271957360798187	-1.101163988659734
1.905999999999901	0.2708536421503348	-1.106269124131686
1.906999999999901	0.2697468999720639	-1.107211036750862
1.907999999999901	0.2686398050028292	-1.10697470343712
1.908999999999901	0.267533104779115	-1.106421545927952
1.9099999999999	0.2664269926527957	-1.105798509605227
1.9109999999999	0.2653215038659438	-1.105174868092601
1.9119999999999	0.2642166300418339	-1.104568585195536
1.9129999999999	0.2631123520924461	-1.103983119657923
1.9139999999999	0.2620086495138763	-1.103417844497929
1.9149999999999	0.2609029360301859	-1.108004921015028
1.9159999999999	0.2597921225710731	-1.113617774712942
1.9169999999999	0.2586783299328047	-1.11396326674974
1.9179999999999	0.257564906068623	-1.112880226693719
1.918999999999899	0.2564527285403517	-1.111470598429571
1.919999999999899	0.2553419685775905	-1.110045099834755
1.920999999999899	0.2542326008929282	-1.108686046306985
1.921999999999899	0.2531245506502787	-1.107410219608907
1.922999999999899	0.2520177352270172	-1.106216411025476
1.923999999999899	0.2509095061831325	-1.110237454267011
1.924999999999899	0.2497967188052744	-1.115333060397237
1.925999999999899	0.2486788771236222	-1.120346041380051
1.926999999999899	0.2475587818727812	-1.119840188969987
1.927999999999898	0.2464399116386922	-1.117896011340204
1.928999999999898	0.245323121841496	-1.115679321922085
1.929999999999898	0.2442085230493217	-1.113514008467979
1.930999999999898	0.2430960234001786	-1.111481042693133
1.931999999999898	0.2419854844387107	-1.109592639433794
1.932999999999898	0.2408741965460007	-1.112978901153536
1.933999999999898	0.2397589553119543	-1.117499305840809
1.934999999999898	0.2386392081821593	-1.121990674265753
1.935999999999898	0.2375151356442544	-1.126150104357084
1.936999999999897	0.2363896675498821	-1.124781780693791
1.937999999999897	0.2352662596940001	-1.122029634090671
1.938999999999897	0.2341457064572121	-1.119072552271852
1.939999999999897	0.2330280516817269	-1.116232721433099
1.940999999999897	0.2319131398118999	-1.113586750321807
1.941999999999897	0.2307982041036812	-1.11628039700136
1.942999999999897	0.2296799773371447	-1.120168853232083
1.943999999999897	0.2285578479682581	-1.124085585628922
1.944999999999897	0.2274319414500235	-1.127723136329933
1.945999999999896	0.226302567820898	-1.131019792994717
1.946999999999896	0.2251726355665634	-1.128840383480488
1.947999999999896	0.2240455411319295	-1.125344163356277
1.948999999999896	0.2229220121437267	-1.121709503186947
1.949999999999896	0.2218020281564558	-1.118254173998377
1.950999999999896	0.2206828046451746	-1.120188553040958
1.951999999999896	0.2195610177167004	-1.123380997464029
1.952999999999896	0.2184359929924183	-1.126664131144114
1.953999999999896	0.2173077957304964	-1.129726059477762
1.954999999999895	0.2161766805496857	-1.132499956630957
1.955999999999895	0.215045504331692	-1.129848132529642
1.956999999999895	0.2139176163654286	-1.125923464736695
1.957999999999895	0.2127937027750847	-1.121899394910385
1.958999999999895	0.2116737058380699	-1.118090172092457
1.959999999999895	0.2105548072115548	-1.119702777099363
1.960999999999895	0.2094336524442366	-1.122602443988018
1.961999999999895	0.2083095395382625	-1.125619041998089
1.962999999999895	0.2071825087337442	-1.128438228815006
1.963999999999894	0.2060527920056084	-1.130990877863047
1.964999999999894	0.2049206560236063	-1.133276726202486
1.965999999999894	0.2037889284243925	-1.13017411283372
1.966999999999894	0.2026609203913912	-1.125837607090422
1.967999999999894	0.2015372801342708	-1.121438576898851
1.968999999999894	0.200415342834712	-1.122431697538165
1.969999999999894	0.1992917524058792	-1.124744828086451
1.970999999999894	0.1981657668060341	-1.127222029341791
1.971999999999894	0.1970373789879348	-1.129549254346042
1.972999999999894	0.1959067749686936	-1.131654422093619
1.973999999999893	0.1947741787819724	-1.133533580638444
1.974999999999893	0.193639809376558	-1.135200851658202
1.975999999999893	0.1925064391342925	-1.131535257224447
1.976999999999893	0.1913773257395193	-1.126687172146863
1.977999999999893	0.1902504988523288	-1.126962249937725
1.978999999999893	0.18912274837013	-1.128534357650292
1.979999999999893	0.1879933222305566	-1.130313557270527
1.980999999999893	0.1868621631177411	-1.132000296498315
1.981999999999893	0.1857293997858505	-1.133521988283547
1.982999999999892	0.1845952011926162	-1.134870812703372
1.983999999999892	0.1834597353532292	-1.136056474758477
1.984999999999892	0.1823231587693238	-1.137092296517864
1.985999999999892	0.1811881839249017	-1.132853001068568
1.986999999999892	0.1800554430129822	-1.132624439245114
1.987999999999892	0.1789224113019429	-1.133434597278666
1.988999999999892	0.1777884745632261	-1.134434490197229
1.989999999999892	0.1766535606734251	-1.13538889476841
1.990999999999892	0.1755177444846925	-1.136239083674853
1.991999999999891	0.1743811343663909	-1.13697674994461
1.992999999999891	0.1732438402079533	-1.137607160414449
1.993999999999891	0.1721059649696364	-1.138138906573966
1.994999999999891	0.1709676028939746	-1.138580832344682
1.995999999999891	0.1698288396805161	-1.138941179745015
1.996999999999891	0.1686897531555817	-1.139227453180371
1.997999999999891	0.1675504139403909	-1.139446558420574
1.998999999999891	0.1664108860918364	-1.139604718324445
1.999999999999891	0.1652712277369681	-1.139707569695841
2.000999999999891	0.1641314916328192	-1.139760215742616
2.001999999999891	0.1629917256653437	-1.13976729539873
2.00299999999989	0.1618519733309295	-1.139732948843649
2.00399999999989	0.1607122741664372	-1.139660954937956
2.00499999999989	0.1595726640907136	-1.139554770834629
2.00599999999989	0.1584331757390141	-1.139417506550662
2.00699999999989	0.1572938387960548	-1.139251953136739
2.00799999999989	0.1561546802793221	-1.139060653990894
2.00899999999989	0.1550157247809713	-1.138845916368026
2.00999999999989	0.1538769946945473	-1.138609830225777
2.01099999999989	0.1527385104218668	-1.138354289054731
2.011999999999889	0.1516002905556886	-1.138081017473852
2.012999999999889	0.1504623520618499	-1.13779154470031
2.013999999999889	0.1493221329217763	-1.14264230030831
2.014999999999889	0.1481791358177172	-1.143347461102009
2.015999999999889	0.1470360162805948	-1.142887165200013
2.016999999999889	0.1458935092716987	-1.142122406280089
2.017999999999889	0.1447517965680647	-1.141298557021267
2.018999999999889	0.1436109028054549	-1.140484526680389
2.019999999999889	0.14247080957749	-1.139697490116137
2.020999999999888	0.1413314887268937	-1.138939774225131
2.021999999999888	0.1401929115975187	-1.138210049851162
2.022999999999888	0.1390524819002197	-1.142644902143296
2.023999999999888	0.1379071030049752	-1.148108425748516
2.024999999999888	0.1367588920483039	-1.14830901325065
2.025999999999888	0.1356111922187577	-1.147086172783468
2.026999999999888	0.1344648760617164	-1.145541672934127
2.027999999999888	0.1333201100247964	-1.143985937891837
2.028999999999888	0.1321768643399572	-1.142500974016048
2.029999999999887	0.1310350599616355	-1.141103329800188
2.030999999999887	0.1298946104056225	-1.139791334013408
2.031999999999887	0.1287528637531689	-1.14369751695834
2.032999999999887	0.1276066720611552	-1.148681395131326
2.033999999999887	0.1264555363054412	-1.153585624407431
2.034999999999887	0.1253022543720217	-1.152973741508458
2.035999999999887	0.124150302218235	-1.150926069678562
2.036999999999887	0.1230005327262278	-1.148608425824638
2.037999999999887	0.1218530541862524	-1.146344173922307
2.038999999999886	0.1207077726391711	-1.144214447986354
2.039999999999886	0.119564547592675	-1.142231180162886
2.040999999999886	0.11842066656456	-1.145526408048531
2.041999999999886	0.117272923102804	-1.149956031746862
2.042999999999886	0.1161207638496355	-1.154357973013068
2.043999999999886	0.1149669374471722	-1.153290323216758
2.044999999999886	0.1138148755090899	-1.15082905054623
2.045999999999886	0.1126653907903098	-1.148135894093556
2.046999999999886	0.111518555241049	-1.145530721279808
2.047999999999885	0.1103742420261144	-1.143091234727604
2.048999999999885	0.1092322809155641	-1.14082652114139
2.049999999999885	0.1080899310396149	-1.143868763445677
2.050999999999885	0.1069439598195313	-1.148069194692237
2.051999999999885	0.1057937916018998	-1.15226274157181
2.052999999999885	0.1046395855877205	-1.156144771441175
2.053999999999885	0.1034842521727504	-1.154517538194915
2.054999999999885	0.1023312294898777	-1.1515233157464
2.055999999999885	0.1011812958951597	-1.148339373441087
2.056999999999884	0.1000344806530557	-1.145286622198671
2.057999999999884	0.09889061486678552	-1.14244047280267
2.058999999999884	0.09774691229872856	-1.14496018590314
2.059999999999884	0.09660008597946125	-1.148687962490183
2.060999999999884	0.09544951309286422	-1.152453305392269
2.061999999999884	0.09429531068884928	-1.155946982615195
2.062999999999884	0.09313778185781049	-1.159106145917637
2.063999999999884	0.09197983244535238	-1.15678814331614
2.064999999999884	0.09082485788162574	-1.153156459624538
2.065999999999883	0.08967358073630294	-1.149393320519118
2.066999999999883	0.08852597430758857	-1.145815040324157
2.067999999999883	0.08737924785726088	-1.147633366736214
2.068999999999883	0.08623007163122216	-1.150714581693571
2.069999999999883	0.0850777668125911	-1.153890539210627
2.070999999999883	0.08392239480587194	-1.156848945402597
2.071999999999883	0.08276420673372992	-1.159522658576147
2.072999999999883	0.0816060562768248	-1.156773714640034
2.073999999999883	0.08045128976490741	-1.152754781439397
2.074999999999882	0.07930059054075327	-1.148639154641738
2.075999999999882	0.07815389843547535	-1.144740558989539
2.076999999999882	0.07700839274534385	-1.146266328598366
2.077999999999882	0.07586071662714398	-1.149081406215617
2.078999999999882	0.07471016594601468	-1.152015442788046
2.079999999999882	0.07355677904097883	-1.154753842512944
2.080999999999882	0.07240078612351807	-1.157227457028525
2.081999999999882	0.07124245209175878	-1.159436061543536
2.082999999999882	0.07008460319817926	-1.156257182197043
2.083999999999882	0.06893054942238061	-1.151845840506393
2.084999999999881	0.06778093747295762	-1.147373546518179
2.085999999999881	0.06663310304937951	-1.148290795441444
2.086999999999881	0.06548369096885723	-1.150528853868511
2.087999999999881	0.06433195795257843	-1.1529326575031
2.088999999999881	0.06317789514682698	-1.155188423331627
2.089999999999881	0.06202168667826684	-1.157223974365241
2.090999999999881	0.06086355480716475	-1.159035220537251
2.091999999999881	0.05970628636720057	-1.155497115158995
2.092999999999881	0.05855315534762178	-1.150760395700154
2.09399999999988	0.05740477627453392	-1.145993240533605
2.09499999999988	0.05625845434359665	-1.146646119180987
2.09599999999988	0.05511080651170462	-1.148645036944496
2.09699999999988	0.05396106578002662	-1.150831910246417
2.09799999999988	0.05280920219137238	-1.152890742277149
2.09899999999988	0.05165538085165901	-1.154747404398009
2.09999999999988	0.05049980683657065	-1.156396085870759
2.10099999999988	0.04934268189680356	-1.157849247396661
2.10199999999988	0.04818676277931672	-1.153984445788476
2.102999999999879	0.04703529293024904	-1.148950727788482
2.103999999999879	0.04588628901500143	-1.149052587593456
2.104999999999879	0.04473652905871312	-1.150462806660485
2.105999999999879	0.04358525023785316	-1.152090310534911
2.106999999999879	0.04243238547540527	-1.153634683375942
2.107999999999879	0.041278054486297	-1.155022757870912
2.108999999999879	0.04012241787308149	-1.156245926242121
2.109999999999879	0.0389656360896194	-1.157313093651865
2.110999999999879	0.03780785869304749	-1.158237148342909
2.111999999999878	0.03665179174865613	-1.153892195815585
2.112999999999878	0.03549806159440023	-1.15356357706607
2.113999999999878	0.03434413815838892	-1.154278758380675
2.114999999999878	0.03318940230978935	-1.155188398868608
2.115999999999878	0.0320337773488273	-1.156056979435728
2.116999999999878	0.03087733377753965	-1.156825616132801
2.117999999999878	0.02972017600388798	-1.157485381193053
2.118999999999878	0.02856241029339519	-1.158041487267965
2.119999999999878	0.02740413611757601	-1.158502309695762
2.120999999999877	0.02624801390970888	-1.153737559681837
2.121999999999877	0.02509719888423618	-1.147887965639911
2.122999999999877	0.02394962756744085	-1.147250154952903
2.123999999999877	0.02280200536246284	-1.147989741681081
2.124999999999877	0.02165350368077218	-1.149009104801163
2.125999999999877	0.02050399588692045	-1.150001961933842
2.126999999999877	0.01935354776258504	-1.150889761963518
2.127999999999877	0.01820227106254427	-1.151659109984873
2.128999999999877	0.01705028197108446	-1.15231454190469
2.129999999999876	0.01589768999161036	-1.15286488355307
2.130999999999876	0.01474716494304741	-1.148180688129387
2.131999999999876	0.01359930033127335	-1.147544020363243
2.132999999999876	0.01245153634625183	-1.147979434949648
2.133999999999876	0.01130322690383241	-1.148634932948919
2.134999999999876	0.01015427097113954	-1.149272412894877
2.135999999999876	0.009004717153617347	-1.149830700202923
2.136999999999876	0.007854649992727785	-1.150299097563471
2.137999999999876	0.006704157750042076	-1.150680862082186
2.138999999999875	0.005553323701491109	-1.150982707914491
2.139999999999875	0.004402224213474807	-1.151211739939738
2.140999999999875	0.003250928706636759	-1.151374744763936
2.141999999999875	0.002099500097420663	-1.15147794415528
2.142999999999875	0.0009479953679160334	-1.151526985030612
2.143999999999875	-0.0002035338858471826	-1.151526992571033
2.144999999999875	-0.001355040953063815	-1.151482612025784
2.145999999999875	-0.002506483541216423	-1.1513980347037
2.146999999999875	-0.003657823345026564	-1.151277043758259
2.147999999999874	-0.004809025672035276	-1.15112308166072
2.148999999999874	-0.005960059107154361	-1.150939260668457
2.149999999999874	-0.007110895196452581	-1.150728390826359
2.150999999999874	-0.008261508163090412	-1.150493016262424
2.151999999999874	-0.009411874658719897	-1.150235449822228
2.152999999999874	-0.01056197353413203	-1.149957776929432
2.153999999999874	-0.01171178562604316	-1.149661884003258
2.154999999999874	-0.01286129356604017	-1.149349474358476
2.155999999999874	-0.01401048161675427	-1.149022106762559
2.156999999999873	-0.01515933551124621	-1.14868116330133
2.157999999999873	-0.01630784231951501	-1.148327935760165
2.158999999999873	-0.01745855985583722	-1.153102610797435
2.159999999999873	-0.01861198108966469	-1.1537353202276
2.160999999999873	-0.01976545528765308	-1.153208539008349
2.161999999999873	-0.02091825274404748	-1.15238183980467
2.162999999999873	-0.02207019624494829	-1.151500631489021
2.163999999999873	-0.02322126525689237	-1.150632865445571
2.164999999999873	-0.02437148165883723	-1.149795414964652
2.165999999999872	-0.02552087694096196	-1.148990629161211
2.166999999999872	-0.02666948296452671	-1.148216901081035
2.167999999999872	-0.02781732951742671	-1.147471690956593
2.168999999999872	-0.02896444381376708	-1.146752390985288
2.169999999999872	-0.03011085054117205	-1.146056556017887
2.170999999999872	-0.03125657204487577	-1.145381946432698
2.171999999999872	-0.03240162853431721	-1.144726530269394
2.172999999999872	-0.033546038283922	-1.144088469469215
2.173999999999872	-0.03468981781812519	-1.143466102116673
2.174999999999871	-0.03583298207971305	-1.142857926835878
2.175999999999871	-0.03697554458012807	-1.142262582320752
2.176999999999871	-0.03811751753072646	-1.141678829709975
2.177999999999871	-0.0392614814925633	-1.14624459716687
2.178999999999871	-0.0404079495692875	-1.14668704984406
2.179999999999871	-0.04155428906583033	-1.14598743751835
2.180999999999871	-0.04269978700724355	-1.14500394310713
2.181999999999871	-0.04384428148834905	-1.143980521066895
2.182999999999871	-0.04498776587913967	-1.14298376667274
2.18399999999987	-0.046130274664244	-1.142029313759423
2.18499999999987	-0.04727185075737953	-1.14111838663689
2.18599999999987	-0.04841253637218503	-1.140248360840497
2.18699999999987	-0.04955494008951614	-1.14455458518539
2.18799999999987	-0.05070217007691966	-1.149900882278263
2.18899999999987	-0.05185212020938647	-1.149994864888158
2.18999999999987	-0.05300145723529193	-1.148674671833647
2.19099999999987	-0.05414931750460076	-1.147041357771002
2.19199999999987	-0.05529554269273077	-1.145404516178843
2.192999999999869	-0.05644016988133599	-1.143845365283308
2.193999999999869	-0.05758328488303109	-1.142380148588179
2.194999999999869	-0.05872498052880127	-1.141006659303181
2.195999999999869	-0.05986534515351002	-1.139718111992912
2.196999999999869	-0.06100702937298563	-1.14364584396155
2.197999999999869	-0.06215061004130831	-1.143511002553768
2.198999999999869	-0.06329351233418068	-1.142289096043754
2.199999999999869	-0.06443507567974749	-1.140833113523917
2.200999999999869	-0.06557518564347298	-1.139382338396278
2.201999999999869	-0.06671387860298507	-1.137999110994064
2.202999999999868	-0.06785122798734185	-1.136695193698928
2.203999999999868	-0.06898731197230844	-1.135468317524703
2.204999999999868	-0.07012220469537093	-1.134312674915448
2.205999999999868	-0.07125854368049755	-1.138360836333029
2.206999999999868	-0.07239946302564877	-1.143473377355142
2.207999999999868	-0.07354287938989475	-1.143354865096633
2.208999999999868	-0.07468548018499543	-1.141842242641846
2.209999999999868	-0.07582642100041638	-1.140034912631674
2.210999999999868	-0.07696556099390571	-1.138240606229689
2.211999999999867	-0.07810295307287754	-1.136539090844221
2.212999999999867	-0.07923869731347748	-1.134944936344966
2.213999999999867	-0.08037289936413558	-1.133454717409345
2.214999999999867	-0.08150565921321773	-1.132060539253892
2.215999999999867	-0.08263963804476938	-1.135892677980413
2.216999999999867	-0.08377799175243367	-1.140810274747033
2.217999999999867	-0.08491865745027224	-1.140516649693342
2.218999999999867	-0.08605834106416152	-1.138846111131609
2.219999999999867	-0.0871962144561929	-1.136896213510792
2.220999999999866	-0.08833215138108813	-1.134973184890927
2.221999999999866	-0.08946621791954719	-1.133155448414605
2.222999999999866	-0.09059852609680071	-1.131456469820607
2.223999999999866	-0.09172919237410526	-1.12987165540481
2.224999999999866	-0.09286089589215703	-1.133530947712933
2.225999999999866	-0.09399680968156489	-1.138292182094782
2.226999999999866	-0.09513745607708966	-1.142996141890063
2.227999999999866	-0.09628005827939354	-1.142203788481008
2.228999999999866	-0.09742115926663804	-1.139993718142545
2.229999999999865	-0.09855992342111634	-1.137530132594962
2.230999999999865	-0.09969625823797783	-1.13513505292003
2.231999999999865	-0.1008302720442869	-1.132888121079876
2.232999999999865	-0.1019621184142501	-1.130800189219374
2.233999999999865	-0.1030919524039204	-1.128863368881585
2.234999999999865	-0.1042224965766393	-1.132220553054621
2.235999999999865	-0.1053569660515291	-1.136713958390537
2.236999999999865	-0.1064933437020632	-1.136036897411856
2.237999999999865	-0.1076283742015404	-1.134019662085387
2.238999999999864	-0.108761264294493	-1.131756093277535
2.239999999999864	-0.1098919193149989	-1.129549526479266
2.240999999999864	-0.1110204341260573	-1.127475683301455
2.241999999999864	-0.1121469467949473	-1.125545250524005
2.242999999999864	-0.1132715973561683	-1.1237514758006
2.243999999999864	-0.1143945169869452	-1.122083396962694
2.244999999999864	-0.1155183951166262	-1.125668470429758
2.245999999999864	-0.1166464132030581	-1.130363294861951
2.246999999999864	-0.1177765289772936	-1.12986383842461
2.247999999999863	-0.1189054663533655	-1.128006503728077
2.248999999999863	-0.1200324158318388	-1.125888051585922
2.249999999999863	-0.1211572686759991	-1.123813243887803
2.250999999999863	-0.1222801069900848	-1.121858999903745
2.251999999999863	-0.1234010573835762	-1.12003741067452
2.252999999999863	-0.124520249635441	-1.118342724121727
2.253999999999863	-0.1256403750355872	-1.121903704207314
2.254999999999863	-0.1267646176501415	-1.126577137490129
2.255999999999863	-0.127893509824693	-1.131202806688778
2.256999999999862	-0.1290242872919448	-1.130347716175619
2.257999999999862	-0.1301535022443258	-1.128077783688893
2.258999999999862	-0.1312803233895707	-1.125560111890292
2.259999999999862	-0.1324046641691372	-1.123117062657925
2.260999999999862	-0.1335266389587443	-1.120828141852477
2.261999999999862	-0.1346464070421955	-1.118703659607914
2.262999999999862	-0.135764128728602	-1.116735356401058
2.263999999999862	-0.1368825232190656	-1.120049265765371
2.264999999999862	-0.138004799892392	-1.124499707671411
2.265999999999861	-0.1391315140236287	-1.128924164980182
2.266999999999861	-0.1402599186106936	-1.127880613435598
2.267999999999861	-0.1413865836226882	-1.125445022314709
2.268999999999861	-0.1425106979648511	-1.122779284408025
2.269999999999861	-0.1436321913449876	-1.120203109172445
2.270999999999861	-0.1447511923290069	-1.117794502583735
2.271999999999861	-0.1458678729927015	-1.115562478264518
2.272999999999861	-0.1469824051146961	-1.113497428257404
2.273999999999861	-0.1480975182170431	-1.116724437424778
2.27499999999986	-0.1492164310572747	-1.121096889966705
2.27599999999986	-0.1503397073839148	-1.125451394002437
2.27699999999986	-0.1514646078592291	-1.124345181742497
2.27799999999986	-0.1525877094094711	-1.121853551603487
2.27899999999986	-0.1537082071767198	-1.119137626631993
2.27999999999986	-0.1548260365424559	-1.116516759706182
2.28099999999986	-0.1559413311603784	-1.114068141612929
2.28199999999986	-0.1570542675892911	-1.111800391609224
2.28299999999986	-0.158165021812375	-1.109703739194485
2.283999999999859	-0.1592763272570628	-1.112902833440677
2.284999999999859	-0.1603914060138267	-1.117250349464212
2.285999999999859	-0.1615108246547938	-1.121582585777989
2.286999999999859	-0.1626318455790644	-1.120454910644047
2.287999999999859	-0.1637510472792119	-1.117944145392937
2.288999999999859	-0.1648676273128309	-1.115211588563706
2.289999999999859	-0.165981523456703	-1.112576377116951
2.290999999999859	-0.1670928715691122	-1.110115536328133
2.291999999999859	-0.1682018502454007	-1.107837514873132
2.292999999999858	-0.1693086372752944	-1.10573225284693
2.293999999999858	-0.1704159677201525	-1.108924343506885
2.294999999999858	-0.1715270654148961	-1.113266738833873
2.295999999999858	-0.1726424988765391	-1.117595861331948
2.296999999999858	-0.1737595330145223	-1.116468086153149
2.297999999999858	-0.1748747484671965	-1.113958498607895
2.298999999999858	-0.1759873437911208	-1.111227839652414
2.299999999999858	-0.177097257443959	-1.108595167672446
2.300999999999858	-0.1782046259594989	-1.106137575763314
2.301999999999857	-0.1793096285725488	-1.103863372705379
2.302999999999857	-0.1804124436366703	-1.101762487228847
2.303999999999857	-0.1815158067608837	-1.104959491627177
2.304999999999857	-0.1826229421528136	-1.109307008933646
2.305999999999857	-0.1837344183299165	-1.11364104606043
2.306999999999857	-0.1848475002567091	-1.112518502991797
2.307999999999857	-0.1859587689012827	-1.110014489528189
2.308999999999857	-0.1870674232140045	-1.107289850291665
2.309999999999857	-0.1881734020846742	-1.104663616661873
2.310999999999857	-0.189276842362469	-1.102212675250182
2.311999999999856	-0.1903779234584315	-1.099945263011428
2.312999999999856	-0.1914768239209252	-1.097851417636504
2.313999999999856	-0.1925762795731758	-1.101055641285474
2.314999999999856	-0.1936795149254973	-1.105410804097894
2.315999999999856	-0.1947870991770052	-1.109753423795321
2.316999999999856	-0.1958962978372793	-1.108639616335196
2.317999999999856	-0.1970036920176978	-1.106144471987298
2.318999999999856	-0.1981084807817444	-1.10342879458447
2.319999999999856	-0.1992106031083378	-1.100811608307816
2.320999999999855	-0.200310195941268	-1.098369817955206
2.321999999999855	-0.2014074387421169	-1.096111554149598
2.322999999999855	-0.2025025102065341	-1.094027154406238
2.323999999999855	-0.2035981463929555	-1.09724099693101
2.324999999999855	-0.2046975717251082	-1.101605432229105
2.325999999999855	-0.2058013548226562	-1.105956511907164
2.326999999999855	-0.2069067610122273	-1.104851611006004
2.327999999999855	-0.208010371733856	-1.102365583920598
2.328999999999855	-0.2091113861885038	-1.09965908802442
2.329999999999854	-0.2102097435134211	-1.097051335672014
2.330999999999854	-0.211305580856719	-1.094619135468754
2.331999999999854	-0.2123990779267258	-1.092370799080073
2.332999999999854	-0.2134904135062786	-1.090296163862109
2.333999999999854	-0.214579754160938	-1.088380957953709
2.334999999999854	-0.2156698215280606	-1.091749586990012
2.335999999999854	-0.2167638264720508	-1.096256097561711
2.336999999999854	-0.2178597558565705	-1.095598461670424
2.337999999999854	-0.2189543605094086	-1.093606640306574
2.338999999999853	-0.2200468531252235	-1.091374396755631
2.339999999999853	-0.2211371445597841	-1.089204287271148
2.340999999999853	-0.2222253344990016	-1.087171415158887
2.341999999999853	-0.2233115654589362	-1.085286337246834
2.342999999999853	-0.2243959817053585	-1.0835419961221
2.343999999999853	-0.2254787182142311	-1.081926869617351
2.344999999999853	-0.226562467886701	-1.085568320463932
2.345999999999853	-0.2276504156081962	-1.090322952617362
2.346999999999853	-0.2287405246884203	-1.089891030691875
2.347999999999852	-0.2298295246678267	-1.08810475629019
2.348999999999852	-0.2309166089540064	-1.086059652637106
2.349999999999852	-0.2320016708401618	-1.084059965048273
2.350999999999852	-0.2330847942364459	-1.082182681378866
2.351999999999852	-0.2341661074774408	-1.080439662462487
2.352999999999852	-0.2352457418383643	-1.078824928725751
2.353999999999852	-0.2363238205753762	-1.077328421657346
2.354999999999852	-0.2374004565759934	-1.075939462523344
2.355999999999852	-0.2384783219196174	-1.07978710404413
2.356999999999851	-0.2395580120200805	-1.079588970307878
2.357999999999851	-0.2406369687619571	-1.078320390760902
2.358999999999851	-0.2417145476159882	-1.076833200971056
2.359999999999851	-0.2427906490634443	-1.075365584345927
2.360999999999851	-0.2438653232256494	-1.073978637012676
2.361999999999851	-0.24493865608812	-1.072682991092847
2.362999999999851	-0.2460107373033158	-1.071475348337621
2.363999999999851	-0.2470816515126429	-1.070348984907917
2.364999999999851	-0.2481514764128107	-1.069296735276372
2.36599999999985	-0.2492228521806322	-1.073450715408864
2.36699999999985	-0.250298915197074	-1.078671215766341
2.36799999999985	-0.2513775842588884	-1.078662797352706
2.36899999999985	-0.25245554878198	-1.077262142142952
2.36999999999985	-0.2535319662374179	-1.075568669078611
2.37099999999985	-0.2546066976945756	-1.07389015314435
2.37199999999985	-0.2556797979236008	-1.072306220166517
2.37299999999985	-0.2567513687754369	-1.070831405730685
2.37399999999985	-0.2578215176118918	-1.069462195960239
2.374999999999849	-0.2588903460640233	-1.06819064325395
2.375999999999849	-0.2599579475041347	-1.067008177734933
2.376999999999849	-0.2610269763547012	-1.071045459891738
2.377999999999849	-0.2620980120158027	-1.071021792340258
2.378999999999849	-0.263168481916158	-1.069913941717602
2.379999999999849	-0.2642377284505021	-1.068575066136054
2.380999999999849	-0.2653056401891365	-1.067244356539997
2.381999999999849	-0.2663722565070877	-1.065984230862178
2.382999999999849	-0.2674376537773384	-1.064806266942011
2.383999999999848	-0.2685019129223304	-1.06370798584171
2.384999999999848	-0.2695651106684507	-1.062683474404992
2.385999999999848	-0.270627317565289	-1.061726292218058
2.386999999999848	-0.2716885978660035	-1.060830286855305
2.387999999999848	-0.2727490099014953	-1.059989766250986
2.388999999999848	-0.2738086066159652	-1.059199649091089
2.389999999999848	-0.2748674360702993	-1.058455250078582
2.390999999999848	-0.2759255418980601	-1.057752399880412
2.391999999999848	-0.276982963727522	-1.057087257268724
2.392999999999847	-0.2780397375728735	-1.056456435313753
2.393999999999847	-0.2790958961611524	-1.055856746655959
2.394999999999847	-0.2801514692370567	-1.055285413987151
2.395999999999847	-0.281206483867976	-1.054739860008173
2.396999999999847	-0.2822609647189729	-1.054217857374456
2.397999999999847	-0.2833149342568758	-1.053717236969482
2.398999999999847	-0.2843684129572971	-1.0532361854863
2.399999999999847	-0.2854214194977136	-1.052772919966773
2.400999999999847	-0.2864739709272509	-1.052325966673455
2.401999999999846	-0.2875260828404029	-1.05189389008594
2.402999999999846	-0.2885777694719493	-1.051475406300622
2.403999999999846	-0.2896290438533989	-1.051069392684817
2.404999999999846	-0.2906799179618753	-1.050674863104565
2.405999999999846	-0.2917304027956862	-1.050290846065502
2.406999999999846	-0.2927805084515783	-1.049916509943544
2.407999999999846	-0.2938302441994604	-1.049551032690361
2.408999999999846	-0.2948796185750692	-1.04919376801263
2.409999999999846	-0.2959286394829164	-1.048844099756066
2.410999999999845	-0.2969773142358499	-1.048501460749901
2.411999999999845	-0.298025649593712	-1.048165312155465
2.412999999999845	-0.2990736518270536	-1.047835214230796
2.413999999999845	-0.3001213267886452	-1.047510771157997
2.414999999999845	-0.3011686799318118	-1.047191579866631
2.415999999999845	-0.3022157163413481	-1.046877306366725
2.416999999999845	-0.3032624407786538	-1.046567637860405
2.417999999999845	-0.304308857693239	-1.046262263367093
2.418999999999845	-0.3053549712742861	-1.045960973212851
2.419999999999844	-0.3063982159807545	-1.040524526263807
2.420999999999844	-0.3074380924082861	-1.039224429259875
2.421999999999844	-0.3084772457864842	-1.039078431593973
2.422999999999844	-0.3095164005956613	-1.039227292502348
2.423999999999844	-0.3105557293039871	-1.039426230533946
2.424999999999844	-0.3115952482829538	-1.039607834370045
2.425999999999844	-0.3126349320054875	-1.039755718354639
2.426999999999844	-0.3136747458163349	-1.039868011818555
2.427999999999844	-0.3147146551284973	-1.039946721939862
2.428999999999844	-0.315754627816174	-1.039994763926777
2.429999999999843	-0.3167946346880868	-1.040015091605594
2.430999999999843	-0.3178320799129312	-1.034871480687818
2.431999999999843	-0.3188638675434843	-1.02869992548043
2.432999999999843	-0.3198921155485483	-1.027792244240143
2.433999999999843	-0.3209201679829256	-1.028308786145155
2.434999999999843	-0.321948898026569	-1.029147461555034
2.435999999999843	-0.3229784726934856	-1.029998030858218
2.436999999999843	-0.3240088629262052	-1.030778591443105
2.437999999999843	-0.3250399904281587	-1.03147256790736
2.438999999999842	-0.3260717693535157	-1.032081437158146
2.439999999999842	-0.3271041177782429	-1.032611565867832
2.440999999999842	-0.3281343910785994	-1.027931197491312
2.441999999999842	-0.3291594488666021	-1.022180561921488
2.442999999999842	-0.3301787992718698	-1.016516454596383
2.443999999999842	-0.3311926774770681	-1.011236183464972
2.444999999999842	-0.332204064341687	-1.011533784017015
2.445999999999842	-0.3332164620351259	-1.013257838659762
2.446999999999842	-0.3342307052044074	-1.015224730162752
2.447999999999841	-0.3352468736891623	-1.017108463781994
2.448999999999841	-0.3362648443639638	-1.018829104899779
2.449999999999841	-0.3372844493913671	-1.0203771642638
2.450999999999841	-0.3383055207023205	-1.021761667911997
2.451999999999841	-0.3393253321272369	-1.017857398224667
2.452999999999841	-0.3403406680687818	-1.012810719126631
2.453999999999841	-0.3413509678670335	-1.007785131660416
2.454999999999841	-0.3423564043602929	-1.00308412850736
2.455999999999841	-0.3433599004215587	-1.003904276195924
2.45699999999984	-0.3443649056497877	-1.006102458179152
2.45799999999984	-0.3453722088139482	-1.008500140894357
2.45899999999984	-0.3463818485103838	-1.01077551543505
2.45999999999984	-0.347393664397125	-1.012852514817759
2.46099999999984	-0.3484074549745461	-1.014724890864208
2.46199999999984	-0.3494230217818939	-1.016404969486647
2.46299999999984	-0.350437611301832	-1.012770321044365
2.46399999999984	-0.3514479832807902	-1.007969904494251
2.46499999999984	-0.3524535547408043	-1.00316930226205
2.465999999999839	-0.3534544781822675	-0.9986738859199193
2.466999999999839	-0.3544510885637449	-0.994543199566822
2.467999999999839	-0.3554463159367283	-0.9959078753883079
2.468999999999839	-0.3564435760745745	-0.9986087231546891
2.469999999999839	-0.3574436151636439	-1.001465768958824
2.470999999999839	-0.3584464297531231	-1.004159715126189
2.471999999999839	-0.3594518206111094	-1.006618297874065
2.472999999999839	-0.3604595508992138	-1.00883856814968
2.473999999999839	-0.3614668204543576	-1.00569683505718
2.474999999999838	-0.3624703433299271	-1.001345224193712
2.475999999999838	-0.3634694944088399	-0.9969532592226784
2.476999999999838	-0.3644643878427541	-0.9928299512416359
2.477999999999838	-0.3654553237334763	-0.9890381887667656
2.478999999999838	-0.3664426306736047	-0.9855720647621684
2.479999999999838	-0.3674266226261033	-0.9824082270516097
2.480999999999838	-0.3684101586420946	-0.9846601947889465
2.481999999999838	-0.3693965751697979	-0.9881692412787694
2.482999999999838	-0.3703865421482319	-0.9917610846126101
2.483999999999837	-0.3713799859429884	-0.9951228625745465
2.484999999999837	-0.3723766433848835	-0.9981883685231926
2.485999999999837	-0.373373649826145	-0.9958208614507261
2.486999999999837	-0.3743676491028549	-0.9921740518567196
2.487999999999837	-0.3753579494349615	-0.988422987203315
2.488999999999837	-0.3763446039046305	-0.984882341734209
2.489999999999837	-0.3773278570878599	-0.9816204281704894
2.490999999999837	-0.3783079872781137	-0.9786363686008123
2.491999999999837	-0.3792852629290062	-0.9759113612749793
2.492999999999836	-0.3802625013928522	-0.9785619960347416
2.493999999999836	-0.3812430011461603	-0.982433929685293
2.494999999999836	-0.3822273982858113	-0.9863567559023797
2.495999999999836	-0.3832155887679758	-0.9900206022942315
2.496999999999836	-0.3842047123802962	-0.9882230142471847
2.497999999999836	-0.3851913766840828	-0.9851019956347702
2.498999999999836	-0.3861748449630497	-0.9818309776935064
2.499999999999836	-0.3871551260036585	-0.9787275319618884
2.500999999999836	-0.3881324231996398	-0.9758633007305945
2.501999999999835	-0.389106977316338	-0.973241384801652
2.502999999999835	-0.3900790230214612	-0.9708464881245876
2.503999999999835	-0.3910487776726042	-0.9686592865867113
2.504999999999835	-0.3920164394958465	-0.9666608413415463
2.505999999999835	-0.3929847579049068	-0.9699724572441265
2.506999999999835	-0.3939569687267704	-0.9744456542216448
2.507999999999835	-0.3949310814450177	-0.9737762445327324
2.508999999999835	-0.3959038674701877	-0.9717922743184719
2.509999999999835	-0.3968745581623179	-0.9695855874908313
2.510999999999834	-0.3978430813428467	-0.9674572604092621
2.511999999999834	-0.3988095522543608	-0.965481058330575
2.512999999999834	-0.3997741275937017	-0.9636661243586594
2.513999999999834	-0.400736964424906	-0.9620040497789403
2.514999999999834	-0.401698209407254	-0.9604824338324336
2.515999999999834	-0.4026579966716221	-0.9590886205160823
2.516999999999834	-0.4036164481847437	-0.9578109375919269
2.517999999999834	-0.4045736746656655	-0.9566385619658901
2.518999999999834	-0.4055323459870783	-0.9607006147698187
2.519999999999833	-0.4064930561161028	-0.9607161712488326
2.520999999999833	-0.4074532458600089	-0.959659847848255
2.521999999999833	-0.4084122692545875	-0.9583834782416625
2.522999999999833	-0.4093700254073857	-0.9571253702976635
2.523999999999833	-0.4103265632128549	-0.9559467894150645
2.524999999999833	-0.4112819676251696	-0.9548585895109872
2.525999999999833	-0.4122363274273106	-0.9538575742686005
2.526999999999833	-0.4131897265520365	-0.9529372395772184
2.527999999999833	-0.4141422421580844	-0.9520905415302872
2.528999999999832	-0.4150939445414401	-0.9513107985562244
2.529999999999832	-0.4160448975919652	-0.950591880002412
2.530999999999832	-0.4169925897940248	-0.944789114791446
2.531999999999832	-0.4179365701081322	-0.9431681188740498
2.532999999999832	-0.4188795273073934	-0.9427428901983748
2.533999999999832	-0.4198222258217691	-0.9426507514553781
2.534999999999832	-0.4207648745661203	-0.9426433517527499
2.535999999999832	-0.4217075229775888	-0.9426500871189659
2.536999999999832	-0.4226501755476763	-0.9426516704067818
2.537999999999832	-0.4235928248632134	-0.9426435794634695
2.538999999999831	-0.4245354610532571	-0.9426254209039854
2.539999999999831	-0.4254780744255768	-0.9425979455369533
2.540999999999831	-0.4264206561520443	-0.9425621307556501
2.541999999999831	-0.4273631983573217	-0.942518904743842
2.542999999999831	-0.4283031246385202	-0.9373302934074584
2.543999999999831	-0.4292373567328057	-0.9311305527289637
2.544999999999831	-0.4301654589226109	-0.9250705077931594
2.545999999999831	-0.4310902863935707	-0.9245811281546849
2.546999999999831	-0.4320153671855718	-0.9255771503767733
2.54799999999983	-0.4329416015786893	-0.9268883276775406
2.54899999999983	-0.4338691409668663	-0.9281871372538585
2.54999999999983	-0.4347979305665523	-0.9293887476578088
2.55099999999983	-0.4357278654695151	-0.9304777411522951
2.55199999999983	-0.4366588348868174	-0.9314577740850335
2.55299999999983	-0.4375907341068611	-0.932337344763813
2.55399999999983	-0.4385234672450964	-0.9331256089459672
2.55499999999983	-0.4394543779129631	-0.9286924119678138
2.55599999999983	-0.4403803150389875	-0.9231785444100458
2.556999999999829	-0.4413007768420094	-0.9177417868760746
2.557999999999829	-0.4422159895798556	-0.9126804341448207
2.558999999999829	-0.4431289269598706	-0.9131910807100617
2.559999999999829	-0.4440430851997927	-0.9151221510279924
2.560999999999829	-0.444959293092473	-0.9172903803606893
2.561999999999829	-0.4458776248865301	-0.919369947664842
2.562999999999829	-0.446797952356942	-0.9212817274208411
2.563999999999829	-0.4477201030317886	-0.923016351508789
2.564999999999829	-0.4486439046977577	-0.9245837052619468
2.565999999999828	-0.4495691969992702	-0.9259976187704981
2.566999999999828	-0.450493264201662	-0.9221335128227593
2.567999999999828	-0.4514129012750872	-0.917137377981609
2.568999999999828	-0.4523275573385085	-0.9121715118903808
2.569999999999828	-0.453237414081242	-0.907538755017583
2.570999999999828	-0.4541428330488028	-0.9032959786590211
2.571999999999828	-0.455044198582906	-0.8994319038398869
2.572999999999828	-0.4559418752141302	-0.8959181873349694
2.573999999999828	-0.4568387676092842	-0.8978634358639522
2.574999999999827	-0.4577382535021534	-0.901105175009168
2.575999999999827	-0.4586410402855773	-0.904465206736662
2.576999999999827	-0.4595470882359043	-0.907627498736679
2.577999999999827	-0.4604561650942315	-0.9105230134953117
2.578999999999827	-0.4613654341597969	-0.9080119139806295
2.579999999999827	-0.4622715645715567	-0.9042457183830118
2.580999999999827	-0.4631738874385722	-0.9003968393327353
2.581999999999827	-0.4640724762589433	-0.8967776396607441
2.582999999999827	-0.4649675941347461	-0.8934549638223384
2.583999999999826	-0.4658595363893441	-0.8904264098255166
2.584999999999826	-0.4667485869730492	-0.8876716336010106
2.585999999999826	-0.4676350079244121	-0.8851671557741082
2.586999999999826	-0.468519038056939	-0.8828900057140342
2.587999999999826	-0.4694034635095095	-0.8859577958624678
2.588999999999826	-0.4702915531834931	-0.890218437082762
2.589999999999826	-0.4711839160717052	-0.8945042107470693
2.590999999999826	-0.4720804236904169	-0.8985078849823981
2.591999999999826	-0.4729781937077154	-0.8970290049377402
2.592999999999825	-0.4738738136476271	-0.8942077391792026
2.593999999999825	-0.4747665287298818	-0.8912193012270404
2.594999999999825	-0.4756563313105104	-0.8883827475454391
2.595999999999825	-0.4765434099307929	-0.8857713914829667
2.596999999999825	-0.4774279921258933	-0.8833899073233727
2.597999999999825	-0.4783103005664343	-0.8812238917196005
2.598999999999825	-0.4791905416577668	-0.8792552175324192
2.599999999999825	-0.4800689037324885	-0.8774658664594595
2.600999999999825	-0.4809455578823057	-0.8758393750816322
2.601999999999824	-0.4818206593648739	-0.8743605387727247
2.602999999999824	-0.4826969172814278	-0.8781522404194284
2.603999999999824	-0.4835749623381765	-0.877934814340385
2.604999999999824	-0.4844522700622258	-0.8766775789972716
2.605999999999824	-0.4853282247720819	-0.8752287920721449
2.606999999999824	-0.4862027525480901	-0.8738237176723661
2.607999999999824	-0.4870759265377106	-0.8725212254086794
2.608999999999824	-0.4879478536480489	-0.8713299648444193
2.609999999999824	-0.4888186425599937	-0.8702448339769691
2.610999999999823	-0.4896883952619778	-0.8692575499208695
2.611999999999823	-0.4905572052590006	-0.8683594287250916
2.612999999999823	-0.4914251576725135	-0.8675423872744975
2.613999999999823	-0.492292329805272	-0.8667988713196725
2.614999999999823	-0.4931587918702527	-0.8661222555776172
2.615999999999823	-0.4940246076862032	-0.8655063768954987
2.616999999999823	-0.4948872658711688	-0.8598070059374389
2.617999999999823	-0.495743746760524	-0.8531518084401881
2.618999999999823	-0.4965962370001735	-0.8518257217009041
2.619999999999822	-0.4974481438438271	-0.8519850198275252
2.620999999999822	-0.4983003983032185	-0.8525209533374372
2.621999999999822	-0.4991532192480578	-0.8531179901324688
2.622999999999822	-0.500006624461183	-0.8536894892618951
2.623999999999822	-0.5008605779865649	-0.8542146141271221
2.624999999999822	-0.5017150323975463	-0.8546912601109441
2.625999999999822	-0.5025699406938806	-0.8551223846492944
2.626999999999822	-0.5034252593366936	-0.8555119530393973
2.627999999999822	-0.5042809487570153	-0.8558639397781307
2.628999999999821	-0.5051369732844188	-0.8561821674407913
2.629999999999821	-0.5059907314676146	-0.8513312605564026
2.630999999999821	-0.5068391221056348	-0.8454470969395362
2.631999999999821	-0.5076816885595772	-0.8396829137969872
2.632999999999821	-0.5085186978331773	-0.8343327567075064
2.633999999999821	-0.5093505885224654	-0.8294457640944254
2.634999999999821	-0.5101803844536033	-0.8301432489256432
2.635999999999821	-0.5110115862292871	-0.832257449685098
2.636999999999821	-0.5118450171021441	-0.8346014369561342
2.63799999999982	-0.5126807434999768	-0.8368484931054806
2.63899999999982	-0.5135186292793844	-0.8389201940547057
2.63999999999982	-0.514358494680994	-0.8408077320864853
2.64099999999982	-0.515200160780334	-0.8425215847163496
2.64199999999982	-0.5160434612376442	-0.8440764438079004
2.64299999999982	-0.5168856748996578	-0.8403479992201649
2.64399999999982	-0.5177235917790798	-0.835482894691579
2.64499999999982	-0.5185566567176217	-0.8306441354044481
2.64599999999982	-0.5193850475058783	-0.8261346114362151
2.646999999999819	-0.5202091218323728	-0.8220112279542068
2.647999999999819	-0.5210292606653386	-0.8182636391340101
2.648999999999819	-0.5218458257226947	-0.8148636902392336
2.649999999999819	-0.522659149281188	-0.8117806537651291
2.650999999999819	-0.5234695335742716	-0.8089851707332203
2.651999999999819	-0.5242798226070784	-0.8115901348272127
2.652999999999819	-0.5250933379265411	-0.8154377343562069
2.653999999999819	-0.5259107357672939	-0.8193551655030333
2.654999999999819	-0.5267319301269657	-0.8230307606034518
2.655999999999819	-0.5275540768977973	-0.8212599859187699
2.656999999999818	-0.5283737982835116	-0.818179999947382
2.657999999999818	-0.5291903712328166	-0.8149631251240329
2.658999999999818	-0.530003817048062	-0.8119257437662173
2.659999999999818	-0.5308143506401581	-0.8091386900213381
2.660999999999818	-0.5316222231226988	-0.8066035349871142
2.661999999999818	-0.532427678351858	-0.8043041927525922
2.662999999999818	-0.5332309420235484	-0.8022204287693078
2.663999999999818	-0.5340322199870294	-0.8003327843479758
2.664999999999818	-0.5348316992658393	-0.7986230668002037
2.665999999999817	-0.5356295494308766	-0.7970745635956415
2.666999999999817	-0.5364259242336311	-0.7956723485013075
2.667999999999817	-0.5372209631308443	-0.7944027583028942
2.668999999999817	-0.5380147925012707	-0.7932533002861684
2.669999999999817	-0.5388075269834284	-0.7922129867326209
2.670999999999817	-0.5395992706833638	-0.7912717404538276
2.671999999999817	-0.5403901180973413	-0.7904204191072065
2.672999999999817	-0.5411801549313736	-0.7896505845624111
2.673999999999817	-0.5419694589524086	-0.7889547968469032
2.674999999999816	-0.5427581008800868	-0.7883264013435284
2.675999999999816	-0.5435461450109701	-0.7877592065332529
2.676999999999816	-0.5443336497617591	-0.7872476442336804
2.677999999999816	-0.5451206682528742	-0.7867866900841971
2.678999999999816	-0.5459072487799173	-0.7863717188257308
2.679999999999816	-0.5466934352902596	-0.7859986592704856
2.680999999999816	-0.5474792678518599	-0.7856638237944376
2.681999999999816	-0.5482647829947263	-0.7853638241328594
2.682999999999816	-0.5490500140163656	-0.7850955835587969
2.683999999999815	-0.5498324219274912	-0.7797176138401635
2.684999999999815	-0.5506089620706467	-0.7733600685482347
2.685999999999815	-0.5513792289965699	-0.7671712016373656
2.686999999999815	-0.5521435361088894	-0.7614404625246017
2.687999999999815	-0.5529023639980959	-0.7562127749592398
2.688999999999815	-0.5536587753516399	-0.7566074004754054
2.689999999999815	-0.5544163063232629	-0.7584520085560321
2.690999999999815	-0.5551758114893633	-0.760555784019083
2.691999999999815	-0.5559373854688842	-0.7625896296799779
2.692999999999814	-0.5567009175154385	-0.7644719127506281
2.693999999999814	-0.557466250711523	-0.7661919239394376
2.694999999999814	-0.558233226887333	-0.7677578679386127
2.695999999999814	-0.5590016984210187	-0.769182635929365
2.696999999999814	-0.5597715306379193	-0.7704792310647095
2.697999999999814	-0.5605426014775816	-0.7716598785638121
2.698999999999814	-0.5613122311769494	-0.7675969565185091
2.699999999999814	-0.5620772476561837	-0.7624334548927538
2.700999999999814	-0.5628371301496131	-0.7573290032164488
2.701999999999813	-0.5635920874627034	-0.7525831118049545
2.702999999999813	-0.5643425054733648	-0.7482504146444877
2.703999999999813	-0.5650887907329931	-0.7443176246535635
2.704999999999813	-0.5658313280961431	-0.7407546353069289
2.705999999999813	-0.5665704707251291	-0.7375281687560102
2.706999999999813	-0.5673065398779331	-0.7346076942931589
2.707999999999813	-0.5680423968692973	-0.7371038477251632
2.708999999999813	-0.5687813786904989	-0.7408573447568718
2.709999999999813	-0.5695241557181766	-0.7446942492609954
2.710999999999812	-0.5702706547319567	-0.7483013058074778
2.711999999999812	-0.5710206130099357	-0.7516127673928102
2.712999999999812	-0.5717737360862	-0.7546308931044313
2.713999999999812	-0.5725271712924765	-0.7522370275926312
2.714999999999812	-0.5732775852780987	-0.7485884629903025
2.715999999999812	-0.5740243103093583	-0.7448591322549731
2.716999999999812	-0.5747674220837836	-0.7413619624428864
2.717999999999812	-0.575507185939471	-0.7381633070087614
2.718999999999812	-0.5762438991656675	-0.7352607146954354
2.719999999999811	-0.5769778473808466	-0.7326332952534798
2.720999999999811	-0.5777092940747419	-0.7302576815275483
2.721999999999811	-0.5784384795613696	-0.728110889315651
2.722999999999811	-0.5791656219145541	-0.7261714225112343
2.723999999999811	-0.5798909188725032	-0.7244201060560056
2.724999999999811	-0.5806145497361672	-0.7228392405550526
2.725999999999811	-0.5813366769864871	-0.7214128854408701
2.726999999999811	-0.5820574479168328	-0.720126606190244
2.727999999999811	-0.5827769960928737	-0.7189673819709743
2.72899999999981	-0.5834954426559696	-0.7179233850378126
2.72999999999981	-0.5842128975003189	-0.7169839488505063
2.73099999999981	-0.5849294603489454	-0.7161393976347502
2.73199999999981	-0.5856452217094408	-0.7153809763307981
2.73299999999981	-0.5863602637580672	-0.7147007773677753
2.73399999999981	-0.5870746610751766	-0.7140915165214129
2.73499999999981	-0.587788481388146	-0.7135467720888801
2.73599999999981	-0.5885017863351306	-0.7130607873495626
2.73699999999981	-0.5892146319850159	-0.7126281805035535
2.737999999999809	-0.5899270693114153	-0.7122441428233327
2.738999999999809	-0.5906391446575058	-0.7119042221793255
2.739999999999809	-0.5913509002089424	-0.7116045556708375
2.740999999999809	-0.5920623744291212	-0.7113415616928153
2.741999999999809	-0.5927736024010833	-0.7111120611523194
2.742999999999809	-0.5934846161365812	-0.7109130905746656
2.743999999999809	-0.5941928754516421	-0.7056032303688223
2.744999999999809	-0.5948953345883308	-0.6993127538319247
2.745999999999809	-0.5955915871070312	-0.6931900156919962
2.746999999999808	-0.5962819454848656	-0.6875244923549886
2.747999999999808	-0.5969668894845234	-0.6823612780070933
2.748999999999808	-0.5976469104421792	-0.6776784253980421
2.749999999999808	-0.5983224695925076	-0.6734376788785892
2.750999999999808	-0.5989939893594306	-0.6695996727222809
2.751999999999808	-0.5996644236443058	-0.6712667193083973
2.752999999999808	-0.6003371937113813	-0.6742712305386397
2.753999999999808	-0.6010130460598705	-0.6774312731413649
2.754999999999808	-0.6016919763474333	-0.680427099720188
2.755999999999807	-0.602373784125845	-0.6831862465381319
2.756999999999807	-0.6030582314725539	-0.6857062287989028
2.757999999999807	-0.6037450868783989	-0.6880023580573446
2.758999999999807	-0.6044341362279513	-0.6900941101657406
2.759999999999807	-0.6051226152356156	-0.6868616771878452
2.760999999999807	-0.6058072749135198	-0.682455464057046
2.761999999999807	-0.6064875248425521	-0.6780421947475487
2.762999999999807	-0.607163511027234	-0.6739279901688856
2.763999999999807	-0.6078355623678992	-0.6701725204462428
2.764999999999807	-0.6085040337413855	-0.6667680683809616
2.765999999999806	-0.6091692631409442	-0.6636885840551512
2.766999999999806	-0.60983156135141	-0.6609057006435365
2.767999999999806	-0.6104912113265518	-0.6583921229312741
2.768999999999806	-0.6111484697120181	-0.6561225299789664
2.769999999999806	-0.6118035692609518	-0.654074457793521
2.770999999999806	-0.6124567209732659	-0.6522268639788465
2.771999999999806	-0.6131081159871509	-0.6505610675521442
2.772999999999806	-0.6137579276140321	-0.6490600960238104
2.773999999999806	-0.6144063129376394	-0.6477084665453674
2.774999999999805	-0.615053414362157	-0.6464923029230816
2.775999999999805	-0.6156993610470912	-0.6453989920374671
2.776999999999805	-0.6163442701387597	-0.6444171206702449
2.777999999999805	-0.6169882479318127	-0.6435363987402986
2.778999999999805	-0.6176313908811114	-0.6427474367828677
2.779999999999805	-0.6182737865460214	-0.6420418333007245
2.780999999999805	-0.6189155144125978	-0.6414118431964577
2.781999999999805	-0.6195566466016389	-0.6408504810775101
2.782999999999805	-0.620197248739793	-0.6403517440584736
2.783999999999804	-0.6208373805733479	-0.6399098743222695
2.784999999999804	-0.6214770963676992	-0.6395196679194912
2.785999999999804	-0.6221164454488859	-0.6391764501027327
2.786999999999804	-0.62275547270946	-0.6388760286596099
2.787999999999804	-0.6233942190302733	-0.6386145724154149
2.788999999999804	-0.6240327217265516	-0.6383887813044687
2.789999999999804	-0.624671014850476	-0.6381954293135715
2.790999999999804	-0.6253091294261844	-0.6380316863790145
2.791999999999804	-0.6259470937641548	-0.637894955254186
2.792999999999803	-0.6265849337219099	-0.6377829272828456
2.793999999999803	-0.6272201036185245	-0.6325548424158445
2.794999999999803	-0.6278495527648689	-0.6263414458864546
2.795999999999803	-0.6284728702401375	-0.6202915206920818
2.796999999999803	-0.6290903644642873	-0.6146949630695684
2.797999999999803	-0.6297025113213429	-0.609596804387269
2.798999999999803	-0.6303097987181956	-0.6049760589749653
2.799999999999803	-0.6309126851415483	-0.6007948722221718
2.800999999999803	-0.631511590458691	-0.5970138600390055
2.801999999999802	-0.6321068960532841	-0.593595439380546
2.802999999999802	-0.6326989478144195	-0.5905062042696136
2.803999999999802	-0.6332906291527888	-0.5928545958383922
2.804999999999802	-0.6338852971566522	-0.5964795266063496
2.805999999999802	-0.634483640193625	-0.6002046512377121
2.806999999999802	-0.6350856012007836	-0.603715456355256
2.807999999999802	-0.6356909323172513	-0.6069448600338271
2.808999999999802	-0.6362993525166836	-0.6098936133663615
2.809999999999802	-0.6369105909782414	-0.6125813762374727
2.810999999999801	-0.6375243983109298	-0.6150313483808243
2.811999999999801	-0.6381405477186288	-0.6172655197407735
2.812999999999801	-0.6387562642707921	-0.6141656395661234
2.813999999999801	-0.6393682896000895	-0.6098830865505031
2.814999999999801	-0.6399760247340153	-0.6055852632392497
2.815999999999801	-0.6405796080333803	-0.6015794313914651
2.816999999999801	-0.6411793615886777	-0.5979257880338643
2.817999999999801	-0.6417756340629795	-0.594617281215877
2.818999999999801	-0.6423687578937276	-0.59162851168109
2.8199999999998	-0.6429590388239002	-0.5889314898443671
2.8209999999998	-0.6435467550896132	-0.5864991916548397
2.8219999999998	-0.6441321592344156	-0.5843072561111491
2.8229999999998	-0.6447154802941488	-0.582333028875883
2.8239999999998	-0.6452969257029481	-0.5805559609423754
2.8249999999998	-0.6458766834161341	-0.5789576437511526
2.8259999999998	-0.6464549237920337	-0.5775212919298583
2.8269999999998	-0.6470318013278028	-0.5762319685600644
2.8279999999998	-0.647607456118407	-0.5750758062254471
2.828999999999799	-0.6481820151503428	-0.5740404554459507
2.829999999999799	-0.6487555936156506	-0.5731146768272376
2.830999999999799	-0.6493257266350299	-0.5671495751661016
2.831999999999799	-0.6498894366330489	-0.5602686549965066
2.832999999999799	-0.6504463786695118	-0.5536136739979822
2.833999999999799	-0.6509969209687668	-0.5474692013461263
2.834999999999799	-0.6515415937969465	-0.5418747509294449
2.835999999999799	-0.6520809342179242	-0.5368044043225358
2.836999999999799	-0.652618014852638	-0.5373551861589169
2.837999999999798	-0.653156368698411	-0.5393508231523343
2.838999999999798	-0.6536968449052206	-0.5415999022973453
2.839999999999798	-0.654239532403042	-0.5437733989719197
2.840999999999798	-0.6547843150699164	-0.5457902345710557
2.841999999999798	-0.6553310312139718	-0.5476403480145042
2.842999999999798	-0.6558795183626209	-0.5493322389537095
2.843999999999798	-0.6564296248299361	-0.5508789810221216
2.844999999999798	-0.6569812122586112	-0.5522941577868833
2.845999999999798	-0.6575341554372872	-0.5535904775337473
2.846999999999797	-0.6580883411892217	-0.5547793011715267
2.847999999999797	-0.6586436672514138	-0.5558710952403643
2.848999999999797	-0.6592000413544312	-0.556875380305758
2.849999999999797	-0.6597573802436425	-0.5578006653750438
2.850999999999797	-0.6603130393645728	-0.5535158497115206
2.851999999999797	-0.6608638785137825	-0.5481607376479989
2.852999999999797	-0.6614094057860641	-0.542892113077675
2.853999999999797	-0.6619498560763092	-0.5380067900476382
2.854999999999797	-0.6624856390384281	-0.5335574720082561
2.855999999999796	-0.6630171827623346	-0.5295283274608437
2.856999999999796	-0.6635448912990184	-0.5258871101325652
2.857999999999796	-0.6640691353255654	-0.5225993185946197
2.858999999999796	-0.6645902518694916	-0.5196321552417177
2.859999999999796	-0.6651085465375786	-0.5169555763097441
2.860999999999796	-0.6656242961987618	-0.5145421499608781
2.861999999999796	-0.66613775175731	-0.5123673787809838
2.862999999999796	-0.6666491405274371	-0.510408580149099
2.863999999999796	-0.6671586685175892	-0.508645825217927
2.864999999999795	-0.6676665225711533	-0.5070607127759773
2.865999999999795	-0.6681728719190348	-0.505636419127203
2.866999999999795	-0.6686778699525268	-0.5043580887927943
2.867999999999795	-0.6691816558258968	-0.5032121032454138
2.868999999999795	-0.6696843557251196	-0.5021861444670305
2.869999999999795	-0.6701860840976279	-0.5012690534285393
2.870999999999795	-0.6706869447683357	-0.5004507441551304
2.871999999999795	-0.6711870319476759	-0.4997220736895994
2.872999999999795	-0.6716838617864904	-0.4939360737458958
2.873999999999794	-0.6721744395521038	-0.4872179471359667
2.874999999999794	-0.6726584048478607	-0.4807111549684935
2.875999999999794	-0.6731361114462905	-0.4747005723059953
2.876999999999794	-0.6736106475269191	-0.474370129673815
2.877999999999794	-0.6740856130714512	-0.4755594993456261
2.878999999999794	-0.6745619317873071	-0.4770764687181089
2.879999999999794	-0.6750397641529833	-0.4785867948952318
2.880999999999794	-0.6755190600763737	-0.480003580214789
2.881999999999794	-0.6759997179176633	-0.481310627079291
2.882999999999794	-0.6764816295896857	-0.4825112384029476
2.883999999999793	-0.6769646928801643	-0.483613861032258
2.884999999999793	-0.6774488141539239	-0.4846272022973763
2.885999999999793	-0.6779339084252185	-0.4855598536987084
2.886999999999793	-0.6784198989703253	-0.4864197477573023
2.887999999999793	-0.6789067165928411	-0.4872140065678031
2.888999999999793	-0.679394298907866	-0.4879491310205444
2.889999999999793	-0.6798825897029355	-0.4886309650773343
2.890999999999793	-0.6803715383582943	-0.489264850177378
2.891999999999793	-0.6808610992836616	-0.4898555038140694
2.892999999999792	-0.6813512314163507	-0.4904072636692504
2.893999999999792	-0.6818418978616089	-0.4909241279155831
2.894999999999792	-0.682333065448363	-0.491409545727922
2.895999999999792	-0.6828221349547426	-0.4867279741680743
2.896999999999792	-0.6833060072022309	-0.4810150443939097
2.897999999999792	-0.6837842271466372	-0.4754233858222203
2.898999999999792	-0.6842570631472855	-0.4702471738578962
2.899999999999792	-0.6847249554119335	-0.465535929441612
2.900999999999792	-0.6851883595193597	-0.4612708736300501
2.901999999999791	-0.6856477042304173	-0.4574171495987726
2.902999999999791	-0.6861033827148105	-0.4539384319857167
2.903999999999791	-0.6865557525428272	-0.4507998474300005
2.904999999999791	-0.6870051376627451	-0.4479690253760747
2.905999999999791	-0.6874518315989812	-0.4454174887523057
2.906999999999791	-0.6878961004309727	-0.4431188247555621
2.907999999999791	-0.6883381850295595	-0.4410490290715998
2.908999999999791	-0.6887783036778975	-0.4391869307171481
2.909999999999791	-0.6892166542708904	-0.437512924233302
2.91099999999979	-0.6896534160994763	-0.436009407205422
2.91199999999979	-0.6900887516690852	-0.4346604110838418
2.91299999999979	-0.6905228082963215	-0.4334515268133642
2.91399999999979	-0.6909557195588594	-0.4323696856311892
2.91499999999979	-0.6913876065898349	-0.4314030672624758
2.91599999999979	-0.6918185792614394	-0.4305409701268996
2.91699999999979	-0.6922487372412925	-0.4297736866930495
2.91799999999979	-0.6926781709361834	-0.4290924028597
2.91899999999979	-0.6931069624398506	-0.4284893066520912
2.919999999999789	-0.6935326169803192	-0.4228184864144435
2.920999999999789	-0.6939521299182135	-0.4162061205315201
2.921999999999789	-0.6943651318334118	-0.4097964611476219
2.922999999999789	-0.6947719685397277	-0.4038757218273615
2.923999999999789	-0.6951731500929131	-0.3984861723874843
2.924999999999789	-0.695569195230219	-0.3936029059853544
2.925999999999789	-0.6959605900626333	-0.3891855770390868
2.926999999999789	-0.6963477797190329	-0.38519256703346
2.927999999999789	-0.6967311687915179	-0.381584421054502
2.928999999999788	-0.6971111238278082	-0.3783245053724832
2.929999999999788	-0.6974879769560703	-0.3753806147154503
2.930999999999788	-0.6978620292585245	-0.3727228625574808
2.931999999999788	-0.6982335534094051	-0.3703243195398075
2.932999999999788	-0.6986027964523001	-0.3681606538066804
2.933999999999788	-0.6989699821706815	-0.3662096770531633
2.934999999999788	-0.6993353133810241	-0.3644516436529452
2.935999999999788	-0.6996989738827786	-0.3628682652432124
2.936999999999788	-0.7000611302664542	-0.3614434123555312
2.937999999999787	-0.7004219336897817	-0.3601623489485113
2.938999999999787	-0.7007840906558658	-0.3641504941289891
2.939999999999787	-0.7011507979431519	-0.369262978007928
2.940999999999787	-0.7015225995223623	-0.3743390630106231
2.941999999999787	-0.7018993078836929	-0.3790765278596573
2.942999999999787	-0.7022805564781658	-0.3834195160214193
2.943999999999787	-0.7026659570207358	-0.3873804119591217
2.944999999999787	-0.703055141905785	-0.390988190000613
2.945999999999787	-0.7034477740221375	-0.3942748646091531
2.946999999999786	-0.7038435470997901	-0.3972701035732298
2.947999999999786	-0.704242183636937	-0.4000017754118888
2.948999999999786	-0.7046408632991622	-0.3973563540054348
2.949999999999786	-0.7050362867590959	-0.393489380989486
2.950999999999786	-0.705427818007929	-0.3895719438596867
2.951999999999786	-0.7058155616903026	-0.3859142598014889
2.952999999999786	-0.7061998093073284	-0.3825798240113377
2.953999999999786	-0.7065808819320109	-0.3795642849912466
2.954999999999786	-0.7069590869288161	-0.3768445772052222
2.955999999999785	-0.7073347073866183	-0.3743952150785141
2.956999999999785	-0.7077080012181143	-0.3721913319080936
2.957999999999785	-0.7080792023420592	-0.3702098065861318
2.958999999999785	-0.7084485227752624	-0.368429956395079
2.959999999999785	-0.7088161547077431	-0.3668328105327096
2.960999999999785	-0.7091822722740313	-0.3654012288773233
2.961999999999785	-0.7095470332703862	-0.364119675057771
2.962999999999785	-0.7099105807122039	-0.3629741237649142
2.963999999999785	-0.7102730442578782	-0.3619518863422889
2.964999999999784	-0.7106345414748096	-0.3610414694975062
2.965999999999784	-0.7109951789749528	-0.3602324556636018
2.966999999999784	-0.7113550534738534	-0.35951546962002
2.967999999999784	-0.7117142526941871	-0.3588819008738887
2.968999999999784	-0.7120728562459508	-0.3583241345854526
2.969999999999784	-0.7124309364431195	-0.3578351935723369
2.970999999999784	-0.7127885589440975	-0.357408743896176
2.971999999999784	-0.7131457833811374	-0.3570390672093894
2.972999999999784	-0.7135026639511035	-0.3567210110995533
2.973999999999783	-0.7138592498620713	-0.3564497504169786
2.974999999999783	-0.7142155859022389	-0.3562212705692723
2.975999999999783	-0.7145717128588653	-0.3560315842832377
2.976999999999783	-0.7149276678106722	-0.3558772617678978
2.977999999999783	-0.7152834845314048	-0.3557551228719601
2.978999999999783	-0.7156366244489575	-0.350523663681735
2.979999999999783	-0.7159840432607397	-0.3443129286323612
2.980999999999783	-0.716325335621573	-0.3382707802724358
2.981999999999783	-0.7166608147997978	-0.3326865809590366
2.982999999999782	-0.7169909613755701	-0.327605591470445
2.983999999999782	-0.7173162675131963	-0.3230057192980986
2.984999999999782	-0.7176371951203351	-0.3188485437452015
2.985999999999782	-0.7179541671400613	-0.3150945564590421
2.986999999999782	-0.7182675681662692	-0.3117065675456883
2.987999999999782	-0.7185777467526059	-0.3086496865129514
2.988999999999782	-0.7188850185576687	-0.3058930138524193
2.989999999999782	-0.7191896697479604	-0.3034084649711291
2.990999999999782	-0.7194919595771525	-0.3011702988805626
2.991999999999782	-0.7197921228375775	-0.2991553339641716
2.992999999999781	-0.7200903722335702	-0.2973425759093015
2.993999999999781	-0.7203869004937042	-0.2957130675661319
2.994999999999781	-0.7206818822111704	-0.294249495372823
2.995999999999781	-0.7209754756432765	-0.2929365011743081
2.996999999999781	-0.7212678243176918	-0.2917599838923907
2.997999999999781	-0.7215590583385959	-0.2907071976660532
2.998999999999781	-0.7218492956871697	-0.2897666423948136
2.999999999999781	-0.7221386433549598	-0.2889278389439567
3.000999999999781	-0.7224271982939486	-0.288181187349528
3.00199999999978	-0.7227150485068156	-0.2875183889957976
3.00299999999978	-0.7230022739815153	-0.2869317130735054
3.00399999999978	-0.7232889473075824	-0.2864140935736325
3.00499999999978	-0.7235751343816668	-0.2859592107553824
3.00599999999978	-0.7238608950682838	-0.2855613201090866
3.00699999999978	-0.7241462838132849	-0.2852153288323873
3.00799999999978	-0.7244313501601667	-0.2849165250322835
3.00899999999978	-0.7247161391561162	-0.2846606279966697
3.00999999999978	-0.7250006917539648	-0.2844437297378934
3.010999999999779	-0.7252850451899937	-0.2842623051550681
3.011999999999779	-0.7255692334175272	-0.2841133134442167
3.012999999999779	-0.7258532874052891	-0.2839938262175345
3.013999999999779	-0.7261372353821288	-0.2839012921225664
3.014999999999779	-0.7264211031468735	-0.283833402473842
3.015999999999779	-0.7267023448969774	-0.2786492707721138
3.016999999999779	-0.7269779097303704	-0.2724795859448129
3.017999999999779	-0.7272473861157033	-0.2664723927420771
3.018999999999779	-0.7275110817225493	-0.2609180461442766
3.019999999999778	-0.7277694724309665	-0.2558626116480885
3.020999999999778	-0.7280230462019441	-0.2512841855852373
3.021999999999778	-0.7282722611587625	-0.2471449962949627
3.022999999999778	-0.7285175368796339	-0.2434057254166414
3.023999999999778	-0.7287592545363937	-0.2400288786707443
3.024999999999778	-0.7289977597367066	-0.2369808221014
3.025999999999778	-0.7292333657529715	-0.2342305192282843
3.026999999999778	-0.7294663562916037	-0.2317498746521816
3.027999999999778	-0.729696988256609	-0.2295133790324151
3.028999999999777	-0.7299254944112618	-0.2274982603186088
3.029999999999777	-0.7301520857126499	-0.2256836782526612
3.030999999999777	-0.7303769532572645	-0.224050751957466
3.031999999999777	-0.7306002702018112	-0.2225824827926199
3.032999999999777	-0.7308221935019387	-0.2212634673322466
3.033999999999777	-0.7310428654440319	-0.2200797705181856
3.034999999999777	-0.7312624150394705	-0.2190187774375099
3.035999999999777	-0.7314809592798057	-0.2180690633808232
3.036999999999777	-0.7316986042580761	-0.2172202560655594
3.037999999999776	-0.7319154461889369	-0.2164629710361839
3.038999999999776	-0.7321315724072116	-0.215788833111003
3.039999999999776	-0.7323470622504326	-0.2151902229129878
3.040999999999776	-0.7325619877308999	-0.2146601093765084
3.041999999999776	-0.7327764142234081	-0.214192248575387
3.042999999999776	-0.7329904011219323	-0.2137809228146201
3.043999999999776	-0.733204002405598	-0.213421020106134
3.044999999999776	-0.7334172671852023	-0.2131079157952802
3.045999999999776	-0.7336302401113034	-0.2128373140723949
3.046999999999775	-0.7338429617173752	-0.2126052765902419
3.047999999999775	-0.7340554689635748	-0.2124085950731987
3.048999999999775	-0.7342677956181263	-0.2122440939404755
3.049999999999775	-0.7344799724288396	-0.212108907952992
3.050999999999775	-0.7346920274298151	-0.2120004749392648
3.051999999999775	-0.7349039862120883	-0.2119164709477169
3.052999999999775	-0.7351158721306089	-0.2118547477653024
3.053999999999775	-0.7353277065453999	-0.2118134637571493
3.054999999999775	-0.7355395090006137	-0.2117908288224886
3.055999999999774	-0.735751297376792	-0.2117853058456016
3.056999999999774	-0.7359630880789576	-0.2117954809087486
3.057999999999774	-0.7361748961574059	-0.211820058478971
3.058999999999774	-0.7363867354229731	-0.2118578551739202
3.059999999999774	-0.7365986185852177	-0.2119078518245016
3.060999999999774	-0.7368105573595992	-0.2119690794044951
3.061999999999774	-0.7370199931601292	-0.2069019115311416
3.062999999999774	-0.7372238635335969	-0.2008382416041928
3.063999999999774	-0.7374217465690344	-0.1949272530147204
3.064999999999773	-0.7376113715834623	-0.184322223730678
3.065999999999773	-0.7377901338413401	-0.1732017716291801
3.066999999999773	-0.737958082471578	-0.1626950000078972
3.067999999999773	-0.7381159583856307	-0.1530563686447945
3.068999999999773	-0.7382646338642707	-0.1442941560179208
3.069999999999773	-0.7384049568836155	-0.1363514744122747
3.070999999999773	-0.7385377116913521	-0.1291577548685119
3.071999999999773	-0.7386636131930411	-0.1226448822969824
3.072999999999773	-0.7387833102396988	-0.1167488628919845
3.073999999999772	-0.7388973903887501	-0.1114111034557076
3.074999999999772	-0.7390063857329904	-0.1065792680890854
3.075999999999772	-0.7391107781484688	-0.1022052593459282
3.076999999999772	-0.7392110041412071	-0.09824643474994503
3.077999999999772	-0.739307459191173	-0.09466338478924474
3.078999999999772	-0.739400501347896	-0.09142065820878173
3.079999999999772	-0.7394904547264213	-0.08848583739376231
3.080999999999772	-0.7395776129800862	-0.08583041663254147
3.081999999999772	-0.7396622422323901	-0.08342784204092908
3.082999999999771	-0.7397445834928662	-0.08125443964418129
3.083999999999771	-0.7398248552437696	-0.07928882892640882
3.084999999999771	-0.7399032555272301	-0.07751151021258569
3.085999999999771	-0.7399799637474722	-0.07590470742134608
3.086999999999771	-0.7400551425333757	-0.07445264599364873
3.087999999999771	-0.7401289393590529	-0.07314079099797166
3.088999999999771	-0.7402014879953696	-0.0719562709125473
3.089999999999771	-0.7402729097272946	-0.07088698550161704
3.090999999999771	-0.7403433145009304	-0.06992235730064861
3.09199999999977	-0.740412802231469	-0.06905290198346715
3.09299999999977	-0.7404814636171968	-0.06826967009129731
3.09399999999977	-0.7405493809549513	-0.06756480820987332
3.09499999999977	-0.7406166290658498	-0.06693121833467637
3.09599999999977	-0.7406832759020056	-0.06636226048190695
3.09699999999977	-0.7407493831751812	-0.06585209395256453
3.09799999999977	-0.7408150070219784	-0.06539540913987583
3.09899999999977	-0.7408801985235044	-0.0649874046765009
3.09999999999977	-0.7409450041601748	-0.06462368056012814
3.100999999999769	-0.7410094662441769	-0.06430030034793398
3.101999999999769	-0.7410736233046532	-0.06401363440496918
3.102999999999769	-0.741137510507801	-0.06376058648487713
3.103999999999769	-0.7412011599555506	-0.06353812430953594
3.104999999999769	-0.7412646008763342	-0.06334353316845776
3.105999999999769	-0.7413278600018549	-0.06317453432202609
3.106999999999769	-0.7413909617987028	-0.06302887628999265
3.107999999999769	-0.7414539286559596	-0.06290465554183272
3.108999999999769	-0.7415167810916684	-0.0628000335365123
3.109999999999769	-0.7415795378718425	-0.06271334476039515
3.110999999999768	-0.7416422162232095	-0.06264317616025492
3.111999999999768	-0.7417048319719584	-0.06258813971605764
3.112999999999768	-0.7417673997112998	-0.06254715749513168
3.113999999999768	-0.7418299329154451	-0.06251906943431511
3.114999999999768	-0.7418924439781448	-0.06250287467850339
3.115999999999768	-0.7419549443433671	-0.06249767452095944
3.116999999999768	-0.7420174445972361	-0.06250265198267314
3.117999999999768	-0.7420799545352934	-0.06251704287987331
3.118999999999768	-0.7421424832437904	-0.06254019281795492
3.119999999999767	-0.7422050391786251	-0.06257149548689488
3.120999999999767	-0.7422676302474938	-0.06261046079419212
3.121999999999767	-0.7423302638255042	-0.06265651365770487
3.122999999999767	-0.7423929467603243	-0.06270917428099031
3.123999999999767	-0.7424531160858697	-0.05762930240440395
3.124999999999767	-0.7425077053977895	-0.05154916321223799
3.125999999999767	-0.7425562893633083	-0.04561862701490039
3.126999999999767	-0.7425991632215493	-0.04012896521150017
3.127999999999767	-0.7426367912525406	-0.03512698772285461
3.128999999999766	-0.7426696506898477	-0.03059179166592443
3.129999999999766	-0.7426981900973738	-0.02648694068247854
3.130999999999766	-0.7427228204549748	-0.02277370314548367
3.131999999999766	-0.7427439153868296	-0.01941609943606455
3.132999999999766	-0.7427618136758759	-0.01638042679260105
3.133999999999766	-0.7427768221019104	-0.01363638178722629
3.134999999999766	-0.7427892186937651	-0.01115676600146236
3.135999999999766	-0.7427992552845684	-0.008916386522976334
3.136999999999766	-0.7428071599686601	-0.006892958756156706
3.137999999999765	-0.7428131394961186	-0.005066078834826102
3.138999999999765	-0.7428173811619962	-0.003417240630113017
3.139999999999765	-0.7428200546191326	-0.001929665896199042
3.140999999999765	-0.7428213136021224	-0.0005882964356232884
3.141999999999765	-0.7428212975923465	0.0006203159412195899
3.142999999999765	-0.7428201330622548	0.001708740867961272
3.143999999999765	-0.7428179346664238	0.002688044424193599
3.144999999999765	-0.7428148064485768	0.003568382205757344
3.145999999999765	-0.7428108427235544	0.004359056353987227
3.146999999999764	-0.7428061290431286	0.005068290839453214
3.147999999999764	-0.7428007431441042	0.005703491603404443
3.148999999999764	-0.7427947556444476	0.006271490360471171
3.149999999999764	-0.7427882306453674	0.006778488893172276
3.150999999999764	-0.742781226399184	0.007229983178064852
3.151999999999764	-0.7427737958445417	0.007631104575405658
3.152999999999764	-0.7427659870878929	0.00798638609523169
3.153999999999764	-0.7427578439025896	0.008299960915136869
3.154999999999764	-0.7427494060946861	0.008575630441672019
3.155999999999763	-0.7427407099301958	0.008816673339811419
3.156999999999763	-0.7427317884957478	0.00902616970411689
3.157999999999763	-0.7427226719359126	0.009206923548725167
3.158999999999763	-0.742713387733302	0.009361454768675491
3.159999999999763	-0.7427039609848132	0.009492014891995169
3.160999999999763	-0.742694414633234	0.00960066060247603
3.161999999999763	-0.7426847696568281	0.009689264259569388
3.162999999999763	-0.742675045223771	0.009759573674012924
3.163999999999763	-0.7426626895015062	0.01495183504985981
3.164999999999762	-0.7426446461664105	0.02113478285265276
3.165999999999762	-0.742620499016079	0.02715944783146813
3.166999999999762	-0.7425905515273309	0.03273544287421071
3.167999999999762	-0.7425552753852982	0.03781673895466892
3.168999999999762	-0.7425151547065318	0.04242450229702794
3.169999999999762	-0.7424706440831934	0.04659661537066782
3.170999999999762	-0.7424221600039017	0.05037140268091386
3.171999999999762	-0.7423700811231406	0.05378620788291975
3.172999999999762	-0.7423147506385107	0.05687460098529047
3.173999999999761	-0.7422564795403287	0.05966742645407355
3.174999999999761	-0.7421955494663863	0.06219254478832292
3.175999999999761	-0.7421322154300887	0.06447534418473864
3.176999999999761	-0.7420667084026243	0.06653852081042834
3.177999999999761	-0.7419992376794593	0.068402729880601
3.178999999999761	-0.7419299930185818	0.07008639107911609
3.179999999999761	-0.741859146500552	0.0716064395269211
3.180999999999761	-0.7417868539326923	0.07297848653156647
3.181999999999761	-0.7417132565164171	0.07421613255930445
3.18299999999976	-0.741638482364337	0.0753319547135083
3.18399999999976	-0.7415626476182702	0.07633731744164635
3.18499999999976	-0.7414858576124234	0.0772424714867819
3.18599999999976	-0.7414082078481975	0.07805683168967389
3.18699999999976	-0.74132978501751	0.07878860215094582
3.18799999999976	-0.7412506678327868	0.07944553772986082
3.18899999999976	-0.7411709277198463	0.08003445676143975
3.18999999999976	-0.7410906295119596	0.08056172598556403
3.19099999999976	-0.7410098321371299	0.08103278918159258
3.191999999999759	-0.7409285892229491	0.0814528033771155
3.192999999999759	-0.7408469494727041	0.0818264601406776
3.193999999999759	-0.740764957150529	0.08215794619605445
3.194999999999759	-0.7406826525527336	0.08245101045699819
3.195999999999759	-0.7406000723631788	0.08270912889652975
3.196999999999759	-0.7405146806378361	0.08807407385112077
3.197999999999759	-0.7404234354818875	0.0944159730913164
3.198999999999759	-0.7403259337135367	0.1005872804632861
3.199999999999759	-0.7402224905586887	0.1062987288043385
3.200999999999758	-0.7401135884158168	0.1115052406260126
3.201999999999758	-0.7399997209285633	0.1162294031116457
3.202999999999758	-0.739881351570755	0.1205089686218214
3.203999999999758	-0.7397589049510978	0.1243839149252035
3.204999999999758	-0.7396327667720932	0.1278920765491658
3.205999999999758	-0.7395032867037964	0.1310676837549691
3.206999999999758	-0.7393707816000725	0.1339421385660122
3.207999999999758	-0.7392355384302461	0.1365438079537922
3.208999999999758	-0.739097817161646	0.1388983288600091
3.209999999999757	-0.7389578532565964	0.1410290742817384
3.210999999999757	-0.7388158600877536	0.1429568504927374
3.211999999999757	-0.738672030966105	0.144700974499994
3.212999999999757	-0.7385265410548685	0.1462784247828975
3.213999999999757	-0.7383795492042343	0.147704848869551
3.214999999999757	-0.7382311993896116	0.1489943487515447
3.215999999999757	-0.7380816221446881	0.1501597058409394
3.216999999999757	-0.7379309357659555	0.1512126130824847
3.217999999999757	-0.7377792475967836	0.1521632837431569
3.218999999999757	-0.7376266550619783	0.1530213416555422
3.219999999999756	-0.737473246512468	0.1537953107156413
3.220999999999756	-0.7373191021787119	0.1544929079422476
3.221999999999756	-0.7371668643521277	0.1499823018615457
3.222999999999756	-0.7370196716940921	0.1444025854800174
3.223999999999756	-0.7368754446689889	0.1440510445792547
3.224999999999756	-0.7367308739362143	0.1450899997664268
3.225999999999756	-0.7365851187205414	0.1464200068686962
3.226999999999756	-0.7364380418768107	0.1477332519741806
3.227999999999756	-0.7362896998936016	0.1489502820808056
3.228999999999755	-0.7361401962397865	0.1500565897412702
3.229999999999755	-0.7359896399029252	0.1510556450451049
3.230999999999755	-0.7358381340866558	0.1519555457289619
3.231999999999755	-0.7356857736655162	0.152764852232312
3.232999999999755	-0.7355326450893886	0.1534918534032421
3.233999999999755	-0.7353788269519255	0.1541439728300719
3.234999999999755	-0.7352243906686186	0.1547281432247092
3.235999999999755	-0.7350694010873891	0.1552505669976426
3.236999999999755	-0.7349139170561386	0.1557170417602733
3.237999999999754	-0.7347579920258612	0.1561325637006026
3.238999999999754	-0.7346016746376404	0.1565017564375935
3.239999999999754	-0.7344450090985367	0.1568288643852
3.240999999999754	-0.7342880356039048	0.1571176665303078
3.241999999999754	-0.7341307907325234	0.1573716170263463
3.242999999999754	-0.7339733077851555	0.1575938177430538
3.243999999999754	-0.7338156171049062	0.1577870821167487
3.244999999999754	-0.7336577463651794	0.1579539361064494
3.245999999999754	-0.7334997208052221	0.1580967220599053
3.246999999999753	-0.733341563468178	0.1582174898289263
3.247999999999753	-0.7331832954107789	0.1583181623806361
3.248999999999753	-0.7330223664899838	0.1635392087760141
3.249999999999753	-0.7328557219089354	0.169749466106834
3.250999999999753	-0.7326829467911833	0.1758002641829568
3.251999999999753	-0.732504345790411	0.1814012150289032
3.252999999999753	-0.7323203915553703	0.1865067169761538
3.253999999999753	-0.7321315690725954	0.1911376961650042
3.254999999999753	-0.7319383339967502	0.1953318901100128
3.255999999999752	-0.731741103570731	0.1991283847214847
3.256999999999752	-0.7315402570339515	0.202564100942654
3.257999999999752	-0.7313361382797496	0.205672809879701
3.258999999999752	-0.7311290588734304	0.208485396397763
3.259999999999752	-0.730919300954805	0.2110298265342927
3.260999999999752	-0.7307071199654906	0.213331530561341
3.261999999999752	-0.7304927472523928	0.2154132675614217
3.262999999999752	-0.7302763925094101	0.2172955844014642
3.263999999999752	-0.7300582458007268	0.2189971935874047
3.264999999999751	-0.7298384793506065	0.2205350624015377
3.265999999999751	-0.7296172492142697	0.22192456160183
3.266999999999751	-0.729394696836584	0.2231795410929773
3.267999999999751	-0.7291709503793531	0.2243127170592693
3.268999999999751	-0.7289461260874723	0.2253352070989709
3.269999999999751	-0.7287203294322133	0.2262574408296325
3.270999999999751	-0.7284936560455763	0.2270886671480165
3.271999999999751	-0.728263623352594	0.2329760435228241
3.272999999999751	-0.7280272377198889	0.2397945277994826
3.27399999999975	-0.727784139681971	0.2464008340864751
3.27499999999975	-0.7275346840795991	0.2525096378752206
3.27599999999975	-0.727279389102728	0.2580795657630381
3.27699999999975	-0.7270187807865809	0.2631363006400997
3.27799999999975	-0.7267533517940349	0.2677209042107396
3.27899999999975	-0.7264835531243371	0.2718756419101951
3.27999999999975	-0.7262097947683974	0.2756402648576044
3.28099999999975	-0.7259350180994109	0.2739122648122894
3.28199999999975	-0.7256626326345748	0.2708578633962868
3.282999999999749	-0.725393374232703	0.2676581478941663
3.283999999999749	-0.7251272288918263	0.2646317503821266
3.284999999999749	-0.7248639874650636	0.2618503280329926
3.285999999999749	-0.7246034040698027	0.2593156950270644
3.286999999999749	-0.724345239928607	0.2570118268531253
3.287999999999749	-0.7240892743293895	0.2549186173756196
3.288999999999749	-0.7238353064164237	0.2530164600674275
3.289999999999749	-0.7235831542292291	0.2512871710180685
3.290999999999749	-0.7233326531889208	0.2497141709983143
3.291999999999748	-0.7230836545963899	0.2482822797312932
3.292999999999748	-0.7228334546387966	0.25211689741764
3.293999999999748	-0.7225788593320356	0.257072964933839
3.294999999999748	-0.7223193277502796	0.2619894326699443
3.295999999999748	-0.7220550506627857	0.2665639622249861
3.296999999999748	-0.7217863977758837	0.2707410183837602
3.297999999999748	-0.7215137608710893	0.2745319860551412
3.298999999999748	-0.7212375113744196	0.2779661912685674
3.299999999999748	-0.7209579902928835	0.2810751459222107
3.300999999999747	-0.7206755077083139	0.2838891883795231
3.301999999999747	-0.7203903448827346	0.2864356198104432
3.302999999999747	-0.720102756721397	0.2887398525126442
3.303999999999747	-0.7198129740614979	0.2908246102276258
3.304999999999747	-0.7195212061599001	0.292710329818579
3.305999999999747	-0.7192276426003835	0.2944159205303885
3.306999999999747	-0.718932455142775	0.2959581209717479
3.307999999999747	-0.7186357994843929	0.2973523175046524
3.308999999999747	-0.7183378167107478	0.2986123473392549
3.309999999999746	-0.7180386347663748	0.2997506551778645
3.310999999999746	-0.7177383697732022	0.3007784414973488
3.311999999999746	-0.7174345576990946	0.3068448063006142
3.312999999999746	-0.7171242216312015	0.3138264094864035
3.313999999999746	-0.7168070171971106	0.3205815180774874
3.314999999999746	-0.7164833128981166	0.326826119750203
3.315999999999746	-0.7161536393224733	0.3325200533920569
3.316999999999746	-0.7158185336477917	0.3376903014221577
3.317999999999746	-0.7154784988373826	0.3423783099215822
3.318999999999745	-0.7151339951767156	0.346627988366803
3.319999999999745	-0.7147880105281817	0.3453402809492772
3.320999999999745	-0.714443997033903	0.3426856854058403
3.321999999999745	-0.7141027290736902	0.3398492206740926
3.322999999999745	-0.7137642274170435	0.3371530861994807
3.323999999999745	-0.7134283145213163	0.3346717062402151
3.324999999999745	-0.713094773050277	0.3324102435888883
3.325999999999745	-0.7127633900206499	0.3303548295534796
3.326999999999745	-0.712433968213334	0.3284878045226212
3.327999999999744	-0.7121063279945747	0.326791657466568
3.328999999999744	-0.7117803066250474	0.3252501106047811
3.329999999999744	-0.7114557569327401	0.3238483071384194
3.330999999999744	-0.7111299764845108	0.3277116185100108
3.331999999999744	-0.7107997725405925	0.3326952850565428
3.332999999999744	-0.7104646055194774	0.337637757823298
3.333999999999744	-0.7101246673837113	0.3422374998387763
3.334999999999744	-0.7097803286925278	0.3464388552308129
3.335999999999744	-0.7094319821039087	0.3502532824439371
3.336999999999744	-0.7090799997831977	0.3537103082484818
3.337999999999743	-0.7087247234838097	0.3568412296431164
3.338999999999743	-0.7083664641111985	0.3596764454598269
3.339999999999743	-0.7080055036054207	0.3622434875758755
3.340999999999743	-0.7076420975141753	0.3645676087512632
3.341999999999743	-0.7072764772873205	0.3666717518361361
3.342999999999743	-0.7069088526410746	0.3685764411959317
3.343999999999743	-0.7065394135795818	0.370300576555894
3.344999999999743	-0.706168332308826	0.3718608544579818
3.345999999999743	-0.7057957649590966	0.3732727297023544
3.346999999999742	-0.7054218530001305	0.3745500685499829
3.347999999999742	-0.7050467247405942	0.3757053268424865
3.348999999999742	-0.7046679271951332	0.3818886290439909
3.349999999999742	-0.7042824934937316	0.388977618463611
3.350999999999742	-0.7038900882107699	0.3958317708789077
3.351999999999742	-0.7034936576883993	0.3970280848142867
3.352999999999742	-0.7030968130463408	0.3966600086120461
3.353999999999742	-0.7027005297271127	0.3959054404377296
3.354999999999742	-0.7023050269140952	0.3950989981354707
3.355999999999741	-0.7019103111620687	0.3943313204225438
3.356999999999741	-0.7015163330296151	0.3936237608103493
3.357999999999741	-0.7011230317666187	0.3929775831489142
3.358999999999741	-0.7007303479562726	0.3923888569736276
3.359999999999741	-0.7003382267537216	0.3918523688601347
3.360999999999741	-0.699946618386056	0.3913631883560021
3.361999999999741	-0.6995554779099107	0.3909165868390316
3.362999999999741	-0.6991647648747048	0.3905083073766329
3.363999999999741	-0.6987744429212859	0.3901344240566803
3.36499999999974	-0.6983844793853965	0.3897914730116722
3.36599999999974	-0.6979922754520694	0.3946152117953244
3.36699999999974	-0.6975947323317183	0.4004698305740264
3.36799999999974	-0.6971913953910809	0.4062028344952277
3.36899999999974	-0.6967825335158996	0.4115196825826522
3.36999999999974	-0.696368587385608	0.4163713289499417
3.37099999999974	-0.6959500129430216	0.420776292766941
3.37199999999974	-0.6955272392414162	0.4247698338640478
3.37299999999974	-0.6951006595429	0.4283882746396454
3.373999999999739	-0.6946706315060712	0.431666499609021
3.374999999999739	-0.694237479355402	0.4346364924097091
3.375999999999739	-0.693801496837687	0.4373272246683526
3.376999999999739	-0.6933629501088225	0.4397649064722429
3.377999999999739	-0.6929220802278305	0.4419735214086384
3.378999999999739	-0.6924816750587991	0.4388354834697804
3.379999999999739	-0.6920450051447429	0.4345030222844019
3.380999999999739	-0.6916126810924702	0.4301437725916914
3.381999999999739	-0.691182006146604	0.4312048140010342
3.382999999999738	-0.6907495957811917	0.433614605956769
3.383999999999738	-0.6903146801045522	0.4362154283876087
3.384999999999738	-0.6898772263056135	0.438690842380064
3.385999999999738	-0.6894373970028004	0.4409664284469655
3.386999999999738	-0.6889953950591705	0.4430361169323618
3.387999999999738	-0.6885514203820906	0.4449118888661521
3.388999999999738	-0.6881056588756373	0.4466097697566956
3.389999999999738	-0.6876582803198238	0.4481459821748827
3.390999999999738	-0.6872094389493989	0.4495353940311436
3.391999999999737	-0.6867592746058834	0.450791923828867
3.392999999999737	-0.6863079140403797	0.4519278338616955
3.393999999999737	-0.6858554722746193	0.4529543205431223
3.394999999999737	-0.6854020536432394	0.4538815616157387
3.395999999999737	-0.6849477527395128	0.4547188620365311
3.396999999999737	-0.6844926554308365	0.4554743685744062
3.397999999999737	-0.6840342703492924	0.4612943972329008
3.398999999999737	-0.683569595891288	0.4680531017904559
3.399999999999737	-0.6830982653965977	0.4746064497594872
3.400999999999736	-0.6826206270913185	0.480668703162891
3.401999999999736	-0.6821371933007457	0.4861974020839989
3.402999999999736	-0.6816484847954816	0.4912181158529704
3.403999999999736	-0.6811575590628645	0.4906318494220108
3.404999999999736	-0.6806679356068781	0.4886135659759657
3.405999999999736	-0.6801804513186865	0.4863535197813899
3.406999999999736	-0.6796951842002256	0.4841792327104409
3.407999999999736	-0.679212008423594	0.4821708419414769
3.408999999999736	-0.6787307533809713	0.4803377699969081
3.409999999999735	-0.6782512485380002	0.4786704474274405
3.410999999999735	-0.6777733350369346	0.4771550904949866
3.411999999999735	-0.6772968680169016	0.4757774892330026
3.412999999999735	-0.6768191469025207	0.4796632747852465
3.413999999999735	-0.676336980476784	0.4846680977443447
3.414999999999735	-0.6758498304129261	0.4896305351602274
3.415999999999735	-0.6753578896518686	0.4942494768508021
3.416999999999735	-0.6748615300012737	0.498468300067243
3.417999999999735	-0.6743611453639631	0.5022994373088335
3.418999999999734	-0.6738571086821643	0.505772377202284
3.419999999999734	-0.6733497625442852	0.5089183386683931
3.420999999999734	-0.6728394187537597	0.5117676726415474
3.421999999999734	-0.6723263600552141	0.5143481457144197
3.422999999999734	-0.6718108426455474	0.5166850866683795
3.423999999999734	-0.6712930984969483	0.5188016160696409
3.424999999999734	-0.6707733378902044	0.5207179960883016
3.425999999999734	-0.6702543209823807	0.5173142198614925
3.426999999999734	-0.6697367240711182	0.5178780066869417
3.427999999999733	-0.6692180626626123	0.5194432104095653
3.428999999999733	-0.6686977577318406	0.5211650454891169
3.429999999999733	-0.6681757687062295	0.5228113942278353
3.430999999999733	-0.6676521988750234	0.524326651131824
3.431999999999733	-0.6671271824654762	0.5257045457717701
3.432999999999733	-0.6666008530518517	0.5269526545561706
3.433999999999733	-0.6660733350671965	0.5280816834831515
3.434999999999733	-0.6655447422593882	0.5291022968600207
3.435999999999733	-0.6650151781898055	0.5300242033467999
3.436999999999732	-0.664484736975489	0.5308565829302587
3.437999999999732	-0.6639535040158394	0.5316076908776162
3.438999999999732	-0.6634215568545917	0.5322849832288188
3.439999999999732	-0.6628889659400719	0.5328951947401532
3.440999999999732	-0.6623557952584012	0.5334445150455148
3.441999999999732	-0.6618195256145947	0.5390931087069096
3.442999999999732	-0.6612771277872121	0.5457008624767842
3.443999999999732	-0.6607282173332926	0.5521183408424313
3.444999999999732	-0.6601731289899491	0.5580566214009475
3.445999999999732	-0.6596123634123258	0.5634727910103526
3.446999999999731	-0.6590490008587648	0.5632505644415391
3.447999999999731	-0.6584865932572133	0.5615628891982242
3.448999999999731	-0.6579260100281715	0.5596018243392229
3.449999999999731	-0.6573673593955248	0.5576977016704656
3.450999999999731	-0.6568105431642638	0.5559330265323729
3.451999999999731	-0.6562554158395127	0.5543198931696556
3.452999999999731	-0.6557018295546451	0.552850950831004
3.453999999999731	-0.6551496460592182	0.5515143179288405
3.454999999999731	-0.6545961697174232	0.5554366388020023
3.45599999999973	-0.6540382137075973	0.5604736392713129
3.45699999999973	-0.6534752435453975	0.5654649271435953
3.45799999999973	-0.6529074557515472	0.5701088867607522
3.45899999999973	-0.652335225370416	0.5743500870468778
3.45999999999973	-0.6517589488881187	0.5782010756569664
3.46099999999973	-0.6511790018608555	0.5816911647015346
3.46199999999973	-0.6505957293893957	0.5848519528389678
3.46299999999973	-0.6500094454802512	0.5877140298296812
3.46399999999973	-0.6494204348506751	0.5903053843407048
3.464999999999729	-0.6488289553968645	0.5926516697351427
3.465999999999729	-0.6482352408384803	0.5947755856473286
3.466999999999729	-0.6476420725130063	0.5915592047911137
3.467999999999729	-0.6470527149336158	0.5871541046058896
3.468999999999729	-0.646465202410658	0.5878690968958964
3.469999999999729	-0.6458763286534056	0.5898765681006981
3.470999999999729	-0.6452853462817389	0.5920863182763577
3.471999999999729	-0.6446922026137084	0.5941991532064795
3.472999999999729	-0.6440970304922659	0.5961432178877392
3.473999999999728	-0.6435000026753968	0.5979105373829146
3.474999999999728	-0.6429012909605558	0.5995110076882419
3.475999999999728	-0.6423010554051785	0.6009582128105618
3.476999999999728	-0.6416994423777564	0.6022659465875881
3.477999999999728	-0.6410965849308969	0.6034470469099531
3.478999999999728	-0.6404926038895481	0.6045131311672384
3.479999999999728	-0.6398876088907194	0.6054749578126037
3.480999999999728	-0.6392816994096671	0.6063420918677622
3.481999999999728	-0.6386723978556015	0.6122590922636618
3.482999999999727	-0.638056714052526	0.6191065688500553
3.483999999999727	-0.6374342900639479	0.6257394410727066
3.484999999999727	-0.6368080526507274	0.6267334051669375
3.485999999999727	-0.6361815950587661	0.6261797969401075
3.486999999999727	-0.6355558767401597	0.6252548598805303
3.487999999999727	-0.6349311025663794	0.6242915093636392
3.488999999999727	-0.6343072660682108	0.6233795107177751
3.489999999999727	-0.6336843060570055	0.622538537307826
3.490999999999727	-0.6330621513936381	0.6217688166926
3.491999999999726	-0.6324407332908547	0.6210654175758716
3.492999999999726	-0.6318199883768085	0.6204224404573351
3.493999999999726	-0.6311998591704747	0.6198340032111183
3.494999999999726	-0.6305777244086942	0.6244335440859211
3.495999999999726	-0.6299504650192255	0.6300832413998395
3.496999999999726	-0.629317608200884	0.6356283831183952
3.497999999999726	-0.6286794060240565	0.6407739404374867
3.498999999999726	-0.6280362836777315	0.6454687055091493
3.499999999999726	-0.6273886833992275	0.6497297895787398
3.500999999999725	-0.6267370222579741	0.653590417100641
3.501999999999725	-0.6260816827350534	0.6570865402083064
3.502999999999725	-0.6254255823151186	0.6551122077121366
3.503999999999725	-0.6247721094490013	0.6518314399655037
3.504999999999725	-0.6241219811340387	0.6484231150968376
3.505999999999725	-0.6234751661544882	0.6452047787514331
3.506999999999725	-0.6228314398582615	0.6422457573572241
3.507999999999725	-0.6221879725444479	0.6446868138022377
3.508999999999725	-0.6215414396492908	0.6483769092908044
3.509999999999724	-0.6208911780012626	0.6521443066562553
3.510999999999724	-0.6202372663201045	0.6556769628988061
3.511999999999724	-0.6195799724179519	0.6589087368353228
3.512999999999724	-0.6189195957931647	0.6618423973038838
3.513999999999724	-0.6182564244551244	0.6644981533873986
3.514999999999724	-0.6175907241966783	0.6669002290021633
3.515999999999724	-0.6169227369969513	0.6690720276013509
3.516999999999724	-0.6162526823449546	0.6710351258893684
3.517999999999724	-0.6155807593381762	0.6728087301431487
3.518999999999723	-0.6149071485786538	0.6744106249287648
3.519999999999723	-0.6142320138087862	0.6758567449043575
3.520999999999723	-0.613555503450781	0.6771617957462379
3.521999999999723	-0.6128777520483403	0.6783388287453903
3.522999999999723	-0.6121988816757533	0.6793997313967618
3.523999999999723	-0.6115190030719959	0.6803552867970389
3.524999999999723	-0.6108382167004474	0.6812152630097823
3.525999999999723	-0.6101566137454593	0.681988449997775
3.526999999999723	-0.6094742770210499	0.6826827984383073
3.527999999999722	-0.6087912817079228	0.6833056242594603
3.528999999999722	-0.6081076960982454	0.6838633885836802
3.529999999999722	-0.6074235823016995	0.6843619952403767
3.530999999999722	-0.6067389968015375	0.6848067932402419
3.531999999999722	-0.6060539909527589	0.6852026900634344
3.532999999999722	-0.6053660421261301	0.6906927383694149
3.533999999999722	-0.6046721205253247	0.6971482180273658
3.534999999999722	-0.6039718338637746	0.7034228381727116
3.535999999999722	-0.6032680768615103	0.7040888871182537
3.536999999999721	-0.602564413786851	0.703234982161568
3.537999999999721	-0.6018617777666164	0.7020347804952254
3.538999999999721	-0.6011603499121636	0.7008186534179398
3.539999999999721	-0.6004601023689363	0.699674160780464
3.540999999999721	-0.5997609545835954	0.698619140126663
3.541999999999721	-0.5990628179189456	0.6976519215977165
3.542999999999721	-0.5983656077382109	0.6967661742266407
3.543999999999721	-0.5976692463518363	0.6959543345607477
3.544999999999721	-0.5969710939205253	0.7003482571986881
3.54599999999972	-0.5962680143205263	0.7058086548209309
3.54699999999972	-0.5955595191726571	0.7111793342112226
3.54799999999972	-0.594845846675878	0.7161633346644065
3.54899999999972	-0.5941274094261124	0.7207088235298551
3.54999999999972	-0.593404638246688	0.7248311787111615
3.55099999999972	-0.592677939908083	0.7285631279276232
3.55199999999972	-0.5919502574747207	0.7267993638528553
3.55299999999972	-0.5912250033498233	0.7237065177667638
3.55399999999972	-0.5905029161369777	0.7204655489443339
3.554999999999719	-0.5897839844417175	0.7173954917701896
3.555999999999719	-0.5890654317174585	0.7197076070506764
3.556999999999719	-0.5883439413067868	0.7232708538537991
3.557999999999719	-0.5876188453528056	0.7269186807287692
3.558999999999719	-0.5868902151617987	0.7303393151819364
3.559999999999719	-0.5861583110742059	0.7334664620148443
3.560999999999719	-0.5854234253096733	0.7363026581196825
3.561999999999719	-0.5846858389511391	0.7388676399852593
3.562999999999719	-0.5839458114885744	0.7411848569879711
3.563999999999719	-0.5832035793563449	0.7432769708876997
3.564999999999718	-0.5824593571345034	0.7451650284808682
3.565999999999718	-0.5817133393529417	0.7468680832277979
3.566999999999718	-0.5809682719041518	0.7432643648593711
3.567999999999718	-0.5802248174332135	0.7436421316327957
3.568999999999718	-0.5794804788541552	0.7450325769971756
3.569999999999718	-0.5787346666863651	0.7465893030502155
3.570999999999718	-0.5779873312073612	0.7480791932087846
3.571999999999718	-0.5772385676040037	0.7494455458493717
3.572999999999718	-0.5764885027355745	0.7506817178568833
3.573999999999717	-0.5757372633553909	0.7517945642763731
3.574999999999717	-0.5749849678132679	0.7527940370402604
3.575999999999717	-0.5742317244317394	0.7536902387460495
3.576999999999717	-0.5734776317833904	0.7544925666624424
3.577999999999717	-0.572722779350966	0.7552098031710933
3.578999999999717	-0.5719672484481952	0.7558495038964663
3.579999999999717	-0.5712085436631439	0.761557556013388
3.580999999999717	-0.5704436597311873	0.7682077760238257
3.581999999999717	-0.5696747977452687	0.7695136495167973
3.582999999999716	-0.5689053776556996	0.769323980221181
3.583999999999716	-0.5681363405083656	0.7687477650617084
3.584999999999716	-0.5673679146393765	0.7681014243073716
3.585999999999716	-0.5666001264682706	0.7674723701635856
3.586999999999716	-0.5658329479674706	0.7668820844753861
3.587999999999716	-0.5650663389734649	0.7663333572256594
3.588999999999716	-0.5643002591284701	0.7658237869745784
3.589999999999716	-0.5635346708583517	0.7653502078729323
3.590999999999716	-0.5627669705622461	0.7700478306901719
3.591999999999715	-0.5619940550451119	0.7757806313329464
3.592999999999715	-0.561215465736785	0.7813953929269554
3.593999999999715	-0.5604314677393147	0.7865979903288004
3.594999999999715	-0.5596424979689185	0.7913389209190791
3.595999999999715	-0.5588515841178081	0.7904861439730024
3.596999999999715	-0.5580622315917559	0.788216274707886
3.597999999999715	-0.5572752631143789	0.785718053284299
3.598999999999715	-0.5564907437590716	0.7833180374608358
3.599999999999715	-0.5557085358697328	0.7810951277928838
3.600999999999714	-0.5549284580580675	0.7790578879662718
3.601999999999714	-0.5541477603882431	0.7823348407761721
3.602999999999714	-0.5533632024938097	0.7867783230035279
3.603999999999714	-0.5525742005659289	0.7912228915179564
3.604999999999714	-0.5517809062555614	0.795363072311812
3.605999999999714	-0.5509836535173446	0.7991397326517871
3.606999999999714	-0.5501828018295536	0.8025609580825698
3.607999999999714	-0.5493786933945765	0.8056532147786233
3.608999999999714	-0.5485716428519314	0.8084451622149168
3.609999999999713	-0.5477645064303611	0.8058249710045083
3.610999999999713	-0.5469606169149004	0.8019513595704661
3.611999999999713	-0.5461606410373686	0.7979977069802875
3.612999999999713	-0.545361932766415	0.7994161493698058
3.613999999999713	-0.5445611535496493	0.8021395903343228
3.614999999999713	-0.5437575751626711	0.8050144790647832
3.615999999999713	-0.5429512024442009	0.8077282425925049
3.616999999999713	-0.5421422320402687	0.8102098399137618
3.617999999999713	-0.5413308977277033	0.8124560505608631
3.618999999999712	-0.5405174274249844	0.8144818116816296
3.619999999999712	-0.5397020322413939	0.816305804468749
3.620999999999712	-0.5388849049409012	0.8179460382937365
3.621999999999712	-0.538066220717633	0.8194196434126659
3.622999999999712	-0.5372461384444549	0.8207421320373571
3.623999999999712	-0.536424802195888	0.8219275885961943
3.624999999999712	-0.535602342668453	0.8229886846172532
3.625999999999712	-0.5347788784523827	0.823936961108345
3.626999999999712	-0.5339545171033772	0.8247829460904196
3.627999999999711	-0.5331293562591033	0.825535947575732
3.628999999999711	-0.5323034845478393	0.8262046762999856
3.629999999999711	-0.5314769824139364	0.8267967893536988
3.630999999999711	-0.530649923020198	0.8273191927185447
3.631999999999711	-0.5298223728688539	0.8277783015371978
3.632999999999711	-0.5289943923720238	0.8281798808675698
3.633999999999711	-0.5281660364684988	0.8285291122906433
3.634999999999711	-0.5273347857934348	0.833969412744436
3.635999999999711	-0.5264976134836354	0.8403723602538687
3.63699999999971	-0.525656701110414	0.841449525476573
3.63799999999971	-0.5248154509315428	0.8410479690072572
3.63899999999971	-0.5239747879955813	0.8402750402627499
3.63999999999971	-0.5231349261937652	0.8394457020552486
3.64099999999971	-0.5222958788594273	0.8386461066971329
3.64199999999971	-0.5214576061021921	0.8378965491104332
3.64299999999971	-0.5206200570041307	0.8371987894417179
3.64399999999971	-0.5197831814089843	0.8365495442076779
3.64499999999971	-0.5189443635012581	0.8410834065979532
3.645999999999709	-0.5181004886990644	0.846663314487535
3.646999999999709	-0.5172510882247241	0.8521347306105357
3.647999999999709	-0.51639641813818	0.8572025194649348
3.648999999999709	-0.5155369070306691	0.8618167545568107
3.649999999999709	-0.5146755696258023	0.8608551064902625
3.650999999999709	-0.5138158983590598	0.8584844825796505
3.651999999999709	-0.5129587090346079	0.8558912289869787
3.652999999999709	-0.5121040616618622	0.8534005864656589
3.653999999999709	-0.5112518144833689	0.8510908473088338
3.654999999999708	-0.510401782376475	0.848970449471912
3.655999999999708	-0.5095512121864554	0.8521670103241141
3.656999999999708	-0.5086968609787045	0.8565324705556149
3.657999999999708	-0.5078381426421991	0.8609012514230547
3.658999999999708	-0.5069752067561678	0.8649675536924303
3.659999999999708	-0.5061083853385672	0.868672299770648
3.660999999999708	-0.5052380358258347	0.8720237303783597
3.661999999999708	-0.5043644985801645	0.8750477532251675
3.662999999999708	-0.5034906600248643	0.8726263471496604
3.663999999999707	-0.5026198823513982	0.8689259986594656
3.664999999999707	-0.5017528555360393	0.8651246424348019
3.665999999999707	-0.5008869527383881	0.8666779657003358
3.666999999999707	-0.500018852490082	0.8695195347420259
3.667999999999707	-0.4991478427305145	0.8724969767528552
3.668999999999707	-0.4982739432099368	0.8752990453482774
3.669999999999707	-0.4973973641438832	0.8778560570053399
3.670999999999707	-0.4965183515904507	0.880166010246817
3.671999999999707	-0.4956371445957304	0.8822449305391448
3.672999999999706	-0.4947539644176638	0.8841123686551381
3.673999999999706	-0.4938690128700936	0.8857876619539949
3.674999999999706	-0.4929824732723	0.8872884621382003
3.675999999999706	-0.492097081379382	0.8834922547189483
3.676999999999706	-0.4912134906718734	0.8836860961100134
3.677999999999706	-0.4903291958464626	0.8849004866311037
3.678999999999706	-0.4894435998845007	0.8862883632459833
3.679999999999706	-0.4885566461744101	0.8876159767217567
3.680999999999706	-0.4876684237680392	0.8888257499452203
3.681999999999706	-0.486779053988211	0.8899107181927493
3.682999999999705	-0.4858886585025859	0.8908771565154597
3.683999999999705	-0.4849973510830693	0.8917345813457807
3.684999999999705	-0.4841052359698534	0.8924925396446293
3.685999999999705	-0.4832124080846568	0.8931601213674072
3.686999999999705	-0.4823163842846551	0.8988843566596845
3.687999999999705	-0.4814167401909529	0.9004006946805967
3.688999999999705	-0.4805161889269879	0.9006986925465873
3.689999999999705	-0.4796155162652545	0.9006434883189507
3.690999999999705	-0.478714950248612	0.9004854012647271
3.691999999999704	-0.4778145576350945	0.9002966812049108
3.692999999999704	-0.4769143586292129	0.9000981852031336
3.693999999999704	-0.476014360062693	0.899895801718853
3.694999999999704	-0.4751145649888128	0.8996911991757065
3.695999999999704	-0.4742149754297446	0.8994847713569752
3.696999999999704	-0.4733130237000265	0.9044155307511775
3.697999999999704	-0.4724056390812246	0.9103505290342346
3.698999999999704	-0.4714923925129144	0.9161394077503321
3.699999999999704	-0.4705735759567038	0.9214904838148718
3.700999999999703	-0.4696522253794819	0.9212074393781736
3.701999999999703	-0.4687318948447401	0.9194504009231115
3.702999999999703	-0.4678134634520987	0.9174091603403149
3.703999999999703	-0.4668970501712738	0.9154141828831236
3.704999999999703	-0.4659825667989769	0.9135493485798541
3.705999999999703	-0.4650698766740656	0.911827692938707
3.706999999999703	-0.4641562705739037	0.9153812943895105
3.707999999999703	-0.4632385450184643	0.9200665875263958
3.708999999999703	-0.4623161491404099	0.9247219216953929
3.709999999999702	-0.4613892643878252	0.9290443192822245
3.710999999999702	-0.4604582520022826	0.9329771715604726
3.711999999999702	-0.4595234960996333	0.9365313387814542
3.712999999999702	-0.4585879309300544	0.9345957010408499
3.713999999999702	-0.457654964374296	0.9313341187865501
3.714999999999702	-0.4567253322665651	0.9279268152456712
3.715999999999702	-0.4557990207986623	0.9246928493603925
3.716999999999702	-0.4548732496476719	0.9268461818444514
3.717999999999702	-0.4539446984481811	0.930252935051247
3.718999999999701	-0.4530126974696152	0.9337457263052727
3.719999999999701	-0.4520773168198374	0.9370122640200903
3.720999999999701	-0.4511388157912238	0.939986471426324
3.721999999999701	-0.4501974858459104	0.9426700858893331
3.722999999999701	-0.4492536074643319	0.9450833334094648
3.723999999999701	-0.4483074393766305	0.9472494884959345
3.724999999999701	-0.4473617868841455	0.9440521432788177
3.725999999999701	-0.4464199367874096	0.9396447089679045
3.726999999999701	-0.4454799450175188	0.9403354946791436
3.7279999999997	-0.4445386251659943	0.9423008660207122
3.7289999999997	-0.4435952465680563	0.9444529786921958
3.7299999999997	-0.4426497712471516	0.9464943029984124
3.7309999999997	-0.4417023454421186	0.9483539385061451
3.7319999999997	-0.4407531540184444	0.9500255324892221
3.7329999999997	-0.4398023796129854	0.9515198949295008
3.7339999999997	-0.4388501921171783	0.9528517066390252
3.7349999999997	-0.4378967468390654	0.9540354535445345
3.7359999999997	-0.4369447544217061	0.9499459887940099
3.736999999999699	-0.4359948457547728	0.9498679586139689
3.737999999999699	-0.4350444951337696	0.9508298938581536
3.738999999999699	-0.4340930870504829	0.9519828779096198
3.739999999999699	-0.4331405481868401	0.9530914490352856
3.740999999999699	-0.4321869523522436	0.9540968145430395
3.741999999999699	-0.431232407142802	0.9549901938344895
3.742999999999699	-0.4302770218600612	0.9557769566397907
3.743999999999699	-0.4293208989940972	0.9564653561449487
3.744999999999699	-0.428364132560305	0.9570640884962426
3.745999999999698	-0.427406808161113	0.9575812834511289
3.746999999999698	-0.426446434233632	0.9631631326580323
3.747999999999698	-0.4254825787814464	0.9645443188849242
3.748999999999698	-0.4245179480500037	0.9647136868846704
3.749999999999698	-0.4235533215723575	0.964535809799514
3.750999999999698	-0.4225889217480933	0.9642603794293069
3.751999999999698	-0.4216248101868526	0.9639592832865573
3.752999999999698	-0.4206610023997281	0.9636528307914937
3.753999999999698	-0.4196975009742535	0.9633465595950156
3.754999999999697	-0.4187343051165907	0.9630416947781297
3.755999999999697	-0.4177688438988424	0.9678772701367823
3.756999999999697	-0.4167980434529541	0.973720130365055
3.757999999999697	-0.4158214718101787	0.9794196416416969
3.758999999999697	-0.4148394182629925	0.9846839179355008
3.759999999999697	-0.4138549114287415	0.984326205406015
3.760999999999697	-0.4128714968482382	0.9824994128424528
3.761999999999697	-0.4118900501198473	0.9803905067487229
3.762999999999697	-0.4109106883536315	0.9783294944941099
3.763999999999696	-0.4099333222781765	0.9763991309205697
3.764999999999696	-0.4089578149454173	0.9746120143136933
3.765999999999696	-0.4079814566863842	0.9781009789070348
3.766999999999696	-0.4070010435838252	0.9827216852297207
3.767999999999696	-0.4060160249636439	0.9873119960102991
3.768999999999696	-0.4050265824321048	0.9915694904429163
3.769999999999696	-0.4040330771180921	0.9954375447446676
3.770999999999696	-0.4030384627759699	0.9937875411221095
3.771999999999696	-0.4020461766794463	0.9907810604498763
3.772999999999695	-0.4010569845566428	0.9875996033715128
3.773999999999695	-0.4000709008871534	0.984564163581685
3.774999999999695	-0.3990877426218527	0.981748804107766
3.775999999999695	-0.3981047177959722	0.9842972837476818
3.776999999999695	-0.3971185362819738	0.9880621674185167
3.777999999999695	-0.3961285658554674	0.9918750935332333
3.778999999999695	-0.3951349133815358	0.9954262474127068
3.779999999999695	-0.3941378723297783	0.9986522353819494
3.780999999999695	-0.3931377652675662	1.001558255679288
3.781999999999694	-0.3921374706647609	0.9990273143790627
3.782999999999694	-0.3911403458931922	0.9952186032297266
3.783999999999694	-0.390147080962744	0.9913076446899785
3.784999999999694	-0.3891550491947223	0.9927522813891128
3.785999999999694	-0.3881609292251476	0.9954840387233578
3.786999999999694	-0.3871640102618246	0.9983502572185574
3.787999999999694	-0.3861643135647365	1.001039494655075
3.788999999999694	-0.3851620508708101	1.003482240059503
3.789999999999694	-0.3841574696219743	1.005676594533369
3.790999999999694	-0.3831508101153352	1.00763874659563
3.791999999999693	-0.3821422945730261	1.009388657608313
3.792999999999693	-0.3811346951632261	1.005806483430624
3.793999999999693	-0.3801312687382988	1.001042701621347
3.794999999999693	-0.379130043062173	1.001404992400531
3.795999999999693	-0.3781278059496467	1.003065569265068
3.796999999999693	-0.3771238043141986	1.004934030331807
3.797999999999693	-0.3761179800956847	1.00671072726791
3.798999999999693	-0.3751104614255755	1.008322925858433
3.799999999999693	-0.3741014169260239	1.00976237910236
3.800999999999692	-0.3730910146635785	1.011038445208657
3.801999999999692	-0.3720794113235878	1.012164528327516
3.802999999999692	-0.3710667501126819	1.013154181697359
3.803999999999692	-0.3700531611243826	1.014020078248715
3.804999999999692	-0.369038762453338	1.014773542755638
3.805999999999692	-0.3680236613233996	1.015424991997732
3.806999999999692	-0.3670079550322574	1.015983861482974
3.807999999999692	-0.3659917319006882	1.016458669496923
3.808999999999692	-0.3649750720922125	1.016857212237471
3.809999999999691	-0.3639580483925769	1.017186449027764
3.810999999999691	-0.3629407269465513	1.017452702474038
3.811999999999691	-0.361923167860419	1.017661726921421
3.812999999999691	-0.3609054257745218	1.017818699888172
3.813999999999691	-0.3598849810172783	1.023067058224237
3.814999999999691	-0.3588613761488808	1.024138909114453
3.815999999999691	-0.3578372943868721	1.024020842241626
3.816999999999691	-0.3568134943437116	1.023575471011485
3.817999999999691	-0.3557901794191922	1.023050605308218
3.81899999999969	-0.3547673940511407	1.022516358593984
3.81999999999969	-0.3537451381747728	1.021991622465718
3.82099999999969	-0.3527234002358385	1.021480484214619
3.82199999999969	-0.351702166632695	1.020982951327935
3.82299999999969	-0.3506788548073209	1.025636919584763
3.82399999999969	-0.3496503803801302	1.031308134466062
3.82499999999969	-0.3486163020281046	1.036844747110201
3.82599999999969	-0.3475794724882686	1.036810498474402
3.82699999999969	-0.346543418315154	1.035294015096036
3.827999999999689	-0.3455090362623884	1.033466262530909
3.828999999999689	-0.3444764738962494	1.031654647155501
3.829999999999689	-0.3434456728290636	1.029943669731939
3.830999999999689	-0.3424165248177572	1.028348540114549
3.831999999999689	-0.3413863466068974	1.032004063621106
3.832999999999689	-0.3403519581869254	1.036768941328858
3.833999999999689	-0.3393128303417819	1.041482894978196
3.834999999999689	-0.3382691641689405	1.045845578469337
3.835999999999689	-0.3372213384580733	1.049801954166774
3.836999999999688	-0.3361723225172052	1.048226032621841
3.837999999999688	-0.3351255674638908	1.045280186030512
3.838999999999688	-0.3340818518984182	1.04214706681653
3.839999999999688	-0.3330412019146546	1.039149032604183
3.840999999999688	-0.3320034449630868	1.036361011791465
3.841999999999688	-0.3309657989567332	1.038927141207497
3.842999999999688	-0.3299249827557287	1.042701387918579
3.843999999999688	-0.3288803720413071	1.046516152534237
3.844999999999688	-0.327832080782496	1.050062461603499
3.845999999999687	-0.3267804086853972	1.053277815121912
3.846999999999687	-0.3257282538005004	1.051028034003478
3.847999999999687	-0.3246790029138278	1.047469828106885
3.848999999999687	-0.3236333759938134	1.043780112821673
3.849999999999687	-0.3225913462528417	1.040275482074381
3.850999999999687	-0.3215501234878392	1.042166162540926
3.851999999999687	-0.3205063785349897	1.0453198470039
3.852999999999687	-0.3194594323701628	1.048568573189765
3.853999999999687	-0.3184093460563617	1.051600131866188
3.854999999999686	-0.3173563704951277	1.054347055899308
3.855999999999686	-0.3163007894809419	1.056811026667851
3.856999999999686	-0.3152428763671061	1.059011245113794
3.857999999999686	-0.3141854530729955	1.055831387684902
3.858999999999686	-0.3131318222740995	1.051426267519013
3.859999999999686	-0.3120800545068932	1.052105329934964
3.860999999999686	-0.3110269767575338	1.054046225583147
3.861999999999686	-0.3099718705024745	1.056162332399982
3.862999999999686	-0.3089147087745557	1.058157162263469
3.863999999999685	-0.3078556476417545	1.059961133707324
3.864999999999685	-0.306794880749108	1.061568674220342
3.865999999999685	-0.3057325985997846	1.062991640039926
3.866999999999685	-0.3046689782185443	1.064245131696035
3.867999999999685	-0.3036067508322398	1.060205654062725
3.868999999999685	-0.3025465665200865	1.060158989738381
3.869999999999685	-0.3014859170912027	1.061135884459378
3.870999999999685	-0.3004242025708904	1.062289167279061
3.871999999999685	-0.2993613634471268	1.063385085822427
3.872999999999684	-0.2982974859834631	1.064365841864414
3.873999999999684	-0.2972326889781619	1.065224164330421
3.874999999999684	-0.2961670917952597	1.065966192749188
3.875999999999684	-0.2951008060826964	1.066601219757546
3.876999999999684	-0.2940339340769331	1.067138775640921
3.877999999999684	-0.2929639994043186	1.072726540627642
3.878999999999684	-0.2918905837106144	1.074100803405189
3.879999999999684	-0.2908164055274252	1.074251515420029
3.880999999999684	-0.2897422555722509	1.074044346180128
3.881999999999683	-0.2886683663552745	1.073730038710628
3.882999999999683	-0.28759480864236	1.073381338015434
3.883999999999683	-0.2865216062033346	1.073019490987135
3.884999999999683	-0.2854487690513724	1.072650763987217
3.885999999999683	-0.2843763030808952	1.072277128143735
3.886999999999683	-0.2833042128549001	1.071899275172898
3.887999999999683	-0.2822299329186957	1.076656539025136
3.888999999999683	-0.2811529640465244	1.077277135680033
3.889999999999683	-0.2800759516847879	1.076743516724981
3.890999999999682	-0.2789996204489099	1.075914885277731
3.891999999999682	-0.2779241429413847	1.075036061993566
3.892999999999682	-0.2768495356921205	1.074174370800607
3.893999999999682	-0.2757757733351888	1.073346279284946
3.894999999999682	-0.2747028213787824	1.072553571583473
3.895999999999682	-0.2736306454551171	1.071794215513612
3.896999999999682	-0.2725566443160273	1.076203994295127
3.897999999999682	-0.2714777168530773	1.081646843343175
3.898999999999682	-0.2703959758903106	1.081830982034797
3.899999999999681	-0.2693147608015023	1.080595096190922
3.900999999999681	-0.2682349409233224	1.079040564846701
3.901999999999681	-0.2671566799103639	1.077477370447131
3.902999999999681	-0.2660799456317453	1.075987100754201
3.903999999999681	-0.2650046569995274	1.074586081934659
3.904999999999681	-0.2639307257753499	1.073272288637088
3.905999999999681	-0.2628554985045276	1.07717816911751
3.906999999999681	-0.2617758258826468	1.082162972680752
3.907999999999681	-0.2606912077860616	1.087069098542163
3.908999999999681	-0.2596018719211601	1.091598490183757
3.90999999999968	-0.2585107922352589	1.09055673271108
3.91099999999968	-0.2574214645887605	1.08809441684629
3.91199999999968	-0.2563347181119509	1.085394401967099
3.91299999999968	-0.2552506276584736	1.082782379113527
3.91399999999968	-0.2541690655976367	1.080337625145712
3.91499999999968	-0.2530872904875447	1.083208475655161
3.91599999999968	-0.2520020579204246	1.087252524877965
3.91699999999968	-0.2509127769701206	1.091305225440831
3.91799999999968	-0.24981959178087	1.0950609867303
3.918999999999679	-0.2487228293378616	1.098459718154866
3.919999999999679	-0.2476254123067584	1.096370159258734
3.920999999999679	-0.2465307496299966	1.092951018818146
3.921999999999679	-0.2454395812350873	1.089381607737484
3.922999999999679	-0.2443518981268545	1.08598045763043
3.923999999999679	-0.2432649241062678	1.087963434026573
3.924999999999679	-0.242175342221112	1.091196175689573
3.925999999999679	-0.2410824864995338	1.094511093244976
3.926999999999679	-0.2399864306087747	1.097596500701627
3.927999999999678	-0.2388874371443305	1.100386228264171
3.928999999999678	-0.2377858004557	1.102882937844562
3.929999999999678	-0.2366843730985471	1.099967564984748
3.930999999999678	-0.2355864888388294	1.095796755408327
3.931999999999678	-0.2344928162129808	1.091544312254126
3.932999999999678	-0.2334007089022767	1.092666130016887
3.933999999999678	-0.2323068277749277	1.095091937668062
3.934999999999678	-0.2312104459680608	1.097667478393681
3.935999999999678	-0.2301115701106771	1.100080028065396
3.936999999999677	-0.2290103986648244	1.102258645453574
3.937999999999677	-0.2279071669327485	1.104200591533695
3.938999999999677	-0.2268021041191722	1.105920800353908
3.939999999999677	-0.2256979919827172	1.102299239855866
3.940999999999677	-0.2245980966663654	1.097487175246004
3.941999999999677	-0.2235004554048437	1.097791137782134
3.942999999999677	-0.2224018649620545	1.099385533088703
3.943999999999677	-0.2213015795848531	1.101180999054263
3.944999999999677	-0.220199547712513	1.102878515616159
3.945999999999676	-0.219095903324459	1.104406023246896
3.946999999999676	-0.2179908200417971	1.105756298264042
3.947999999999676	-0.2168844700763993	1.10693938281373
3.948999999999676	-0.2157770136799893	1.107969155000499
3.949999999999676	-0.2146711748529908	1.103704249175052
3.950999999999676	-0.2135675996931629	1.103441828337102
3.951999999999676	-0.2124637685574028	1.104216199039666
3.952999999999676	-0.2113590686104222	1.105179446425517
3.953999999999676	-0.2102534284030225	1.106096715253522
3.954999999999675	-0.2091469232263659	1.106909380607189
3.955999999999675	-0.2080396618769343	1.10760905689287
3.956999999999675	-0.206931754638491	1.108201155148058
3.957999999999675	-0.2058233048396288	1.10869417464917
3.958999999999675	-0.2047144071069247	1.109097020118714
3.959999999999675	-0.2036051475396629	1.109417841387227
3.960999999999675	-0.2024956043495194	1.109664263810539
3.961999999999675	-0.2013858484698987	1.109843218547804
3.962999999999675	-0.2002759442706427	1.109960901540109
3.963999999999674	-0.199165950218463	1.110022923084903
3.964999999999674	-0.198055919389501	1.110034454003787
3.965999999999674	-0.1969458999700159	1.110000103221411
3.966999999999674	-0.1958359357555731	1.109924043183686
3.967999999999674	-0.1947260665580879	1.109810068729827
3.968999999999674	-0.193613759186151	1.114800381737371
3.969999999999674	-0.1924985436577867	1.11562636941942
3.970999999999674	-0.1913830917169344	1.115273204864121
3.971999999999674	-0.1902681517576328	1.114602407364679
3.972999999999673	-0.1891539179138048	1.113860975720458
3.973999999999673	-0.1880404260687912	1.113118411684801
3.974999999999673	-0.1869276683343954	1.112392756410878
3.975999999999673	-0.1858156260834583	1.111687446628138
3.976999999999673	-0.1847042792260879	1.111001971067882
3.977999999999673	-0.1835910392402811	1.115473695286467
3.978999999999673	-0.1824728165584278	1.120967342995206
3.979999999999673	-0.1813517344815196	1.12119247343991
3.980999999999673	-0.1802311417196757	1.119988713868358
3.981999999999672	-0.1791119160272388	1.118458339032301
3.982999999999672	-0.1779942287203115	1.116911947927341
3.983999999999672	-0.1768780545618781	1.11543204703406
3.984999999999672	-0.175763318588044	1.114035583436609
3.985999999999672	-0.1746499380346082	1.112721210633732
3.986999999999672	-0.1735352643827721	1.11662177437955
3.987999999999672	-0.1724161528024582	1.121597049545992
3.988999999999672	-0.1712921071491856	1.126489900325891
3.989999999999672	-0.170165927940675	1.125864150903136
3.990999999999671	-0.1690410935171127	1.123800334799096
3.991999999999671	-0.1679184589406158	1.121464464466959
3.992999999999671	-0.1667981345155249	1.119180040120189
3.993999999999671	-0.1656800281286943	1.117028395732673
3.994999999999671	-0.1645640009943163	1.11502154247259
3.995999999999671	-0.1634473422085553	1.118291695244571
3.996999999999671	-0.1623268467690722	1.122694834224103
3.997999999999671	-0.161201962739026	1.127068858532311
3.998999999999671	-0.1600728705331896	1.131111168663102
3.99999999999967	-0.1589424997171336	1.129626073205663
4.000999999999671	-0.1578143057108911	1.126757556696367
4.001999999999671	-0.1566890825204247	1.12368445241011
4.002999999999671	-0.1555668736483851	1.120728930780009
4.003999999999672	-0.1544475231454154	1.117967724613332
4.004999999999672	-0.1533282638446785	1.120546525910761
4.005999999999672	-0.1522058281308687	1.124320537655473
4.006999999999673	-0.1510796040584601	1.12812322762385
4.007999999999673	-0.1499497166748135	1.131647145131359
4.008999999999673	-0.1488164756187462	1.134830558668165
4.009999999999674	-0.1476827889973965	1.132538273213243
4.010999999999674	-0.1465520528476261	1.128929626248037
4.011999999999674	-0.1454249943704817	1.12518294154131
4.012999999999675	-0.1443015928942732	1.121615637888568
4.013999999999675	-0.1431790634946961	1.123438790960279
4.014999999999675	-0.1420540816332183	1.126520551431976
4.015999999999676	-0.1409259724189519	1.129693483652316
4.016999999999676	-0.1397948005833032	1.132645781563157
4.017999999999676	-0.1386608202772681	1.13531041278142
4.018999999999677	-0.137524318227113	1.1376892592777
4.019999999999677	-0.1363881401545003	1.134662458262672
4.020999999999677	-0.1352556136395959	1.130386157404079
4.021999999999678	-0.1341274016395882	1.126033444609192
4.022999999999678	-0.1330008527263011	1.127059989777558
4.023999999999679	-0.131872622993602	1.129395076216696
4.024999999999679	-0.1307419812742948	1.131883952927931
4.025999999999679	-0.1296089302566474	1.134213662842973
4.02699999999968	-0.1284736647346051	1.136312952425524
4.02799999999968	-0.1273364167020777	1.138178675427948
4.02899999999968	-0.1261999818061979	1.134686681657322
4.029999999999681	-0.1250676421444834	1.129988222442023
4.030999999999681	-0.1239400197217597	1.125252221461284
4.031999999999681	-0.1228144263484742	1.125930130868817
4.032999999999682	-0.121687484913703	1.127948338558461
4.033999999999682	-0.1205584339420485	1.130149195790387
4.034999999999682	-0.1194272485547419	1.132217160923263
4.035999999999683	-0.1182940985062042	1.134078509977978
4.036999999999683	-0.1171591931277618	1.135727813278745
4.037999999999683	-0.1160227380643755	1.137177873218406
4.038999999999684	-0.1148874936403437	1.133306538712606
4.039999999999684	-0.1137567065895077	1.12826314366679
4.040999999999684	-0.11262839661634	1.128352392487645
4.041999999999685	-0.1114993445402836	1.12974734598035
4.042999999999685	-0.1103687900924886	1.131357129532714
4.043999999999685	-0.1092366685560416	1.132881516602481
4.044999999999686	-0.1081031018304409	1.134247501638465
4.045999999999686	-0.1069682525436095	1.135446633502085
4.046999999999686	-0.1058322829827937	1.136488044684111
4.047999999999687	-0.1046953444561947	1.137384560741107
4.048999999999687	-0.1035601447034791	1.133010503189429
4.049999999999687	-0.1024273130190264	1.132648432958196
4.050999999999688	-0.1012943224295613	1.133328312075987
4.051999999999688	-0.1001605552957936	1.134201518013192
4.052999999999688	-0.09902593593833109	1.13503275562405
4.053999999999689	-0.09789053576388609	1.135763148420519
4.054999999999689	-0.09675445994395654	1.136384043452096
4.055999999999689	-0.09561781543037405	1.136900533008982
4.05699999999969	-0.0944807024707298	1.137320933255814
4.05799999999969	-0.09334321286639495	1.137653820435129
4.05899999999969	-0.09220543010976394	1.137907236225391
4.059999999999691	-0.09106742995790773	1.138088609564973
4.060999999999691	-0.08992928107351131	1.138204700259797
4.061999999999691	-0.08879104569985087	1.138261587296463
4.062999999999692	-0.0876527803004194	1.138264751232274
4.063999999999692	-0.08651453606911724	1.138219250674593
4.064999999999692	-0.08537635943596281	1.138129554761409
4.065999999999693	-0.08423829254193727	1.137999772412392
4.066999999999693	-0.08310037361562726	1.137833619481729
4.067999999999693	-0.0819626373468838	1.137634457572613
4.068999999999694	-0.08082511523235043	1.13740531148437
4.069999999999694	-0.07968783587719544	1.13714893935684
4.070999999999694	-0.07855082525935549	1.136867837503166
4.071999999999695	-0.07741410698355536	1.136564256024694
4.072999999999695	-0.07627770250790052	1.136240238050337
4.073999999999695	-0.07514163133372188	1.135897653992604
4.074999999999696	-0.07400591119907339	1.135538159986062
4.075999999999696	-0.07287055825268424	1.135163278539363
4.076999999999696	-0.07173301780428384	1.139913155056226
4.077999999999697	-0.07059280015863918	1.140517662157631
4.078999999999697	-0.0694525591360077	1.139959908577399
4.079999999999697	-0.06831302696679477	1.139099957747593
4.080999999999698	-0.0671743830589538	1.13818338897117
4.081999999999698	-0.06603664996725288	1.137278328700361
4.082999999999698	-0.06489980768513329	1.136401772969408
4.083999999999699	-0.06376382643888345	1.135556260011408
4.084999999999699	-0.0626286759569107	1.134740247353467
4.085999999999699	-0.06149175848095947	1.13909024071316
4.0869999999997	-0.06034997599321874	1.144470251516681
4.0879999999997	-0.05920544434430516	1.144588551953771
4.0889999999997	-0.05806150553174405	1.143284580834989
4.089999999999701	-0.05691903089995179	1.141660195867882
4.090999999999701	-0.055778185777811	1.1400255676402
4.091999999999701	-0.05463893947894652	1.138462555309949
4.092999999999702	-0.05350121200640856	1.136987920674595
4.093999999999702	-0.05236491590204884	1.135599824304211
4.094999999999702	-0.05122739833967471	1.139430831638873
4.095999999999703	-0.0500855104880726	1.144340385329064
4.096999999999703	-0.04893875249244326	1.149171100301141
4.097999999999703	-0.04778992143796211	1.148486494633857
4.098999999999704	-0.04664249251841574	1.146366835693313
4.099999999999704	-0.04549731788853458	1.143977923920788
4.100999999999704	-0.04435450516391687	1.141643034213984
4.101999999999705	-0.04321395969326086	1.139443424680259
4.102999999999705	-0.04207554027421365	1.137390939131446
4.103999999999705	-0.04093653376943709	1.140617593616942
4.104999999999706	-0.03979373308145392	1.144979290421945
4.105999999999706	-0.03864658422743819	1.149313908385481
4.106999999999706	-0.03749783522993495	1.148179570906676
4.107999999999707	-0.03635091709455558	1.145652191140664
4.108999999999707	-0.03520664197543696	1.142893548587862
4.109999999999707	-0.03406508122456776	1.140223465132207
4.110999999999708	-0.03292610742622657	1.137719653528385
4.111999999999708	-0.03178954979706747	1.135391136100016
4.112999999999708	-0.03065266692689522	1.138370134114354
4.113999999999709	-0.02951222567520731	1.142507884983501
4.114999999999709	-0.02836764967988081	1.146639604981699
4.115999999999709	-0.02721909738337024	1.150460471569174
4.11699999999971	-0.02606948368977832	1.148762394829197
4.11799999999971	-0.02492225294470099	1.14569458377571
4.11899999999971	-0.02377818494608017	1.142436914225342
4.119999999999711	-0.02263730867557692	1.139311139970675
4.120999999999711	-0.02149945424813376	1.136393239873961
4.121999999999711	-0.02036441075519325	1.133689281911321
4.122999999999712	-0.01922939698591722	1.136333792558734
4.123999999999712	-0.01809114271920373	1.14017026394327
4.124999999999712	-0.01694904069064025	1.144029301032247
4.125999999999713	-0.01580322228546766	1.147603002456718
4.126999999999713	-0.01465657329969442	1.145690458884937
4.127999999999713	-0.01351250977907185	1.142432082249422
4.128999999999714	-0.01237178982336846	1.139003342129043
4.129999999999714	-0.0112344241121586	1.135723606393239
4.130999999999714	-0.01010022692718158	1.132666302070005
4.131999999999715	-0.008966404020312204	1.134975051599153
4.132999999999715	-0.007829662901710629	1.138502714009639
4.133999999999715	-0.006689369125223622	1.142080353354959
4.134999999999716	-0.005545627407426109	1.145398583033011
4.135999999999716	-0.004398729025067078	1.148393670031779
4.136999999999716	-0.003251565500860856	1.145928865661614
4.137999999999717	-0.002107517687594077	1.142162260392725
4.138999999999717	-0.0009672988581045064	1.13827091315893
4.139999999999717	0.0001691245313146256	1.134571395177537
4.140999999999718	0.001304549008661986	1.136273092945797
4.141999999999718	0.00244230950323046	1.139243420436903
4.142999999999718	0.003583090520349418	1.142314126177038
4.143999999999719	0.004726836098179397	1.145172530215326
4.144999999999719	0.005873300164837929	1.147751093164568
4.145999999999719	0.007019633699858404	1.144911467483054
4.14699999999972	0.008162494656670339	1.140805950443873
4.14799999999972	0.00930120361347541	1.136607483843842
4.14899999999972	0.01043582451706183	1.132629860134866
4.149999999999721	0.01156918147282174	1.134079593215496
4.150999999999721	0.01270463427544174	1.136821545669458
4.151999999999721	0.01384288986378576	1.139685153703332
4.152999999999722	0.01498391250539629	1.142355641389119
4.153999999999722	0.01612747443636704	1.144763722512649
4.154999999999722	0.01727331304488439	1.146908987610552
4.155999999999723	0.0184186045638199	1.143669545589972
4.156999999999723	0.0195600414780349	1.139199793425061
4.157999999999723	0.02069697913817756	1.134671055241057
4.158999999999724	0.02183208559335961	1.135537390811003
4.159999999999724	0.02296871987235475	1.137726696969295
4.160999999999724	0.02410762691552878	1.140082910347396
4.161999999999725	0.02524881660544784	1.142291981605684
4.162999999999725	0.02639210561709287	1.144281545673135
4.163999999999725	0.02753727248993974	1.146047696760679
4.164999999999726	0.02868410077039971	1.147604354508362
4.165999999999726	0.02982982039542027	1.14383039038957
4.166999999999726	0.03097117590313457	1.138876137209355
4.167999999999727	0.03210757038237216	1.133908353100625
4.168999999999727	0.03324171321335302	1.134372849711711
4.169999999999727	0.03437700041002461	1.136197080151161
4.170999999999728	0.03551421240600133	1.13822244092918
4.171999999999728	0.03665339186317679	1.140131994994798
4.172999999999728	0.03779438546908085	1.141850731441979
4.173999999999729	0.03893699913231115	1.143372103472591
4.174999999999729	0.04007846349766643	1.139552140409394
4.175999999999729	0.04121551739078571	1.134551176541291
4.17699999999973	0.04234756520307989	1.129539998644193
4.17799999999973	0.04347732119084714	1.129967536707992
4.17899999999973	0.04460818671337453	1.131759064022329
4.179999999999731	0.0457409459805358	1.133755018758193
4.180999999999731	0.04687564460309818	1.135637767434631
4.181999999999731	0.04801213162562076	1.137331811888762
4.182999999999732	0.04915021487734115	1.138830219802403
4.183999999999732	0.05028970444417157	1.140144436833917
4.184999999999732	0.05142785442738219	1.136151058082327
4.185999999999733	0.05256143130228037	1.130998238435976
4.186999999999733	0.05369242744421478	1.130989602557894
4.187999999999733	0.05482407307583442	1.132297215525347
4.188999999999734	0.05595713855903437	1.133829300417861
4.189999999999734	0.05709169787552006	1.135284876512347
4.190999999999734	0.05822763763275273	1.136590176779556
4.191999999999735	0.05936480300228635	1.137736096596783
4.192999999999735	0.0605030388663679	1.138731161973761
4.193999999999735	0.06164220051140998	1.139587655191084
4.194999999999736	0.06277958627505988	1.135179406476127
4.195999999999736	0.06391200368353976	1.129650964675117
4.196999999999736	0.06504148255579019	1.129302345874679
4.197999999999737	0.06617128708208177	1.130302271805341
4.198999999999737	0.06730221840616124	1.131555937359899
4.199999999999737	0.06843437839494175	1.132759596723709
4.200999999999738	0.06956767891335633	1.133836992497039
4.201999999999738	0.07070198803481177	1.134776799198885
4.202999999999738	0.07183717131902492	1.135585314940068
4.203999999999739	0.07297310276083513	1.136273111821549
4.204999999999739	0.0741070976725158	1.131712262648163
4.205999999999739	0.07523854915474892	1.131186263278106
4.20699999999974	0.07637000495217575	1.131720893397187
4.20799999999974	0.07750210032165721	1.132465405263194
4.20899999999974	0.07863492666276681	1.133182834177188
4.209999999999741	0.07976842678515859	1.133812965582017
4.210999999999741	0.08090250848611046	1.134345989419729
4.211999999999741	0.08203707665952879	1.134785909016577
4.212999999999742	0.08317204187366446	1.135140069712859
4.213999999999742	0.08430475281934582	1.130277381365354
4.214999999999742	0.08543206265677246	1.124337874797986
4.215999999999743	0.08655604252592997	1.12361745830419
4.216999999999743	0.08767999403206747	1.124281149298756
4.217999999999743	0.08880475220416943	1.125230787507481
4.218999999999744	0.08993044961453171	1.126159622580891
4.219999999999744	0.09105702599844041	1.126988731604584
4.220999999999744	0.09218437460538109	1.127704066073943
4.221999999999745	0.09331238378749615	1.128309879826288
4.222999999999745	0.0944409482111187	1.128814547380812
4.223999999999745	0.09556740187842371	1.124088375929162
4.224999999999746	0.09669115484340873	1.123413153791651
4.225999999999746	0.09781477021783164	1.123813195823193
4.226999999999746	0.09893889716339135	1.124436294547686
4.227999999999747	0.1000636395894519	1.125044154906717
4.228999999999747	0.1011889515568695	1.125575375530074
4.229999999999747	0.1023147509995617	1.12601910405154
4.230999999999748	0.1034409519788325	1.126378447625082
4.231999999999748	0.1045674733785025	1.126659944111764
4.232999999999748	0.1056942408686372	1.12687062811286
4.233999999999749	0.1068186175051216	1.121878246689629
4.234999999999749	0.1079400390932163	1.120960543420799
4.235999999999749	0.1090610920432991	1.121140972640292
4.23699999999975	0.1101824474999642	1.121565555940615
4.23799999999975	0.111304229524372	1.121994107002061
4.23899999999975	0.1124264105176804	1.122363492731924
4.239999999999751	0.1135489250638336	1.122661211943957
4.240999999999751	0.1146717022946627	1.122888861618699
4.241999999999751	0.1157946747558989	1.123051672562749
4.242999999999752	0.1169177804720553	1.12315537151163
4.243999999999752	0.1180383936531459	1.118066612746967
4.244999999999752	0.1191559601999702	1.11706211546055
4.245999999999753	0.1202730756637287	1.117164448961395
4.246999999999753	0.1213904194891937	1.117518838570673
4.247999999999753	0.1225081232883579	1.117884395549193
4.248999999999754	0.1236261662895189	1.118197241840484
4.249999999999754	0.1247444892361056	1.118444285914345
4.250999999999754	0.1258630268710658	1.118626618361682
4.251999999999755	0.1269817168200209	1.118748913927625
4.252999999999755	0.1281005017098316	1.118816500326021
4.253999999999755	0.129219329379845	1.118834474795086
4.254999999999756	0.1303381525985076	1.118807598276236
4.255999999999756	0.1314569286752708	1.118740191820277
4.256999999999756	0.1325756190481869	1.118636191561555
4.257999999999757	0.1336941888830201	1.118499116775332
4.258999999999757	0.1348126067133059	1.118332183715175
4.259999999999757	0.1359308441234027	1.118138277761954
4.260999999999758	0.1370488754580171	1.117920034219984
4.261999999999758	0.1381666775652613	1.117679824586669
4.262999999999758	0.1392842295567111	1.117419804282507
4.263999999999759	0.1404015125949014	1.11714191979734
4.264999999999759	0.1415185096883966	1.116847916693074
4.265999999999759	0.1426352055185691	1.116539395017298
4.26699999999976	0.1437515862978406	1.116217816815019
4.26799999999976	0.1448676396151348	1.115884473039711
4.26899999999976	0.1459833542983296	1.115540550641434
4.269999999999761	0.1470987203021684	1.115187116397101
4.270999999999761	0.1482137285854065	1.11482511154905
4.271999999999761	0.1493283710254045	1.114455432062193
4.272999999999762	0.1504426403437172	1.114078870356719
4.273999999999762	0.1515565300224176	1.113696155046061
4.274999999999762	0.1526700342435693	1.113307957494946
4.275999999999763	0.1537831478101898	1.112914848244027
4.276999999999763	0.1548958660725447	1.11251735124681
4.277999999999763	0.1560081848865484	1.11211595384535
4.278999999999764	0.157120100567795	1.111711088055195
4.279999999999764	0.15823160986099	1.111303180081664
4.280999999999764	0.1593427099001015	1.110892582243816
4.281999999999765	0.1604533981418235	1.110479587672164
4.282999999999765	0.1615636723584547	1.110064534445255
4.283999999999765	0.1626735306224332	1.109647684761326
4.284999999999766	0.1637829712573094	1.109229278646342
4.285999999999766	0.1648919928123659	1.108809527537686
4.286999999999766	0.16600059405368	1.108388653586636
4.287999999999767	0.1671087739333882	1.107966806759063
4.288999999999767	0.1682165315638266	1.107544157488164
4.289999999999767	0.1693238662405596	1.107120901796531
4.290999999999768	0.1704307773981015	1.106697121560938
4.291999999999768	0.1715372645843901	1.106272961750627
4.292999999999768	0.1726433274863425	1.10584855535484
4.293999999999769	0.1737489659194137	1.105424026459779
4.294999999999769	0.1748541797761006	1.104999405062143
4.295999999999769	0.1759589690282814	1.104574819928062
4.29699999999977	0.177063333754972	1.104150356566332
4.29799999999977	0.1781672741139862	1.103726087063112
4.29899999999977	0.1792707903097503	1.103302032557728
4.299999999999771	0.180373882618183	1.102878314895047
4.300999999999771	0.1814765513813675	1.102454944558641
4.301999999999771	0.1825787969947313	1.102032017753807
4.302999999999772	0.1836806199157481	1.101609562367357
4.303999999999772	0.184782020634387	1.101187615503001
4.304999999999772	0.1858829996736248	1.100766206072052
4.305999999999773	0.186983557577563	1.100345347412895
4.306999999999773	0.1880836949457717	1.09992513712406
4.307999999999773	0.1891834124316888	1.099505585342055
4.308999999999774	0.190282710692222	1.099086688870355
4.309999999999774	0.1913815904209375	1.098668524222071
4.310999999999774	0.1924800523221683	1.098251036418019
4.311999999999775	0.1935780971293476	1.097834338637042
4.312999999999775	0.194675725633958	1.0974184337995
4.313999999999775	0.1957729386174196	1.097003298859659
4.314999999999776	0.1968697368783348	1.096588991227865
4.315999999999776	0.1979661212698956	1.096175562672586
4.316999999999776	0.1990620926444337	1.095762959705303
4.317999999999777	0.2001576518496275	1.095351226507424
4.318999999999777	0.2012527997481663	1.094940348919561
4.319999999999777	0.2023475372209503	1.09453037752224
4.320999999999778	0.2034418651778762	1.094121319728879
4.321999999999778	0.2045357845341466	1.093713178736832
4.322999999999778	0.2056292962195795	1.09330598057983
4.323999999999779	0.2067224011838559	1.092899738950215
4.324999999999779	0.2078151003878765	1.092494462595072
4.325999999999779	0.2089073947888037	1.092090135289998
4.32699999999978	0.2099992853547509	1.091686795162506
4.32799999999978	0.2110907730758975	1.09128444821578
4.32899999999978	0.2121818589548475	1.090883113296709
4.329999999999781	0.2132725440064492	1.090482796046412
4.330999999999781	0.2143628292364664	1.090083472655084
4.331999999999781	0.2154527156592946	1.089685184195677
4.332999999999782	0.2165422043168224	1.08928794458151
4.333999999999782	0.2176287267439257	1.083752735743462
4.334999999999782	0.2187117808469473	1.082351310739536
4.335999999999783	0.2197940093687884	1.08210157755311
4.336999999999783	0.2208761345232053	1.082144577292492
4.337999999999783	0.2219583267030387	1.082235629138216
4.338999999999784	0.2230406002811508	1.082307374551735
4.339999999999784	0.2241229278357086	1.082343582841743
4.340999999999784	0.2252052729588328	1.08234251264153
4.341999999999785	0.2262875994329878	1.082306286003851
4.342999999999785	0.2273698736213223	1.082237942234627
4.343999999999785	0.2284494954363688	1.077001550629628
4.344999999999786	0.2295259342186688	1.075871889973035
4.345999999999786	0.2306018069127383	1.075869377373798
4.346999999999786	0.2316778123034822	1.07613728385442
4.347999999999787	0.2327540995374144	1.076433063717445
4.348999999999787	0.2338306638483644	1.076691437880719
4.349999999999787	0.2349074605545891	1.076897854434087
4.350999999999788	0.2359844376332229	1.077052183070766
4.351999999999788	0.2370615447509329	1.077157933156097
4.352999999999788	0.238138735477602	1.077219401741072
4.353999999999789	0.2392159676407951	1.077240807122468
4.354999999999789	0.2402906337128476	1.072087230345965
4.355999999999789	0.241362197211974	1.071035674202791
4.35699999999979	0.2424332699614841	1.071105734067249
4.35799999999979	0.2435045452873138	1.071440827151751
4.35899999999979	0.2445761671551126	1.071798817771492
4.359999999999791	0.2456481259943775	1.072114769891967
4.360999999999791	0.2467203727494383	1.07237464936421
4.361999999999791	0.2477928514715156	1.072578704144888
4.362999999999792	0.2488655082891984	1.072730841005915
4.363999999999792	0.2499382935956255	1.072835682258717
4.364999999999792	0.2510085929414906	1.06775893047456
4.365999999999793	0.2520758635538237	1.066778227851948
4.366999999999793	0.2531427115451176	1.066913691123377
4.367999999999793	0.2542098250486041	1.067309252347603
4.368999999999794	0.2552773433189243	1.067723224376427
4.369999999999794	0.2563452525437891	1.068091161081341
4.370999999999794	0.2574134998560722	1.068399399064258
4.371999999999795	0.2584820258395047	1.068648503463199
4.372999999999795	0.2595507734808421	1.06884271517928
4.373999999999795	0.2606196903544521	1.068986968518458
4.374999999999796	0.2616861594564493	1.063947182412983
4.375999999999796	0.2627470653185016	1.057860510920104
4.376999999999796	0.2638045076604693	1.057020156547175
4.377999999999797	0.2648618140945104	1.057588696730162
4.378999999999797	0.2659198433487713	1.058465795394336
4.379999999999797	0.2669787494088814	1.059342306258811
4.380999999999798	0.2680384913950521	1.060137645508141
4.381999999999798	0.2690989802476917	1.060836037534525
4.382999999999798	0.2701601202929899	1.061440029532501
4.383999999999799	0.2712218207462678	1.061956852552394
4.384999999999799	0.2722839983814447	1.062394392710418
4.385999999999799	0.2733440082410594	1.057621310832699
4.3869999999998	0.2743987098655394	1.051777943734685
4.3879999999998	0.2754501810750404	1.051160494289257
4.3889999999998	0.2765017296351385	1.051932645819092
4.389999999999801	0.2775541957584178	1.052995618367664
4.390999999999801	0.2786077166767308	1.054042233091288
4.391999999999801	0.2796622363246576	1.054993075019756
4.392999999999802	0.2807176519138312	1.055834113405687
4.393999999999802	0.2817738555485341	1.056569164314771
4.394999999999802	0.2828307453569053	1.057206459370403
4.395999999999803	0.2838856586233759	1.05261608920391
4.396999999999803	0.2849354382607643	1.046939221812883
4.397999999999803	0.2859795768325605	1.041333980527882
4.398999999999804	0.287020864900624	1.041238226311856
4.399999999999804	0.288062772127463	1.042572296951095
4.400999999999804	0.2891061457679926	1.044171049377217
4.401999999999805	0.2901510890787147	1.045711632640315
4.402999999999805	0.2911975036543104	1.047113574809082
4.403999999999805	0.2922452450769009	1.048365322868345
4.404999999999806	0.2932941667080191	1.049473988664111
4.405999999999806	0.2943441312097003	1.050451061319632
4.406999999999806	0.2953924355794413	1.046153732289599
4.407999999999807	0.2964358835038165	1.040738190117839
4.408999999999807	0.2974739396180551	1.035370133546519
4.409999999999807	0.2985093724865094	1.035491709654741
4.410999999999808	0.2995456325821981	1.037024586146381
4.411999999999808	0.3005835495185235	1.038805385948985
4.412999999999808	0.301623210383547	1.040512438246907
4.413999999999809	0.3026645019974455	1.042066878838662
4.414999999999809	0.3037072665325388	1.043458276378591
4.415999999999809	0.3047513452320064	1.044695203935142
4.41699999999981	0.3057965900803462	1.045790571035182
4.41799999999981	0.3068402965048934	1.041618363412929
4.41899999999981	0.3078792694169727	1.036323565139001
4.419999999999811	0.30891296701571	1.031067757785678
4.420999999999811	0.3099441487807401	1.031291908427706
4.421999999999811	0.3109762562815372	1.032919227128746
4.422999999999812	0.3120101112963308	1.034786931160275
4.423999999999812	0.3130457939517612	1.036574502852777
4.424999999999812	0.3140831849414937	1.038203594672511
4.425999999999813	0.3151221208079548	1.039664251839628
4.426999999999813	0.3161624376685179	1.040965579029525
4.427999999999813	0.3172014134091704	1.036982018354411
4.428999999999814	0.3182358362279982	1.031859753715948
4.429999999999814	0.3192651488981154	1.026761741336818
4.430999999999814	0.3202895271860474	1.021991009077526
4.431999999999815	0.3213093271086014	1.017605028969369
4.432999999999815	0.3223274977454796	1.018732445097283
4.433999999999815	0.3233474719629491	1.021212184716288
4.434999999999816	0.3243700115481504	1.02386317229589
4.435999999999816	0.3253951272341699	1.026364378061317
4.436999999999816	0.3264226324730959	1.02864227052696
4.437999999999817	0.3274523017669246	1.030692481137642
4.438999999999817	0.3284813451623055	1.027390477303214
4.439999999999817	0.3295064860686538	1.022887518942344
4.440999999999818	0.3305271078228655	1.01835219118279
4.441999999999818	0.3315433322050598	1.01409279259401
4.442999999999818	0.3325554662181886	1.010171469583439
4.443999999999819	0.3335638447687271	1.00658188268816
4.444999999999819	0.3345713573519344	1.00843953944812
4.445999999999819	0.3355813712613394	1.011584527104081
4.44699999999982	0.3365945853893457	1.014839966089362
4.44799999999982	0.3376109527047554	1.017890891541092
4.44899999999982	0.3386302341611941	1.020668238680314
4.449999999999821	0.3396495867535995	1.018033164568474
4.450999999999821	0.3406656740603265	1.014137680792254
4.451999999999821	0.3416778221116848	1.010154669788571
4.452999999999822	0.3426860999251725	1.00639722074106
4.453999999999822	0.3436907663792554	1.002931965698461
4.454999999999822	0.3446921128173945	0.9997572024834128
4.455999999999823	0.3456929894582018	1.001992374106705
4.456999999999823	0.3466967278816051	1.005480758422619
4.457999999999823	0.3477039946820545	1.009049116496304
4.458999999999824	0.3487147136881418	1.012385158295292
4.459999999999824	0.3497286195224041	1.015422762441711
4.460999999999824	0.3507428453726075	1.013025190381064
4.461999999999825	0.351754033030404	1.009346390238227
4.462999999999825	0.352761488910781	1.005561650704003
4.463999999999825	0.3537652644760484	1.001985774979972
4.464999999999826	0.3547656028260743	0.9986872342731823
4.465999999999826	0.3557627809268359	0.9956652894724199
4.466999999999826	0.3567570659073556	0.992901005816189
4.467999999999827	0.3577512739625033	0.9955114403702421
4.468999999999827	0.3587487026218695	0.9993422037518144
4.469999999999827	0.359749987046917	1.003222958909886
4.470999999999828	0.3607550223337578	1.006843914921624
4.471999999999828	0.3617609474769556	1.005002669752266
4.472999999999828	0.3627643692983387	1.001837281907845
4.473999999999829	0.3637645503909464	0.9985212255213985
4.474999999999829	0.3647614988095662	0.9953719472122813
4.475999999999829	0.36575541739185	0.9924615653745075
4.47699999999983	0.3667465465422583	0.9897930950947426
4.47799999999983	0.3677351204199278	0.9873510306625732
4.47899999999983	0.3687213558519458	0.9851162137544874
4.479999999999831	0.3697054505188815	0.9830695097295319
4.480999999999831	0.3706901533900337	0.9863326213339398
4.481999999999831	0.3716787000247741	0.9907570241995309
4.482999999999832	0.372669099676058	0.9900386490279154
4.483999999999832	0.3736581234589572	0.9880052938741715
4.484999999999832	0.3746450022826719	0.9857487399160361
4.485999999999833	0.375629663617898	0.9835703264140161
4.486999999999833	0.3766122224854597	0.9815438136777276
4.487999999999833	0.3775928353527668	0.9796783344174538
4.488999999999834	0.3785716590496414	0.9779654807471457
4.489999999999834	0.3795488400054776	0.9763928597361585
4.490999999999834	0.380524512169079	0.9749479031800602
4.491999999999835	0.3814987972745983	0.9736187500271886
4.492999999999835	0.3824743752465476	0.9775336327116195
4.493999999999835	0.3834544190680644	0.9825504342673288
4.494999999999836	0.3844368814694604	0.9823707850639481
4.495999999999836	0.3854184824714215	0.9808276399613655
4.496999999999836	0.3863984066622055	0.9790171702450446
4.497999999999837	0.3873765394427386	0.9772448274079262
4.498999999999837	0.3883529577272044	0.9755881857742812
4.499999999999837	0.389327783523253	0.9740598577898052
4.500999999999838	0.390301142501249	0.9726545564240543
4.501999999999838	0.3912731528469348	0.9713625994917744
4.502999999999838	0.3922439229685394	0.9701741141875173
4.503999999999839	0.393213551564102	0.9690795529727384
4.504999999999839	0.3941821281882964	0.9680701766892098
4.505999999999839	0.3951497341432249	0.9671382193823446
4.50699999999984	0.3961164432660756	0.9662765172063478
4.50799999999984	0.3970823226343334	0.9654787146249563
4.50899999999984	0.3980474331622139	0.9647388406593206
4.509999999999841	0.3990118301403215	0.9640516190858001
4.510999999999841	0.3999755638422137	0.9634122920531739
4.511999999999841	0.4009386800046964	0.9628165439261055
4.512999999999842	0.4019012202254783	0.9622604121608074
4.513999999999842	0.4028632223354582	0.9617403256954791
4.514999999999842	0.4038247207359625	0.9612529964587814
4.515999999999843	0.404785746796292	0.9607956484828086
4.516999999999843	0.4057437597985777	0.9552268926926502
4.517999999999843	0.4066957134496826	0.9486769694383673
4.518999999999844	0.407643770968061	0.9474346427207621
4.519999999999844	0.4085913178488582	0.9476556975209741
4.520999999999844	0.4095392645863254	0.9482343560212266
4.521999999999845	0.4104878119217365	0.9488568926500011
4.522999999999845	0.4114369612813825	0.9494384037329041
4.523999999999845	0.412386661987903	0.9499595858291787
4.524999999999846	0.4133368533271536	0.9504196688475242
4.525999999999846	0.4142874762000673	0.9508226530281861
4.526999999999846	0.4152384760348765	0.9511735927125318
4.527999999999847	0.4161898032961334	0.951477506180783
4.528999999999847	0.4171388438635308	0.9466002146568958
4.529999999999847	0.4180824850170961	0.940678699362998
4.530999999999848	0.419020259733589	0.9348673630154953
4.531999999999848	0.4199549967753036	0.9346033621252574
4.532999999999848	0.4208902007454847	0.9358012196732951
4.533999999999849	0.4218267492199655	0.937292367304992
4.534999999999849	0.4227647725011013	0.9387508291052191
4.535999999999849	0.4237041964574649	0.9400937141576813
4.53699999999985	0.4246448986767987	0.9413073518912946
4.53799999999985	0.4255867525682362	0.9423970556731307
4.53899999999985	0.4265296391579317	0.9433727461492257
4.539999999999851	0.4274734496585342	0.9442448756266046
4.540999999999851	0.428415516012212	0.9398844599938014
4.541999999999851	0.4293526765766079	0.9344333160598675
4.542999999999852	0.4302844199610207	0.9290501208338436
4.543999999999852	0.4312109635843804	0.9240338139606269
4.544999999999852	0.4321327009136332	0.9194375512006843
4.545999999999853	0.4330526147448146	0.9203868257287271
4.546999999999853	0.4339741687656175	0.9227179259865201
4.547999999999853	0.4348981528728919	0.9252469914067566
4.548999999999854	0.4358246033192143	0.9276505967024812
4.549999999999854	0.4367533569361744	0.9298533258976341
4.550999999999854	0.4376842096946405	0.9318488736705727
4.551999999999855	0.4386169606637261	0.9336497418208231
4.552999999999855	0.4395488457876752	0.9301171879334358
4.553999999999855	0.4404766119442409	0.9254118231644506
4.554999999999856	0.4413996719125587	0.9207048296202894
4.555999999999856	0.4423181773711775	0.9163028213906759
4.556999999999856	0.4432324632141028	0.9122656146491802
4.557999999999857	0.4441428900516995	0.908584825851827
4.558999999999857	0.4450523708995376	0.9103736398915964
4.559999999999858	0.4459642942359068	0.9134697956463392
4.560999999999858	0.4468793782781874	0.9166950419127542
4.561999999999858	0.4477975935765232	0.9197322980768251
4.562999999999859	0.4487187169678266	0.9225112189767272
4.563999999999859	0.4496424896322362	0.9250308363511675
4.564999999999859	0.4505660913086005	0.9221692449505475
4.56599999999986	0.451486217931627	0.918080743437662
4.56699999999986	0.4524022282177753	0.9139365872111259
4.56799999999986	0.4533142218369766	0.9100474251915843
4.568999999999861	0.4542224856714157	0.9064770323041473
4.569999999999861	0.4551273365103312	0.9032214476277404
4.570999999999861	0.4560290777694314	0.9002578850717001
4.571999999999862	0.4569279890245677	0.8975614510994212
4.572999999999862	0.4578243250068432	0.895107349840025
4.573999999999862	0.4587208862713378	0.8980120161399257
4.574999999999863	0.4596209550108281	0.9021222888656032
4.575999999999863	0.4605251521940869	0.9062688905421111
4.576999999999863	0.4614307901157996	0.9050037621277152
4.577999999999864	0.4623344925067008	0.9023978371704349
4.578999999999864	0.4632354971481396	0.8996082741299508
4.579999999999864	0.4641337781085211	0.8969504860637285
4.580999999999865	0.4650295041677757	0.8944984822805601
4.581999999999865	0.4659228839006369	0.892257842938431
4.582999999999865	0.4668141225121163	0.8902162484490622
4.583999999999866	0.4677034107876444	0.8883571792904836
4.584999999999866	0.468590922913812	0.8866639573643822
4.585999999999866	0.4694768169579389	0.8851210222852033
4.586999999999867	0.4703612362856926	0.8837145311859661
4.587999999999867	0.4712468803552187	0.8875705029318345
4.588999999999867	0.4721343703921281	0.8874064608859282
4.589999999999868	0.4730211721150666	0.8861938788096962
4.590999999999868	0.4739066616758398	0.8847821425577757
4.591999999999868	0.4747907578601228	0.8834071321118416
4.592999999999869	0.4756735272774919	0.8821286147755085
4.593999999999869	0.4765550710045428	0.8809557571635643
4.594999999999869	0.4774354923813761	0.8798839196642573
4.59599999999987	0.4783148884861539	0.8789052180344037
4.59699999999987	0.4791933483737373	0.8780114899435434
4.59799999999987	0.480070953135997	0.8771949717705787
4.598999999999871	0.4809477764719706	0.87644864149577
4.599999999999871	0.4818238853805331	0.8757661208380529
4.600999999999871	0.4826993407459674	0.8751415589156839
4.601999999999872	0.4835716285216029	0.8694309536720186
4.602999999999872	0.4844402960932649	0.8679011649629821
4.603999999999872	0.4853080309508785	0.867565530203126
4.604999999999873	0.4861755958111389	0.8675611722296035
4.605999999999873	0.4870431978567019	0.8676399020623078
4.606999999999873	0.48791088492874	0.8677312262703247
4.607999999999874	0.4887786600664862	0.8678160345611121
4.608999999999874	0.4896465145382437	0.8678898954084325
4.609999999999874	0.4905144373175823	0.8679526508796115
4.610999999999875	0.4913824176919408	0.868005086644604
4.611999999999875	0.4922504459023255	0.8680483241645474
4.612999999999875	0.4931185132929783	0.8680834484459168
4.613999999999876	0.4939866122529771	0.8681114641502449
4.614999999999876	0.4948521666160037	0.8629942647165232
4.615999999999876	0.495712098048288	0.8568656235223175
4.616999999999877	0.4965659707484202	0.8508768227514335
4.617999999999877	0.4974140705456839	0.8453198391092849
4.618999999999877	0.4982594225603663	0.8453812684341472
4.619999999999878	0.4991055690306986	0.8469087490084384
4.620999999999878	0.499953382695773	0.8487156535108107
4.621999999999878	0.5008029781271084	0.8504722767374573
4.622999999999879	0.5016542638132391	0.8520961586346553
4.623999999999879	0.5025071006794417	0.8535746329044831
4.624999999999879	0.5033613466602046	0.8549143842776499
4.62599999999988	0.5042168687442518	0.8561268364624013
4.62699999999988	0.5050735455113471	0.8572237477899554
4.62799999999988	0.5059286975101621	0.8530773065454482
4.628999999999881	0.5067791528269188	0.8478304012210309
4.629999999999881	0.5076243907860856	0.8426426106829393
4.630999999999881	0.5084646204253607	0.8378137800131473
4.631999999999882	0.509300227895353	0.8333982893447377
4.632999999999882	0.5101316197931791	0.8293826514917911
4.633999999999882	0.5109591807807065	0.8257364832203892
4.634999999999883	0.5117858337908007	0.8275667010571186
4.635999999999883	0.5126149731135832	0.830709101389982
4.636999999999883	0.5134473210996932	0.8339840180436574
4.637999999999884	0.5142828515276002	0.8370739754228345
4.638999999999884	0.5151213444292393	0.8399089567171586
4.639999999999884	0.5159625440196236	0.8424873450141259
4.640999999999885	0.5168036321911875	0.8396861208310041
4.641999999999885	0.517641306723537	0.8356600796295049
4.642999999999885	0.5184749282113683	0.8315800470092116
4.643999999999886	0.5193045981434293	0.8277569829389305
4.644999999999886	0.5201306055284648	0.8242549668044939
4.645999999999886	0.5209532690990102	0.8210693667018621
4.646999999999887	0.5217728940270736	0.818177693528595
4.647999999999887	0.5225897614625197	0.8155543921838615
4.648999999999887	0.523404127451381	0.8131748101921662
4.649999999999888	0.524216224376142	0.811016273014724
4.650999999999888	0.5250262629306075	0.8090580779063605
4.651999999999888	0.5258370035079049	0.8124203175838165
4.652999999999889	0.5266516916965798	0.8169532885343572
4.653999999999889	0.52747091533001	0.8214911929901465
4.654999999999889	0.5282919552589105	0.8205858746327594
4.65599999999989	0.5291114063136722	0.818313451444729
4.65699999999989	0.5299284816301975	0.8158344075574343
4.65799999999989	0.5307431334801542	0.8134665278572005
4.658999999999891	0.5315555110828849	0.8112859221387647
4.659999999999891	0.5323658053780667	0.8092999211364478
4.660999999999891	0.5331742053852309	0.8074973538321575
4.661999999999892	0.5339808870887583	0.8058633209883033
4.662999999999892	0.5347860114016562	0.8043825791468068
4.663999999999892	0.535589724566605	0.8030410311638853
4.664999999999893	0.5363921592480484	0.8018256177556553
4.665999999999893	0.5371934357896875	0.8007247567639473
4.666999999999893	0.5379936633428201	0.7997276455787792
4.667999999999894	0.538790371628265	0.7936862345624278
4.668999999999894	0.53958057827509	0.7867243915624623
4.669999999999894	0.5403665031445761	0.7851226955907353
4.670999999999895	0.541151582596562	0.7850335606624959
4.671999999999895	0.5419367742086373	0.7853470166404986
4.672999999999895	0.5427223217322037	0.7857453836967264
4.673999999999896	0.5435082657055414	0.786139916102104
4.674999999999896	0.544294590874329	0.7865077745699959
4.675999999999896	0.5450812685782179	0.7868449863787078
4.676999999999897	0.5458682687404011	0.7871526913365572
4.677999999999897	0.5466555631447892	0.7874334710648521
4.678999999999897	0.5474431261913011	0.7876899759489714
4.679999999999898	0.5482309348730938	0.7879247420721394
4.680999999999898	0.5490189685714935	0.7881400096800445
4.681999999999898	0.5498046393628556	0.7831989371974409
4.682999999999899	0.5505848583168885	0.7772363545674704
4.683999999999899	0.5513591799919022	0.771404400172945
4.684999999999899	0.5521278815421752	0.7659961251452576
4.6859999999999	0.552891410830764	0.7610598953391834
4.6869999999999	0.5536502303740061	0.7565766514156572
4.6879999999999	0.5544047754624666	0.7525110012632797
4.688999999999901	0.5551580134317288	0.7539624185677427
4.689999999999901	0.5559133796225205	0.7567674383874088
4.690999999999901	0.5566716353651151	0.7597415137071409
4.691999999999902	0.5574327889931485	0.7625632007860169
4.692999999999902	0.5581966512351129	0.7651587337368543
4.693999999999902	0.558962994043416	0.7675243264063363
4.694999999999903	0.5597315949127762	0.7696748495489685
4.695999999999903	0.5605022479355602	0.7716286276501582
4.696999999999903	0.5612721961391411	0.7682652147319209
4.697999999999904	0.5620381972239272	0.7637344044404973
4.698999999999904	0.5627996667827623	0.7592021791369012
4.699999999999904	0.5635567561870113	0.754974111051595
4.700999999999905	0.5643097992208725	0.7511094530156224
4.701999999999905	0.5650591550504795	0.7475997159863993
4.702999999999905	0.5658051655807868	0.7444188667079207
4.703999999999906	0.566548145324796	0.7415381546240202
4.704999999999906	0.5672883806471286	0.7389300336249324
4.705999999999906	0.5680261313837915	0.7365689926821914
4.706999999999907	0.5687616328380934	0.7344314775100634
4.707999999999907	0.5694976677606677	0.7376359286056171
4.708999999999907	0.570237502305509	0.7420307106110885
4.709999999999908	0.5709817429776366	0.7464481697572488
4.710999999999908	0.5717302585885103	0.7505805751385514
4.711999999999908	0.5724801639221568	0.7492276118999834
4.712999999999909	0.573228043966	0.7465300034239714
4.713999999999909	0.5739731419793355	0.7436635612679923
4.714999999999909	0.5747154488827954	0.7409477940745401
4.71599999999991	0.5754551520185464	0.7384560356217581
4.71699999999991	0.5761924777345876	0.7361929636687642
4.71799999999991	0.57692764761537	0.7341443733772626
4.718999999999911	0.5776608670749089	0.7322921287692231
4.719999999999911	0.5783923234921793	0.7306182958023987
4.720999999999911	0.5791221870920785	0.729106500421753
4.721999999999912	0.5798506124713657	0.7277418604581881
4.722999999999912	0.5805777398766017	0.7265105577321812
4.723999999999912	0.5813036964664549	0.7254002346828955
4.724999999999913	0.5820285975369178	0.7243995235587234
4.725999999999913	0.582752547669782	0.7234983637449725
4.726999999999913	0.5834730724336943	0.7175487980350536
4.727999999999914	0.5841871855944709	0.7106751796381874
4.728999999999914	0.5848971035588791	0.7091584201644374
4.729999999999914	0.5856062595665829	0.7091512698218063
4.730999999999915	0.5863156084259262	0.7095441239051999
4.731999999999915	0.5870253914142586	0.7100195274730388
4.732999999999915	0.5877356467745394	0.710488867353292
4.733999999999916	0.5884463571480099	0.7109295534639919
4.734999999999916	0.5891574919907738	0.7113378056547959
4.735999999999916	0.5898690195766682	0.7117150395463566
4.736999999999917	0.5905809101867283	0.7120638539080778
4.737999999999917	0.5912931368087694	0.7123870635209201
4.738999999999917	0.5920056751604214	0.7126873132245182
4.739999999999918	0.5927185035088191	0.7129670571808604
4.740999999999918	0.5934316024246903	0.7132284484057424
4.741999999999918	0.5941423850816178	0.7083345479623381
4.742999999999919	0.594847763532652	0.7024200553392969
4.743999999999919	0.5955472932731238	0.6966371469811102
4.744999999999919	0.5962412523510743	0.6912787495093996
4.74599999999992	0.5969300891806884	0.6863926680375574
4.74699999999992	0.5976142667975101	0.6819603401256451
4.74799999999992	0.5982942210708213	0.677945995780733
4.748999999999921	0.5989703512504219	0.6743121661532271
4.749999999999921	0.5996430205100408	0.6710241680709139
4.750999999999921	0.6003125582495586	0.6680491371206221
4.751999999999922	0.6009818326676427	0.6704975270538274
4.752999999999922	0.6016541872365349	0.6742094297440252
4.753999999999922	0.60233029813418	0.6780101733900742
4.754999999999923	0.6030100972112302	0.6815857776229406
4.755999999999923	0.6036933263001929	0.6848701871380229
4.756999999999923	0.6043796952742327	0.6878655386559863
4.757999999999924	0.6050663553232467	0.6854523371976013
4.758999999999924	0.6057499763625238	0.6817875300651028
4.759999999999924	0.6064298936258736	0.678044798361867
4.760999999999925	0.6071061856826505	0.6745371296682848
4.761999999999925	0.6077791204542642	0.6713302399037393
4.762999999999925	0.6084489975814394	0.6684218516782569
4.763999999999926	0.6091161049601358	0.6657907528912455
4.764999999999926	0.609780708024658	0.6634132324076193
4.765999999999926	0.610443048827103	0.6612662370240329
4.766999999999927	0.6111033471037769	0.6593281884354596
4.767999999999927	0.6117618019727136	0.6575794284700817
4.768999999999927	0.6124185939408108	0.6560023930887826
4.769999999999928	0.613073886692406	0.654581001265143
4.770999999999928	0.6137278286011867	0.6533007127757473
4.771999999999928	0.6143805541934294	0.6521483730679943
4.772999999999929	0.6150321854793946	0.6511121047029876
4.773999999999929	0.615682833153703	0.6501811538768163
4.774999999999929	0.6163300282853675	0.6442070314599323
4.77599999999993	0.6169707896377342	0.637313616876695
4.77699999999993	0.6176073381470941	0.635781359891897
4.77799999999993	0.618243111152696	0.635762612769955
4.778999999999931	0.6188790671861708	0.6361474159725731
4.779999999999931	0.6195154508946049	0.6366179622420062
4.780999999999931	0.6201523035867629	0.637085382843796
4.781999999999932	0.6207896107027566	0.6375268093867235
4.782999999999932	0.62142734424444	0.6379382337886398
4.783999999999932	0.6220654747859846	0.6383208087714434
4.784999999999933	0.6227039746830122	0.6386769445078648
4.785999999999933	0.623342818810263	0.6390092690537165
4.786999999999933	0.6239819846078501	0.6393202850909473
4.787999999999934	0.6246214518975051	0.6396122531660473
4.788999999999934	0.6252612026533744	0.6398872175561722
4.789999999999934	0.6259012208172824	0.6401470693334501
4.790999999999935	0.6265414921350523	0.6403935254171802
4.791999999999935	0.6271794344679956	0.6354891080441629
4.792999999999935	0.62781196408439	0.6295681104912749
4.793999999999936	0.6284386400057168	0.6237817374614296
4.794999999999936	0.6290597434842525	0.6184232435421977
4.795999999999936	0.6296757263006387	0.6135404303359364
4.796999999999937	0.6302870544639938	0.609113953151283
4.797999999999937	0.6308941664107178	0.6051080113335351
4.798999999999937	0.631497463805972	0.6014848631786758
4.799999999999938	0.6320973117121153	0.5982090449046193
4.800999999999938	0.6326940413051004	0.5952482475915486
4.801999999999938	0.6332879528700707	0.5925729986389193
4.802999999999939	0.6338793183667478	0.5901561198967169
4.803999999999939	0.6344709534892241	0.5931122501977053
4.804999999999939	0.6350661540847972	0.5972870556151696
4.80599999999994	0.6356655537216576	0.601510320307213
4.80699999999994	0.636269045765975	0.6054718584197251
4.80799999999994	0.6368763371476324	0.6091089838224309
4.808999999999941	0.637487106007102	0.6124268039140471
4.809999999999941	0.6381010447173785	0.6154486762934465
4.810999999999941	0.6387153007199305	0.6130613883463317
4.811999999999942	0.6393265440841992	0.6094234101220413
4.812999999999942	0.6399341108655945	0.6057082350778442
4.813999999999942	0.6405380806021984	0.6022293327516596
4.814999999999943	0.6411387225260577	0.5990526209376954
4.815999999999943	0.6417363371455993	0.5961747345046849
4.816999999999943	0.6423312130299301	0.5935751599836877
4.817999999999944	0.6429236165569809	0.5912300285625953
4.818999999999944	0.6435137904726002	0.5891159449649747
4.819999999999944	0.6441019550672462	0.5872113937589005
4.820999999999945	0.6446883099938092	0.5854966153061579
4.821999999999945	0.6452730362407862	0.583954040518509
4.822999999999945	0.6458562979088845	0.5825674629584358
4.823999999999946	0.6464382437298544	0.581322351199083
4.824999999999946	0.6470190085625999	0.5802054910191186
4.825999999999946	0.6475987147041005	0.5792049728305408
4.826999999999947	0.6481774730941947	0.5783099919761728
4.827999999999947	0.6487553843779947	0.5775107636928852
4.828999999999947	0.6493299705162677	0.5716597121344753
4.829999999999948	0.6498982420474311	0.564881570035666
4.830999999999948	0.6504598434827829	0.5583195421610142
4.831999999999948	0.6510151333718917	0.5522584980513584
4.832999999999949	0.6515646331273768	0.546739293759822
4.833999999999949	0.6521088717792856	0.5417363080686489
4.834999999999949	0.6526483447127834	0.5372078725396177
4.83599999999995	0.6531835053762599	0.5331117821928865
4.83699999999995	0.6537173357051137	0.5345472081332135
4.83799999999995	0.6542532822230984	0.5373441545309374
4.838999999999951	0.6547921144643956	0.5403186464414763
4.839999999999951	0.6553338491098205	0.5431489544297406
4.840999999999951	0.6558783047031318	0.5457605344349746
4.841999999999952	0.6564252600820794	0.5481485186233136
4.842999999999952	0.6569744986797819	0.550326965550881
4.843999999999952	0.6575258201654731	0.5523142888402228
4.844999999999953	0.6580790421886603	0.554128035358418
4.845999999999953	0.6586339995434334	0.5557849473495831
4.846999999999953	0.6591905429724021	0.5573001795589989
4.847999999999954	0.6597485376417723	0.5586874243880375
4.848999999999954	0.6603052923446838	0.5548202512447457
4.849999999999954	0.660857624631131	0.5498426059416004
4.850999999999955	0.661405004304498	0.5449150411957567
4.851999999999955	0.6619476315784971	0.540337822676264
4.852999999999955	0.6624858848117235	0.5361669739293381
4.853999999999956	0.6630201638733756	0.5323894925499461
4.854999999999956	0.6635508471818411	0.5289754793910079
4.855999999999956	0.66407828211714	0.5258927569621071
4.856999999999957	0.6646027847064393	0.5231107971462472
4.857999999999957	0.6651246414987307	0.5206011718035241
4.858999999999957	0.6656441122290258	0.5183386811970828
4.859999999999958	0.6661614322047452	0.516299669959936
4.860999999999958	0.6666768146688519	0.5144636646118018
4.861999999999958	0.6671904530950317	0.5128116001418649
4.862999999999959	0.6677025227043517	0.5113260363807737
4.863999999999959	0.6682131821952674	0.5099913683258012
4.864999999999959	0.6687225754849287	0.5087936384161238
4.86599999999996	0.6692308331297364	0.5077200827549631
4.86699999999996	0.6697380735269857	0.5067591470669257
4.86799999999996	0.6702444040641461	0.5059003660105749
4.868999999999961	0.670749922134985	0.5051342175540061
4.869999999999961	0.6712547161892118	0.5044523356417141
4.870999999999961	0.6717562972107197	0.4987081626327882
4.871999999999962	0.6722516657377743	0.4920273664725756
4.872999999999962	0.6727404570908081	0.4855538354284654
4.873999999999962	0.6732230211738485	0.479572846223581
4.874999999999963	0.6736998718579672	0.4741270557212359
4.875999999999963	0.6741715316974043	0.4691911733710311
4.876999999999963	0.6746410599485815	0.469863886295961
4.877999999999964	0.675111977620923	0.4719700119747354
4.878999999999964	0.6755851229042843	0.4743191020424248
4.879999999999964	0.6760605748025476	0.4765832352515549
4.880999999999965	0.6765382083680278	0.4786824303406511
4.881999999999965	0.6770178539331728	0.4806072289737993
4.882999999999965	0.6774993417602193	0.4823669490640745
4.883999999999966	0.6779825137737079	0.4839755972694746
4.884999999999966	0.6784672257455944	0.4854468617197019
4.885999999999966	0.6789533469271257	0.4867940128250592
4.886999999999967	0.6794407591799233	0.48802900088493
4.887999999999967	0.6799293558529758	0.4891628502987923
4.888999999999967	0.6804190406297895	0.4902052056708514
4.889999999999968	0.6809097265584517	0.4911651515289803
4.890999999999968	0.6814013352483463	0.4920507259126768
4.891999999999968	0.6818937959234946	0.4928691200329983
4.892999999999969	0.6823870447406271	0.4936270080761315
4.893999999999969	0.6828784547479745	0.4891915066780275
4.894999999999969	0.6833649016382147	0.4837007896011445
4.89599999999997	0.683845907758492	0.4783099839303556
4.89699999999997	0.6843217210378919	0.4733151242498447
4.89799999999997	0.6847927629811079	0.4687673266636853
4.898999999999971	0.6852594722991687	0.4646498876875998
4.899999999999971	0.6857222626786503	0.4609294619793841
4.900999999999971	0.6861815131858986	0.4575701545279517
4.901999999999972	0.6866375686212276	0.4545393283871434
4.902999999999972	0.6870907417967674	0.4518056442338294
4.903999999999972	0.6875413160656768	0.4493415235395678
4.904999999999973	0.6879895482741091	0.447121530903946
4.905999999999973	0.6884356709774919	0.445122520351019
4.906999999999973	0.6888798948855511	0.4433239465202649
4.907999999999974	0.6893224110234507	0.4417069857094684
4.908999999999974	0.6897633923670301	0.4402543630271332
4.909999999999974	0.6902029956896566	0.4389509484708067
4.910999999999975	0.6906413632798335	0.4377829023591183
4.911999999999975	0.6910786241386996	0.4367374896854602
4.912999999999975	0.6915148952029131	0.4358033165324927
4.913999999999976	0.6919502825506055	0.4349700597977367
4.914999999999976	0.6923848824081128	0.4342283390223535
4.915999999999976	0.6928187821042351	0.4335697396215067
4.916999999999977	0.6932520609522055	0.432986645070122
4.917999999999977	0.6936822216188313	0.4273333868359701
4.918999999999977	0.6941062571063799	0.420736305901282
4.919999999999978	0.6945237958617068	0.4143399424820164
4.920999999999978	0.6949351818048413	0.4084307005464287
4.921999999999978	0.6953409231280213	0.4030507200492672
4.922999999999979	0.6957415370691988	0.398175952438457
4.923999999999979	0.6961375084834136	0.3937656805419727
4.924999999999979	0.6965292811664318	0.3897785031105663
4.92599999999998	0.696917258526306	0.3861750460904177
4.92699999999998	0.6973018060425821	0.3829188266370642
4.92799999999998	0.6976832548943861	0.3799777268614009
4.928999999999981	0.6980619053033233	0.3773219497048572
4.929999999999981	0.6984380291527279	0.3749246157702105
4.930999999999981	0.6988118726857675	0.3727613242006392
4.931999999999982	0.6991836590386474	0.3708102619983645
4.932999999999982	0.6995535904765519	0.3690515001826723
4.933999999999982	0.6999218502924177	0.3674670232976922
4.934999999999983	0.7002886046238038	0.3660405360953408
4.935999999999983	0.7006540040621605	0.3647572416540563
4.936999999999983	0.7010181852318772	0.3636040028164456
4.937999999999984	0.701381272100162	0.3625686424153663
4.938999999999984	0.7017459464128208	0.3667788871301381
4.939999999999984	0.7021153826617946	0.3720925010809069
4.940999999999985	0.7024901046550007	0.3773503600713586
4.941999999999985	0.702869906510873	0.3822522115229599
4.942999999999985	0.7032544052219714	0.3867440567973759
4.943999999999986	0.7036431976082136	0.3908395493078246
4.944999999999986	0.7040359027206439	0.3945694978259449
4.945999999999986	0.7044321712580638	0.3979663889983793
4.946999999999987	0.704829115896324	0.3959216978806341
4.947999999999987	0.7052233760772216	0.392597482715992
4.948999999999987	0.7056142606495259	0.38917049119847
4.949999999999988	0.7060018245407765	0.3859561309390303
4.950999999999988	0.7063863146313385	0.383022899402872
4.951999999999988	0.706768011496108	0.3803696880875687
4.952999999999989	0.7071471856424539	0.377977470472159
4.953999999999989	0.707524086784584	0.3758236868187228
4.954999999999989	0.7078989425358352	0.3738866951907042
4.95599999999999	0.7082719595838086	0.3721462861159809
4.95699999999999	0.7086433252728954	0.3705839827058717
4.95799999999999	0.7090132094069458	0.3691831808198059
4.958999999999991	0.7093817659160642	0.3679287371550946
4.959999999999991	0.7097491343358798	0.3668070061074344
4.960999999999991	0.7101154410836715	0.3658053966200931
4.961999999999992	0.710480800827471	0.3649130012911049
4.962999999999992	0.7108453176754097	0.3641196077538333
4.963999999999992	0.7112090860339676	0.363416025101246
4.964999999999993	0.7115721914892694	0.3627938035562595
4.965999999999993	0.7119347117392079	0.3622456164560567
4.966999999999993	0.7122967173916266	0.3617646103869021
4.967999999999994	0.712658272514978	0.3613445599993994
4.968999999999994	0.7130194353023923	0.360979940016206
4.969999999999994	0.7133802586035514	0.360665588834343
4.970999999999995	0.713740790489183	0.3603971101632553
4.971999999999995	0.7141010747385748	0.360170317425376
4.972999999999995	0.7144611511446228	0.359981424427968
4.973999999999996	0.7148210559036823	0.3598270242922691
4.974999999999996	0.7151808219860893	0.3597040718690837
4.975999999999996	0.7155379101801648	0.3544712559135496
4.976999999999997	0.7158892755630029	0.3482584667094755
4.977999999999997	0.7162345121347622	0.342213652260301
4.978999999999997	0.7165739326277892	0.3366263268050927
4.979999999999998	0.7169080171649902	0.3315417567294212
4.980999999999998	0.7172372572891221	0.3269375153175232
4.981999999999998	0.7175621144791058	0.3227759017032475
4.982999999999999	0.7178830114985442	0.3190171862337339
4.983999999999999	0.7182003325230233	0.3156239226437276
4.984999999999999	0.7185144259206562	0.3125619423599852
4.986	0.7188256073466708	0.309799988283765
4.987	0.7191341626044359	0.3073096138843912
4.988	0.7194403506065093	0.3050654841517831
4.989000000000001	0.7197444058919107	0.3030441870920362
4.990000000000001	0.7200465409623165	0.301225060079059
4.991000000000001	0.7203469484543648	0.2995890357216459
4.992000000000002	0.7206458028337204	0.2981188395185428
4.993000000000002	0.720943262230669	0.2967990752618272
4.994000000000002	0.7212394700368076	0.2956156618256601
4.995000000000003	0.7215345562434566	0.2945558798233902
4.996000000000003	0.721828638666921	0.2936080986464054
4.997000000000003	0.7221218241945959	0.2927620911168963
4.998000000000004	0.7224142098656223	0.2920083879335637
4.999000000000004	0.7227058836913954	0.2913384029327773
5.000000000000004	0.7229969255539463	0.29074446357467
5.001000000000005	0.7232874079915751	0.2902195549586641
5.002000000000005	0.7235773968078674	0.2897572225766729
5.003000000000005	0.723866951807183	0.2893519225028672
5.004000000000006	0.724156127399551	0.2889984100180766
5.005000000000006	0.7244449730373758	0.2886920146061168
5.006000000000006	0.7247335336807157	0.2884284221054921
5.007000000000007	0.725021850201283	0.2882037699966315
5.008000000000007	0.7253099598037953	0.2880145868217535
5.009000000000007	0.7255978964310938	0.2878578202944952
5.010000000000008	0.7258856910389467	0.2877305485647101
5.011000000000008	0.7261733718650623	0.287630257370904
5.012000000000008	0.7264609646832336	0.2875545331513538
5.013000000000009	0.726745923651643	0.2823625658064091
5.014000000000009	0.7270251978616281	0.2761850332233887
5.015000000000009	0.7272983757914024	0.2701700235025464
5.01600000000001	0.7275657652880446	0.2646081841593403
5.01700000000001	0.7278278422586758	0.2595449872708627
5.01800000000001	0.7280850943240363	0.2549583879657417
5.019000000000011	0.728337979495597	0.250811212664349
5.020000000000011	0.7285869174933658	0.2470640521348065
5.021000000000011	0.7288322894823491	0.2436792057200903
5.022000000000012	0.7290744410768251	0.2406232727255825
5.023000000000012	0.7293136854553049	0.2378647824092411
5.024000000000012	0.7295503062730497	0.2353761590990815
5.025000000000013	0.7297845605904191	0.2331317887435768
5.026000000000013	0.7300166811947166	0.2311087393541499
5.027000000000013	0.7302468789972892	0.2292861910703819
5.028000000000014	0.7304753450786019	0.2276453020473828
5.029000000000014	0.7307022526207495	0.2261691174430373
5.030000000000014	0.7309277585097381	0.2248419999699629
5.031000000000015	0.7311520049836843	0.2236502911798571
5.032000000000015	0.7313751211200538	0.2225813282581242
5.033000000000015	0.7315972239297972	0.221623641024674
5.034000000000016	0.7318184195321006	0.2207669161626936
5.035000000000016	0.7320388042070093	0.2200017887368257
5.036000000000016	0.7322584653216536	0.2193197978782385
5.037000000000017	0.7324774821513805	0.218713220913502
5.038000000000017	0.7326959266669509	0.2181751713648409
5.039000000000017	0.7329138642431472	0.21769934377301
5.040000000000018	0.7331313542672504	0.2172800686120054
5.041000000000018	0.7333484507409322	0.2169122442051296
5.042000000000018	0.7335652027789474	0.2165911984090958
5.043000000000019	0.7337816550235403	0.2163126583602083
5.044000000000019	0.7339978480629592	0.2160727889416239
5.045000000000019	0.7342138188649483	0.2158681842726938
5.04600000000002	0.7344296011539847	0.2156957637095573
5.04700000000002	0.734645225676937	0.2155526526879677
5.04800000000002	0.7348607204676523	0.2154362997365946
5.049000000000021	0.7350761110961943	0.215344328767952
5.050000000000021	0.7352914209042399	0.2152746591020063
5.051000000000021	0.7355066712681939	0.2152254408802355
5.052000000000022	0.7357218817604267	0.2151949158984308
5.053000000000022	0.735937070285448	0.2151815066432502
5.054000000000022	0.7361522532281132	0.2151837513249542
5.055000000000023	0.7363674456322868	0.2152004297550386
5.056000000000023	0.7365826613507228	0.2152303799039469
5.057000000000023	0.7367979131111764	0.2152725138075189
5.058000000000024	0.7370132126215042	0.2153258796359968
5.059000000000024	0.7372285706950106	0.2153896401165477
5.060000000000024	0.7374439973227244	0.2154629879737392
5.061000000000025	0.7376569323348112	0.210406416239126
5.062000000000025	0.7378617416369759	0.1992115919005804
5.063000000000025	0.7380549289840743	0.1871625400392669
5.064000000000026	0.7382363610619647	0.1757010877871391
5.065000000000026	0.7384067941922877	0.1651646769903552
5.066000000000026	0.7385671664784355	0.1555794287782415
5.067000000000027	0.7387184005945475	0.14688836356468
5.068000000000027	0.7388613531485946	0.1390163287916636
5.069000000000027	0.7389968056955164	0.1318883711759766
5.070000000000028	0.7391254671966039	0.1254342569153271
5.071000000000028	0.7392479801628747	0.1195913194603171
5.072000000000028	0.7393649266099437	0.114301234731416
5.073000000000029	0.7394768334951612	0.1095122104408167
5.074000000000029	0.7395841779451131	0.1051763774920883
5.075000000000029	0.7396873918717802	0.1012511759046559
5.07600000000003	0.7397868666576769	0.09769810684372882
5.07700000000003	0.7398829568713882	0.09448204139323584
5.07800000000003	0.7399759834584835	0.09157086253639807
5.079000000000031	0.7400662371549698	0.0889362682530892
5.080000000000031	0.7401539814200989	0.08655200713246131
5.081000000000031	0.7402394548846332	0.08439467367907305
5.082000000000032	0.7403228738633937	0.08244304157098396
5.083000000000032	0.7404044343065407	0.08067760786757569
5.084000000000032	0.7404843137789908	0.07908110507591037
5.085000000000033	0.7405626734004251	0.07763791026589199
5.086000000000033	0.7406396591869275	0.07633343921701667
5.087000000000033	0.7407154035336595	0.07515503434481818
5.088000000000034	0.740790026619473	0.07409092065021242
5.089000000000034	0.740863637386778	0.07313040028090216
5.090000000000034	0.7409363347243094	0.07226406376885668
5.091000000000035	0.7410082084148061	0.07148310861582899
5.092000000000035	0.7410793399434659	0.07077974226279622
5.093000000000035	0.7411498033480587	0.07014686243412416
5.094000000000036	0.741219665907681	0.06957805407841289
5.095000000000036	0.7412889887783779	0.06906748616228739
5.096000000000037	0.74135782750112	0.06860975958635392
5.097000000000037	0.7414262326477312	0.06820033517099183
5.098000000000037	0.7414942503134033	0.06783479884462942
5.099000000000038	0.7415619223856743	0.0675091493835292
5.100000000000038	0.741629287033902	0.06721995166197557
5.101000000000038	0.7416963790912431	0.06696396841312863
5.102000000000039	0.7417632303235081	0.06673830222008707
5.103000000000039	0.7418298697214726	0.06654030043831198
5.104000000000039	0.7418963237896921	0.06636764327935744
5.10500000000004	0.7419626167514498	0.06621808799377861
5.10600000000004	0.7420287707402882	0.06608969785519765
5.10700000000004	0.7420948060776166	0.06598078532955674
5.108000000000041	0.7421607414007018	0.06588966967036126
5.109000000000041	0.7422265938067809	0.06581495156938472
5.110000000000041	0.742292379024832	0.06575529382055546
5.111000000000042	0.7423581115139223	0.06570949381218551
5.112000000000042	0.7424238046038153	0.06567649555170824
5.113000000000042	0.7424894705972138	0.06565530091311095
5.114000000000043	0.7425551208474944	0.06564500937298469
5.115000000000043	0.7426207658330362	0.06564477146218171
5.116000000000043	0.7426864152529176	0.06565387805081645
5.117000000000044	0.7427520781291442	0.06567168412523759
5.118000000000044	0.7428177628585364	0.06569758433005744
5.119000000000044	0.7428834772449022	0.06573099799798564
5.120000000000045	0.742949228540473	0.0657714026444403
5.121000000000045	0.7430150235319962	0.06581838978795812
5.122000000000045	0.7430808685966487	0.06587154876940532
5.123000000000046	0.7431467697307889	0.06593052861242084
5.124000000000046	0.7432101632531832	0.06085633255259106
5.125000000000046	0.7432679821084445	0.05478121050292493
5.126000000000047	0.743319800190724	0.04885480397746231
5.127000000000047	0.7433659121026801	0.04336888638864426
5.128000000000047	0.7434067815067351	0.03836980336290523
5.129000000000048	0.7434428850511572	0.03383718092864718
5.130000000000048	0.7434746710654769	0.02973475566411717
5.131000000000048	0.7435025503899461	0.02602381254270688
5.132000000000049	0.7435268963303999	0.02266799786710717
5.133000000000049	0.7435480471160725	0.01963351223354438
5.134000000000049	0.7435663091833723	0.01689056948715039
5.13500000000005	0.7435819603074797	0.01441163340950167
5.13600000000005	0.7435952520262031	0.01217176555156304
5.13700000000005	0.7436064120867031	0.01014832313503868
5.138000000000051	0.7436156469088486	0.008321294417327109
5.139000000000051	0.7436231436653983	0.006672196975861787
5.140000000000051	0.743629071901512	0.005184258087012042
5.141000000000052	0.7436335852465564	0.003842418934278284
5.142000000000052	0.7436368229902286	0.002633059035667808
5.143000000000052	0.7436389113598486	0.001543674157713355
5.144000000000053	0.743639964861538	0.0005633261709427227
5.145000000000053	0.7436400873797532	-0.000318290095347768
5.146000000000053	0.7436393730955572	-0.00111027622860862
5.147000000000054	0.7436379075297396	-0.001820851163253084
5.148000000000054	0.7436357682942366	-0.002457613648826335
5.149000000000054	0.7436330258386479	-0.003027289588298441
5.150000000000055	0.7436297442016968	-0.003535974812366057
5.151000000000055	0.7436259815643596	-0.003989288967875673
5.152000000000055	0.7436217907886603	-0.004392250296610375
5.153000000000056	0.7436172199002473	-0.004749513294870998
5.154000000000056	0.7436123125725327	-0.005065127925708429
5.155000000000056	0.74360710858497	-0.005342832131951665
5.156000000000057	0.7436016441373646	-0.005586047256931613
5.157000000000057	0.7435959521850261	-0.005797840939350796
5.158000000000057	0.743590062806051	-0.005980899958184563
5.159000000000058	0.7435840034834585	-0.006137727682163704
5.160000000000058	0.7435777992798558	-0.006270661559083603
5.161000000000058	0.7435714730602586	-0.00638175931760682
5.162000000000059	0.7435650457079817	-0.00647292662571194
5.163000000000059	0.7435585363422924	-0.006545785904703702
5.164000000000059	0.7435493931334276	-0.01174060535001475
5.16500000000006	0.7435345597371544	-0.01792614424476543
5.16600000000006	0.7435136198648911	-0.02395353964745275
5.16700000000006	0.743486876740155	-0.02953263238430808
5.168000000000061	0.7434548018677486	-0.03461701954633026
5.169000000000061	0.7434178794297132	-0.03922774960152535
5.170000000000061	0.7433765643377962	-0.04340231458456254
5.171000000000062	0.7433312729987231	-0.04718023239327183
5.172000000000062	0.7432823837070097	-0.0505982094391469
5.173000000000062	0.7432302397056386	-0.05368964227529013
5.174000000000063	0.7431751519643683	-0.05648568070334969
5.175000000000063	0.7431174020863971	-0.0590139079578104
5.176000000000063	0.7430572451431208	-0.06129980433145257
5.177000000000064	0.7429949120816276	-0.06336613807762068
5.178000000000064	0.7429306122872507	-0.06523326439068329
5.179000000000064	0.7428645355423248	-0.06692003401592642
5.180000000000065	0.7427968537562981	-0.06844334192982791
5.181000000000065	0.742727722717284	-0.06981853577906254
5.182000000000065	0.7426572836377265	-0.07105941921337233
5.183000000000066	0.7425856645549141	-0.07217853885579356
5.184000000000066	0.7425129815789423	-0.07318720243509068
5.185000000000066	0.7424393399658553	-0.07409581029334544
5.186000000000067	0.7423648351633754	-0.07491357870433915
5.187000000000067	0.7422895538202618	-0.07564888929454915
5.188000000000067	0.7422135746024315	-0.07630932609977033
5.189000000000068	0.7421369689320797	-0.07690179250595806
5.190000000000068	0.7420598016657903	-0.0774325163307948
5.191000000000068	0.7419821317378449	-0.07790711434466419
5.192000000000069	0.7419040127022505	-0.07833073031031278
5.193000000000069	0.7418254932275004	-0.07870799147854411
5.194000000000069	0.7417466175507916	-0.07904313317804616
5.19500000000007	0.7416674259348506	-0.07933986901014793
5.19600000000007	0.74158795507581	-0.07960161855039866
5.19700000000007	0.741505669037123	-0.08497022011943821
5.198000000000071	0.7414175258860392	-0.0913158263332932
5.199000000000071	0.741323122399496	-0.09749087285289552
5.200000000000071	0.7412227737738224	-0.1032060873192202
5.201000000000072	0.7411169623411267	-0.1084164710171391
5.202000000000072	0.7410061818643482	-0.1131441610331361
5.203000000000072	0.7408908958627697	-0.1174275075066676
5.204000000000073	0.7407715286710057	-0.1213065295211353
5.205000000000073	0.7406484659497818	-0.1248185556594407
5.206000000000073	0.7405220574446373	-0.1279980876074228
5.207000000000074	0.7403926199447555	-0.1308765362954869
5.208000000000074	0.7402604402611888	-0.1334824469686432
5.209000000000074	0.7401257783147517	-0.1358410547797875
5.210000000000075	0.7399888696645925	-0.1379758478377047
5.211000000000075	0.7398499276734796	-0.139907730730172
5.212000000000075	0.7397091457152709	-0.1416557766313996
5.213000000000076	0.7395666989253584	-0.1432373892468306
5.214000000000076	0.739422746083459	-0.1446678761739608
5.215000000000076	0.7392774310971191	-0.145961674113585
5.216000000000077	0.7391308844426878	-0.1471312087197116
5.217000000000077	0.7389832245258188	-0.1481881956951901
5.218000000000077	0.7388345586808084	-0.1491430620193139
5.219000000000078	0.7386849842946557	-0.1500052752787393
5.220000000000078	0.7385345897467223	-0.1507833831356745
5.221000000000078	0.7383834552594355	-0.151485151772759
5.222000000000079	0.7382316536464902	-0.1521176324511672
5.223000000000079	0.7380792510221631	-0.1526871727264465
5.224000000000079	0.7379237381088264	-0.1583382013563656
5.22500000000008	0.737762097128748	-0.1649432883074156
5.22600000000008	0.7375939466274359	-0.1713572248026613
5.22700000000008	0.7374196214440714	-0.1772926343580876
5.228000000000081	0.7372396219230744	-0.1827058834617135
5.229000000000081	0.7370570279385363	-0.18248155379724
5.230000000000081	0.7368753906887872	-0.1807924165830723
5.231000000000082	0.7366955790507324	-0.178830335640676
5.232000000000082	0.736517700801941	-0.1769256436051442
5.233000000000082	0.7363416574460167	-0.175160555171198
5.234000000000083	0.7361673032216494	-0.1735473853333413
5.235000000000083	0.735994489806801	-0.1720789405453382
5.236000000000083	0.7358230785084179	-0.1707431564128117
5.237000000000084	0.7356529427286199	-0.1695279070174304
5.238000000000084	0.7354839676590982	-0.1684217391696576
5.239000000000084	0.7353160494740301	-0.167414141118163
5.240000000000085	0.7351490944896406	-0.1664953405484021
5.241000000000085	0.7349830181931568	-0.1656567677976674
5.242000000000085	0.7348177443067561	-0.1648905226515974
5.243000000000086	0.7346532040680566	-0.1641894744647189
5.244000000000086	0.7344893354341503	-0.1635473149546216
5.245000000000086	0.734326082419909	-0.1629582368613375
5.246000000000087	0.7341633945809544	-0.1624169659618665
5.247000000000087	0.7340012264773141	-0.1619187676806653
5.248000000000087	0.7338395372066535	-0.161459301332284
5.249000000000088	0.7336757205734236	-0.1661734865348394
5.250000000000088	0.7335066709354616	-0.1719252954337779
5.251000000000088	0.7333319271510906	-0.17756176263596
5.252000000000089	0.7331517520956321	-0.1827878216521748
5.253000000000089	0.7329665811571969	-0.1875535138979789
5.254000000000089	0.7327768654373081	-0.1918773711796493
5.25500000000009	0.7325830297168959	-0.1957935028008667
5.25600000000009	0.7323854635443477	-0.1993382644405358
5.25700000000009	0.7321845209389805	-0.2025463584582566
5.258000000000091	0.7319805228560378	-0.2054492105443136
5.259000000000091	0.7317737601689608	-0.2080755585260224
5.260000000000091	0.7315644962642962	-0.2104516382855365
5.261000000000092	0.731352969583717	-0.2126011036151065
5.262000000000092	0.7311393963087696	-0.2145448209112184
5.263000000000092	0.7309239724132858	-0.2163023391474976
5.264000000000093	0.7307068752808672	-0.2178912897571582
5.265000000000093	0.7304882656945877	-0.2193272423139069
5.266000000000093	0.7302682894935772	-0.2206245150884156
5.267000000000094	0.7300470788584325	-0.2217961068373034
5.268000000000094	0.7298247536022459	-0.2228537537757445
5.269000000000094	0.729601422348384	-0.2238080991080437
5.270000000000095	0.7293771836177217	-0.2246687045840448
5.271000000000095	0.7291521268210353	-0.2254442286249279
5.272000000000095	0.7289237637472996	-0.2312812488483234
5.273000000000096	0.7286890956401014	-0.2380542769091413
5.274000000000096	0.7284477583257583	-0.2446196434169975
5.275000000000096	0.7282001023402357	-0.2506916005631869
5.276000000000097	0.7279466420791497	-0.2562281773373005
5.277000000000097	0.7276879002004365	-0.2612548201350538
5.278000000000097	0.7274243664464859	-0.2658119135578877
5.279000000000098	0.7271564891632218	-0.2699418658152637
5.280000000000098	0.7268846754817209	-0.2736846982729605
5.281000000000098	0.7266092945025923	-0.2770764503884273
5.282000000000099	0.7263306806825218	-0.280150370450753
5.283000000000099	0.7260491369280644	-0.2829363103405064
5.284000000000099	0.7257675074302848	-0.2803218566357084
5.2850000000001	0.725489113866051	-0.2764644525660181
5.2860000000001	0.7252146125337134	-0.2725374040991696
5.2870000000001	0.7249439173471808	-0.2688521719672209
5.288000000000101	0.7246767539159746	-0.265473903657338
5.289000000000101	0.7244128171991158	-0.2623987525923462
5.290000000000101	0.7241518149010314	-0.2596050745735708
5.291000000000102	0.723893478017279	-0.2570679316067951
5.292000000000102	0.7236375619748873	-0.2547633988151548
5.293000000000102	0.7233812757854891	-0.2578082243575663
5.294000000000103	0.7231213463813999	-0.2620498172809813
5.295000000000103	0.7228571614782624	-0.2663192097242991
5.296000000000103	0.7225888472693522	-0.2703084164601362
5.297000000000104	0.7223167149516027	-0.2739554159469162
5.298000000000104	0.7220411032537575	-0.277267166187074
5.299000000000104	0.7217623354564491	-0.2802676053561027
5.300000000000105	0.721480709245506	-0.2829839848116916
5.301000000000105	0.7211964955725988	-0.2854425214341724
5.302000000000105	0.7209099401548356	-0.2876674673936853
5.303000000000106	0.7206212655858206	-0.2896808174604685
5.304000000000106	0.7203306737248878	-0.2915020453443289
5.305000000000106	0.7200383475242094	-0.2931494916034491
5.306000000000107	0.7197444527061349	-0.2946392752748414
5.307000000000107	0.7194491395767499	-0.2959861098034987
5.308000000000107	0.7191525443390847	-0.297203487814813
5.309000000000108	0.7188547904680266	-0.2983033729312068
5.310000000000108	0.7185559899584261	-0.2992967615706863
5.311000000000108	0.7182562443752299	-0.3001935170917428
5.312000000000109	0.7179530764951904	-0.3061413448856043
5.313000000000109	0.7176434975257453	-0.3130156766651819
5.314000000000109	0.717327152133723	-0.319674169733678
5.31500000000011	0.7170043990287008	-0.3258310834058056
5.31600000000011	0.7166757600636505	-0.3314458720627718
5.31700000000011	0.7163417645856294	-0.3365440931759689
5.318000000000111	0.7160029085462422	-0.3411669800814087
5.319000000000111	0.7156596456927228	-0.3453577080612518
5.320000000000111	0.7153123882210783	-0.3491562041650526
5.321000000000112	0.7149615099117657	-0.3525993723308649
5.322000000000112	0.7146099174932169	-0.3505844201977277
5.323000000000112	0.714260990037118	-0.3472694550338014
5.324000000000113	0.7139154378817912	-0.3438338283750845
5.325000000000113	0.7135732229977118	-0.3405949221570647
5.326000000000113	0.7132341141820348	-0.337621700508939
5.327000000000114	0.7128978455747327	-0.334914513563289
5.328000000000114	0.7125641602063283	-0.3324552301120809
5.329000000000114	0.7122328209287476	-0.3302223386150935
5.330000000000115	0.7119036119624734	-0.3281946135618862
5.331000000000115	0.7115737684585086	-0.331491411827367
5.332000000000115	0.711240041169524	-0.3359621717479579
5.333000000000116	0.7109018393006679	-0.3404405579458765
5.334000000000116	0.7105593083342254	-0.3446203537183859
5.335000000000116	0.7102127768447387	-0.3484415918008759
5.336000000000117	0.7098625995228464	-0.3519120073438309
5.337000000000117	0.7095091140842078	-0.3550578151058701
5.338000000000117	0.7091526311144383	-0.3579070603365921
5.339000000000118	0.708793433391238	-0.3604873135344258
5.340000000000118	0.7084317773683297	-0.3628236520787819
5.341000000000118	0.7080678955507425	-0.3649388959063991
5.342000000000119	0.7077019985258696	-0.3668540602873847
5.343000000000119	0.7073342771507796	-0.3685875905433714
5.344000000000119	0.7069649044501018	-0.3701567061780356
5.34500000000012	0.7065940371881708	-0.371576708229575
5.34600000000012	0.7062218174772303	-0.3728615997978504
5.34700000000012	0.7058483741601893	-0.3740239164137132
5.348000000000121	0.7054738241018029	-0.3750750788181121
5.349000000000121	0.7050957039221488	-0.3811641478959801
5.350000000000121	0.7047110373571602	-0.3881678295043519
5.351000000000122	0.704319480274335	-0.3949451625359763
5.352000000000122	0.7039214016612479	-0.4012108700808362
5.353000000000122	0.7035199077260718	-0.4017757960652769
5.354000000000123	0.7031186158633136	-0.4008067254411232
5.355000000000123	0.7027184622376904	-0.3994993248023638
5.356000000000123	0.7023196171897174	-0.3981895736633988
5.357000000000124	0.7019220387908824	-0.3969660299267051
5.358000000000124	0.7015256325160958	-0.3958453286874394
5.359000000000124	0.7011302968229801	-0.394824869403991
5.360000000000125	0.7007359352558429	-0.393897079262884
5.361000000000125	0.7003424593638448	-0.3930535213953029
5.362000000000125	0.6999497888727514	-0.3922862794842623
5.363000000000126	0.6995578512410101	-0.3915878045062091
5.364000000000126	0.6991665811261006	-0.3909512474413989
5.365000000000126	0.69877591963429	-0.3903705597541072
5.366000000000127	0.698383246954191	-0.3949736175725652
5.367000000000127	0.6979854435343242	-0.4006320234361525
5.368000000000127	0.6975820326317466	-0.4061885656884515
5.369000000000128	0.6971732645744286	-0.4113463163488327
5.370000000000128	0.6967595636866255	-0.4160542113547007
5.371000000000128	0.6963413712866167	-0.4203293267727564
5.372000000000129	0.6959191034125825	-0.4242051466598713
5.373000000000129	0.6954931415673318	-0.4277172575997746
5.374000000000129	0.6950638324829063	-0.430899614439256
5.37500000000013	0.6946314906351837	-0.4337827745635932
5.37600000000013	0.6941964010968271	-0.4363949869293562
5.37700000000013	0.6937588221121707	-0.4387616591575776
5.378000000000131	0.6933189875667578	-0.4409061011358986
5.379000000000131	0.6928771093206991	-0.4428490537772229
5.380000000000131	0.6924359489077111	-0.4394704366773691
5.381000000000132	0.6919987531497499	-0.4349197552434526
5.382000000000132	0.6915635425371438	-0.4355001515026002
5.383000000000132	0.691127096676188	-0.4373902477234309
5.384000000000133	0.6906886527702697	-0.4394962348914767
5.385000000000133	0.6902481454359171	-0.4415170978512734
5.386000000000133	0.6898056964287451	-0.4433795741520699
5.387000000000134	0.6893614683490537	-0.4450752369997645
5.388000000000134	0.6889156237719718	-0.446612563530393
5.389000000000134	0.6884683145957707	-0.448004430291944
5.390000000000135	0.6880196798059707	-0.4492637861997731
5.391000000000135	0.6875698458385098	-0.4504027814654787
5.392000000000135	0.6871189274581417	-0.4514326082108149
5.393000000000136	0.6866670288081834	-0.4523633171565122
5.394000000000136	0.6862142443908864	-0.4532041396830728
5.395000000000136	0.6857606599023705	-0.4539634566476529
5.396000000000137	0.685306353118008	-0.4546487286636026
5.397000000000137	0.6848513946855607	-0.4552667503181917
5.398000000000137	0.6843932794047822	-0.4609624151887436
5.399000000000138	0.6839289931801419	-0.4676086187043342
5.400000000000138	0.6834581579353448	-0.4740604349901535
5.401000000000138	0.6829811117544249	-0.4800304714469419
5.402000000000139	0.682498357819594	-0.4854759248234239
5.403000000000139	0.6820104086426131	-0.4904209393032375
5.404000000000139	0.6815177447703771	-0.4949053003394739
5.40500000000014	0.6810233755840993	-0.4938315615731775
5.40600000000014	0.6805307733462777	-0.4913714082243981
5.40700000000014	0.6800407314379948	-0.4887109097264586
5.408000000000141	0.6795532883493809	-0.4861737762446807
5.409000000000141	0.6790682823600724	-0.4838367179885052
5.410000000000141	0.6785855102245427	-0.4817060749468295
5.411000000000142	0.6781047717895725	-0.4797693225242706
5.412000000000142	0.6776258814165057	-0.4780099562334301
5.413000000000142	0.6771461005785662	-0.4815502489741409
5.414000000000143	0.6766622036428065	-0.4862421386818216
5.415000000000143	0.6761736209070545	-0.4909218340048563
5.416000000000143	0.6756805170610197	-0.4952843447819441
5.417000000000144	0.6751832382613865	-0.4992717277836197
5.418000000000144	0.6746821550360673	-0.5028931838586177
5.419000000000144	0.674177619457325	-0.5061764234032673
5.420000000000145	0.6736699550165303	-0.5091508977189472
5.421000000000145	0.6731594563359055	-0.511844893713667
5.422000000000145	0.6726463906967581	-0.5142848062264147
5.423000000000146	0.6721310001577808	-0.5164946855719429
5.424000000000146	0.6716135039858728	-0.518496064952935
5.425000000000146	0.6710941010197965	-0.5203082673787324
5.426000000000147	0.6705729714645808	-0.5219492372501056
5.427000000000147	0.6700502786239404	-0.5234348327444153
5.428000000000147	0.6695261705948031	-0.5247796092110374
5.429000000000148	0.6690007816378142	-0.5259966838243056
5.430000000000148	0.6684742334668707	-0.5270980328679687
5.431000000000148	0.6679466364773887	-0.5280943169863005
5.432000000000149	0.6674180908774419	-0.5289952501884042
5.433000000000149	0.6668886875605502	-0.529809747544545
5.434000000000149	0.666358508997923	-0.5305457385801624
5.43500000000015	0.665827630166019	-0.5312102832484547
5.43600000000015	0.6652961191834628	-0.5318100372432507
5.43700000000015	0.6647640378821893	-0.5323509182311065
5.438000000000151	0.664231442504326	-0.5328381881436659
5.439000000000151	0.6636983842527311	-0.5332766635718811
5.440000000000151	0.6631649096961054	-0.5336707962260383
5.441000000000152	0.6626310612034458	-0.5340245337908994
5.442000000000152	0.6620943079753838	-0.5394802573288012
5.443000000000152	0.6615516127654645	-0.545908478365141
5.444000000000153	0.6610025766838505	-0.5521619803161432
5.445000000000153	0.6604475187925529	-0.5579520782972176
5.446000000000153	0.6598869247765423	-0.5632342117924
5.447000000000154	0.6593212915600473	-0.5680304628398323
5.448000000000154	0.6587536553357135	-0.5672402204680091
5.449000000000154	0.6581875160906537	-0.5650365081746834
5.450000000000155	0.6576236930545138	-0.5626078090683098
5.451000000000155	0.6570622482314368	-0.5602800886922559
5.452000000000155	0.656503041304034	-0.5581320239357995
5.453000000000156	0.6559458887410008	-0.5561713656068729
5.454000000000156	0.6553906083243046	-0.5543877363556839
5.455000000000156	0.6548344610238416	-0.5579051296965692
5.456000000000157	0.6542742197042294	-0.5625757611336177
5.457000000000157	0.6537093132821788	-0.5672353192536903
5.458000000000157	0.6531399050625394	-0.5715793414835246
5.459000000000158	0.6525663397219106	-0.5755495474641837
5.460000000000158	0.651988986526726	-0.5791550379650209
5.461000000000158	0.6514081966157637	-0.5824229674727474
5.462000000000159	0.6508242927041019	-0.5853830288135087
5.463000000000159	0.6502375684549081	-0.5880636328935328
5.464000000000159	0.6496482902564443	-0.5904909185334406
5.46500000000016	0.6490566994867221	-0.5926887673368492
5.46600000000016	0.6484630148463734	-0.5946786523891985
5.46700000000016	0.6478700040633412	-0.5913410539802059
5.468000000000161	0.6472809196012531	-0.5868260219873314
5.469000000000161	0.6466937847281875	-0.5874418812329143
5.470000000000161	0.6461053829388557	-0.5893598497234339
5.471000000000162	0.6455149576915731	-0.5914887899559176
5.472000000000162	0.6449224480922658	-0.5935285463951578
5.473000000000162	0.6443279796413454	-0.595406486191367
5.474000000000163	0.6437317183510521	-0.5971142186644556
5.475000000000163	0.6431338297941731	-0.5986610134010766
5.476000000000163	0.6425344684940352	-0.6000596997006968
5.477000000000164	0.6419337758212805	-0.6013237535928447
5.478000000000164	0.6413318803253186	-0.602465341473958
5.479000000000164	0.6407288987300165	-0.6034959479955831
5.480000000000165	0.6401249369539586	-0.604425699038059
5.481000000000165	0.6395200911551043	-0.6052639899405823
5.482000000000165	0.6389118792161729	-0.6111579677039386
5.483000000000166	0.638297307980521	-0.6179825624226596
5.484000000000166	0.637676018457486	-0.6245945203499109
5.485000000000166	0.6370483659534537	-0.6307085033922316
5.486000000000167	0.6364174440941931	-0.6311332195414125
5.487000000000167	0.6357868592411786	-0.630034491035976
5.488000000000167	0.6351575372551684	-0.6286074886029652
5.489000000000168	0.6345296388826088	-0.6271872677206854
5.490000000000168	0.6339031138975754	-0.6258607169843491
5.491000000000168	0.6332778604322417	-0.6246442314386546
5.492000000000169	0.6326537701178934	-0.6235344177935191
5.493000000000169	0.6320307403522578	-0.6225231364732952
5.494000000000169	0.631408677263501	-0.621601066203317
5.49500000000017	0.6307849263728459	-0.6258987340096204
5.49600000000017	0.6301563382633601	-0.6312754875878562
5.49700000000017	0.6295224125500831	-0.636573923704021
5.498000000000171	0.6288833764218018	-0.6414963004084162
5.499000000000171	0.6282396326118648	-0.6459892710872789
5.500000000000171	0.6275916031086727	-0.6500676723137889
5.501000000000172	0.6269396865112207	-0.6537634462539267
5.502000000000172	0.6262842484854598	-0.6571105167269786
5.503000000000172	0.6256281914243992	-0.6550015138888943
5.504000000000173	0.6249748899541179	-0.6515993429679954
5.505000000000173	0.6243250484759875	-0.648081539648162
5.506000000000173	0.6236786247659409	-0.6447638167429084
5.507000000000174	0.6230353839859899	-0.64171568866566
5.508000000000174	0.6223924870582229	-0.644076112523958
5.509000000000174	0.6217466012235512	-0.6476934919699029
5.510000000000175	0.6210970558066579	-0.6513952643037022
5.511000000000175	0.6204439227591199	-0.6548687408108067
5.512000000000175	0.6197874638631972	-0.6580469494475021
5.513000000000176	0.6191279732164168	-0.6609322318287791
5.514000000000176	0.6184657338084142	-0.6635444620888777
5.515000000000176	0.6178010068265005	-0.6659073706738069
5.516000000000177	0.6171340301090189	-0.6680439250002538
5.517000000000177	0.6164650195115471	-0.669975123113343
5.518000000000177	0.6157941707894069	-0.6717201674163731
5.519000000000178	0.6151216613224805	-0.6732966063276048
5.520000000000178	0.6144476519345583	-0.6747200035599822
5.521000000000178	0.6137722885138196	-0.6760046665759977
5.522000000000179	0.6130957033373624	-0.6771635100328076
5.523000000000179	0.612418016389785	-0.6782082042336985
5.524000000000179	0.6117393365738865	-0.6791492424390142
5.52500000000018	0.6110597626675083	-0.6799963812717907
5.52600000000018	0.610379384227756	-0.6807583055514576
5.52700000000018	0.609698282595545	-0.681442762812825
5.528000000000181	0.6090165317141853	-0.6820568007092489
5.529000000000181	0.6083341987961263	-0.6826068332868724
5.530000000000181	0.6076513449288319	-0.6830986964504856
5.531000000000182	0.6069680256450222	-0.683537663766598
5.532000000000182	0.6062842914543665	-0.6839285077533569
5.533000000000182	0.6055976189603095	-0.6894142600181371
5.534000000000183	0.6049049774061721	-0.6958666075437014
5.535000000000183	0.6042059739417014	-0.7021380590157366
5.536000000000183	0.6035035029961265	-0.7028015574289298
5.537000000000184	0.6028011282247213	-0.7019457098864834
5.538000000000184	0.6020997822742892	-0.7007439177179361
5.539000000000184	0.6013996458266254	-0.6995267071771079
5.540000000000185	0.6007006906258624	-0.6983814266587894
5.541000000000185	0.6000028357554478	-0.6973260489665608
5.542000000000185	0.599305992217874	-0.6963587631804481
5.543000000000186	0.5986100751168169	-0.6954731778662331
5.544000000000186	0.5979150064846019	-0.6946618271812776
5.545000000000186	0.5972181461861121	-0.6990565035181486
5.546000000000187	0.5965163578797602	-0.7045178257931718
5.547000000000187	0.595809153057381	-0.7098895168481344
5.548000000000187	0.5950967696451335	-0.7148749875561842
5.549000000000188	0.5943796201923357	-0.7194215812960731
5.550000000000188	0.5936581353906482	-0.72354567006626
5.551000000000188	0.5929327215974705	-0.7272795503131403
5.552000000000189	0.592206321838773	-0.7255175967309341
5.553000000000189	0.5914823485717259	-0.7224265737776054
5.554000000000189	0.5907615404337899	-0.7191873476997822
5.55500000000019	0.5900438859641938	-0.7161192462679553
5.55600000000019	0.5893266084515919	-0.7184334338167052
5.55700000000019	0.5886063911471637	-0.7219988191770749
5.558000000000191	0.5878825661439623	-0.7256488184208698
5.559000000000191	0.5871552047274025	-0.7290716331691957
5.560000000000191	0.586424567142978	-0.7322011422624745
5.561000000000192	0.5856909455931487	-0.7350395530347887
5.562000000000192	0.5849546211695287	-0.7376068798086773
5.563000000000192	0.5842158532608098	-0.7399265140367232
5.564000000000193	0.5834748782427405	-0.7420210900797548
5.565000000000193	0.5827319106552289	-0.743911645186435
5.566000000000193	0.5819871449950915	-0.745617228227453
5.567000000000194	0.581243327125377	-0.7420160662576181
5.568000000000194	0.5805011196643421	-0.7423964149702563
5.569000000000194	0.5797580255225412	-0.7437894236833048
5.570000000000195	0.5790134551430354	-0.7453488843292135
5.571000000000195	0.57826735867353	-0.7468415974618203
5.572000000000195	0.5775198313050202	-0.7482106764250965
5.573000000000196	0.5767709999243584	-0.7494496162658184
5.574000000000196	0.5760209912893748	-0.7505651799821537
5.575000000000196	0.5752699237677288	-0.7515673848900806
5.576000000000197	0.5745179056665003	-0.752466334800694
5.577000000000197	0.5737650355422712	-0.7532714268672941
5.578000000000197	0.5730114029900597	-0.753991187035185
5.579000000000198	0.5722570893402145	-0.7546336186709406
5.580000000000198	0.571499599049742	-0.7603444565669628
5.581000000000198	0.5707359268738768	-0.7669973677714248
5.582000000000199	0.5699682739237834	-0.7683059905997343
5.583000000000199	0.5692000600714379	-0.7681191691659472
5.584000000000199	0.5684322263116696	-0.7675458054542706
5.5850000000002	0.5676650009941732	-0.7669022853918793
5.5860000000002	0.5668984105293736	-0.766276100922348
5.5870000000002	0.5661324268676807	-0.7656886799517475
5.588000000000201	0.5653670098827405	-0.7651427480613692
5.589000000000201	0.5646021191832122	-0.7646361096419756
5.590000000000201	0.5638377172029356	-0.7641653099515588
5.591000000000202	0.5630712003952473	-0.7688657562019748
5.592000000000202	0.5622994655277419	-0.7746014109854477
5.593000000000202	0.5615220540350319	-0.7802189864602833
5.594000000000203	0.560739231158611	-0.7854241591135671
5.595000000000203	0.5599514340621404	-0.7901674086983544
5.596000000000203	0.5591591156192181	-0.7944668356429938
5.597000000000204	0.5583652719131944	-0.7932179285020706
5.598000000000204	0.5575733667637671	-0.7905897276077526
5.599000000000204	0.5567841867098209	-0.7877677453357425
5.600000000000205	0.555997764075037	-0.785074897201545
5.601000000000205	0.5552139317935432	-0.7825870461308759
5.602000000000205	0.5544299126401896	-0.7854486390221904
5.603000000000206	0.5536424298936479	-0.7895142196442257
5.604000000000206	0.5528508632724639	-0.7936163733521041
5.605000000000206	0.5520553304450512	-0.7974466175227424
5.606000000000207	0.5512561343807734	-0.8009428335007592
5.607000000000207	0.5504536062969285	-0.8041106441694313
5.608000000000207	0.549648062946608	-0.806973355012426
5.609000000000208	0.5488397960959335	-0.8095576344035145
5.610000000000208	0.5480316411012544	-0.8067496420564515
5.611000000000208	0.5472269118263987	-0.8027062049263926
5.612000000000209	0.5464262580135414	-0.7985987304320272
5.613000000000209	0.5456270182666911	-0.7998780763568896
5.614000000000209	0.5448258399808747	-0.8024758005384365
5.61500000000021	0.5440219822502349	-0.8052369556762777
5.61600000000021	0.5432154384349147	-0.8078479595379284
5.61700000000021	0.5424063947946259	-0.8102365958681098
5.618000000000211	0.5415950756934994	-0.8123988722140358
5.619000000000211	0.5407817005846146	-0.814348603115897
5.620000000000211	0.5399664729897969	-0.8161038364895382
5.621000000000212	0.5391495786944666	-0.8176819971707109
5.622000000000212	0.5383311865630216	-0.8190995023122414
5.623000000000212	0.5375114497686925	-0.8203713170442009
5.624000000000213	0.5366905072380221	-0.8215109695650624
5.625000000000213	0.5358684849957233	-0.8225307352937897
5.626000000000213	0.5350454973713406	-0.823441729108416
5.627000000000214	0.5342216481018813	-0.8242540211711245
5.628000000000214	0.5333970313617937	-0.8249766664060169
5.629000000000214	0.5325717326565887	-0.8256179477345301
5.630000000000215	0.531745829619798	-0.8261853261680777
5.631000000000215	0.5309193927922883	-0.8266855260009868
5.632000000000216	0.5300924863035142	-0.8271246457423341
5.633000000000216	0.5292651684217577	-0.8275083092088529
5.634000000000216	0.5284374921723126	-0.8278413785427022
5.635000000000217	0.5276069364844391	-0.8332671749200489
5.636000000000217	0.5267704726836153	-0.839657582986252
5.637000000000217	0.5259277098332555	-0.8458652511777294
5.638000000000218	0.5250815443096588	-0.8464629164751341
5.639000000000218	0.524235541615654	-0.8455395911364403
5.640000000000218	0.5233906359164966	-0.8442689291088467
5.641000000000219	0.5225470090117652	-0.8429820052400353
5.642000000000219	0.5217046334596136	-0.8417662268197897
5.643000000000219	0.5208634292102892	-0.8406394021912169
5.64400000000022	0.5200233079856589	-0.8396001797434893
5.64500000000022	0.5191816160519894	-0.8437808135252034
5.64600000000022	0.5183352039423688	-0.8490405141337808
5.647000000000221	0.5174835710821553	-0.8542222954660773
5.648000000000221	0.5166269446065507	-0.8590277264242937
5.649000000000221	0.5157657271453914	-0.8634042494388504
5.650000000000222	0.5149003401424728	-0.8673667942282576
5.651000000000222	0.51403374989811	-0.865810726754802
5.652000000000222	0.513169394006106	-0.86289809571562
5.653000000000223	0.5123080369748599	-0.8598130140783572
5.654000000000223	0.5114496906473072	-0.8568766972263595
5.655000000000223	0.5105941690737511	-0.8541635143613899
5.656000000000224	0.5097386773787006	-0.8568169389105722
5.657000000000224	0.5088799227811134	-0.8606893068206991
5.658000000000224	0.5080172708110652	-0.8646116690238032
5.659000000000225	0.5071508262621104	-0.8682744501684444
5.660000000000225	0.5062808806064617	-0.8716138689322216
5.661000000000225	0.5054077547821455	-0.8746347751136171
5.662000000000226	0.5045317559887555	-0.8773597957341833
5.663000000000226	0.5036531671954786	-0.8798147645049254
5.664000000000226	0.5027748156477697	-0.8768853039501651
5.665000000000227	0.5019000079812687	-0.872727012848548
5.666000000000227	0.5010268181335463	-0.8736496705263634
5.667000000000227	0.5001520761307233	-0.8758313162511902
5.668000000000228	0.4992750660670381	-0.8781857829742616
5.669000000000228	0.4983957634300127	-0.880416453561396
5.670000000000228	0.4975143266629658	-0.8824540341858861
5.671000000000229	0.4966309515434993	-0.8842931502379018
5.672000000000229	0.4957458306302507	-0.8859456142466272
5.673000000000229	0.4948591427994037	-0.8874269785442619
5.67400000000023	0.4939710514260763	-0.8887526928770643
5.67500000000023	0.4930817050887201	-0.8899369007822808
5.67600000000023	0.4921938081419515	-0.8858539152539597
5.677000000000231	0.4913079856151971	-0.885788066483294
5.678000000000231	0.4904217064353335	-0.886767218431614
5.679000000000231	0.48953435032599	-0.8879419202488675
5.680000000000232	0.4886458396796756	-0.8890762869065529
5.681000000000232	0.4877562444511833	-0.8901110793776618
5.682000000000232	0.4868656686273503	-0.8910374727199747
5.683000000000233	0.4859742182592885	-0.8918601633333203
5.684000000000233	0.4850819929820279	-0.8925872869608055
5.685000000000233	0.4841890841791574	-0.8932272107131822
5.686000000000234	0.4832955751728706	-0.8937876902427072
5.687000000000234	0.4823989723308689	-0.8994148699019514
5.688000000000234	0.4814962720550601	-0.9059825351305052
5.689000000000235	0.480589675105917	-0.9072082014937901
5.690000000000235	0.4796826005968032	-0.9069376519104057
5.691000000000235	0.4787759905499951	-0.9062792770104282
5.692000000000236	0.4778700746441688	-0.9055493708819428
5.693000000000236	0.4769648807364537	-0.9048352818265326
5.694000000000236	0.4760603821099673	-0.904158809375772
5.695000000000237	0.4751565397418939	-0.9035227658213388
5.696000000000237	0.4742533142502569	-0.9029250571916382
5.697000000000237	0.4733480994645043	-0.9075013456215277
5.698000000000238	0.4724377895833153	-0.9131152287474962
5.699000000000238	0.4715219239228529	-0.9186128832143645
5.700000000000238	0.4706007658520255	-0.9237000294223361
5.701000000000239	0.46967732040298	-0.9231876301130915
5.702000000000239	0.4687551116961472	-0.9212265478192283
5.703000000000239	0.4678349959022504	-0.9190018100780833
5.70400000000024	0.4669170725701595	-0.9168416304069104
5.70500000000024	0.4660012364579099	-0.9148273762389446
5.70600000000024	0.4650873361278284	-0.9129700713942832
5.707000000000241	0.4641726490874767	-0.9164007925384313
5.708000000000241	0.4632539598322515	-0.9209744855832565
5.709000000000241	0.4623307069265979	-0.9255280758436902
5.710000000000242	0.46140306233835	-0.9297578338067083
5.711000000000242	0.4604713785594161	-0.933606441474243
5.712000000000242	0.4595360316580078	-0.9370840643227466
5.713000000000243	0.4585999486981163	-0.9350785543176804
5.714000000000243	0.4576665310151924	-0.9317535182675347
5.715000000000243	0.4567365083755066	-0.9282884783135238
5.716000000000244	0.455809861754392	-0.9250014915493885
5.717000000000244	0.4548838077573254	-0.9271032308248469
5.718000000000244	0.4539550234860411	-0.9304620288498388
5.719000000000245	0.4530228355043637	-0.9339106380840024
5.720000000000245	0.4520873100538312	-0.9371369532537384
5.721000000000245	0.4511487028014811	-0.9400742293051061
5.722000000000246	0.4502073018499703	-0.9427243401689235
5.723000000000246	0.4492633844974843	-0.9451070208218342
5.724000000000246	0.4483172067248365	-0.947245170956884
5.725000000000247	0.4473715704372713	-0.9440240510507294
5.726000000000247	0.4464297598777241	-0.939593726973787
5.727000000000247	0.4454898297660049	-0.9402631605636818
5.728000000000248	0.4445485921022007	-0.9422088250024393
5.729000000000248	0.4436053146531961	-0.9443427222180935
5.730000000000248	0.4426599580702465	-0.9463670839996982
5.731000000000249	0.4417126671598955	-0.9482113686357885
5.732000000000249	0.4407636254487871	-0.9498686777764784
5.733000000000249	0.4398130145127703	-0.9513498113554364
5.73400000000025	0.4388610032881587	-0.9526692484659377
5.73500000000025	0.4379077461853621	-0.9538415617718433
5.73600000000025	0.4369559530079326	-0.9497414014337234
5.737000000000251	0.4360062538799372	-0.9496534688625375
5.738000000000251	0.4350561223723419	-0.9506061575926014
5.739000000000251	0.4341049423436364	-0.9517505058441443
5.740000000000252	0.4331526398847335	-0.9528510124829839
5.741000000000252	0.432199288329297	-0.9538486936661629
5.742000000000252	0.4312449947989573	-0.954734957425413
5.743000000000253	0.4302898681495962	-0.9555149272331271
5.744000000000253	0.4293340105036725	-0.9561969464388473
5.745000000000253	0.428377515492303	-0.9567896543477833
5.746000000000254	0.4274204683166924	-0.9573012714494651
5.747000000000254	0.4264603770805661	-0.9628777629832864
5.748000000000254	0.4254968095723504	-0.9642538016725233
5.749000000000255	0.4245324718169822	-0.9644182530196835
5.750000000000255	0.4235681431071296	-0.9642357091669161
5.751000000000255	0.4226040456001615	-0.9639558465766719
5.752000000000256	0.4216402407395404	-0.963650416023427
5.753000000000256	0.420676743886765	-0.9633398304959743
5.754000000000256	0.4197135574641517	-0.9630295553231469
5.755000000000257	0.4187506805335287	-0.9627208461404747
5.756000000000257	0.4177855420049845	-0.967552741550823
5.757000000000257	0.4168150678649967	-0.9733920483486802
5.758000000000258	0.4158388260465556	-0.9790880762019107
5.759000000000258	0.4148571057416537	-0.9843490000323876
5.760000000000258	0.413872935450486	-0.9839880383815871
5.761000000000259	0.4128898605985858	-0.9821581239118838
5.762000000000259	0.4119087565640713	-0.9800464091892475
5.763000000000259	0.4109297403122886	-0.9779825644616887
5.76400000000026	0.4099527226160317	-0.9760493038418164
5.76500000000026	0.4089775665693799	-0.9742592704743346
5.76600000000026	0.4080015624590269	-0.9777454266944966
5.767000000000261	0.4070215061351724	-0.9823636813518897
5.768000000000261	0.4060368467016854	-0.9869516278279107
5.769000000000261	0.4050477657978895	-0.9912066044775123
5.770000000000262	0.4040546247422571	-0.9950719152987483
5.771000000000262	0.4030603773065505	-0.9934193590968317
5.772000000000262	0.4020684607066268	-0.9904102506455723
5.773000000000263	0.4010796407695377	-0.9872260431279634
5.774000000000263	0.4000939318719341	-0.9841881814447418
5.775000000000263	0.3991111508409592	-0.9813703189944416
5.776000000000264	0.398128505689926	-0.9839164205774413
5.777000000000264	0.3971427061677069	-0.9876790484507094
5.778000000000264	0.3961531200868346	-0.9914895226632529
5.779000000000265	0.3951598543032249	-0.9950384390789248
5.780000000000265	0.394163202145547	-0.998262257005869
5.781000000000265	0.3931634862053028	-1.001165991578103
5.782000000000266	0.3921635849155885	-0.9986329537659288
5.783000000000266	0.3911668555598645	-0.9948221336298527
5.784000000000266	0.3901739881015114	-0.9909091715841645
5.785000000000267	0.3891823557980725	-0.9923518268221623
5.786000000000267	0.388188637263736	-0.9950816243152686
5.787000000000267	0.3871921217376819	-0.9979457985986031
5.788000000000268	0.3861928304583749	-1.000633119231016
5.789000000000268	0.3851909750738371	-1.003073998232804
5.790000000000268	0.3841868029845647	-1.005266518767453
5.791000000000269	0.3831805543662773	-1.007227047199761
5.792000000000269	0.3821724514868877	-1.008975032714496
5.793000000000269	0.3811652665967628	-1.00539107053159
5.79400000000027	0.3801622564542668	-1.000625551222226
5.79500000000027	0.3791614487773368	-1.000986145980087
5.79600000000027	0.3781596313474779	-1.002645051929871
5.797000000000271	0.3771560511073737	-1.004511758565748
5.798000000000271	0.3761506500351023	-1.006286708143181
5.799000000000271	0.3751435562100557	-1.007897256459449
5.800000000000272	0.3741349381900928	-1.009335090932836
5.801000000000272	0.3731249639994774	-1.010609591333901
5.802000000000272	0.3721137901207496	-1.011734461298619
5.803000000000273	0.3711015596728571	-1.012722724327383
5.804000000000273	0.3700884028519719	-1.013587202424794
5.805000000000273	0.3690744377430925	-1.014339295889796
5.806000000000274	0.3680597715479449	-1.014989370928904
5.807000000000274	0.3670445015821717	-1.015546833466859
5.808000000000274	0.3660287161573746	-1.016020285627995
5.809000000000275	0.3650124954281239	-1.016417439321782
5.810000000000275	0.3639959121922788	-1.016745296034135
5.811000000000275	0.3629790325747125	-1.017010200226667
5.812000000000276	0.3619619166467686	-1.017217914475975
5.813000000000276	0.3609446190260154	-1.017373583735253
5.814000000000276	0.3599246200203948	-1.022620672827091
5.815000000000277	0.3589014621584378	-1.023691283332126
5.816000000000277	0.3578778286321983	-1.023571998192806
5.817000000000277	0.3568544780446993	-1.02312540545034
5.818000000000278	0.3558316137897717	-1.022599333403996
5.819000000000278	0.3548092802825649	-1.022063910532868
5.820000000000278	0.3537874774254311	-1.021538033787907
5.821000000000279	0.3527661936305674	-1.021025786485843
5.822000000000279	0.3517454152721645	-1.020527161315246
5.823000000000279	0.350722559776202	-1.025180052519007
5.82400000000028	0.349694542749233	-1.030850202838581
5.82500000000028	0.3486609228489744	-1.036385776959016
5.82600000000028	0.3476245527916726	-1.036350505317796
5.827000000000281	0.3465889591264704	-1.034832994193217
5.828000000000281	0.3455550386346772	-1.033004163259352
5.829000000000281	0.3445229388602795	-1.031191564719383
5.830000000000282	0.3434926013378906	-1.02947966435389
5.831000000000282	0.3424639178039113	-1.027883592622574
5.832000000000282	0.3414342050024113	-1.031538194181947
5.833000000000283	0.3404002829852448	-1.036302006950782
5.834000000000283	0.3393616225354383	-1.041015040480867
5.835000000000283	0.3383184246505537	-1.045376858856656
5.836000000000284	0.3372710680750061	-1.049332404948055
5.837000000000284	0.3362225220917112	-1.047755668506265
5.838000000000284	0.3351762378017846	-1.044809025186584
5.839000000000285	0.3341329937098975	-1.041675282308847
5.840000000000285	0.3330928158810213	-1.038676509159993
5.841000000000285	0.3320555318123809	-1.035887771207332
5.842000000000286	0.3310183594028968	-1.038453189882895
5.843000000000286	0.3299780174885283	-1.042226767805132
5.844000000000286	0.3289338817533228	-1.046040816053302
5.845000000000287	0.3278860661737378	-1.049586441474126
5.846000000000287	0.3268348705533808	-1.052800883613576
5.847000000000287	0.325783192969515	-1.050550365299925
5.848000000000288	0.3247344201002287	-1.046991463891539
5.849000000000288	0.3236892720276477	-1.043300784027726
5.850000000000288	0.3226477218286924	-1.039795728696606
5.851000000000289	0.321606979085072	-1.041685875018144
5.852000000000289	0.3205637147024678	-1.044838995903075
5.853000000000289	0.3195172496555819	-1.048087190278725
5.85400000000029	0.3184676450545688	-1.051118091074895
5.85500000000029	0.3174151517301128	-1.053864625011442
5.85600000000029	0.3163600534495937	-1.056327992102045
5.857000000000291	0.3153026235834256	-1.058527786227305
5.858000000000291	0.3142456839816853	-1.055347463716378
5.859000000000291	0.3131925373245055	-1.050941909943089
5.860000000000292	0.3121412541473413	-1.051620509317252
5.861000000000292	0.3110886613236849	-1.053561196687815
5.862000000000292	0.3100340402352808	-1.055677029880107
5.863000000000293	0.3089773639888518	-1.057671503700602
5.864000000000293	0.3079187886982924	-1.059475109686486
5.865000000000293	0.3068585079990591	-1.061082313316645
5.866000000000294	0.3057967124042672	-1.062504893785082
5.867000000000294	0.3047335789469604	-1.063758031990836
5.868000000000294	0.3036718388278141	-1.059718221360362
5.869000000000295	0.3026121421073664	-1.059671240940817
5.870000000000295	0.301551980573423	-1.060647845289379
5.871000000000295	0.3004907541868851	-1.061800940815254
5.872000000000296	0.2994284034279403	-1.062896584565578
5.873000000000296	0.298365014580169	-1.063877113255476
5.874000000000296	0.2973007064672528	-1.064735110090083
5.875000000000297	0.2962355984773685	-1.065476862876763
5.876000000000297	0.2951698021556192	-1.066111769926702
5.877000000000297	0.2941034196736498	-1.066649179809992
5.878000000000298	0.2930339746802021	-1.072236780052854
5.879000000000298	0.2919610488312588	-1.073610876387997
5.880000000000298	0.2908873606578024	-1.073761424902767
5.881000000000299	0.2898137008735037	-1.073554096878943
5.882000000000299	0.2887403019765808	-1.073239649838797
5.883000000000299	0.2876672347189991	-1.072890818157336
5.8840000000003	0.2865945228613923	-1.072528849944768
5.8850000000003	0.2855221763940327	-1.072160037762395
5.8860000000003	0.2844502011938051	-1.071786315808441
5.887000000000301	0.283378601817957	-1.071408389154396
5.888000000000301	0.2823048128020149	-1.076165586460631
5.889000000000301	0.2812283349028478	-1.076786144178797
5.890000000000302	0.2801518135305383	-1.076252531315994
5.891000000000302	0.2790759733022382	-1.075423857475081
5.892000000000302	0.2780009868721198	-1.074544936928281
5.893000000000303	0.276926870732591	-1.073683278341281
5.894000000000303	0.2758535994656606	-1.072855193688687
5.895000000000303	0.27478113857697	-1.072062523695805
5.896000000000304	0.2737094536747277	-1.071303222503443
5.897000000000304	0.2726359433926938	-1.075713275142
5.898000000000304	0.2715575065874457	-1.081156249041487
5.899000000000305	0.2704762561885241	-1.081340450595838
5.900000000000305	0.26939553163651	-1.080104555991458
5.901000000000305	0.2683162022476886	-1.078550128279839
5.902000000000306	0.2672384316057204	-1.076987066984198
5.903000000000306	0.2661621875819508	-1.075496896470051
5.904000000000306	0.2650873891124839	-1.074095962668221
5.905000000000307	0.2640139479623083	-1.072782261851449
5.906000000000307	0.2629392107505047	-1.07668807981785
5.907000000000307	0.2618600281698619	-1.081672981457783
5.908000000000308	0.2607758999884596	-1.086579261353337
5.909000000000308	0.2596870538755324	-1.091108825378173
5.910000000000308	0.2585964637620524	-1.090067254628838
5.911000000000309	0.2575076254994401	-1.087605129110765
5.912000000000309	0.256421368126933	-1.084905483051315
5.913000000000309	0.2553377663582589	-1.082293930375585
5.91400000000031	0.2542566925798385	-1.079849511002321
5.91500000000031	0.2531754054524203	-1.082720626402042
5.91600000000031	0.2520906606249582	-1.086764896766164
5.917000000000311	0.2510018671776504	-1.090817849511303
5.918000000000311	0.2499091691252174	-1.094574090975415
5.919000000000311	0.2488128934083542	-1.097973163569652
5.920000000000312	0.2477159627847205	-1.095883900854252
5.921000000000312	0.24662178615682	-1.092465181448839
5.922000000000312	0.2455311033801185	-1.088896210638395
5.923000000000313	0.2444439055029746	-1.085495394497733
5.924000000000313	0.2433574163794903	-1.087478704899681
5.925000000000313	0.2422683190635388	-1.090711768352854
5.926000000000314	0.2411759475857468	-1.094027014953799
5.927000000000314	0.2400803756038327	-1.097112763246918
5.928000000000314	0.238981865702463	-1.099902841513379
5.929000000000315	0.2378807122180533	-1.1023999180966
5.930000000000315	0.2367797676975807	-1.099484913314326
5.931000000000315	0.2356823658049709	-1.09531467480336
5.932000000000316	0.2345891750437928	-1.091062665456958
5.933000000000316	0.2334975491773429	-1.092184890243034
5.934000000000316	0.2324041490877741	-1.09461110381824
5.935000000000317	0.2313082479005296	-1.097187074934463
5.936000000000317	0.2302098522278513	-1.099600064048736
5.937000000000317	0.2291091605286541	-1.101779118093196
5.938000000000318	0.2280064081507746	-1.103721412434251
5.939000000000318	0.2269018243128283	-1.10544203012558
5.940000000000318	0.2257981907198672	-1.101820925027264
5.941000000000319	0.2246987734893086	-1.097009320417406
5.942000000000319	0.2236016098526977	-1.097313744716829
5.943000000000319	0.222503496559209	-1.098908629479505
5.94400000000032	0.2214036878883989	-1.100704491806185
5.94500000000032	0.220302132374625	-1.102402307656424
5.94600000000032	0.2191989639711499	-1.103930263972571
5.947000000000321	0.2180943562149396	-1.105281006557791
5.948000000000321	0.2169884812330107	-1.106464709502927
5.949000000000321	0.2158814992370714	-1.107495029289268
5.950000000000322	0.2147761342662773	-1.103230664394814
5.951000000000322	0.2136730324158792	-1.102968796173014
5.952000000000322	0.2125696740392608	-1.10374371483416
5.953000000000323	0.2114654463016033	-1.104707513897121
5.954000000000323	0.2103602777489421	-1.105625340215285
5.955000000000323	0.2092542436660444	-1.106438570036049
5.956000000000324	0.2081474528425546	-1.107138817487384
5.957000000000324	0.2070400155554408	-1.107731493799596
5.958000000000324	0.2059320351265223	-1.108225098013421
5.959000000000325	0.2048236062172942	-1.108628451703791
5.960000000000325	0.2037148149349457	-1.108949841875332
5.961000000000325	0.2026057394262551	-1.10919690231436
5.962000000000326	0.2014964506236877	-1.109376427833094
5.963000000000326	0.2003870129281819	-1.1094946866482
5.964000000000326	0.1992774847853279	-1.109557321217117
5.965000000000327	0.1981679192453959	-1.109569479701344
5.966000000000327	0.1970583644824306	-1.109535766371849
5.967000000000327	0.1959488642894924	-1.109460338909321
5.968000000000328	0.1948394584614185	-1.109347036064804
5.969000000000328	0.193727613792693	-1.114338009860411
5.970000000000328	0.1926128603052533	-1.115164661325833
5.971000000000329	0.1914978697342494	-1.114812175137521
5.972000000000329	0.1903833904683383	-1.114142052184353
5.973000000000329	0.1892696166116898	-1.113401358413209
5.97400000000033	0.1881565840524808	-1.112659459251947
5.97500000000033	0.1870442849391	-1.111934468680055
5.97600000000033	0.1859327006160649	-1.111229880419105
5.977000000000331	0.1848218109709224	-1.110545114682292
5.978000000000331	0.1837090274883284	-1.115017547105321
5.979000000000331	0.1825912605988952	-1.120511908192866
5.980000000000332	0.1814706335975876	-1.120737758895232
5.981000000000332	0.1803504951948461	-1.119534712059979
5.982000000000332	0.1792317231896355	-1.11800496823721
5.983000000000333	0.1781144889412959	-1.11645920339375
5.984000000000333	0.176998767166561	-1.114980026014504
5.985000000000333	0.1758844828456183	-1.113584300514944
5.986000000000334	0.1747715532018637	-1.112270676031117
5.987000000000334	0.1736573297089831	-1.116171992906788
5.988000000000334	0.172538667531866	-1.121148026458381
5.989000000000335	0.1714150705165712	-1.126041649288551
5.990000000000335	0.1702893391705984	-1.125416678692874
5.991000000000335	0.1691649518344283	-1.123353634049667
5.992000000000336	0.1680427636426128	-1.121018397675777
5.993000000000336	0.1669228849637482	-1.118734616278118
5.994000000000336	0.1658052237080805	-1.116583559065821
5.995000000000337	0.1646896409848902	-1.114577558578055
5.996000000000337	0.1635734257733525	-1.117848532503082
5.997000000000337	0.1624533730957721	-1.122252474968312
5.998000000000338	0.1613289310226481	-1.126627305749065
5.999000000000338	0.1602002799638264	-1.130670429219214
6.000000000000338	0.1590703494775032	-1.129186154983382
6.001000000000339	0.1579425949892127	-1.126318440811519
6.002000000000339	0.1568178105926755	-1.123245982230404
6.003000000000339	0.1556960397186754	-1.120291406671452
6.00400000000034	0.1545771263221974	-1.117531037525299
6.00500000000034	0.1534583032912073	-1.120110675288883
6.00600000000034	0.1523363030152189	-1.123885514415013
6.007000000000341	0.1512105135468082	-1.127689044646001
6.008000000000341	0.1500810599230959	-1.131213810014986
6.009000000000341	0.1489482517760824	-1.134398077448289
6.010000000000342	0.1478149972074202	-1.132106650826103
6.011000000000342	0.1466846922573078	-1.128498851083342
6.012000000000342	0.1455580641218877	-1.124753035017914
6.013000000000343	0.1444350919658248	-1.121186905877082
6.014000000000343	0.1433129908317818	-1.123010993655316
6.015000000000343	0.1421884363362584	-1.126093618576941
6.016000000000344	0.1410607536296519	-1.129267402932719
6.017000000000344	0.1399300075087959	-1.132220434439492
6.018000000000344	0.1387964521393347	-1.134885888496676
6.019000000000345	0.137660374184209	-1.137265595239833
6.020000000000345	0.1365246193286694	-1.13423968988669
6.021000000000345	0.1353925150574984	-1.129964440041552
6.022000000000346	0.1342647242237751	-1.125612831126232
6.023000000000346	0.1331385954492111	-1.126640327533623
6.024000000000346	0.1320107849275661	-1.128976318067836
6.025000000000347	0.130880561521686	-1.131466085934597
6.026000000000347	0.129747927923356	-1.133796692910177
6.027000000000347	0.1286130789221434	-1.13589688240376
6.028000000000348	0.1274762465087718	-1.137763508839202
6.029000000000348	0.1263402263269934	-1.134272421740935
6.030000000000348	0.1252083004708993	-1.129574872811177
6.031000000000349	0.1240810909376436	-1.124839793845315
6.032000000000349	0.1229559095368876	-1.125518615111039
6.033000000000349	0.1218293791700457	-1.127537720139337
6.03400000000035	0.1207007383595207	-1.129739493628575
6.03500000000035	0.1195699621541434	-1.131808500900368
6.03600000000035	0.1184372202814232	-1.13367082003575
6.037000000000351	0.11730272212213	-1.135321066588759
6.038000000000351	0.1161666733375744	-1.136772063909063
6.039000000000351	0.1150318342546205	-1.132901667524198
6.040000000000352	0.1139014516059734	-1.127859212131278
6.041000000000352	0.1127735450940097	-1.127949403264875
6.042000000000352	0.1116448955371445	-1.129345298466292
6.043000000000353	0.11051474266288	-1.130956031627581
6.044000000000353	0.1093830217510908	-1.132481366829838
6.045000000000353	0.1082498546992365	-1.133848305552259
6.046000000000354	0.1071154041309081	-1.13504839421224
6.047000000000354	0.105979832329919	-1.136090765946115
6.048000000000354	0.104843290568557	-1.136988310626912
6.049000000000355	0.1037084865769102	-1.132615232783296
6.050000000000355	0.1025760496798082	-1.13225413027572
6.051000000000355	0.1014434529104544	-1.132934976144509
6.052000000000356	0.1003100786256726	-1.133809157577635
6.053000000000356	0.09917585114172782	-1.134641370624408
6.054000000000356	0.09804084186192481	-1.1353727457324
6.055000000000357	0.09690515594629431	-1.135994639134047
6.056000000000357	0.09576890030846429	-1.13651218740962
6.057000000000357	0.09463217521621656	-1.136933545645316
6.058000000000358	0.09349507253564929	-1.137267362089521
6.059000000000358	0.09235767573231607	-1.137521789550231
6.060000000000358	0.0912200605276411	-1.137704163448101
6.061000000000359	0.09008229560061373	-1.13782123320466
6.062000000000359	0.08894444319178951	-1.137879126240921
6.063000000000359	0.08780655975320867	-1.137883292143903
6.06400000000036	0.08666869650064531	-1.137838753838411
6.06500000000036	0.08553089987402095	-1.137750040086144
6.06600000000036	0.08439321200107572	-1.1376212464714
6.067000000000361	0.08325567110420533	-1.137456088083458
6.068000000000361	0.08211574248974493	-1.142396671866845
6.069000000000361	0.08097295457072391	-1.143174685574249
6.070000000000362	0.07982997752788112	-1.142774918353227
6.071000000000362	0.07868755843210466	-1.142058793219854
6.072000000000362	0.07754589018763233	-1.141273218286247
6.073000000000363	0.07640500754977154	-1.140487582680989
6.074000000000363	0.07526490156864327	-1.139719907476989
6.075000000000363	0.07412555252947066	-1.138973701354659
6.076000000000364	0.07298693927481595	-1.138248340949753
6.077000000000364	0.07184647228802452	-1.142681157982747
6.078000000000364	0.07070363021601329	-1.142998501702185
6.079000000000365	0.06956103833712038	-1.142180772365009
6.080000000000365	0.06841940296517741	-1.141085491199248
6.081000000000365	0.06727887998702203	-1.139955988805397
6.082000000000366	0.0661394706600627	-1.138858192834477
6.083000000000366	0.06500113576882209	-1.137807121248171
6.084000000000366	0.06386382819237139	-1.136803566956567
6.085000000000367	0.06272750196879578	-1.135844419026148
6.086000000000367	0.06158954521681208	-1.140064617052291
6.087000000000367	0.06044684688023814	-1.145327569274517
6.088000000000368	0.05930151040989153	-1.145340873927583
6.089000000000368	0.05815686666002896	-1.143942130721045
6.090000000000368	0.0570137773710391	-1.142231957987642
6.091000000000369	0.05587239933493243	-1.140519631383065
6.092000000000369	0.05473269417259467	-1.138886216734553
6.093000000000369	0.05359457507531156	-1.137347507224612
6.09400000000037	0.05245794856475972	-1.135901048862566
6.09500000000037	0.05132015634274756	-1.139678925299104
6.09600000000037	0.0501780442941089	-1.144540684882214
6.097000000000371	0.04903110748740485	-1.149328422215523
6.098000000000371	0.04788213824074488	-1.148605556554303
6.099000000000371	0.0467346074847508	-1.146451446287784
6.100000000000372	0.04558936385497595	-1.144031312861677
6.101000000000372	0.04444651179980337	-1.141668306246866
6.102000000000372	0.04330595380737794	-1.13944319615509
6.103000000000373	0.04216754616661089	-1.137367611160184
6.104000000000373	0.04102857344777889	-1.140573349849026
6.105000000000373	0.03988582645022567	-1.144916153557719
6.106000000000374	0.03873874920356413	-1.14923383083912
6.107000000000374	0.03759008802220432	-1.148084016527249
6.108000000000374	0.03644327250252776	-1.145542514533261
6.109000000000375	0.03529911350936592	-1.14277097375314
6.110000000000375	0.03415768112663355	-1.140089304212338
6.111000000000375	0.03301884672941467	-1.137575012765616
6.112000000000376	0.0318824385321527	-1.135236913669508
6.113000000000376	0.03074571427384773	-1.138207133446946
6.114000000000376	0.0296054400256573	-1.142336879325201
6.115000000000377	0.02846103864296444	-1.146461386071499
6.116000000000377	0.02731266779696444	-1.15027579018349
6.117000000000377	0.02616323660518187	-1.148582073325191
6.118000000000378	0.02501618212485687	-1.145522376479029
6.119000000000378	0.0238722816987672	-1.142273977129051
6.120000000000378	0.02273156346671351	-1.139158000799199
6.121000000000379	0.02159385764970302	-1.136249158773903
6.122000000000379	0.02045895427494194	-1.133553127212458
6.123000000000379	0.01932406945217332	-1.136212054758303
6.12400000000038	0.01818592923585968	-1.140063901400508
6.12500000000038	0.01704392641669362	-1.143937245177857
6.12600000000038	0.01589819373057621	-1.14752362054496
6.127000000000381	0.01475161849750254	-1.145622335694177
6.128000000000381	0.01360761811172011	-1.142373936014307
6.129000000000381	0.01246695191727432	-1.138953966065963
6.130000000000382	0.01132963181816228	-1.135681758445146
6.131000000000382	0.01019547321913709	-1.132630978270774
6.132000000000382	0.009061682708721649	-1.134945582622022
6.133000000000383	0.007924968628136545	-1.138478107063784
6.134000000000383	0.006784697373785764	-1.142059916120085
6.135000000000383	0.00564097424724953	-1.145381837821104
6.136000000000384	0.004494090997374325	-1.148380150337721
6.137000000000384	0.003346939327077744	-1.145918677584686
6.138000000000384	0.00220290022794209	-1.142155020242855
6.139000000000385	0.001062687293696505	-1.138266362844699
6.140000000000385	-7.373277496839259e-05	-1.134569303996554
6.141000000000385	-0.00120915620017702	-1.136273079853161
6.142000000000386	-0.002346917520155128	-1.139245084344779
6.143000000000386	-0.003487700850777356	-1.142317089265335
6.144000000000386	-0.004631449943379722	-1.145176596656213
6.145000000000387	-0.005777918424724962	-1.14775585607747
6.146000000000387	-0.006924256919665234	-1.144916624387485
6.147000000000387	-0.008067123101735916	-1.140811244033144
6.148000000000388	-0.009205837407151212	-1.136612887450272
6.149000000000388	-0.01034046360152614	-1.132635038080464
6.150000000000388	-0.01147382551461068	-1.134084329895007
6.151000000000389	-0.01260928274638357	-1.136825667273151
6.152000000000389	-0.01374754207635997	-1.139688515344021
6.153000000000389	-0.01488856765303061	-1.142358149850945
6.15400000000039	-0.01603213165187276	-1.144765349778849
6.15500000000039	-0.01717797135902778	-1.146909557608226
6.15600000000039	-0.01832326285386394	-1.143668927386058
6.157000000000391	-0.0194646985189311	-1.13919791333008
6.158000000000391	-0.02060163362296027	-1.134667823110555
6.159000000000391	-0.02173673614687406	-1.135532760411426
6.160000000000392	-0.02287336506521067	-1.137720606063348
6.161000000000392	-0.02401226526010496	-1.140075304710766
6.162000000000392	-0.02515344651488871	-1.142282716994317
6.163000000000393	-0.02629672553820789	-1.144270833661056
6.164000000000393	-0.02744188085657244	-1.146035299841981
6.165000000000393	-0.02858869587540855	-1.147590228219413
6.166000000000394	-0.0297344005292833	-1.143814574433198
6.167000000000394	-0.03087573937874591	-1.138858636714829
6.168000000000395	-0.03201211551009579	-1.133889157878449
6.169000000000395	-0.03314623828883052	-1.134351940506589
6.170000000000395	-0.03428150370811443	-1.136174434652142
6.171000000000396	-0.03541869218647366	-1.138198051270772
6.172000000000396	-0.03655784636073724	-1.140105818913417
6.173000000000396	-0.03769881291264768	-1.141822799626545
6.174000000000397	-0.03884139775749321	-1.143342398615315
6.175000000000397	-0.03998283154173424	-1.139520683141444
6.176000000000397	-0.04111985310590463	-1.134517976021153
6.177000000000398	-0.042251866743253	-1.12950484938925
6.178000000000398	-0.04338158668756025	-1.129930599166374
6.179000000000398	-0.04451241440154686	-1.131720384612233
6.180000000000399	-0.04564513420277335	-1.133714766434581
6.181000000000399	-0.04677979173253307	-1.135595834294619
6.182000000000399	-0.04791623596470964	-1.137288164484598
6.1830000000004	-0.04905427478594524	-1.138785006390716
6.1840000000004	-0.05019371831480881	-1.140097574471435
6.1850000000004	-0.05133182060081422	-1.136102526199924
6.186000000000401	-0.05246534810193208	-1.130948022929469
6.187000000000401	-0.05359629319320378	-1.130937716916858
6.188000000000401	-0.05472788610895329	-1.13224366961001
6.189000000000402	-0.05586089725686401	-1.133774175944417
6.190000000000402	-0.0569954006353422	-1.135228125166257
6.191000000000402	-0.05813128283394869	-1.136531811074545
6.192000000000403	-0.05926838903493307	-1.137676125410346
6.193000000000403	-0.06040656408890689	-1.138669513157693
6.194000000000403	-0.0615456632780178	-1.139524392363659
6.195000000000404	-0.06268298498940479	-1.135114565002392
6.196000000000404	-0.06381533677437187	-1.129584559353657
6.197000000000404	-0.06494474846778929	-1.12923439376617
6.198000000000405	-0.06607448431190399	-1.130232859801529
6.199000000000405	-0.06720534551955627	-1.13148511675582
6.200000000000405	-0.06833743397679973	-1.132687354505195
6.201000000000406	-0.06947066151109342	-1.133763266730414
6.202000000000406	-0.07060489612664712	-1.134701513424071
6.203000000000406	-0.07174000335318619	-1.135508485634294
6.204000000000407	-0.07287585720626555	-1.13619476393866
6.205000000000407	-0.07400977303749436	-1.131632449905704
6.206000000000407	-0.07514114398853612	-1.131105013921463
6.207000000000408	-0.07627251782932289	-1.131638229762374
6.208000000000408	-0.07740452985334009	-1.132381378263042
6.209000000000408	-0.0785372714711173	-1.133097414810948
6.210000000000409	-0.07967068548404585	-1.133726166325008
6.211000000000409	-0.08080467973395383	-1.134257886896897
6.212000000000409	-0.08193915915902324	-1.134696515154
6.21300000000041	-0.08307403431622	-1.135049350014629
6.21400000000041	-0.08420922328611617	-1.135324139743108
6.21500000000041	-0.08534208226911401	-1.130389385776777
6.216000000000411	-0.08647204165559914	-1.129524958511943
6.217000000000411	-0.08760168303280329	-1.129753368894772
6.218000000000411	-0.08873167231034261	-1.130220758258306
6.219000000000412	-0.08986212859718225	-1.130687386110792
6.220000000000412	-0.09099301971706449	-1.131090423091177
6.221000000000412	-0.09212427598869924	-1.131417688642615
6.222000000000413	-0.09325582263839748	-1.131671178543941
6.223000000000413	-0.0943875886749434	-1.131856461947839
6.224000000000413	-0.09551693946974762	-1.126840704993281
6.225000000000414	-0.09664331270932794	-1.125901363637076
6.226000000000414	-0.09776929643790568	-1.126061684994679
6.227000000000414	-0.09889556327073545	-1.126467571519764
6.228000000000415	-0.1000222386106289	-1.126878698015809
6.229000000000415	-0.1011492960251157	-1.12723171970965
6.230000000000415	-0.1022766711386569	-1.127514095385847
6.231000000000416	-0.1034042940188928	-1.127727252640284
6.232000000000416	-0.104532098025402	-1.127876347740043
6.233000000000416	-0.1056600219271777	-1.127967043226386
6.234000000000417	-0.1067854406032211	-1.122865906602055
6.235000000000417	-0.1079078005501784	-1.121849597547989
6.236000000000417	-0.1090296978514502	-1.121940617573831
6.237000000000418	-0.1101518124425732	-1.12228417693959
6.238000000000418	-0.1112742763416254	-1.122639232611216
6.239000000000418	-0.112397069123214	-1.122941941276907
6.240000000000419	-0.1135201318621236	-1.123179146754533
6.241000000000419	-0.114643399583651	-1.123351906273492
6.242000000000419	-0.1157668101615901	-1.123464859587322
6.24300000000042	-0.1168903064299375	-1.123523287328889
6.24400000000042	-0.1180112669520678	-1.118393377638071
6.24500000000042	-0.1191291415567543	-1.117351465076502
6.246000000000421	-0.1202465293534402	-1.117419764122532
6.247000000000421	-0.1213641130099438	-1.117743184536249
6.248000000000421	-0.1224820270575884	-1.118080545709319
6.249000000000422	-0.1236002533821467	-1.118367737745252
6.250000000000422	-0.1247187351596577	-1.118591451224163
6.251000000000422	-0.1258374093036448	-1.118752470558673
6.252000000000423	-0.1269562153758362	-1.118855307735855
6.253000000000423	-0.1280750977701389	-1.118905115107051
6.254000000000423	-0.129194005935023	-1.118906849427119
6.255000000000424	-0.1303128941137635	-1.118865143532246
6.256000000000424	-0.1314317209512633	-1.118784167825163
6.257000000000424	-0.1325504490757157	-1.118667718467344
6.258000000000425	-0.1336690447306933	-1.118519230042941
6.259000000000425	-0.1347874774308066	-1.118341810029831
6.260000000000425	-0.1359057196500125	-1.118138269631989
6.261000000000426	-0.1370237465429179	-1.117911158934162
6.262000000000426	-0.1381415356753087	-1.117662750201089
6.263000000000426	-0.1392590668209392	-1.117395187095271
6.264000000000427	-0.1403763217561189	-1.117110331057396
6.265000000000427	-0.1414932840289488	-1.116809864222661
6.266000000000427	-0.1426099388208892	-1.116495371167556
6.267000000000428	-0.1437262727931092	-1.116168226728139
6.268000000000428	-0.1448422739300816	-1.115829702670102
6.269000000000428	-0.1459579314248039	-1.11548094427272
6.270000000000429	-0.1470732355612346	-1.115122988173934
6.271000000000429	-0.148188177616751	-1.114756784569994
6.272000000000429	-0.1493027497669192	-1.114383179638479
6.27300000000043	-0.1504169449819532	-1.114002916494612
6.27400000000043	-0.1515307569718369	-1.113616731559993
6.27500000000043	-0.1526441801164029	-1.113225228107684
6.276000000000431	-0.1537572093841728	-1.112828980240645
6.277000000000431	-0.1548698402898159	-1.11242850614851
6.278000000000431	-0.155982068850219	-1.112024292075654
6.279000000000432	-0.1570938915377156	-1.111616762668157
6.280000000000432	-0.158205305240267	-1.111206324535036
6.281000000000432	-0.1593163072150389	-1.11079330947394
6.282000000000433	-0.1604268950266318	-1.110378000555561
6.283000000000433	-0.1615370665295499	-1.109960694515715
6.284000000000433	-0.1626468198959345	-1.109541729891596
6.285000000000434	-0.1637561535592953	-1.109121290881569
6.286000000000434	-0.1648650661530713	-1.10869959314519
6.287000000000434	-0.1659735565090133	-1.1082768176456
6.288000000000435	-0.1670816236390856	-1.107853143846163
6.289000000000435	-0.1681892667327657	-1.10742874730896
6.290000000000435	-0.1692964851392301	-1.107003771869587
6.291000000000436	-0.1704032783466042	-1.106578351589111
6.292000000000436	-0.171509645956113	-1.10615257860602
6.293000000000436	-0.1726155876959239	-1.105726614665604
6.294000000000437	-0.1737211034180058	-1.105300545624835
6.295000000000437	-0.174826193061722	-1.104874460415862
6.296000000000437	-0.1759308566379205	-1.104448413075345
6.297000000000438	-0.1770350942440813	-1.104022522830215
6.298000000000438	-0.178138906074039	-1.103596863162178
6.299000000000438	-0.1792422923782457	-1.103171473824886
6.300000000000439	-0.1803452534478927	-1.102746396542069
6.301000000000439	-0.1814477896249635	-1.102321691174915
6.302000000000439	-0.1825499013326408	-1.101897460260165
6.30300000000044	-0.1836515890484742	-1.10147370999431
6.30400000000044	-0.1847528532877909	-1.101050509736257
6.30500000000044	-0.1858536945959582	-1.100627850207052
6.306000000000441	-0.1869541135406232	-1.100205785245079
6.307000000000441	-0.1880541107506184	-1.099784383382706
6.308000000000441	-0.1891536868967669	-1.099363660068354
6.309000000000442	-0.1902528426682266	-1.098943636523291
6.310000000000442	-0.1913515787764909	-1.098524336196968
6.311000000000442	-0.1924498959552235	-1.098105779980735
6.312000000000443	-0.1935477949652514	-1.097688001309366
6.313000000000443	-0.1946452765799232	-1.097270991791658
6.314000000000443	-0.1957423415938052	-1.096854802253606
6.315000000000444	-0.1968389908341818	-1.096439447305949
6.316000000000444	-0.1979352251240693	-1.096024903800956
6.317000000000444	-0.1990310453143685	-1.095611250655773
6.318000000000445	-0.2001264522976206	-1.095198492233948
6.319000000000445	-0.2012214469534532	-1.09478659834438
6.320000000000445	-0.2023160301859403	-1.094375648071013
6.321000000000446	-0.2034102029242313	-1.093965612480822
6.322000000000446	-0.2045039660970192	-1.093556519593966
6.323000000000446	-0.2055973206542239	-1.093148383843521
6.324000000000447	-0.2066902675575933	-1.092741214453042
6.325000000000447	-0.2077828077776027	-1.092335019653138
6.326000000000447	-0.2088749422929067	-1.091929807572336
6.327000000000448	-0.2099666720799696	-1.09152556570094
6.328000000000448	-0.2110579981332973	-1.091122342632211
6.329000000000448	-0.2121489214707824	-1.090720136546073
6.330000000000449	-0.2132394431123802	-1.090318953387687
6.331000000000449	-0.2143295640850457	-1.08991880121161
6.332000000000449	-0.215419285423971	-1.089519688437439
6.33300000000045	-0.2165086081727548	-1.089121623458478
6.33400000000045	-0.217594963869469	-1.0835855966977
6.33500000000045	-0.2186778504290536	-1.082183363523513
6.336000000000451	-0.21975991060449	-1.081932832574547
6.337000000000451	-0.2208418666201747	-1.081975045424298
6.338000000000451	-0.2219238888848915	-1.082065331393123
6.339000000000452	-0.2230059918008658	-1.082136348643538
6.340000000000452	-0.2240881479571662	-1.082171812859884
6.341000000000452	-0.2251703209343786	-1.082169991426737
6.342000000000453	-0.2262524745221813	-1.08213303514364
6.343000000000453	-0.2273345750894899	-1.082063951674932
6.344000000000453	-0.2284140225524645	-1.07682683767961
6.345000000000454	-0.2294902862672879	-1.075696468606552
6.346000000000454	-0.2305659831907974	-1.075693258258971
6.347000000000454	-0.2316418121132999	-1.075960467127332
6.348000000000455	-0.2327179221886433	-1.07625556390986
6.349000000000455	-0.2337943086381319	-1.076513215410659
6.350000000000455	-0.2348709267845098	-1.076718957858044
6.351000000000456	-0.2359477246388772	-1.076872631763382
6.352000000000456	-0.2370246518841796	-1.076977740299697
6.353000000000456	-0.2381016621072978	-1.077038588148826
6.354000000000457	-0.2391787131552106	-1.077059390809238
6.355000000000457	-0.2402531975136134	-1.07190522001674
6.356000000000457	-0.2413245787017001	-1.070853063111303
6.357000000000458	-0.2423954685184191	-1.070922480237087
6.358000000000458	-0.2434665602865971	-1.071256966341191
6.359000000000458	-0.2445379979691907	-1.071614308835669
6.360000000000459	-0.2456097720060395	-1.071929674661684
6.361000000000459	-0.2466818333835647	-1.072188990191136
6.362000000000459	-0.2477541261615056	-1.072392475714443
6.36300000000046	-0.2488265964776409	-1.072544067012346
6.36400000000046	-0.2498991947488231	-1.072648386434876
6.36500000000046	-0.2509693065378786	-1.067571113353096
6.366000000000461	-0.2520363890699812	-1.066589885187908
6.367000000000461	-0.2531030484381067	-1.066724788127461
6.368000000000461	-0.2541699727795103	-1.067119831856051
6.369000000000462	-0.2552373013982333	-1.067533342353475
6.370000000000462	-0.2563050205173566	-1.067900832302076
6.371000000000462	-0.2573730772689938	-1.068208607233637
6.372000000000463	-0.2584414122448083	-1.068457280740969
6.373000000000463	-0.2595099684610803	-1.068651088454869
6.374000000000463	-0.2605786934918077	-1.068794910162563
6.375000000000464	-0.2616449703185478	-1.063754690940993
6.376000000000464	-0.2627056834725192	-1.05766758691773
6.377000000000464	-0.2637629326749007	-1.056826802066076
6.378000000000465	-0.2648200455488177	-1.057394931652683
6.379000000000465	-0.2658778807810847	-1.058271517174807
6.380000000000465	-0.2669365923410882	-1.059147584957048
6.381000000000466	-0.2679961393153317	-1.059942343648963
6.382000000000466	-0.2690564326099806	-1.060640224106865
6.383000000000466	-0.2701173766400853	-1.061243813269283
6.384000000000467	-0.2711788806853379	-1.061760253461533
6.385000000000467	-0.2722408615398004	-1.062197431070007
6.386000000000467	-0.2733006742647522	-1.05742400384556
6.387000000000468	-0.2743551784085442	-1.051580290045017
6.388000000000468	-0.2754064517819114	-1.050962476411363
6.389000000000468	-0.2764578021418468	-1.051734264072391
6.390000000000469	-0.2775100697024168	-1.052796875397131
6.391000000000469	-0.2785633916923402	-1.053843119984826
6.392000000000469	-0.2796177120798611	-1.054793668016974
6.39300000000047	-0.2806729280796536	-1.055634342349725
6.39400000000047	-0.28172893175821	-1.056369023781695
6.39500000000047	-0.282785621268373	-1.05700600419171
6.396000000000471	-0.2838403339325017	-1.052415340404036
6.397000000000471	-0.2848899126786868	-1.046738188912032
6.398000000000471	-0.2859338500843991	-1.041132681967479
6.399000000000472	-0.2869749367208049	-1.041036662264023
6.400000000000472	-0.2880166422535695	-1.042370473557768
6.401000000000472	-0.2890598139423819	-1.043968970043602
6.402000000000473	-0.2901045550332862	-1.045509273046123
6.403000000000473	-0.2911507671105015	-1.046910938350649
6.404000000000473	-0.2921983057588139	-1.048162411479115
6.405000000000474	-0.2932470243286867	-1.049270778271321
6.406000000000474	-0.2942967855333426	-1.05024767837092
6.407000000000474	-0.2953448864096149	-1.045950129010199
6.408000000000475	-0.2963881306247991	-1.040534375724745
6.409000000000475	-0.2974259828319158	-1.035166134405488
6.410000000000475	-0.2984612116047668	-1.035287518299195
6.411000000000476	-0.2994972674644018	-1.036820306104332
6.412000000000476	-0.3005349800708067	-1.038601006859563
6.413000000000476	-0.3015744365384298	-1.04030802324433
6.414000000000477	-0.3026155235826623	-1.041862155217901
6.415000000000477	-0.3036580833521506	-1.043253469498071
6.416000000000477	-0.3047019572346972	-1.044490377681835
6.417000000000478	-0.3057469971726678	-1.04558557725766
6.418000000000478	-0.3067904985226955	-1.041413208859012
6.419000000000478	-0.3078292662180989	-1.036118287048885
6.420000000000479	-0.3088627584695648	-1.030862342040958
6.421000000000479	-0.3098937347509938	-1.031086357678082
6.422000000000479	-0.3109256366285633	-1.032713532130666
6.42300000000048	-0.3119592859513112	-1.034581242774006
6.42400000000048	-0.3129947628857552	-1.036368749972652
6.42500000000048	-0.3140319479933086	-1.037997583900315
6.426000000000481	-0.3150706778901681	-1.039458324114475
6.427000000000481	-0.3161107887955211	-1.040759597038982
6.428000000000481	-0.3171495585246359	-1.03677597797393
6.429000000000482	-0.3181837752564612	-1.031653620795486
6.430000000000482	-0.3192128816812729	-1.026555384350453
6.431000000000482	-0.3202370535562625	-1.021784540883586
6.432000000000483	-0.3212566469618652	-1.01739846396517
6.433000000000483	-0.3222746109922495	-1.018525797817877
6.434000000000483	-0.3232943785309135	-1.021005475088274
6.435000000000484	-0.3243167112827494	-1.023656215896449
6.436000000000484	-0.325341619936371	-1.026157270368186
6.437000000000484	-0.3263689180229236	-1.028435074175694
6.438000000000485	-0.3273983802002275	-1.030485445141038
6.439000000000485	-0.3284272165608133	-1.02718344441015
6.440000000000485	-0.3294521504029351	-1.022680424082594
6.441000000000486	-0.330472565041973	-1.018145056395011
6.442000000000486	-0.3314885822719078	-1.013885623562438
6.443000000000486	-0.3325005090942486	-1.009964257738495
6.444000000000487	-0.3335086802992257	-1.006374404109609
6.445000000000487	-0.33451598536352	-1.008231980900078
6.446000000000487	-0.3355257916790935	-1.011376898687941
6.447000000000488	-0.3365387981612314	-1.014632303466682
6.448000000000488	-0.3375549577991272	-1.017683199832942
6.449000000000488	-0.3385740315461555	-1.020460512264083
6.450000000000489	-0.339593176406623	-1.017825427804332
6.451000000000489	-0.3406090559720837	-1.013929935718843
6.452000000000489	-0.3416209961839896	-1.009946736652096
6.45300000000049	-0.3426290660512358	-1.00618926208954
6.45400000000049	-0.3436335245803788	-1.002724075164388
6.45500000000049	-0.3446346630591862	-0.9995491750479635
6.456000000000491	-0.3456353316589674	-1.001784320183474
6.457000000000491	-0.3466388621536284	-1.005272955553269
6.458000000000491	-0.3476459211991613	-1.008841410222884
6.459000000000492	-0.3486564325819105	-1.012177618581463
6.460000000000492	-0.3496701309225649	-1.015215315627189
6.461000000000492	-0.3506841493547936	-1.012817801932411
6.462000000000493	-0.3516951297705198	-1.0091392952311
6.463000000000493	-0.3527023785955276	-1.005354635656813
6.464000000000493	-0.3537059471895422	-1.001778848204357
6.465000000000494	-0.3547060786476899	-0.9984803779748019
6.466000000000494	-0.3557030499102938	-0.9954584701369786
6.467000000000494	-0.3566971281831273	-0.9926944104596301
6.468000000000495	-0.3576911296956691	-0.9953049511940775
6.469000000000495	-0.3586883520299424	-0.9991360434193466
6.470000000000495	-0.3596894303492042	-1.003016908346446
6.471000000000496	-0.3606942596241421	-1.006637942353112
6.472000000000496	-0.3616999788336351	-1.004796775583907
6.473000000000496	-0.3627031948010489	-1.001631468809353
6.474000000000497	-0.3637031701240053	-0.9983154999882433
6.475000000000497	-0.3646999129526439	-0.9951664934527999
6.476000000000497	-0.3656936260884814	-0.9922561269101918
6.477000000000498	-0.3666845497851314	-0.9895876267107613
6.478000000000498	-0.3676729181666425	-0.9871455073974386
6.479000000000498	-0.368658948003071	-0.9849105465083633
6.480000000000499	-0.3696428371247755	-0.9828640871800053
6.481000000000499	-0.37062733464745	-0.9861273475932651
6.482000000000499	-0.3716156760697973	-0.9905518738176268
6.4830000000005	-0.372605870588133	-0.9898335341759348
6.4840000000005	-0.3735946892994637	-0.9878002662502838
6.4850000000005	-0.3745813632301085	-0.9855439820603697
6.486000000000501	-0.3755658198938664	-0.9833657419921132
6.487000000000501	-0.3765481742484324	-0.9813393727656515
6.488000000000501	-0.3775285827457263	-0.9794740359594772
6.489000000000502	-0.378507202149181	-0.9777611930208756
6.490000000000502	-0.379484178825017	-0.976188588116795
6.491000000000502	-0.3804596467509658	-0.9747437001482244
6.492000000000503	-0.3814337277110851	-0.9734146629117287
6.493000000000503	-0.3824091016659487	-0.9773296863071603
6.494000000000503	-0.3833889416187157	-0.9823466438219597
6.495000000000504	-0.3843712003059261	-0.9821671477863135
6.496000000000504	-0.3853525977386694	-0.980624139450408
6.497000000000504	-0.3863323185048751	-0.9788138222448443
6.498000000000505	-0.3873102479690468	-0.9770415433298687
6.499000000000505	-0.3882864630552918	-0.9753850740544713
6.500000000000505	-0.3892610858154053	-0.9738568982815554
6.501000000000506	-0.3902342419088463	-0.9724517474633272
6.502000000000506	-0.3912060495255604	-0.9711599511491085
6.503000000000506	-0.3921766170933647	-0.9699716555678922
6.504000000000507	-0.3931460433038934	-0.968877242161738
6.505000000000507	-0.3941144177651502	-0.9678681622605798
6.506000000000507	-0.3950818218538209	-0.9669365019293865
6.507000000000508	-0.3960483294188822	-0.9660751197125209
6.508000000000508	-0.3970140075167793	-0.9652775720275871
6.509000000000508	-0.3979789170086709	-0.9645379119073434
6.510000000000509	-0.3989431131791055	-0.9638509331188199
6.511000000000509	-0.3999066462771363	-0.9632117709230013
6.512000000000509	-0.4008695620099538	-0.962616206350039
6.51300000000051	-0.4018319019782854	-0.9620602454592616
6.51400000000051	-0.4027937040216183	-0.9615403597240186
6.51500000000051	-0.4037550025920154	-0.961053302835458
6.516000000000511	-0.4047158290689408	-0.9605961759161474
6.517000000000511	-0.4056736426933762	-0.9550276101753808
6.518000000000511	-0.4066253971607876	-0.948477885184582
6.519000000000512	-0.4075732556883979	-0.9472357460531183
6.520000000000512	-0.4085206037728193	-0.9474570020503555
6.521000000000512	-0.4094683519278422	-0.9480358872150766
6.522000000000513	-0.410416700906712	-0.9486586489834418
6.523000000000513	-0.4113656521160958	-0.9492403474834771
6.524000000000513	-0.4123151548821846	-0.9497617618220202
6.525000000000514	-0.4132651484790692	-0.950222008727843
6.526000000000514	-0.4142155737992432	-0.9506252082720544
6.527000000000514	-0.4151663763050945	-0.9509763801545984
6.528000000000515	-0.4161175064669605	-0.9512805205571683
6.529000000000515	-0.417066350159481	-0.9464034511255677
6.530000000000515	-0.4180097946546421	-0.9404821466839883
6.531000000000516	-0.4189473729206118	-0.9346710152449482
6.532000000000516	-0.4198819137242706	-0.9344072343799286
6.533000000000516	-0.4208169217352772	-0.9356054296635212
6.534000000000517	-0.4217532745716709	-0.9370968817324941
6.535000000000517	-0.4226911025021256	-0.9385556139050956
6.536000000000517	-0.4236303313635902	-0.9398987401477126
6.537000000000518	-0.4245708387146938	-0.9411125900269058
6.538000000000518	-0.4255124979916872	-0.9422025892332326
6.539000000000518	-0.4264551902420924	-0.9431785345908377
6.540000000000519	-0.4273988066390076	-0.9440508803907872
6.541000000000519	-0.4283406791149478	-0.9396907003333858
6.542000000000519	-0.4292776460451591	-0.9342398079289003
6.54300000000052	-0.430209196050707	-0.9288568718117703
6.54400000000052	-0.4311355465513014	-0.9238408180278173
6.54500000000052	-0.4320570910083397	-0.9192448032792535
6.546000000000521	-0.4329768122158926	-0.9201943269663698
6.547000000000521	-0.4338981738867677	-0.9225257254642927
6.548000000000521	-0.4348219658762406	-0.9250549568952647
6.549000000000522	-0.4357482245014699	-0.927458989594717
6.550000000000522	-0.4366767865924041	-0.9296618815185115
6.551000000000522	-0.4376074480139934	-0.9316576448590191
6.552000000000523	-0.4385400079018821	-0.933458808799891
6.553000000000523	-0.4394717022395833	-0.9299265490178207
6.554000000000523	-0.4403992778878333	-0.9252214460068353
6.555000000000524	-0.4413221475276152	-0.9205145502632284
6.556000000000524	-0.4422404626781699	-0.9161124851764118
6.557000000000524	-0.4431545583854526	-0.9120756801342836
6.558000000000525	-0.444064795437722	-0.908395190266342
6.559000000000525	-0.4449740867665348	-0.9101842379793519
6.560000000000525	-0.445885820815246	-0.9132806227933724
6.561000000000526	-0.4468007157372655	-0.9165059747923923
6.562000000000526	-0.4477187419354209	-0.9195431653841873
6.563000000000526	-0.448639676188177	-0.922322075121256
6.564000000000527	-0.4495632599659457	-0.9248422074692736
6.565000000000527	-0.4504866735373291	-0.9219816644116247
6.566000000000527	-0.4514066131218427	-0.9178942474874217
6.567000000000528	-0.4523224373439362	-0.9137509555849623
6.568000000000528	-0.4532342456587127	-0.9098624484981969
6.569000000000528	-0.4541423248217792	-0.9062926667798901
6.570000000000529	-0.4550469915884746	-0.903037669237029
6.571000000000529	-0.4559485494563467	-0.9000748815287558
6.572000000000529	-0.4568472780277235	-0.8973790876427662
6.57300000000053	-0.4577434318127636	-0.8949253193432005
6.57400000000053	-0.4586398112834735	-0.8978304595822432
6.57500000000053	-0.459539698713849	-0.9019412277058124
6.576000000000531	-0.4604437150786369	-0.9060883152690606
6.577000000000531	-0.4613491726612826	-0.9048236597730105
6.578000000000531	-0.4622526951850531	-0.902218205767667
6.579000000000532	-0.4631535203960199	-0.8994290450907269
6.580000000000532	-0.4640516223652807	-0.8967717333619156
6.581000000000532	-0.4649471698487168	-0.8943200838434596
6.582000000000533	-0.4658403714788444	-0.8920800364043791
6.583000000000533	-0.4667314324755623	-0.8900388259539439
6.584000000000533	-0.4676205434838189	-0.8881800677348936
6.585000000000534	-0.4685078786488356	-0.8864871471087539
6.586000000000534	-0.4693935960908295	-0.8849446287636675
6.587000000000534	-0.4702778391845635	-0.8835384571548842
6.588000000000535	-0.4711633073475104	-0.8873947642892781
6.589000000000535	-0.4720531909263685	-0.8923692749075121
6.590000000000535	-0.4729454584785061	-0.892162703915847
6.591000000000536	-0.4738368446192597	-0.8906064566515081
6.592000000000536	-0.4747265471170357	-0.8887954252777484
6.593000000000536	-0.4756144633103861	-0.8870338554707512
6.594000000000537	-0.4765006809795819	-0.8853983843259747
6.595000000000537	-0.4773853320039194	-0.8839005726451329
6.596000000000537	-0.4782685509596432	-0.8825342535143591
6.597000000000538	-0.4791504641844928	-0.8812891168673838
6.598000000000538	-0.480031187437041	-0.8801543144742247
6.599000000000538	-0.4809108260999335	-0.8791199427475243
6.600000000000539	-0.481789475932442	-0.8781766585617372
6.601000000000539	-0.4826672238230565	-0.8773160635093471
6.602000000000539	-0.4835415792823159	-0.8713918090735182
6.60300000000054	-0.4844121109988822	-0.8696685928326858
6.60400000000054	-0.4852815257400132	-0.869157863477781
6.60500000000054	-0.4861506036741489	-0.8689949814008171
6.606000000000541	-0.4870195678038086	-0.8689302563094812
6.607000000000541	-0.4878884803122711	-0.8688917405758638
6.608000000000541	-0.4887573572216125	-0.8688590595833916
6.609000000000542	-0.4896262015661285	-0.868826612432418
6.610000000000542	-0.4904950129167708	-0.8687930733471226
6.611000000000542	-0.4913637901431996	-0.8687583655225476
6.612000000000543	-0.4922325321655244	-0.8687226666620862
6.613000000000543	-0.4931012381582731	-0.8686863078981489
6.614000000000543	-0.493969907621078	-0.8686496083063483
6.615000000000544	-0.4948359708350556	-0.8634738206739629
6.616000000000544	-0.4956963553001565	-0.8572921316043937
6.617000000000544	-0.4965506304832723	-0.8512552792192022
6.618000000000545	-0.4973990870454431	-0.8456549111980669
6.619000000000545	-0.4982447547223918	-0.8456775197633627
6.620000000000545	-0.4990911799298952	-0.8471699710353763
6.621000000000546	-0.4999392389664413	-0.8489451735571548
6.622000000000546	-0.5007890495969035	-0.8506731541793996
6.623000000000546	-0.501640523154815	-0.8522710240839803
6.624000000000547	-0.5024935231664374	-0.8537260577101858
6.625000000000547	-0.5033479100405991	-0.8550447457621012
6.626000000000547	-0.5042035529501236	-0.8562381254949051
6.627000000000548	-0.505060332348897	-0.8573177217385196
6.628000000000548	-0.5059155704746149	-0.8531555860845844
6.629000000000548	-0.50676609692786	-0.8478943943928998
6.630000000000549	-0.5076113923920528	-0.842693627344215
6.631000000000549	-0.5084516671518005	-0.8378530041210888
6.632000000000549	-0.5092873084863866	-0.8334267942872481
6.63300000000055	-0.5101187238914417	-0.8294011609060747
6.63400000000055	-0.5109462989178016	-0.8257460514024831
6.63500000000055	-0.5117729574318044	-0.8275681406527575
6.636000000000551	-0.5126020944668741	-0.830703086355956
6.637000000000551	-0.5134344330696139	-0.8339712663486829
6.638000000000551	-0.5142699477978073	-0.8370553277235012
6.639000000000552	-0.5151084191547494	-0.8398845150752519
6.640000000000552	-0.5159495918786817	-0.8424580538230088
6.641000000000552	-0.5167906510751277	-0.8396574618641114
6.642000000000553	-0.5176282963676798	-0.8356302590805404
6.643000000000553	-0.5184618872040188	-0.8315485646569419
6.644000000000553	-0.5192915248524016	-0.8277238980240352
6.645000000000554	-0.5201174981767226	-0.8242199303855873
6.646000000000554	-0.5209401258897078	-0.8210326881016635
6.647000000000554	-0.5217597133884407	-0.8181395135741765
6.648000000000555	-0.5225765418823543	-0.8155146891849328
6.649000000000555	-0.5233908675306806	-0.8131338322376644
6.650000000000555	-0.524202922772614	-0.8109738854348619
6.651000000000556	-0.525012918320537	-0.8090144525263446
6.652000000000556	-0.5258236147106272	-0.8123755686784263
6.653000000000556	-0.5266382576217152	-0.8169074823982398
6.654000000000557	-0.52745743515421	-0.8214447973899615
6.655000000000557	-0.5282784282555866	-0.8205386153223163
6.656000000000557	-0.5290978316928113	-0.8182654758210542
6.657000000000558	-0.5299148586459727	-0.8157856565952364
6.658000000000558	-0.5307294613923389	-0.813417071782869
6.659000000000558	-0.5315417890588757	-0.8112355059726476
6.660000000000559	-0.5323520324819453	-0.8092485932284642
6.661000000000559	-0.5331603807201124	-0.807445143899117
6.662000000000559	-0.5339670097344204	-0.8058101526382583
6.66300000000056	-0.5347720804342618	-0.8043285215431633
6.66400000000056	-0.5355757391084864	-0.8029861074807422
6.66500000000056	-0.5363781184919675	-0.8017699456784714
6.666000000000561	-0.5371793389818568	-0.8006683255083337
6.667000000000561	-0.5379795098222627	-0.7996706515499739
6.668000000000561	-0.5387761607542179	-0.7936285217824242
6.669000000000562	-0.539566309316452	-0.7866659353341263
6.670000000000562	-0.540352175347085	-0.7850634742885846
6.671000000000562	-0.5411371951927574	-0.7849735695158554
6.672000000000563	-0.5419223264401788	-0.7852862786599478
6.673000000000563	-0.5427078128550554	-0.7856839044807382
6.674000000000563	-0.5434936949788765	-0.7860776964697788
6.675000000000564	-0.5442799575638622	-0.7864448267862112
6.676000000000564	-0.5450665719323535	-0.7867812635570032
6.677000000000564	-0.5458535080189774	-0.7870882632314417
6.678000000000565	-0.546640737649623	-0.7873683518786454
6.679000000000565	-0.5474282352198131	-0.7876241426879658
6.680000000000565	-0.5482159777047795	-0.7878581818784829
6.681000000000566	-0.5490039444978947	-0.7880727595051042
6.682000000000566	-0.5497895477005876	-0.7831310102362999
6.683000000000566	-0.5505696984026905	-0.7771677778733577
6.684000000000567	-0.551343951176085	-0.7713351738354062
6.685000000000567	-0.5521125831786377	-0.7659262562508076
6.686000000000567	-0.5528760422772659	-0.7609893845233832
6.687000000000568	-0.55363479099985	-0.7565055211283266
6.688000000000568	-0.5543892646463674	-0.7524392478791948
6.689000000000568	-0.5551424319284248	-0.7538927977544627
6.690000000000569	-0.5558977285786068	-0.7566979781890109
6.691000000000569	-0.5566559147429484	-0.7596718176074321
6.692000000000569	-0.5574169984480789	-0.7624930512885739
6.69300000000057	-0.5581807903062872	-0.7650881159318689
6.69400000000057	-0.5589470622132612	-0.7674531417640389
6.69500000000057	-0.5597155915283893	-0.7696029259400076
6.696000000000571	-0.5604861723332153	-0.7715561155577944
6.697000000000571	-0.561256049220888	-0.7681950952195497
6.698000000000571	-0.5620219802925922	-0.7636644979963852
6.699000000000572	-0.56278337971501	-0.7591318129538919
6.700000000000572	-0.5635403984391615	-0.7549031172486969
6.701000000000572	-0.5642933702133461	-0.7510379276763559
6.702000000000573	-0.5650426543083295	-0.7475277722906605
6.703000000000573	-0.5657885927506106	-0.7443466345648211
6.704000000000574	-0.5665315000023423	-0.7414654024267189
6.705000000000574	-0.5672716621921504	-0.7388565209899594
6.706000000000574	-0.5680093390769617	-0.736494801832584
6.707000000000575	-0.5687447661185392	-0.7343568431311798
6.708000000000575	-0.5694807261403931	-0.737560761765597
6.709000000000575	-0.5702204852702539	-0.7419550477132562
6.710000000000576	-0.5709646497858072	-0.746371519731548
6.711000000000576	-0.5717130883784147	-0.7505031888593001
6.712000000000576	-0.5724629160397247	-0.7491496537355702
6.713000000000577	-0.573210717903329	-0.7464516013415754
6.714000000000577	-0.5739557372028355	-0.7435845359251626
6.715000000000577	-0.5746979646912419	-0.7408679895449634
6.716000000000578	-0.5754375878320924	-0.7383758505865496
6.717000000000578	-0.5761748331235962	-0.7361122998665597
6.718000000000578	-0.5769099220914116	-0.7340632114843176
6.719000000000579	-0.5776430601390528	-0.7322104671071306
6.720000000000579	-0.5783744346446902	-0.7305361344404928
6.721000000000579	-0.5791042159008675	-0.729023974582668
6.72200000000058	-0.5798325585657	-0.7276589576319563
6.72300000000058	-0.5805596028149449	-0.72642714882141
6.72400000000058	-0.5812854757512571	-0.7253163367582941
6.725000000000581	-0.5820102927189023	-0.7243152160954118
6.726000000000581	-0.5827341583224187	-0.7234136127618169
6.727000000000581	-0.5834545981047239	-0.7174635860542825
6.728000000000582	-0.5841686258157184	-0.7105894923062978
6.729000000000582	-0.5848784578640346	-0.7090722755654686
6.730000000000582	-0.5855875274817854	-0.7090646347695417
6.731000000000583	-0.5862967894823393	-0.7094570416340542
6.732000000000583	-0.5870064851468909	-0.7099319624395561
6.733000000000583	-0.587716652716056	-0.7104008504135358
6.734000000000584	-0.5884272748557003	-0.7108411030107672
6.735000000000584	-0.589138321025546	-0.7112489105318095
6.736000000000584	-0.5898497595018681	-0.7116257157865132
6.737000000000585	-0.5905615605742397	-0.7119741025531945
6.738000000000585	-0.5912736972304593	-0.7122968834964141
6.739000000000585	-0.5919861451816494	-0.7125966925899859
6.740000000000586	-0.5926988826896229	-0.7128759972327112
6.741000000000586	-0.5934118903444036	-0.713136986439508
6.742000000000586	-0.5941225813358497	-0.70824267923391
6.743000000000587	-0.594827867717922	-0.7023277864129105
6.744000000000587	-0.5955273049813151	-0.6965444620206759
6.745000000000587	-0.5962211712030074	-0.6911857222251303
6.746000000000588	-0.5969099150001183	-0.6862996305872652
6.747000000000588	-0.5975939994051439	-0.6818669542564982
6.748000000000588	-0.5982738602133547	-0.6778524517222678
6.749000000000589	-0.5989498968174383	-0.6742185594512964
6.750000000000589	-0.5996224722200334	-0.6709300609994168
6.751000000000589	-0.6002919156875192	-0.6679547004033721
6.75200000000059	-0.6009610954899298	-0.6704027327006022
6.75300000000059	-0.6016333549939742	-0.6741140946788747
6.75400000000059	-0.6023093702079535	-0.6779141414023241
6.755000000000591	-0.6029890730350029	-0.6814893098893251
6.756000000000591	-0.6036722054845046	-0.6847733762304925
6.757000000000591	-0.6043584774024003	-0.6877682375569887
6.758000000000592	-0.6050450399701047	-0.6853546759603794
6.759000000000592	-0.6057285632632338	-0.6816896992898263
6.760000000000592	-0.6064083826779874	-0.6779469322282907
6.761000000000593	-0.6070845767733267	-0.6744390732107186
6.762000000000593	-0.6077574135251643	-0.6712322570930707
6.763000000000593	-0.608427192480134	-0.6683234903619615
6.764000000000594	-0.6090942014726541	-0.6656923421397025
6.765000000000594	-0.6097587060111868	-0.6633145914649837
6.766000000000594	-0.6104209480244698	-0.6611672999282036
6.767000000000595	-0.6110811472330273	-0.6592289895847843
6.768000000000595	-0.6117395027619558	-0.6574799475912425
6.769000000000595	-0.6123961951135216	-0.6559026411925081
6.770000000000596	-0.6130513879799847	-0.6544809831853393
6.771000000000596	-0.6137052296904493	-0.6532003345123519
6.772000000000596	-0.6143578547129038	-0.6520476120450381
6.773000000000597	-0.6150093850956826	-0.6510110596435742
6.774000000000597	-0.6156599315926238	-0.6500798444931016
6.775000000000597	-0.6163070252890402	-0.644105470639379
6.776000000000598	-0.6169476849630716	-0.6372118213194305
6.777000000000598	-0.6175841315602011	-0.6356793312818283
6.778000000000598	-0.6182198024199059	-0.6356603498796486
6.779000000000599	-0.6188556560345232	-0.6360448414422324
6.780000000000599	-0.6194919370337316	-0.6365151186159476
6.781000000000599	-0.6201286867675164	-0.6369823100191002
6.7820000000006	-0.6207658907229699	-0.6374235614266875
6.7830000000006	-0.621403520918315	-0.6378347893679978
6.7840000000006	-0.6220415478953223	-0.6382171244137229
6.785000000000601	-0.6226799440085136	-0.6385730614894186
6.786000000000601	-0.6233186841587527	-0.6389051983457561
6.787000000000601	-0.6239577457849493	-0.6392160133149526
6.788000000000602	-0.6245971086997121	-0.6395077754550361
6.789000000000602	-0.6252367548839318	-0.6397825522657498
6.790000000000602	-0.6258766682891399	-0.6400422175218276
6.791000000000603	-0.6265168346568437	-0.6402884773948739
6.792000000000603	-0.6271546718523058	-0.6353838814025455
6.793000000000603	-0.6277870961441748	-0.6294626883813893
6.794000000000604	-0.6284136667012407	-0.6236764313485789
6.795000000000604	-0.6290346648550544	-0.6183179005104029
6.796000000000604	-0.6296505422877164	-0.6134350062186807
6.797000000000605	-0.6302617649119449	-0.609008299314865
6.798000000000605	-0.63086877114287	-0.6050022338722358
6.799000000000605	-0.63147196278558	-0.6013791358519316
6.800000000000606	-0.6320717049762254	-0.5981033415357442
6.801000000000606	-0.6326683288642281	-0.5951425412950779
6.802000000000606	-0.6332621346708756	-0.5924671885897858
6.803000000000607	-0.6338533942570483	-0.5900501092372837
6.804000000000607	-0.6344449234029358	-0.593006307979546
6.805000000000607	-0.6350400181174629	-0.5971812360406057
6.806000000000608	-0.6356393119135635	-0.6014044586606019
6.807000000000608	-0.6362426980552238	-0.6053659150500404
6.808000000000608	-0.6368498835047582	-0.6090030632438163
6.809000000000609	-0.6374605463898666	-0.6123207760672441
6.810000000000609	-0.6380743789883847	-0.6153424809206919
6.811000000000609	-0.6386885287012063	-0.6129550045554082
6.81200000000061	-0.6392996655780824	-0.6093168194255935
6.81300000000061	-0.6399071258977534	-0.6056019026233709
6.81400000000061	-0.6405109893078411	-0.6021230124707748
6.815000000000611	-0.641111524845298	-0.598946168710708
6.816000000000611	-0.6417090330797556	-0.5960684168607665
6.817000000000611	-0.6423038027215305	-0.5934689928123097
6.818000000000612	-0.6428960999867901	-0.5911236724477335
6.819000000000612	-0.6434861674910262	-0.5890094786101125
6.820000000000612	-0.6440742254978905	-0.5871046848473042
6.821000000000613	-0.6446604736991394	-0.5853898738866794
6.822000000000613	-0.6452450931552226	-0.5838472004474824
6.823000000000613	-0.6458282478978599	-0.5824604524049271
6.824000000000614	-0.6464100866362935	-0.5812151969778722
6.825000000000614	-0.6469907442567172	-0.5800982208944693
6.826000000000614	-0.6475703430701309	-0.5790975870793124
6.827000000000615	-0.6481489940207398	-0.5782024990544238
6.828000000000615	-0.6487267977599073	-0.5774031676476171
6.829000000000615	-0.6493012762519508	-0.5715520160190323
6.830000000000616	-0.6498694400168755	-0.5647737339725946
6.831000000000616	-0.6504309334012963	-0.5582112766618998
6.832000000000616	-0.6509861147565865	-0.5521496962146558
6.833000000000617	-0.6515355054699707	-0.5466300116978106
6.834000000000617	-0.6520796347376181	-0.5416268219119024
6.835000000000617	-0.6526189982779976	-0.5370985727639134
6.836000000000618	-0.6531540496452749	-0.5330024898740062
6.837000000000618	-0.6536877706418082	-0.5344378361149298
6.838000000000618	-0.6542236077354131	-0.5372346780931371
6.839000000000619	-0.6547623305306737	-0.5402092311094924
6.840000000000619	-0.6553039555946577	-0.5430392071831314
6.841000000000619	-0.6558483012908272	-0.5456504877013463
6.84200000000062	-0.6563951465603124	-0.5480383467359018
6.84300000000062	-0.6569442749717386	-0.550216765189068
6.84400000000062	-0.6574954861367898	-0.5522038482251856
6.845000000000621	-0.6580485976702133	-0.5540174967494533
6.846000000000621	-0.6586034444555459	-0.555674347380978
6.847000000000621	-0.6591598772497782	-0.557189510357994
6.848000000000622	-0.6597177612212045	-0.5585766980042139
6.849000000000622	-0.6602769745973869	-0.5598483164900037
6.850000000000622	-0.6608348380458225	-0.5558768474575747
6.851000000000623	-0.6613881798330687	-0.5508050088993205
6.852000000000623	-0.6619364794297696	-0.5457924827528375
6.853000000000623	-0.6624799460427327	-0.5411390571411453
6.854000000000624	-0.6630189658227649	-0.5368988313923657
6.855000000000624	-0.6635539453853198	-0.5330586354112747
6.856000000000624	-0.6640852696774429	-0.5295883025455791
6.857000000000625	-0.664613292117392	-0.5264549419720397
6.858000000000625	-0.6651383340435922	-0.5236272849498588
6.859000000000625	-0.6656606868657611	-0.5210767428985086
6.860000000000626	-0.6661806146798532	-0.5187772769592621
6.861000000000626	-0.6666983567113693	-0.5167051851610318
6.862000000000626	-0.667214129710103	-0.5148392181310973
6.863000000000627	-0.6677281300661455	-0.5131599059020396
6.864000000000627	-0.668240535870868	-0.5116501210579725
6.865000000000627	-0.6687515086077752	-0.5102937753346506
6.866000000000628	-0.6692611945408217	-0.5090765179432596
6.867000000000628	-0.6697697263667139	-0.5079855652196187
6.868000000000628	-0.6702772244936431	-0.507009123835189
6.869000000000629	-0.6707837981181761	-0.5061365639054168
6.870000000000629	-0.671289546282748	-0.5053582070831666
6.871000000000629	-0.6717919894968466	-0.4995266737608914
6.87200000000063	-0.6722881369693897	-0.4927667439674442
6.87300000000063	-0.6727776316892586	-0.4862211894835737
6.87400000000063	-0.6732608308302662	-0.4801756061938153
6.875000000000631	-0.6737382547804993	-0.4746708262617037
6.876000000000631	-0.6742104317471933	-0.4696816557995392
6.877000000000631	-0.6746804263481841	-0.470306102107084
6.878000000000632	-0.6751517643795401	-0.472368512946994
6.879000000000632	-0.6756252883194365	-0.4746779130244025
6.880000000000632	-0.6761010810154328	-0.4769060187368924
6.881000000000633	-0.6765790211546987	-0.478972793534059
6.882000000000633	-0.6770589422968846	-0.4808680190653304
6.883000000000633	-0.6775406774939465	-0.4826008982941268
6.884000000000634	-0.6780240711824467	-0.4841849974327848
6.885000000000634	-0.6785089814779894	-0.485634108311334
6.886000000000634	-0.6789952798549607	-0.4869611566208276
6.887000000000635	-0.6794828501426051	-0.4881779263497599
6.888000000000635	-0.6799715874532283	-0.4892951995961949
6.889000000000635	-0.6804613970933417	-0.4903225826422359
6.890000000000636	-0.6809521935692731	-0.4912688688093819
6.891000000000636	-0.6814438997304028	-0.4921419508563102
6.892000000000636	-0.6819364459478777	-0.4929489795334917
6.893000000000637	-0.6824272000353292	-0.4885576968817136
6.894000000000637	-0.6829130329736403	-0.4831066968676693
6.895000000000637	-0.6833934627977067	-0.4777514854604482
6.896000000000638	-0.6838687335215115	-0.4727885126487865
6.897000000000638	-0.6843392632195255	-0.4682694488916766
6.898000000000638	-0.6848054873247647	-0.4641773407681213
6.899000000000639	-0.6852678163119479	-0.4604792251842739
6.900000000000639	-0.6857266270345185	-0.4571408227868558
6.901000000000639	-0.6861822621783958	-0.4541280779871602
6.90200000000064	-0.6866350323706166	-0.451410928707236
6.90300000000064	-0.6870852192259638	-0.4489614126077082
6.90400000000064	-0.6875330777713663	-0.4467543164018793
6.905000000000641	-0.6879788389505854	-0.4447666871156025
6.906000000000641	-0.6884227120245984	-0.442978112221722
6.907000000000641	-0.6888648866874709	-0.441369870485076
6.908000000000642	-0.6893055348793424	-0.4399251753424352
6.909000000000642	-0.6897448124420665	-0.4386286168352381
6.910000000000642	-0.6901828606385865	-0.4374664471465999
6.911000000000643	-0.6906198075900809	-0.4364261306042483
6.912000000000643	-0.6910557694851054	-0.4354963376710656
6.913000000000643	-0.6914908517183228	-0.4346668101322864
6.914000000000644	-0.6919251499304899	-0.4339282984202387
6.915000000000644	-0.6923587508835922	-0.4332722945871629
6.916000000000644	-0.6927917333098464	-0.4326912470685942
6.917000000000645	-0.6932241687226549	-0.4321782698217591
6.918000000000645	-0.6936535527762342	-0.4265885383100108
6.919000000000645	-0.6940768722068406	-0.4200490426773921
6.920000000000646	-0.6944937497624063	-0.4137048081514187
6.921000000000646	-0.6949045241606806	-0.4078427469734854
6.922000000000646	-0.6953096990163967	-0.4025057403741454
6.923000000000647	-0.6957097873619792	-0.3976697424789629
6.924000000000647	-0.696105270225431	-0.3932947904186567
6.925000000000647	-0.6964965879278567	-0.389339433390188
6.926000000000648	-0.6968841405592978	-0.3857646601936625
6.927000000000648	-0.697268290847143	-0.3825347568380317
6.928000000000648	-0.6976493674628886	-0.3796173256334653
6.929000000000649	-0.6980276680382381	-0.3769826847789783
6.930000000000649	-0.6984034622664181	-0.3746046392076033
6.931000000000649	-0.6987769945793065	-0.3724588613654092
6.93200000000065	-0.6991484864198162	-0.3705237009469001
6.93300000000065	-0.6995181384477668	-0.3687792421344909
6.93400000000065	-0.6998861325363487	-0.3672078275444655
6.935000000000651	-0.700252633631358	-0.3657932598235909
6.936000000000651	-0.7006177911544376	-0.3645206880656801
6.937000000000651	-0.700981740616929	-0.3633771426173465
6.938000000000652	-0.7013446050350934	-0.3623506030088906
6.939000000000652	-0.7017090654043968	-0.3665690404344109
6.940000000000652	-0.7020782954127582	-0.3718898671367266
6.941000000000653	-0.702452818113493	-0.3771544096358331
6.942000000000653	-0.7028324271233153	-0.382062470401367
6.943000000000653	-0.7032167388276486	-0.3865597849132536
6.944000000000654	-0.7036053494888599	-0.3906603716380662
6.945000000000654	-0.7039978774933424	-0.3943944600934312
6.946000000000654	-0.7043939729475713	-0.3977952608292242
6.947000000000655	-0.7047907483416834	-0.3957543382220415
6.948000000000655	-0.7051848429752199	-0.3924337481096616
6.949000000000655	-0.7055755655505119	-0.3890102322270062
6.950000000000656	-0.7059629707737755	-0.3857990543729048
6.951000000000656	-0.7063473051171414	-0.3828684820049192
6.952000000000656	-0.7067288486849552	-0.3802175119947082
6.953000000000657	-0.7071078716507888	-0.3778272859545983
6.954000000000657	-0.7074846236253196	-0.3756755365459334
6.955000000000657	-0.7078593320308291	-0.373740154382491
6.956000000000658	-0.7082322032777892	-0.3720012252956775
6.957000000000658	-0.7086034246850906	-0.3704404803483431
6.958000000000658	-0.708973165972129	-0.3690409895419563
6.959000000000659	-0.7093415809336965	-0.3677878337158272
6.960000000000659	-0.7097088090444512	-0.3666672918056965
6.961000000000659	-0.7100749767146706	-0.3656669561540982
6.96200000000066	-0.7104401985546944	-0.3647756345791588
6.96300000000066	-0.7108045785277907	-0.363983225150961
6.96400000000066	-0.7111682109106325	-0.3632804566392233
6.965000000000661	-0.711531181232409	-0.3626591053321384
6.966000000000661	-0.7118935671334066	-0.3621116171605316
6.967000000000661	-0.7122554390959789	-0.3616312303494032
6.968000000000662	-0.7126168611958797	-0.3612118934931938
6.969000000000662	-0.7129778916424342	-0.360847925157992
6.970000000000662	-0.7133385832763269	-0.360534269512957
6.971000000000663	-0.7136989841508561	-0.3602664076303889
6.972000000000663	-0.714059137990119	-0.3600402000494393
6.973000000000663	-0.7144190845507795	-0.3598518513757617
6.974000000000664	-0.7147788600176773	-0.3596980133662918
6.975000000000664	-0.7151384973545116	-0.3595755919926567
6.976000000000664	-0.7154980266021345	-0.3594818355980151
6.977000000000665	-0.7158549057963964	-0.3542754934704565
6.978000000000665	-0.7162060875558487	-0.3480869832133489
6.979000000000665	-0.7165511637326946	-0.3420643466877074
6.980000000000666	-0.7168904450938253	-0.3364973692753584
6.981000000000666	-0.7172244099893695	-0.3314314315738384
6.982000000000666	-0.7175535483406367	-0.3268442953145221
6.983000000000667	-0.7178783200081394	-0.3226980772635487
6.984000000000667	-0.7181991463360808	-0.3189536281514341
6.985000000000667	-0.7185164104931724	-0.3155737463791137
6.986000000000668	-0.7188304597752154	-0.3125238878326991
6.987000000000668	-0.7191416087910751	-0.3097732228517671
6.988000000000668	-0.7194501424439758	-0.3072931699041371
6.989000000000669	-0.7197563188172803	-0.3050586708793728
6.990000000000669	-0.7200603717686229	-0.303046332503084
6.991000000000669	-0.7203625131361868	-0.301235509213381
6.99200000000067	-0.7206629349326565	-0.299607195634254
6.99300000000067	-0.7209618109820914	-0.2981440199456271
6.99400000000067	-0.7212592988822074	-0.2968309013291982
6.995000000000671	-0.7215555416530199	-0.2956537652462191
6.996000000000671	-0.7218506689149797	-0.2945998871454496
6.997000000000671	-0.7221447981768808	-0.2936577683011224
6.998000000000672	-0.7224380359527487	-0.2928169179349809
6.999000000000672	-0.722730478915788	-0.2920681452126235
7.000000000000672	-0.7230222148374733	-0.29140283753497
7.001000000000673	-0.7233133233327256	-0.2908132944184063
7.002000000000673	-0.7236038766952492	-0.2902925739346759
7.003000000000673	-0.7238939405490994	-0.289834278734401
7.004000000000674	-0.7241835744430912	-0.2894326557039871
7.005000000000674	-0.7244728325171849	-0.2890826402638489
7.006000000000674	-0.7247617640808521	-0.2887796360308477
7.007000000000675	-0.7250504139949953	-0.2885193422627025
7.008000000000675	-0.7253388230513009	-0.2882979212822463
7.009000000000675	-0.725627028383908	-0.2881118956820293
7.010000000000676	-0.7259150637927645	-0.287958074497809
7.011000000000676	-0.7262029600929113	-0.2878336788885703
7.012000000000676	-0.7264907453921234	-0.2877360731713847
7.013000000000677	-0.7267758759886261	-0.2825242814905572
7.014000000000677	-0.7270553029389182	-0.2763287977260994
7.015000000000677	-0.7273286167234769	-0.2702979681909368
7.016000000000678	-0.7275961268469942	-0.2647214928876603
7.017000000000678	-0.727858310453211	-0.259644949421555
7.018000000000678	-0.7281156564460163	-0.2550462804491085
7.019000000000679	-0.7283686240396651	-0.2508881641355675
7.020000000000679	-0.7286176338146481	-0.2471306549012293
7.021000000000679	-0.7288630680082933	-0.2437370121144844
7.02200000000068	-0.7291052731059615	-0.2406724725784393
7.02300000000068	-0.7293445629852433	-0.2379065840460191
7.02400000000068	-0.7295812221835432	-0.2354111184791229
7.025000000000681	-0.7298155083046666	-0.2331604367976203
7.026000000000681	-0.7300476545645654	-0.2311314024463497
7.027000000000681	-0.7302778723013713	-0.2293033964049363
7.028000000000682	-0.730506353232878	-0.2276577970762047
7.029000000000682	-0.7307332710473	-0.2261771669514203
7.030000000000682	-0.730958783084169	-0.2248462462225855
7.031000000000683	-0.7311830320388274	-0.2236510063627864
7.032000000000683	-0.7314061472646934	-0.2225787920891307
7.033000000000683	-0.7316282460516906	-0.2216181317309467
7.034000000000684	-0.7318494347756176	-0.2207586687418098
7.035000000000684	-0.7320698099443649	-0.2199910238806278
7.036000000000684	-0.7322894591282251	-0.2193067012189659
7.037000000000685	-0.7325084617825816	-0.2186979668911142
7.038000000000685	-0.7327268900350856	-0.2181578993199647
7.039000000000685	-0.7329448094324913	-0.2176802583076752
7.040000000000686	-0.7331622795402077	-0.2172593213797352
7.041000000000686	-0.7333793545009659	-0.21688996567044
7.042000000000686	-0.7335960835537405	-0.2165675065473792
7.043000000000687	-0.7338125114518634	-0.2162876573706424
7.044000000000687	-0.734028678879809	-0.2160465670769123
7.045000000000687	-0.7342446229144993	-0.2158408716355424
7.046000000000688	-0.7344603773613994	-0.2156673921727827
7.047000000000688	-0.7346759730241892	-0.2155233040013867
7.048000000000688	-0.7348914380023084	-0.2154060233356135
7.049000000000689	-0.7351067979396571	-0.2153132228891162
7.050000000000689	-0.7353220762603695	-0.2152427904237036
7.051000000000689	-0.7355372943765395	-0.2151928141021479
7.05200000000069	-0.7357524718840315	-0.2151615733084277
7.05300000000069	-0.7359676267287195	-0.2151474886825225
7.05400000000069	-0.7361827753658737	-0.215149158381133
7.055000000000691	-0.7363979328829642	-0.2151652486514448
7.056000000000691	-0.736613113114056	-0.2151945864398411
7.057000000000691	-0.7368283288059485	-0.2152361702721017
7.058000000000692	-0.7370435917163296	-0.2152890234016726
7.059000000000692	-0.7372589126761289	-0.2153522690619372
7.060000000000692	-0.7374743016821066	-0.2154251156831142
7.061000000000693	-0.7376871985935317	-0.2103680873343113
7.062000000000693	-0.7378919693515881	-0.1991728327174363
7.063000000000693	-0.73808511773382	-0.1871233696184252
7.064000000000694	-0.7382665104433233	-0.1756615215629302
7.065000000000694	-0.7384369038173656	-0.1651247307823354
7.066000000000694	-0.7385972359746915	-0.1555391174722339
7.067000000000695	-0.7387484296030447	-0.1468476994824932
7.068000000000695	-0.7388913413213608	-0.1389753215422355
7.069000000000695	-0.7390267526933653	-0.1318470287211975
7.070000000000696	-0.7391553727109175	-0.1253926324303708
7.071000000000696	-0.7392778437202404	-0.1195490301811041
7.072000000000696	-0.7393947478362002	-0.1142588619246038
7.073000000000697	-0.739506612081224	-0.1094693029928889
7.074000000000697	-0.7396139134856975	-0.1051331941167801
7.075000000000697	-0.7397170842320633	-0.1012079988107911
7.076000000000698	-0.7398165157571979	-0.09765476254689152
7.077000000000698	-0.7399125624943801	-0.09443843276604957
7.078000000000698	-0.7400055454520864	-0.09152721251969782
7.079000000000699	-0.7400957553990403	-0.08889241933901557
7.080000000000699	-0.7401834556796009	-0.08650788704413964
7.081000000000699	-0.7402688849416982	-0.0843503890285066
7.0820000000007	-0.7403522594770841	-0.08239843960774106
7.0830000000007	-0.7404337752561302	-0.08063288176517384
7.0840000000007	-0.7405136099533332	-0.07903628082026935
7.085000000000701	-0.7405919246216478	-0.07759282841863087
7.086000000000701	-0.7406688652781703	-0.07628826124149847
7.087000000000701	-0.7407445643486247	-0.07510965990241782
7.088000000000702	-0.7408191419467269	-0.07404531980785482
7.089000000000702	-0.7408927070071193	-0.07308458743646608
7.090000000000702	-0.7409653583774877	-0.0722179424262039
7.091000000000703	-0.7410371858418734	-0.07143677787628232
7.092000000000703	-0.7411082709544002	-0.07073324087664491
7.093000000000703	-0.7411786877758202	-0.07010019761521798
7.094000000000704	-0.7412485035686145	-0.06953118538239395
7.095000000000704	-0.7413177794522882	-0.06902038095344085
7.096000000000704	-0.7413865710257279	-0.06856256633242673
7.097000000000705	-0.7414549288890112	-0.06815296191144513
7.098000000000705	-0.7415228990667184	-0.06778719631739834
7.099000000000705	-0.7415905234327697	-0.06746133961478328
7.100000000000706	-0.741657840159674	-0.06717191892806895
7.101000000000706	-0.741724884087812	-0.06691574288552588
7.102000000000706	-0.7417916869790607	-0.06668984586049533
7.103000000000707	-0.7418582778332022	-0.06649166929791293
7.104000000000707	-0.7419246831760546	-0.06631882383206245
7.105000000000707	-0.7419909272359168	-0.06616910379661557
7.106000000000708	-0.7420570321869057	-0.06604060650074352
7.107000000000708	-0.7421230183496048	-0.06593152757304331
7.108000000000708	-0.7421889043271277	-0.06584023645034356
7.109000000000709	-0.742254707216239	-0.06576535100218081
7.110000000000709	-0.7423204427495702	-0.06570552509693774
7.111000000000709	-0.7423861253878646	-0.06565956109340888
7.11200000000071	-0.7424517684516045	-0.06562637611422101
7.11300000000071	-0.7425173842418754	-0.06560501424586719
7.11400000000071	-0.7425829841133491	-0.06559453857737718
7.115000000000711	-0.7426485785442474	-0.06559413312223708
7.116000000000711	-0.742714177273764	-0.06560313581301623
7.117000000000711	-0.7427797893067514	-0.06562074003664056
7.118000000000712	-0.7428454230053176	-0.06564646691959085
7.119000000000712	-0.7429110862153853	-0.06567976296532123
7.120000000000712	-0.7429767862445545	-0.06572010502752268
7.121000000000713	-0.7430425299117503	-0.06576703890346498
7.122000000000713	-0.7431083236069981	-0.0658201609981262
7.123000000000713	-0.7431741733298142	-0.06587909388929082
7.124000000000714	-0.7432375153370638	-0.06080473714022111
7.125000000000714	-0.743295282528748	-0.05472947891494451
7.126000000000714	-0.7433470489187535	-0.04880315117069833
7.127000000000715	-0.7433931090117725	-0.04331690147455945
7.128000000000715	-0.743433926503887	-0.03831796454938413
7.129000000000715	-0.7434699783855582	-0.0337856943926156
7.130000000000716	-0.7435017129136081	-0.02968326981210455
7.131000000000716	-0.7435295406209395	-0.02597206427076003
7.132000000000716	-0.7435538346952525	-0.0226160140092552
7.133000000000717	-0.7435749335345936	-0.01958160358044365
7.134000000000717	-0.7435931436611378	-0.01683859678074046
7.135000000000717	-0.7436087427509508	-0.0143595376789076
7.136000000000718	-0.7436219823434584	-0.01211960900240638
7.137000000000718	-0.7436330902601898	-0.01009619229857874
7.138000000000718	-0.7436422728530458	-0.008268966826818694
7.139000000000719	-0.7436497172166284	-0.006619738784602684
7.140000000000719	-0.7436555929415658	-0.005131694078117013
7.141000000000719	-0.7436600536711349	-0.003789752144878266
7.14200000000072	-0.7436632386837116	-0.002580263787235565
7.14300000000072	-0.7436652742596346	-0.001490882164967599
7.14400000000072	-0.743666274862942	-0.0005103215528450304
7.145000000000721	-0.7436663443367563	0.0003713741254362862
7.146000000000721	-0.7436655769677012	0.001163361763006832
7.147000000000721	-0.7436640582487696	0.001874071703217461
7.148000000000722	-0.7436618657878467	0.002510843794759353
7.149000000000722	-0.7436590700730371	0.003080577729878536
7.150000000000722	-0.743655735086828	0.003589385032601613
7.151000000000723	-0.7436519189655503	0.004042846474131039
7.152000000000723	-0.7436476745882943	0.004445895748974627
7.153000000000723	-0.7436430500484815	0.004803170486983004
7.154000000000724	-0.7436380890242064	0.00511886369940089
7.155000000000724	-0.7436328312771286	0.005396615232916875
7.156000000000724	-0.7436273129999829	0.005639923081252735
7.157000000000725	-0.743621567162551	0.005851735146032855
7.158000000000725	-0.7436156238621526	0.006034848442448643
7.159000000000725	-0.7436095105248502	0.006191808461639366
7.160000000000726	-0.7436032521730703	0.00632487697762314
7.161000000000726	-0.7435968716833821	0.006436083924621764
7.162000000000726	-0.7435903899744766	0.006527315118875481
7.163000000000727	-0.7435838261908327	0.006600233163400096
7.164000000000727	-0.7435746284811645	0.01179515954111027
7.165000000000727	-0.7435597404852066	0.01798078926603624
7.166000000000728	-0.7435387457277741	0.02400866480672791
7.167000000000728	-0.7435119475711969	0.02958757074975238
7.168000000000728	-0.7434798178954656	0.03467168767430115
7.169000000000729	-0.7434428406400609	0.03928271605559323
7.170000000000729	-0.7434014702682453	0.04345790777039976
7.171000000000729	-0.7433561234149578	0.04723566747854923
7.17200000000073	-0.7433071786285713	0.0506537635425167
7.17300000000073	-0.7432549789269235	0.05374548856748543
7.17400000000073	-0.7431998352895811	0.05654162639707305
7.175000000000731	-0.743142029366657	0.0590700520112139
7.176000000000731	-0.7430818163248355	0.06135585720989811
7.177000000000731	-0.7430194272694147	0.06342207289625661
7.178000000000732	-0.7429550714463421	0.06528938680524958
7.179000000000732	-0.7428889384824131	0.06697634944897127
7.180000000000732	-0.7428212003249456	0.06849976921957258
7.181000000000733	-0.7427520128393936	0.06987500140591203
7.182000000000733	-0.7426815172718985	0.07111592930262402
7.183000000000733	-0.7426098416690221	0.07223506873512124
7.184000000000734	-0.7425371021444109	0.07324376967505472
7.185000000000734	-0.7424634039145034	0.07415247653500653
7.186000000000734	-0.7423888424312679	0.07497027381425475
7.187000000000735	-0.7423135043975961	0.07570557514174671
7.188000000000735	-0.7422374684645864	0.07636607045174221
7.189000000000735	-0.7421608060360714	0.07695856432069448
7.190000000000736	-0.7420835820043756	0.07748927516902097
7.191000000000736	-0.7420058553008162	0.07796390657475831
7.192000000000736	-0.7419276794723773	0.07838752360947709
7.193000000000737	-0.741849103214608	0.07876476405800634
7.194000000000737	-0.7417701707868416	0.07909986255410657
7.195000000000737	-0.7416909224340884	0.07939661309887307
7.196000000000738	-0.741611394794594	0.07965843520967897
7.197000000000738	-0.74152905191547	0.08502708417429405
7.198000000000738	-0.7414408518870881	0.0913727167150669
7.199000000000739	-0.7413463915061229	0.0975477711560091
7.200000000000739	-0.7412459859535844	0.1032630425869193
7.201000000000739	-0.7411401173854679	0.1084737864315809
7.20200000000074	-0.7410292793381766	0.1132019864839131
7.20300000000074	-0.7409139354671535	0.1174854207842816
7.20400000000074	-0.7407945103438562	0.1213644791492174
7.205000000000741	-0.7406713896890922	0.1248764729511057
7.206000000000741	-0.7405449231854614	0.128056167127729
7.207000000000741	-0.7404154275969532	0.1309346338671105
7.208000000000742	-0.7402831899574689	0.1335402610720369
7.209000000000742	-0.7401484702370976	0.1358987883848934
7.210000000000742	-0.7400115039074008	0.1380334731488766
7.211000000000743	-0.7398725043132421	0.1399653113513336
7.212000000000743	-0.7397316647052479	0.1417134954221983
7.213000000000743	-0.7395891602203174	0.1432950603330082
7.214000000000744	-0.7394451496497479	0.144725662268814
7.215000000000744	-0.7392997769082809	0.1460193981136307
7.216000000000744	-0.7391531724802534	0.1471890317527775
7.217000000000745	-0.7390054546889905	0.148246121290083
7.218000000000745	-0.7388567309211722	0.1492009818803986
7.219000000000745	-0.7387070985912458	0.1500632428052419
7.220000000000746	-0.7385566460236717	0.1508414547308098
7.221000000000746	-0.7384054534198564	0.1515433130744998
7.222000000000746	-0.7382535936226216	0.1521758395681757
7.223000000000747	-0.7381011327803352	0.1527454013674574
7.224000000000747	-0.7379455616490526	0.1583964084467426
7.225000000000747	-0.7377838624278324	0.1650015633402525
7.226000000000748	-0.7376156538003396	0.1714152019722232
7.227000000000748	-0.7374412706829848	0.1773505250102656
7.228000000000748	-0.7372612133216261	0.1827636733747964
7.229000000000749	-0.7370785615806182	0.1825392766660492
7.230000000000749	-0.7368968665717361	0.1808502118223424
7.231000000000749	-0.7367169971486544	0.1788881102973833
7.23200000000075	-0.736539061175008	0.1769833185002579
7.23300000000075	-0.7363629600755327	0.1752183672195477
7.23400000000075	-0.7361885480405979	0.1736051942613691
7.235000000000751	-0.7360156768444569	0.1721366940437738
7.236000000000751	-0.735844207750563	0.1708009937768836
7.237000000000751	-0.7356740140988444	0.1695858133355314
7.238000000000752	-0.7355049811625956	0.1684795661464394
7.239000000000752	-0.7353370052436428	0.1674717817517024
7.240000000000753	-0.7351699926630935	0.1665528920758488
7.241000000000753	-0.7350038588973041	0.1657141547225857
7.242000000000753	-0.7348385276896263	0.1649477781224883
7.243000000000754	-0.7346739302146443	0.1642466914007026
7.244000000000754	-0.7345100043994751	0.1636044603865169
7.245000000000754	-0.734346694269465	0.1630153228093471
7.246000000000755	-0.734183949365945	0.1624740089865751
7.247000000000755	-0.7340217242646381	0.1619757198317359
7.248000000000755	-0.7338599780378746	0.1615162612292494
7.249000000000756	-0.7336961043958254	0.1662305441184646
7.250000000000756	-0.7335269977308031	0.171982291813399
7.251000000000756	-0.7333521972488685	0.1776181612271691
7.252000000000757	-0.7331719657578573	0.1828442940108747
7.253000000000757	-0.7329867383092638	0.1876100617004688
7.254000000000757	-0.7327969660681752	0.1919338656213697
7.255000000000758	-0.7326030739564631	0.1958497908044054
7.256000000000758	-0.7324054513636671	0.1993948167780207
7.257000000000758	-0.7322044522393807	0.2026028438042637
7.258000000000759	-0.7320003977311157	0.2055055756884172
7.259000000000759	-0.7317935787131762	0.2081318549529852
7.260000000000759	-0.7315842585506939	0.2105078573402454
7.26100000000076	-0.7313726758120868	0.2126570004630086
7.26200000000076	-0.7311590466913968	0.2146006153959631
7.26300000000076	-0.7309435669827818	0.2163581707726783
7.264000000000761	-0.7307264140999599	0.2179469587865379
7.265000000000761	-0.7305077488705729	0.2193828593477613
7.266000000000761	-0.7302877170293853	0.2206801782570223
7.267000000000762	-0.7300664507363074	0.2218517593832024
7.268000000000762	-0.7298440698406083	0.2229093801028127
7.269000000000762	-0.7296206829809749	0.2238636841723763
7.270000000000763	-0.7293963887079318	0.2247242041300602
7.271000000000763	-0.7291712763568875	0.2254998376427952
7.272000000000763	-0.7289428576662508	0.2313368734808321
7.273000000000764	-0.728708133945614	0.2381098790023672
7.274000000000764	-0.7284667410871166	0.2446751294811037
7.275000000000764	-0.7282190297229274	0.2507468716819355
7.276000000000765	-0.7279655140221051	0.2562837855410591
7.277000000000765	-0.7277067166258657	0.2613102468334244
7.278000000000765	-0.7274431274863349	0.2658672578700311
7.279000000000766	-0.7271751948713691	0.2699971847573094
7.280000000000766	-0.7269033260109066	0.2737397371049036
7.281000000000766	-0.7266278900975298	0.2771312799047281
7.282000000000767	-0.726349221426254	0.280205243197321
7.283000000000767	-0.7260676228117835	0.2829911574723096
7.284000000000767	-0.7257859384921478	0.2803766530683696
7.285000000000768	-0.7255074899600322	0.2765195917483386
7.286000000000768	-0.7252329334357064	0.2725926487441352
7.287000000000768	-0.7249621829624658	0.2689075005883091
7.288000000000769	-0.7246949641769571	0.2655292834910018
7.289000000000769	-0.7244309720633952	0.2624541660140183
7.290000000000769	-0.7241699144017837	0.2596603880555635
7.29100000000077	-0.7239115223151782	0.2571230236805085
7.29200000000077	-0.7236555512121808	0.2548184278024334
7.29300000000077	-0.7233992100413871	0.2578631580113258
7.294000000000771	-0.723139225887103	0.2621043838676517
7.295000000000771	-0.7228749864693658	0.2663736721886816
7.296000000000771	-0.7226066178215048	0.2703628317491118
7.297000000000772	-0.7223344309358913	0.2740101362372897
7.298000000000772	-0.7220587646182302	0.2773216853800659
7.299000000000772	-0.7217799422307428	0.2803222663726902
7.300000000000773	-0.7214982613584692	0.2830386463077003
7.301000000000773	-0.7212139930439528	0.2854971430078702
7.302000000000773	-0.7209273830305533	0.2877220369443733
7.303000000000774	-0.7206386539171088	0.2897353366207357
7.304000000000774	-0.720348007560848	0.2915565166918945
7.305000000000774	-0.7200556269693261	0.2932038017951858
7.306000000000775	-0.7197616779201077	0.294693427223534
7.307000000000775	-0.7194663106888023	0.2960401615488796
7.308000000000775	-0.7191696614767463	0.2972573847042853
7.309000000000776	-0.7188718537495832	0.2983571881056588
7.310000000000776	-0.7185729994316626	0.2993505628900485
7.311000000000776	-0.7182732000279305	0.3002473566982242
7.312000000000777	-0.7179699783468898	0.3061951071353496
7.313000000000777	-0.7176603456466791	0.3130693758008665
7.314000000000777	-0.7173439468068269	0.3197273661132069
7.315000000000778	-0.7170211405811909	0.3258841281104845
7.316000000000778	-0.7166924485793157	0.331498900864812
7.317000000000778	-0.7163584002151002	0.336596836620116
7.318000000000779	-0.7160194913265243	0.3412199348723142
7.319000000000779	-0.7156761754809453	0.3454107372469795
7.320000000000779	-0.715328865021996	0.3492091494466159
7.32100000000078	-0.7149779336552776	0.3526525417180293
7.32200000000078	-0.7146262896282066	0.3506344677167584
7.32300000000078	-0.7142773125571554	0.347318637286499
7.324000000000781	-0.7139317112448782	0.3438829598918056
7.325000000000781	-0.713589447248694	0.3406440147181259
7.326000000000781	-0.7132502893498484	0.337670774153276
7.327000000000782	-0.7129139717334121	0.3349634580555504
7.328000000000782	-0.7125802373606055	0.3325042942923065
7.329000000000782	-0.7122488490001049	0.3302714401423725
7.330000000000783	-0.711919590907847	0.3282437638691854
7.331000000000783	-0.7115896982919026	0.331540485346304
7.332000000000783	-0.7112559219450483	0.3360112138358432
7.333000000000784	-0.7109176710142073	0.3404896396950503
7.334000000000784	-0.7105750909741995	0.3446694189674926
7.335000000000784	-0.7102285104356583	0.3484906245284389
7.336000000000785	-0.7098782840953827	0.3519610112507736
7.337000000000785	-0.7095247496393663	0.3551068458223991
7.338000000000785	-0.7091682176615138	0.3579560456538381
7.339000000000786	-0.7088089710358426	0.360536133027488
7.340000000000786	-0.7084472662536473	0.3628723510283744
7.341000000000786	-0.7080833356998799	0.3649876691858795
7.342000000000787	-0.7077173900093062	0.3669026182785882
7.343000000000787	-0.7073496199914057	0.3686363180423
7.344000000000787	-0.7069801985661978	0.3702054276081619
7.345000000000788	-0.7066092825572594	0.3716254806827883
7.346000000000788	-0.7062370140933328	0.3729103331853626
7.347000000000788	-0.705863522064889	0.3740726057004742
7.348000000000789	-0.7054889233404456	0.3751237215141566
7.349000000000789	-0.7051107545419905	0.3812127426707402
7.350000000000789	-0.7047260394057985	0.3882163770056699
7.35100000000079	-0.7043344341999105	0.3949928610309242
7.35200000000079	-0.7039363078767414	0.4012585916218203
7.35300000000079	-0.7035347662266707	0.4018235041857239
7.354000000000791	-0.7031334266575285	0.4008544299605935
7.355000000000791	-0.7027332253245958	0.39954703477388
7.356000000000791	-0.7023343325552784	0.3982373062521153
7.357000000000792	-0.7019367064130031	0.3970137840903863
7.358000000000792	-0.7015402525153692	0.3958928200898049
7.359000000000792	-0.7011448693661565	0.3948722900677416
7.360000000000793	-0.700750460358961	0.393944538587545
7.361000000000793	-0.7003569368889342	0.3931012179995628
7.362000000000793	-0.699964218682373	0.3923340136865402
7.363000000000794	-0.6995722333544971	0.391635462443839
7.364000000000794	-0.6991809155981784	0.3909988721931194
7.365000000000794	-0.6987902065003754	0.3904181468579837
7.366000000000795	-0.6983974835441845	0.395026582515026
7.367000000000795	-0.697999626452284	0.4006864024138084
7.368000000000795	-0.6975961611491565	0.406242987661048
7.369000000000796	-0.6971873387513169	0.4114005752702464
7.370000000000796	-0.6967735836077127	0.4161084638862903
7.371000000000796	-0.6963553370102569	0.4203834689863775
7.372000000000797	-0.6959330149321954	0.4242594123521786
7.373000000000797	-0.6955069988273405	0.4277715109669954
7.374000000000797	-0.6950776356414132	0.4309535639272148
7.375000000000798	-0.6946452399619415	0.4338364884264232
7.376000000000798	-0.6942100968261458	0.4364484677978521
7.377000000000798	-0.693772464361249	0.4388151386230136
7.378000000000799	-0.6933325764622076	0.4409593287812085
7.379000000000799	-0.6928906451325096	0.4429019932647948
7.380000000000799	-0.6924494318648546	0.439523206378683
7.3810000000008	-0.6920121833549203	0.4349724893435148
7.3820000000008	-0.6915769177860823	0.435557329714419
7.3830000000008	-0.6911404141578926	0.4374486038190031
7.384000000000801	-0.690701911759683	0.4395548632157542
7.385000000000801	-0.6902613457038507	0.4415759123228224
7.386000000000801	-0.6898188378983133	0.4434383562475102
7.387000000000802	-0.6893745511980677	0.4451336958493372
7.388000000000802	-0.6889286483210735	0.4466707043429687
7.389000000000802	-0.688481281189912	0.4480621992385753
7.390000000000803	-0.6880325888075943	0.4493212021280331
7.391000000000803	-0.6875826975677409	0.450459910162573
7.392000000000803	-0.6871317221989056	0.4514894562896363
7.393000000000804	-0.6866797667465677	0.4524200736783744
7.394000000000804	-0.686226925570255	0.4532609010343464
7.395000000000804	-0.6857732843559029	0.4540201468103888
7.396000000000805	-0.685318920931784	0.4547053178556174
7.397000000000805	-0.6848639059861196	0.4553231874024108
7.398000000000805	-0.6844057343546793	0.4610186792707399
7.399000000000806	-0.6839413919446277	0.4676647252880679
7.400000000000806	-0.6834705007767138	0.4741161744840061
7.401000000000806	-0.6829933987191266	0.480086485131778
7.402000000000807	-0.6825105887922538	0.485531895066048
7.403000000000807	-0.6820225835436393	0.49047711217122
7.404000000000807	-0.6815298634577842	0.4949615545526527
7.405000000000808	-0.6810354380679937	0.4938877142286606
7.406000000000808	-0.680542779896832	0.4914271220928258
7.407000000000808	-0.680052682353166	0.4887664664686863
7.408000000000809	-0.6795651835959282	0.4862295565943235
7.409000000000809	-0.6790801217855624	0.4838925795968327
7.410000000000809	-0.6785972938040101	0.4817619052267368
7.41100000000081	-0.678116499606523	0.4798250171214228
7.41200000000081	-0.677637553641664	0.4780654450642843
7.41300000000081	-0.6771577173937003	0.4816055800354131
7.414000000000811	-0.6766737651913287	0.4862973406889601
7.415000000000811	-0.6761851275132612	0.4909765164738885
7.416000000000811	-0.6756919691140644	0.4953387684835754
7.417000000000812	-0.6751946359871818	0.4993259584277887
7.418000000000812	-0.674693498584665	0.502947307457366
7.419000000000812	-0.6741889090205901	0.5062302703176979
7.420000000000813	-0.6736811909194597	0.509204371325072
7.421000000000813	-0.6731706388462796	0.5118982050679227
7.422000000000813	-0.6726575199546637	0.5143379996593611
7.423000000000814	-0.6721420763563343	0.5165476106938288
7.424000000000814	-0.6716245274476227	0.5185486132896674
7.425000000000814	-0.6711050720219559	0.5203606380751108
7.426000000000815	-0.670583890221623	0.5220013566412927
7.427000000000815	-0.6700611452721196	0.5234869309323834
7.428000000000815	-0.669536985175755	0.5248316453309281
7.429000000000816	-0.6690115442059069	0.5260486732761336
7.430000000000816	-0.6684849441285377	0.5271498561212377
7.431000000000816	-0.6679572953614017	0.5281460488948057
7.432000000000817	-0.6674286981111585	0.5290468187268194
7.433000000000817	-0.6668992433517333	0.5298610639277409
7.434000000000817	-0.6663690136317556	0.5305967367534375
7.435000000000818	-0.665838083853098	0.5312611784383265
7.436000000000818	-0.6653065220735461	0.5318607359007733
7.437000000000818	-0.6647743902120439	0.5324013398879063
7.438000000000819	-0.664241744519526	0.5328883956535164
7.439000000000819	-0.6637086361456475	0.5333267004873725
7.440000000000819	-0.6631751116241594	0.5337206888935867
7.44100000000082	-0.6626412132857363	0.5340743325088747
7.44200000000082	-0.6621044103225433	0.5395299287318336
7.44300000000082	-0.66156166552422	0.5459579836293311
7.444000000000821	-0.6610125800096214	0.5522113408813407
7.445000000000821	-0.6604574729461324	0.5580010619752415
7.446000000000821	-0.6598968302957562	0.563282496708075
7.447000000000822	-0.6593311490831261	0.5680781700585738
7.448000000000822	-0.6587634652839587	0.5672876627819058
7.449000000000822	-0.6581972786824327	0.5650837786591336
7.450000000000823	-0.6576334084448423	0.5626549413512527
7.451000000000823	-0.6570719165549386	0.56032708992906
7.452000000000823	-0.6565126627208224	0.5581788359925236
7.453000000000824	-0.655955463280101	0.5562183087932168
7.454000000000824	-0.6554001358781516	0.5544347635419753
7.455000000000824	-0.6548439415541817	0.557952149389935
7.456000000000825	-0.6542836532547792	0.5626227008868127
7.457000000000825	-0.6537186997941764	0.5672824564709689
7.458000000000825	-0.653149244455971	0.5716264412638506
7.459000000000826	-0.6525756320666664	0.5755965449011829
7.460000000000826	-0.651998231927777	0.579201927803672
7.461000000000826	-0.6514173951995265	0.5824697120769081
7.462000000000827	-0.6508334445187381	0.5854298223288589
7.463000000000827	-0.6502466734158696	0.5881105465937921
7.464000000000827	-0.649657348345993	0.5905377475249113
7.465000000000828	-0.6490657108703298	0.592735350093505
7.466000000000828	-0.6484719797078584	0.5947251137447777
7.467000000000828	-0.6478789225320981	0.5913873779477852
7.468000000000829	-0.6472897916524444	0.5868725330177856
7.469000000000829	-0.6467026102836309	0.5874883615646821
7.470000000000829	-0.6461141620518618	0.5894062541325675
7.47100000000083	-0.6455236904423144	0.5915351099430131
7.47200000000083	-0.6449311345352368	0.5935748418156134
7.47300000000083	-0.6443366198625115	0.5954526342473712
7.474000000000831	-0.6437403124764749	0.5971602619621431
7.475000000000831	-0.6431423779968201	0.5987068155224415
7.476000000000831	-0.6425429709564598	0.6001053778920405
7.477000000000832	-0.6419422327281676	0.6013691863451807
7.478000000000832	-0.6413402918836445	0.602510605713105
7.479000000000832	-0.6407372651434996	0.6035409733114858
7.480000000000833	-0.6401332584211743	0.6044705661268027
7.481000000000833	-0.6395283678224019	0.6053087225586399
7.482000000000833	-0.6389201112204461	0.6112025610051173
7.483000000000834	-0.6383054954406109	0.6180270573592008
7.484000000000834	-0.6376841614894223	0.6246388815921946
7.485000000000834	-0.6370564644641884	0.6307531844243487
7.486000000000835	-0.6364254979254694	0.6311778972964923
7.487000000000835	-0.6357948684668616	0.6300790243382579
7.488000000000835	-0.6351655020513512	0.6286518141721238
7.489000000000836	-0.6345375593790141	0.6272315415778704
7.490000000000836	-0.6339109901636658	0.6259049036282208
7.491000000000836	-0.6332856925796603	0.6246882820100046
7.492000000000837	-0.6326615582159557	0.6235784658061845
7.493000000000837	-0.6320384844704906	0.6225670479915066
7.494000000000837	-0.6314163774788124	0.6216449603998968
7.495000000000838	-0.6307925827440207	0.6259425279579478
7.496000000000838	-0.6301639509185312	0.631319125519491
7.497000000000838	-0.6295299815675711	0.6366175610109267
7.498000000000839	-0.6288909020670579	0.6415394074384904
7.499000000000839	-0.6282471151909874	0.6460322961980559
7.500000000000839	-0.6275990425508329	0.6501109210017201
7.50100000000084	-0.6269470827782001	0.6538065478012033
7.50200000000084	-0.6262916018262852	0.657153267362139
7.50300000000084	-0.6256355021273025	0.6550440389732208
7.504000000000841	-0.6249821582266715	0.6516416784585568
7.505000000000841	-0.6243322744696207	0.6481237618741609
7.506000000000841	-0.6236858084456696	0.6448062222016462
7.507000000000842	-0.6230425253744059	0.6417578657077136
7.508000000000842	-0.6223995863435906	0.6441181414545909
7.509000000000842	-0.6217536585714563	0.6477353378408145
7.510000000000843	-0.6211040713571454	0.6514370131445366
7.511000000000843	-0.6204508966868508	0.6549102373602367
7.512000000000843	-0.6197943962819936	0.6580884706445721
7.513000000000844	-0.6191348641039439	0.6609737730476949
7.514000000000844	-0.6184725832013274	0.663585909975165
7.515000000000844	-0.6178078148331623	0.6659486951680224
7.516000000000845	-0.6171407968257361	0.6680851802730698
7.517000000000845	-0.6164717450431092	0.670016238028796
7.518000000000845	-0.615800855276238	0.6717611418415118
7.519000000000846	-0.6151283049652373	0.673337319929832
7.520000000000846	-0.6144542549082689	0.6747606279295929
7.521000000000846	-0.6137788508280114	0.6760453611233159
7.522000000000847	-0.6131022249174172	0.6772042836386116
7.523000000000847	-0.6124244971640457	0.6782490420948117
7.524000000000847	-0.6117457765046673	0.6791900914159343
7.525000000000848	-0.6110661617634356	0.6800372018800183
7.526000000000848	-0.6103857425627558	0.6807990066768157
7.527000000000848	-0.6097046003225148	0.6814832776264246
7.528000000000849	-0.609022809008879	0.6820971503272042
7.529000000000849	-0.6083404358270896	0.6826470110090594
7.530000000000849	-0.6076575418384013	0.683138761396397
7.53100000000085	-0.6069741825371807	0.6835776335225505
7.53200000000085	-0.6062904084354592	0.6839683600093853
7.53300000000085	-0.6056036961553477	0.6894539797518888
7.534000000000851	-0.6049110151822038	0.6959057257046465
7.535000000000851	-0.6042119727215065	0.7021769331911646
7.536000000000851	-0.6035094629804307	0.7028402741391615
7.537000000000852	-0.6028070495583268	0.7019842944579567
7.538000000000852	-0.6021056650842738	0.7007823802726535
7.539000000000852	-0.6014054902321058	0.6995650535154617
7.540000000000853	-0.6007064966329647	0.6984198769608468
7.541000000000853	-0.6000086033465912	0.6973644304664567
7.542000000000853	-0.5993117214153894	0.6963971688208722
7.543000000000854	-0.5986157659241725	0.6955115524295377
7.544000000000854	-0.5979206589739072	0.6947000886029455
7.545000000000854	-0.597223760497732	0.6990945973518675
7.546000000000855	-0.5965219341630995	0.7045557884056222
7.547000000000855	-0.5958146913995294	0.7099274365028203
7.548000000000855	-0.5951022703121162	0.7149124181186503
7.549000000000856	-0.594385083353634	0.7194591619888213
7.550000000000856	-0.5936635611482632	0.7235828966268216
7.551000000000856	-0.592938110237001	0.7273165598091909
7.552000000000857	-0.5922116735510434	0.7255544416433996
7.553000000000857	-0.5914876635159988	0.7224632647486431
7.554000000000857	-0.5907668187875482	0.7192238376468052
7.555000000000858	-0.5900491279953669	0.7161554013807846
7.556000000000858	-0.589331814415659	0.7184694128061989
7.557000000000858	-0.5886115612115936	0.7220346393526227
7.558000000000859	-0.5878877005718571	0.7256842712070497
7.559000000000859	-0.5871603037783275	0.7291069342147802
7.560000000000859	-0.5864296310006516	0.7322362276125073
7.56100000000086	-0.585695974332994	0.7350747032342169
7.56200000000086	-0.5849596146986225	0.7376421510049229
7.56300000000086	-0.5842208115259427	0.7399617706545971
7.564000000000861	-0.5834798012603699	0.742056328361133
7.565000000000861	-0.5827367985061808	0.7439467401526162
7.566000000000861	-0.5819919978882523	0.7456520487365403
7.567000000000862	-0.5812481452750287	0.7420507326602612
7.568000000000862	-0.5805059043720124	0.7424286324280375
7.569000000000862	-0.5797627783779765	0.7438209105982995
7.570000000000863	-0.5790181767165478	0.7453799611647016
7.571000000000863	-0.5782720492587188	0.7468724971791324
7.572000000000863	-0.5775244910439552	0.7482414691213465
7.573000000000864	-0.5767756289612296	0.7494802276034178
7.574000000000864	-0.5760255897691519	0.7505956827392588
7.575000000000864	-0.5752744917886721	0.7515977997075221
7.576000000000865	-0.5745224433274552	0.7524966398672948
7.577000000000865	-0.573769542905996	0.7533017161680406
7.578000000000865	-0.573015880021124	0.7540215629622692
7.579000000000866	-0.5722615359967427	0.754663991722704
7.580000000000866	-0.5715040153693991	0.7603747571642212
7.581000000000866	-0.5707403129113553	0.7670276314382097
7.582000000000867	-0.569972629733188	0.7683361829878811
7.583000000000867	-0.5692043857446565	0.7681492490570309
7.584000000000867	-0.5684365219658003	0.7675757636465291
7.585000000000868	-0.5676692667459646	0.7669321317859046
7.586000000000868	-0.5669026465296257	0.7663057575151621
7.587000000000868	-0.566136633305384	0.7657181483653047
7.588000000000869	-0.5653711869099136	0.7651721006170025
7.589000000000869	-0.564606266890633	0.764665396500457
7.590000000000869	-0.5638418356246584	0.7641945943983292
7.59100000000087	-0.5630752895494516	0.7688950067014348
7.59200000000087	-0.5623035254723939	0.7746305794999625
7.59300000000087	-0.5615260848498568	0.7802480775097315
7.594000000000871	-0.5607432329217724	0.7854531713011149
7.595000000000871	-0.5599554068525243	0.7901963419758865
7.596000000000871	-0.5591630595080243	0.7944957054311057
7.597000000000872	-0.5583691869688379	0.7932467249498334
7.598000000000872	-0.5575772529324513	0.7906187049887607
7.599000000000872	-0.5567880439606496	0.7877966035752648
7.600000000000873	-0.5560015924012397	0.7851038881237683
7.601000000000873	-0.5552177312165935	0.7826158614232187
7.602000000000873	-0.5544336832172089	0.7854775157014009
7.603000000000874	-0.5536461715947641	0.7895430946805859
7.604000000000874	-0.5528545761295797	0.7936451862263496
7.605000000000874	-0.552059014527293	0.7974753543059979
7.606000000000875	-0.5512597897784882	0.8009714656814101
7.607000000000875	-0.5504572332158917	0.8041389694027011
7.608000000000875	-0.5496516614843593	0.8070017921135928
7.609000000000876	-0.5488433661841601	0.8095860962622772
7.610000000000876	-0.5480351827503103	0.8067780584494709
7.611000000000876	-0.5472304251005263	0.8027345383004284
7.612000000000877	-0.5464297427535841	0.7986274651374721
7.613000000000877	-0.5456304742289272	0.7999068971737228
7.614000000000877	-0.5448292671316668	0.8025046025182025
7.615000000000878	-0.5440253806545521	0.805265646555116
7.616000000000878	-0.5432188081912485	0.8078765645349411
7.617000000000878	-0.5424097359739122	0.8102651448755418
7.618000000000879	-0.5415983884072321	0.8124272542234544
7.619000000000879	-0.5407849849526426	0.8143769124256932
7.620000000000879	-0.5399697291596898	0.8161319233603903
7.62100000000088	-0.5391528068534214	0.8177099320867247
7.62200000000088	-0.5383343868086542	0.8191273939515125
7.62300000000088	-0.537514622104886	0.8203992441941874
7.624000000000881	-0.5366936516097154	0.821538971326391
7.625000000000881	-0.5358716013301571	0.8225588079614499
7.626000000000881	-0.535048585651423	0.8234697650537899
7.627000000000882	-0.5342247083908255	0.8242819674126776
7.628000000000882	-0.5334000637490202	0.8250045235104262
7.629000000000882	-0.5325747372282291	0.8256457217128639
7.630000000000883	-0.5317488064756605	0.8262129836564672
7.631000000000883	-0.5309223420255845	0.8267131135563569
7.632000000000883	-0.5300954079981073	0.8271521355048084
7.633000000000884	-0.5292680627013066	0.8275356494466942
7.634000000000884	-0.5284403591548675	0.8278686322046722
7.635000000000884	-0.5276097762614462	0.8332943322660776
7.636000000000885	-0.5267732855912811	0.8396841642363411
7.637000000000885	-0.5259304962598956	0.8458916318936641
7.638000000000885	-0.5250843044208182	0.8464891666357307
7.639000000000886	-0.5242382755008657	0.8455657927867135
7.640000000000886	-0.5233933435099928	0.8442953108045279
7.641000000000886	-0.5225496902182664	0.843008397448947
7.642000000000887	-0.521707288302008	0.8417925627387653
7.643000000000887	-0.5208660577688549	0.840665633844221
7.644000000000887	-0.5200259104098216	0.8396262168113739
7.645000000000888	-0.5191841924929391	0.8438067427988201
7.646000000000888	-0.5183377545001465	0.8490663511197902
7.647000000000888	-0.5174860957907725	0.8542481567169624
7.648000000000889	-0.5166294434891735	0.8590535170781155
7.649000000000889	-0.5157682002887909	0.8634299371475773
7.650000000000889	-0.5149027874890969	0.8673926999861989
7.65100000000089	-0.5140361727092755	0.8658338918340355
7.65200000000089	-0.5131717941742457	0.862920216614089
7.65300000000089	-0.512310415412322	0.859834354464692
7.654000000000891	-0.5114520477701094	0.8568979860904711
7.655000000000891	-0.5105965049327028	0.8541847531291273
7.656000000000891	-0.5097409920227899	0.8568381297986766
7.657000000000892	-0.5088822162583468	0.860710449575452
7.658000000000892	-0.5080195430684428	0.8646329659116953
7.659000000000892	-0.5071530772038184	0.868295784550035
7.660000000000893	-0.5062831102434056	0.8716351440094261
7.661000000000893	-0.505409963161732	0.8746560146814593
7.662000000000893	-0.5045339430803016	0.8773811321774221
7.663000000000894	-0.5036553330512837	0.8798358994740596
7.664000000000894	-0.5027769604124906	0.876906351080349
7.665000000000894	-0.5019021316979156	0.8727480617971437
7.666000000000895	-0.5010289208085779	0.873670704739593
7.667000000000895	-0.5001541576909865	0.8758525115053399
7.668000000000895	-0.4992771265102608	0.8782068217314366
7.669000000000896	-0.4983978027766073	0.8804376079911362
7.670000000000896	-0.4975163447440065	0.8824754107936453
7.671000000000896	-0.496632948189857	0.8843146429254793
7.672000000000897	-0.4957478057920351	0.8859670906345049
7.673000000000897	-0.4948610964940279	0.8874484364055809
7.674000000000897	-0.4939729837647648	0.8887739468166499
7.675000000000898	-0.4930836161865976	0.8899581283941718
7.676000000000898	-0.4921956980256595	0.8858751159106329
7.677000000000898	-0.4913098543046129	0.8858092543407874
7.678000000000899	-0.4904235538904229	0.8867884991562913
7.679000000000899	-0.489536176501882	0.8879631978480099
7.680000000000899	-0.4886476445343484	0.8890976516746378
7.6810000000009	-0.487758027967884	0.8901323904827529
7.6820000000009	-0.4868674308779939	0.8910586936579769
7.6830000000009	-0.4859759592975104	0.8918813671680804
7.684000000000901	-0.4850837128459533	0.8926084316482088
7.685000000000901	-0.4841907829176125	0.8932483168956231
7.686000000000901	-0.4832972527562328	0.8938088941753836
7.687000000000902	-0.4824006287259172	0.8994360425256955
7.688000000000902	-0.4814979072831189	0.9060036964147523
7.689000000000902	-0.4805912891906551	0.9072293267797917
7.690000000000903	-0.4796841935483526	0.9069587929308437
7.691000000000903	-0.478777562392394	0.9063003542198895
7.692000000000903	-0.477871625462151	0.9055703424350297
7.693000000000904	-0.4769664105734541	0.9048562721661575
7.694000000000904	-0.4760618910141076	0.9041796846856337
7.695000000000904	-0.475158027771109	0.9035436402911491
7.696000000000905	-0.4742547813997894	0.9029459420163503
7.697000000000905	-0.4733495457513084	0.9075221861833319
7.698000000000905	-0.4724392150607198	0.9131360069143397
7.699000000000906	-0.4715233286535649	0.9186335983621383
7.700000000000906	-0.4706021498987163	0.9237206822465246
7.701000000000906	-0.4696786838278494	0.9232082208617967
7.702000000000907	-0.4687564545609997	0.9212470770343868
7.703000000000907	-0.4678363182679633	0.9190222790721663
7.704000000000907	-0.4669183744976572	0.9168620377739137
7.705000000000908	-0.4660025180088224	0.9148477219726908
7.706000000000908	-0.4650885973639946	0.9129903550838605
7.707000000000908	-0.4641738901912784	0.9164207735090442
7.708000000000909	-0.4632551810433882	0.9209942898745892
7.709000000000909	-0.4623319083429945	0.9255478609648636
7.710000000000909	-0.4614042439767759	0.9297776045590579
7.71100000000091	-0.4604725405845134	0.9336258973117083
7.71200000000091	-0.4595371743940551	0.9371031865192272
7.71300000000091	-0.4586010723663235	0.9350975677361649
7.714000000000911	-0.4576676357951082	0.9317722813671205
7.715000000000911	-0.4567375944401079	0.9283071457785336
7.716000000000911	-0.4558109291663589	0.9250201292890948
7.717000000000912	-0.4548848565540975	0.9271218234107093
7.718000000000912	-0.4539560537160793	0.9304805696678411
7.719000000000912	-0.4530238472907394	0.9339289845274796
7.720000000000913	-0.4520883033796596	0.9371555278413405
7.721000000000913	-0.4511496775415295	0.9400928262129952
7.722000000000913	-0.4502082579976863	0.9427429278617199
7.723000000000914	-0.4492643221364875	0.9451254504905641
7.724000000000914	-0.4483181258768149	0.9472637152739098
7.725000000000914	-0.4473724719457978	0.9440407935761193
7.726000000000915	-0.4464306449148112	0.9396099272702966
7.727000000000915	-0.4454906986918771	0.9402791826411192
7.728000000000915	-0.4445494450436128	0.9422247717899066
7.729000000000916	-0.4436061516624096	0.9443586397726035
7.730000000000916	-0.4426607791725092	0.946382980291637
7.731000000000916	-0.4417134724641479	0.9482270683096141
7.732000000000917	-0.4407644150080769	0.9498844679731009
7.733000000000917	-0.439813788298938	0.9513655673480974
7.734000000000917	-0.438861761292905	0.9526850552611715
7.735000000000918	-0.4379084883925353	0.9538573500677004
7.736000000000918	-0.4369566794270839	0.9497571891265562
7.737000000000918	-0.4360069645321742	0.9496692149432068
7.738000000000919	-0.435056817296864	0.9506218668868034
7.739000000000919	-0.4341056215722969	0.9517661882183016
7.740000000000919	-0.4331533034877603	0.9528665813212791
7.74100000000092	-0.432199936399919	0.9538641895830569
7.74200000000092	-0.4312456274024933	0.9547503956264176
7.74300000000092	-0.4302904853346924	0.9555303258573866
7.744000000000921	-0.4293346123013694	0.9562123225592334
7.745000000000921	-0.4283781019347164	0.9568049887403506
7.746000000000921	-0.4274210394755125	0.9573165041898281
7.747000000000922	-0.4264609330405719	0.9628929278179145
7.748000000000922	-0.4254973503810353	0.9642689394262746
7.749000000000922	-0.4245329974984592	0.9644333696281716
7.750000000000923	-0.4235686536914076	0.9642507869030899
7.751000000000923	-0.4226045411242494	0.9639708891673682
7.752000000000923	-0.421640721230484	0.9636654396683302
7.753000000000924	-0.4206772093564852	0.9633548492447734
7.754000000000924	-0.4197140079210562	0.9630445621524329
7.755000000000924	-0.4187511160015671	0.9627358169900141
7.756000000000925	-0.4177859625200142	0.9675676766657962
7.757000000000925	-0.4168154734622582	0.973406948717087
7.758000000000925	-0.4158392167607586	0.9791029418976183
7.759000000000926	-0.4148574816078151	0.9843638303671085
7.760000000000926	-0.4138732965040723	0.9840028331441969
7.761000000000926	-0.4128902068544485	0.9821729245437242
7.762000000000927	-0.4119090880114428	0.9800612254870322
7.763000000000927	-0.4109300569561047	0.9779973552216201
7.764000000000927	-0.4099530244856426	0.9760640614395097
7.765000000000928	-0.4089778536992413	0.9742739923230354
7.766000000000928	-0.4080018348852235	0.9777601121225705
7.767000000000928	-0.407021763894223	0.9823783301633192
7.768000000000929	-0.4060370898301633	0.9869662401095054
7.769000000000929	-0.4050479943324471	0.9912211799842859
7.770000000000929	-0.4040548387201361	0.9950864530967367
7.77100000000093	-0.4030605767715691	0.9934338469673529
7.77200000000093	-0.4020686457389809	0.9904246280522254
7.77300000000093	-0.4010798113236875	0.9872406220778859
7.774000000000931	-0.4000940878332597	0.9842027880904863
7.775000000000931	-0.3991112922040572	0.9813849087512856
7.776000000000932	-0.3981286324567058	0.9839310234042088
7.777000000000932	-0.3971428183500533	0.9876936144379068
7.778000000000932	-0.3961532175976574	0.9915042996700659
7.779000000000933	-0.39515993702176	0.9950532465941471
7.780000000000933	-0.3941632700673184	0.9982770429642979
7.781000000000933	-0.3931635392626997	1.001180934314714
7.782000000000934	-0.3921636230276878	0.9986479015702721
7.783000000000934	-0.3911668788435986	0.9948368425020433
7.784000000000934	-0.3901739968718757	0.9909234893988356
7.785000000000935	-0.3891823503107247	0.9923660243798188
7.786000000000935	-0.3881886176020273	0.995095775427864
7.787000000000935	-0.387192087853353	0.997960092674638
7.788000000000936	-0.3861927821352809	1.00064770263248
7.789000000000936	-0.3851909121944416	1.003088527381224
7.790000000000936	-0.384186725537573	1.005281124758121
7.791000000000937	-0.3831804623310403	1.007241617646389
7.792000000000937	-0.3821723448424413	1.008989680633225
7.793000000000937	-0.3811651453067836	1.005405713624719
7.794000000000938	-0.3801621205259034	1.000640184844071
7.795000000000938	-0.3791612982534435	1.001000703364352
7.796000000000938	-0.3781594662793603	1.002659582941006
7.797000000000939	-0.37715587144989	1.004526406233138
7.798000000000939	-0.3761504558279983	1.006301159663038
7.799000000000939	-0.375143347599119	1.007911612551991
7.80000000000094	-0.3741347152532298	1.009349386640166
7.80100000000094	-0.3731247267861963	1.010623848410152
7.80200000000094	-0.3721135387671432	1.011748484820769
7.803000000000941	-0.3711012942918845	1.012736755485852
7.804000000000941	-0.3700881234969299	1.013601119353461
7.805000000000941	-0.3690741445346828	1.014353085645332
7.806000000000942	-0.3680594645970676	1.015003066057629
7.807000000000942	-0.367044180959109	1.015560482658255
7.808000000000942	-0.3660283819132155	1.016033878578963
7.809000000000943	-0.3650121475845924	1.016431045065172
7.810000000000943	-0.363995550752411	1.016758882912789
7.811000000000943	-0.3629786575636805	1.017023755626269
7.812000000000944	-0.3619615280979875	1.017231434523962
7.813000000000944	-0.3609442169808588	1.01738705638815
7.814000000000944	-0.359924204522892	1.022634104816577
7.815000000000945	-0.3589010332532696	1.02370466662353
7.816000000000945	-0.3578773863757527	1.023585317406433
7.817000000000945	-0.3568540224962565	1.023138670181373
7.818000000000946	-0.3558311449888857	1.022612573509793
7.819000000000946	-0.3548087982421461	1.022077149443218
7.820000000000946	-0.3537869821812822	1.021551202288181
7.821000000000947	-0.3527656852391758	1.021038912421776
7.822000000000947	-0.351744893773606	1.020540249663879
7.823000000000947	-0.3507220252084997	1.025193102409031
7.824000000000948	-0.3496939951540761	1.030863207808894
7.825000000000948	-0.3486603622798	1.036398719975166
7.826000000000948	-0.3476239793057403	1.036363395768767
7.827000000000949	-0.3465883727587565	1.034845867256883
7.828000000000949	-0.3455544393628824	1.033017098309108
7.829000000000949	-0.3445223267403595	1.031204325871676
7.83000000000095	-0.343491976508481	1.029492322133007
7.83100000000095	-0.3424632804190497	1.027896045699856
7.83200000000095	-0.3414335552598723	1.031550456412801
7.833000000000951	-0.3403996210461208	1.036314137843989
7.834000000000951	-0.3393609484972819	1.041027107606621
7.835000000000951	-0.3383177385674448	1.045388881590096
7.836000000000952	-0.3372703699942141	1.049344377535308
7.837000000000952	-0.3362218120611598	1.047767595392519
7.838000000000952	-0.3351755159447731	1.044820751175688
7.839000000000953	-0.3341322602762014	1.041686709645099
7.840000000000953	-0.3330920710610381	1.038687854354617
7.841000000000953	-0.3320547758385349	1.035898733695617
7.842000000000954	-0.3310175925323687	1.03846402071749
7.843000000000954	-0.3299772398172054	1.042237538519031
7.844000000000954	-0.3289330934107073	1.046051387883844
7.845000000000955	-0.3278852672987905	1.049596934266913
7.846000000000955	-0.3268340610826307	1.052811582385829
7.847000000000955	-0.3257823727615428	1.050561140930965
7.848000000000956	-0.3247335891251394	1.047002222453354
7.849000000000956	-0.3236884301410116	1.043311848517835
7.850000000000956	-0.3226468688433876	1.039806861501293
7.851000000000957	-0.3216061149688607	1.041697003983902
7.852000000000957	-0.3205628394676504	1.044850104106871
7.853000000000957	-0.3195163633371826	1.048098249196163
7.854000000000958	-0.3184667475866055	1.051129331242597
7.855000000000958	-0.317414243090809	1.053875727481915
7.856000000000958	-0.3163591337622683	1.056338985632404
7.857000000000959	-0.3153016929339954	1.058538716864321
7.858000000000959	-0.3142447424107338	1.055358376080029
7.859000000000959	-0.3131915848541945	1.050952796256446
7.86000000000096	-0.3121402907901091	1.051631396804304
7.86100000000096	-0.311087687081729	1.053572078606033
7.86200000000096	-0.3100330551533523	1.055687827865208
7.863000000000961	-0.3089763681245737	1.057682270373084
7.864000000000961	-0.3079177821123216	1.059485786357915
7.865000000000961	-0.3068574906678881	1.061093127004047
7.866000000000962	-0.3057956843119438	1.062515602360945
7.867000000000962	-0.3047325401148618	1.063768802923841
7.868000000000962	-0.3036707892367506	1.059728968315608
7.869000000000963	-0.3026110817907496	1.059681945050389
7.870000000000963	-0.3015509095713643	1.060658512022028
7.871000000000963	-0.3004896725791582	1.061811485377957
7.872000000000964	-0.2994273113576766	1.062906965035624
7.873000000000964	-0.2983639121243332	1.063887503889353
7.874000000000964	-0.2972995936340156	1.064745474218513
7.875000000000965	-0.2962344753053475	1.065487176275593
7.876000000000965	-0.2951686687218082	1.066121980067914
7.877000000000965	-0.2941022760334693	1.06665938236808
7.878000000000966	-0.2930328208511205	1.072246955257346
7.879000000000966	-0.2919598848421445	1.073621021209194
7.880000000000966	-0.2908861865396173	1.07377153818343
7.881000000000967	-0.2898125166528068	1.073564188582269
7.882000000000967	-0.2887391076763092	1.073249717245818
7.883000000000967	-0.2876660303539265	1.072900880312699
7.884000000000968	-0.2865933084419872	1.072538896415008
7.885000000000968	-0.2855209519532233	1.072170034061408
7.886000000000968	-0.2844489667716734	1.07179628211497
7.887000000000969	-0.2833773574432294	1.071418328000505
7.888000000000969	-0.2823035584983015	1.076175505547367
7.889000000000969	-0.2812270706984096	1.076796026502748
7.89000000000097	-0.2801505394918371	1.076262317479227
7.89100000000097	-0.2790746895221664	1.075433554014907
7.89200000000097	-0.2779996934113728	1.074554601700662
7.893000000000971	-0.2769255676605702	1.073692836078554
7.894000000000971	-0.2758522869144781	1.072864594237594
7.895000000000971	-0.2747798166610789	1.072071852526905
7.896000000000972	-0.273708122472303	1.071312466702901
7.897000000000972	-0.2726346029668441	1.075722477756178
7.898000000000972	-0.2715561569775668	1.081165414449221
7.899000000000973	-0.2704748974275162	1.081349587409844
7.900000000000973	-0.2693941637521198	1.080113665906101
7.901000000000973	-0.2683148252527944	1.078559239337001
7.902000000000974	-0.2672370455104238	1.076996156695831
7.903000000000974	-0.2661607924095448	1.075505960941135
7.904000000000974	-0.265085984877358	1.074105023600956
7.905000000000975	-0.2640125346887953	1.07279127765686
7.906000000000975	-0.2629377883804315	1.076697257096858
7.907000000000975	-0.2618585966186103	1.081682166498998
7.908000000000976	-0.2607744592652598	1.086588420172071
7.909000000000976	-0.2596856040064375	1.091117958313256
7.910000000000976	-0.2585950047746133	1.090076358345998
7.911000000000977	-0.2575061574185905	1.087614212178323
7.912000000000977	-0.2564198910590993	1.084914373916187
7.913000000000977	-0.2553362804521472	1.082302716031381
7.914000000000978	-0.2542551978416457	1.079858389473396
7.915000000000978	-0.2531739018363941	1.082729503562558
7.916000000000978	-0.2520891481447813	1.086773747871596
7.917000000000979	-0.2510003458649576	1.090826663402569
7.918000000000979	-0.249907639120502	1.094582661094522
7.919000000000979	-0.2488113548794125	1.097981641868767
7.92000000000098	-0.2477144158013948	1.095892331289487
7.92100000000098	-0.2466202307539466	1.092473590075075
7.92200000000098	-0.2455295395720411	1.088904612386581
7.923000000000981	-0.244442333230455	1.085503921599996
7.924000000000981	-0.2433558355697583	1.087487252188012
7.925000000000981	-0.2422667296326948	1.090720463253854
7.926000000000982	-0.2411743494480567	1.094035733710373
7.927000000000982	-0.2400787687546876	1.097121467365254
7.928000000000982	-0.2389802501621766	1.099911519642808
7.929000000000983	-0.2378790880177922	1.102408559881731
7.930000000000983	-0.2367781348702635	1.099493525606747
7.931000000000983	-0.2356807244777687	1.09532306224682
7.932000000000984	-0.2345875253683977	1.091070974365709
7.933000000000984	-0.2334958912145064	1.092193156183722
7.934000000000984	-0.2324024828752917	1.094619337136294
7.935000000000985	-0.231306573469255	1.097195279167656
7.936000000000985	-0.2302081696121195	1.099608228696846
7.937000000000985	-0.2291074697638469	1.101787251562869
7.938000000000986	-0.2280047092141918	1.10372962248297
7.939000000000986	-0.226900117113281	1.105450345972426
7.940000000000986	-0.2257964752000046	1.101829249777408
7.941000000000987	-0.2246970496672671	1.097017599991705
7.942000000000987	-0.2235998777697854	1.097321986850926
7.943000000000987	-0.2225017562552752	1.098916829355111
7.944000000000988	-0.2214019394031238	1.100712654580183
7.945000000000988	-0.2203003756501342	1.102410623280605
7.946000000000988	-0.2191971988665482	1.103938708536254
7.947000000000989	-0.2180925826098169	1.105289563001775
7.948000000000989	-0.2169866990876523	1.106473233495797
7.949000000000989	-0.2158797085975516	1.107503493584819
7.95000000000099	-0.2147743351844595	1.103239084661222
7.95100000000099	-0.2136712249305051	1.102977182985359
7.95200000000099	-0.2125678582675993	1.103751900562891
7.953000000000991	-0.2114636223475382	1.104715692942353
7.954000000000991	-0.2103584456751616	1.10563340056803
7.955000000000991	-0.2092524035724942	1.106446549190267
7.956000000000992	-0.208145604787517	1.107146761275859
7.957000000000992	-0.2070381596011315	1.107739348522236
7.958000000000992	-0.2059301713303765	1.10823292693183
7.959000000000993	-0.2048217346101675	1.108636244715688
7.960000000000993	-0.2037129355497414	1.108957604986934
7.961000000000993	-0.2026038522985329	1.109204624206882
7.962000000000994	-0.2014945557872309	1.109384123378434
7.963000000000994	-0.2003851104108035	1.109502352915096
7.964000000000994	-0.1992755745952803	1.109565000257277
7.965000000000995	-0.1981660014003994	1.1095771105278
7.966000000000995	-0.1970564390294711	1.109543351440326
7.967000000000995	-0.195946931266012	1.109467894851837
7.968000000000996	-0.1948375179117758	1.109354532416218
7.969000000000996	-0.1937256657649021	1.114345469774805
7.970000000000996	-0.1926109048332371	1.115172089831833
7.971000000000997	-0.1914959068534463	1.114819564174951
7.972000000000997	-0.1903814202166747	1.114149404837852
7.973000000000997	-0.1892676390303527	1.11340866507677
7.974000000000998	-0.1881545992097809	1.112666675284151
7.975000000000998	-0.1870422929038798	1.111941637659276
7.976000000000998	-0.1859307014374559	1.111236998188192
7.977000000000999	-0.1848198047110406	1.11055215942988
7.978000000000999	-0.1837070142031109	1.115024553000379
7.979000000000999	-0.1825892403229908	1.120518883642925
7.980000000001	-0.1814686063642916	1.120744698199786
7.981000000001	-0.180348461050128	1.119541595571218
7.982000000001	-0.17922968217864	1.118011817252454
7.983000000001001	-0.1781124411034327	1.116466008085888
7.984000000001001	-0.1769967125372659	1.11498680415855
7.985000000001001	-0.1758824214681292	1.113591018730986
7.986000000001002	-0.1747694851672593	1.112277272018437
7.987000000001002	-0.1736552551035706	1.116178538508434
7.988000000001002	-0.1725365863969339	1.121154539869047
7.989000000001003	-0.171412982885067	1.126048128995593
7.990000000001003	-0.1702872450761556	1.125423124836226
7.991000000001003	-0.169162851304224	1.123360059402765
7.992000000001004	-0.1680406566259569	1.121024945199201
7.993000000001004	-0.1669207713382241	1.118741286463904
7.994000000001004	-0.1658031033917425	1.116590270480338
7.995000000001005	-0.1646875139730112	1.114584238218043
7.996000000001005	-0.163571292098694	1.117855178394809
7.997000000001005	-0.1624512327877622	1.122259095751831
7.998000000001006	-0.1613267841069335	1.12663390034789
7.999000000001006	-0.1601981264667334	1.130676997350169
8.000000000001005	-0.159068189425648	1.129192696351699
8.001000000001005	-0.1579404284089533	1.126324956226854
8.002000000001004	-0.1568156374292923	1.123252633037507
8.003000000001004	-0.1556938599003159	1.120298065791592
8.004000000001003	-0.1545749398593768	1.117537667302059
8.005000000001003	-0.1534561102152374	1.120117271785307
8.006000000001002	-0.1523341033515764	1.123892093238886
8.007000000001002	-0.151208307315702	1.127695600724426
8.008000000001001	-0.1500788471492399	1.131220339411382
8.009000000001	-0.1489460324870596	1.134404578360461
8.010000000001	-0.1478127714316259	1.132113123432359
8.011000000000999	-0.1466824600152959	1.128505310887771
8.012000000000999	-0.1455558254373043	1.124759460331994
8.013000000000998	-0.1444328470322424	1.121192978537247
8.014000000000998	-0.1433107398834823	1.123016950406548
8.015000000000997	-0.1421861794509676	1.126099535785593
8.016000000000997	-0.1410584908442709	1.129273285882009
8.017000000000996	-0.1399277388542014	1.13222628989503
8.018000000000995	-0.138794177642325	1.134891717849352
8.019000000000995	-0.137658093871861	1.13727139654163
8.020000000000994	-0.1365223332406462	1.134245439913521
8.021000000000994	-0.1353902233181025	1.129969992738557
8.022000000000993	-0.1342624269781797	1.125618290807493
8.023000000000993	-0.1331362927662858	1.126645742491593
8.024000000000992	-0.132008476840237	1.12898171189705
8.025000000000992	-0.1308782480502829	1.131471460232923
8.026000000000991	-0.1297456090879332	1.133802046631075
8.02700000000099	-0.1286107547434353	1.135902215233181
8.02800000000099	-0.1274739170077011	1.137768820715165
8.029000000000989	-0.1263378915245076	1.134277712675016
8.030000000000989	-0.1252059603878528	1.129580142978575
8.031000000000988	-0.1240787455989075	1.124845035037124
8.032000000000988	-0.1229535589609138	1.125523848375191
8.033000000000987	-0.1218270233538366	1.127542967325848
8.034000000000987	-0.1206983773002059	1.129744732633704
8.035000000000986	-0.1195675959237167	1.131813604099587
8.036000000000985	-0.11843484897828	1.133675862250543
8.037000000000985	-0.1173003457923963	1.135326077536014
8.038000000000984	-0.1161642920090614	1.136777050501686
8.039000000000984	-0.1150294479501442	1.132906632839606
8.040000000000983	-0.1138990603446683	1.12786416045478
8.041000000000983	-0.112771148892402	1.127954335528147
8.042000000000982	-0.1116424944126911	1.129350211876127
8.043000000000982	-0.1105123366371911	1.13096092067033
8.044000000000981	-0.1093806108417162	1.13248624514024
8.04500000000098	-0.1082474389264075	1.133853154132401
8.04600000000098	-0.1071129835213433	1.135053219085629
8.047000000000979	-0.1059774069074672	1.136095566828907
8.048000000000979	-0.1048408603879668	1.136993026003094
8.049000000000978	-0.1037060517014332	1.132619907163135
8.050000000000978	-0.102573610142181	1.132258780178983
8.051000000000977	-0.1014410087339119	1.132939604054642
8.052000000000977	-0.1003076298401242	1.133813747662177
8.053000000000976	-0.09917339778224195	1.134645928397838
8.054000000000975	-0.09803838395408142	1.135377284657155
8.055000000000975	-0.09690269351870016	1.135999139694064
8.056000000000974	-0.09576643344689782	1.136516554777842
8.057000000000974	-0.09462970399831411	1.136937890932967
8.058000000000973	-0.09349259695858955	1.137271735100333
8.059000000000973	-0.09235519580776939	1.137526111497269
8.060000000000972	-0.09121757630025969	1.137708447154694
8.061000000000972	-0.0900798070970146	1.137825501917774
8.062000000000971	-0.08894195043932326	1.137883355246418
8.063000000000971	-0.08780406277815028	1.13788750830718
8.06400000000097	-0.08666619531633665	1.137842956160196
8.065000000000969	-0.08552839448852437	1.137754240124815
8.066000000000969	-0.08439070241148007	1.137625454615452
8.067000000000968	-0.08325315730706771	1.137460295007913
8.068000000000968	-0.08211322449174044	1.142400866660768
8.069000000000967	-0.08097043238555986	1.143178865084147
8.070000000000967	-0.07982745117128605	1.142779081690142
8.071000000000966	-0.07868502792062854	1.142062939629882
8.072000000000966	-0.07754335553905968	1.141277346054184
8.073000000000965	-0.07640246878288619	1.140491691523452
8.074000000000964	-0.07526235870188668	1.139723998362069
8.075000000000964	-0.07412300560763527	1.13897772061244
8.076000000000963	-0.07298438835069516	1.138252326248229
8.077000000000963	-0.07184391738763622	1.142685125204881
8.078000000000962	-0.07070107135675872	1.143002452198278
8.079000000000962	-0.06955847553935596	1.14218469887437
8.080000000000961	-0.06841683624633468	1.14108940683236
8.081000000000961	-0.06727630936850007	1.139959872516686
8.08200000000096	-0.06613689616690921	1.13886205837231
8.083000000000959	-0.06499855739818222	1.137811010669116
8.084000000000959	-0.06386124593073612	1.136807459512424
8.085000000000958	-0.06272491584263583	1.135848255505779
8.086000000000958	-0.06158695526753628	1.140068426790618
8.087000000000957	-0.06044425313041166	1.145331360623948
8.088000000000957	-0.05929891287887815	1.145344644938463
8.089000000000956	-0.05815426536519679	1.143945887334291
8.090000000000956	-0.05701117230650207	1.142235740770679
8.091000000000955	-0.05586979048787086	1.140523413635593
8.092000000000954	-0.05473008156074808	1.138889964038667
8.093000000000954	-0.05359195873467512	1.137351217486937
8.094000000000953	-0.05245532848286895	1.135904821095606
8.095000000000953	-0.05131753248650557	1.139682701755075
8.096000000000952	-0.05017541665738014	1.144544469386354
8.097000000000952	-0.0490284760709894	1.149332197071375
8.098000000000951	-0.04787950305653161	1.148609317280748
8.099000000000951	-0.04673196854749506	1.146455191633015
8.10000000000095	-0.04558672117967476	1.144035043594132
8.101000000000949	-0.04444386539281343	1.141672038878756
8.102000000000949	-0.04330330367311355	1.139446918058956
8.103000000000948	-0.04216489231812387	1.137371317688485
8.104000000000948	-0.04102591590230843	1.140577037274602
8.105000000000947	-0.03988316524546693	1.144919784695847
8.106000000000947	-0.0387360844756616	1.149237245976277
8.107000000000946	-0.03758741991501376	1.148087359954471
8.108000000000946	-0.03644060106517017	1.145545831428594
8.109000000000945	-0.03529643870030292	1.142774400256977
8.110000000000944	-0.03415500293991789	1.140092633002167
8.111000000000944	-0.03301616524084473	1.137578287672993
8.112000000000943	-0.03187975371894949	1.13524028801724
8.113000000000943	-0.03074302608213908	1.138210516098453
8.114000000000942	-0.02960274845732891	1.142340249901557
8.115000000000942	-0.02845834371975268	1.146464725250383
8.116000000000941	-0.027309969536878	1.150279124742555
8.117000000000941	-0.0261605350166984	1.148585395548781
8.11800000000094	-0.02501347721562082	1.145525695749277
8.119000000000939	-0.02386957347207493	1.142277292759947
8.120000000000939	-0.02272885204489897	1.139161075402007
8.121000000000938	-0.02159114309417636	1.136252351584746
8.122000000000938	-0.02045623650946433	1.133556354292663
8.123000000000937	-0.0193213484580441	1.13621528497039
8.124000000000937	-0.01818320501590655	1.140067122825363
8.125000000000936	-0.0170411990679411	1.143940281341285
8.126000000000936	-0.01589546338482582	1.147526578367296
8.127000000000935	-0.01474888520966073	1.145625262044965
8.128000000000934	-0.0136048819123508	1.142376832708909
8.129000000000934	-0.01246421281714904	1.138956870873776
8.130000000000933	-0.01132688971618021	1.135684857340967
8.131000000000933	-0.01019272789952995	1.132634314614335
8.132000000000932	-0.009058934025249724	1.134948973996691
8.133000000000932	-0.007922216415282712	1.138481774440964
8.134000000000931	-0.006781941460274667	1.142063650044807
8.135000000000931	-0.005638214501630028	1.145385768100072
8.13600000000093	-0.004491327310593218	1.148384102368434
8.137000000000929	-0.003344171688414784	1.145922629304121
8.138000000000929	-0.002200128639734117	1.142158967599907
8.139000000000928	-0.001059911776679095	1.138270273093071
8.140000000000928	7.651206340022034e-05	1.134572936564193
8.141000000000927	0.001211939073015434	1.13627661608662
8.142000000000927	0.00234970390926388	1.139248580640206
8.143000000000926	0.003490490719849058	1.14232055288418
8.144000000000926	0.004634243201653484	1.145179911430239
8.145000000000925	0.005780714970278417	1.147759115852
8.146000000000925	0.006927056710789215	1.144919855743356
8.147000000000924	0.008069926116944596	1.140814460836116
8.148000000000923	0.00920864365176685	1.13661612945064
8.149000000000923	0.01034327307209072	1.132638247967422
8.150000000000922	0.01147663818549942	1.134087520645929
8.151000000000922	0.01261209859722178	1.136828836410838
8.152000000000921	0.01375036116530548	1.139691822410396
8.153000000000921	0.01489139006382248	1.142361486466442
8.15400000000092	0.01603495734182792	1.144768571479248
8.15500000000092	0.01718080024277987	1.14691272349137
8.156000000000919	0.01832609489316632	1.143672072593346
8.157000000000918	0.01946753368716066	1.139201025967119
8.158000000000918	0.02060447190925984	1.134670946603541
8.159000000000917	0.02173957755078449	1.135535872130188
8.160000000000917	0.02287620957173291	1.137723699558307
8.161000000000916	0.0240151128547496	1.140078387450786
8.162000000000916	0.02515629719965596	1.142285814489695
8.163000000000915	0.02629957923151518	1.144273753236291
8.164000000000915	0.02744473743672678	1.146038153951876
8.165000000000914	0.02859155528931607	1.147593041607126
8.166000000000913	0.02973726274565008	1.143817365955415
8.167000000000913	0.03087860436819042	1.138861391339595
8.168000000000912	0.03201498322651074	1.133891857186278
8.169000000000912	0.03314910869103588	1.134354612771438
8.170000000000911	0.034284376785082	1.136177111903664
8.171000000000911	0.03542156788143811	1.138200610005175
8.17200000000091	0.03656072455334615	1.1401082554606
8.17300000000091	0.03770169351402506	1.14182518060934
8.174000000000909	0.03884428073138399	1.143344762652521
8.175000000000908	0.03998571687504132	1.139523037930091
8.176000000000908	0.04112274078964262	1.134520322087639
8.177000000000907	0.04225475689210723	1.129507433548095
8.178000000000907	0.04338447945136206	1.129933244894971
8.179000000000906	0.04451530982085922	1.13172304989687
8.180000000000906	0.04564803221234599	1.133717281662908
8.181000000000905	0.0467826923039432	1.135598442733816
8.182000000000905	0.04791913916405647	1.137290811911102
8.183000000000904	0.0490571806170403	1.13878762245298
8.184000000000903	0.05019662676521548	1.140100197024759
8.185000000000903	0.05133473166972242	1.136105140642083
8.186000000000902	0.05246826178269087	1.130950632180898
8.187000000000902	0.05359920948095057	1.130940321633884
8.188000000000901	0.05473080499575748	1.1322462630003
8.189000000000901	0.0558638187094086	1.133776714027586
8.1900000000009	0.05699832461843765	1.135230648177608
8.1910000000009	0.05813420932436246	1.136534302692751
8.192000000000899	0.05927131805457007	1.137678692231465
8.193000000000898	0.06040949567139769	1.138672072036913
8.194000000000898	0.06154859741509984	1.139526942659724
8.195000000000897	0.062685921667491	1.135117096707513
8.196000000000897	0.06381827596921186	1.129587061149032
8.197000000000896	0.06494769015593495	1.129236878575207
8.198000000000896	0.06607742848096716	1.130235336820642
8.199000000000895	0.06720829211674233	1.131487495975835
8.200000000000895	0.06834038292972201	1.132689686751289
8.201000000000894	0.06947361278675937	1.133765579965463
8.202000000000893	0.07060784974872987	1.134703893016362
8.203000000000893	0.07174295935599731	1.135510867492364
8.204000000000892	0.07287881563278158	1.136197229483857
8.205000000000892	0.07401273394179132	1.131634939915649
8.206000000000891	0.07514410738342026	1.13110750507908
8.207000000000891	0.07627548371017133	1.131640710526635
8.20800000000089	0.07740749819218683	1.13238381348876
8.20900000000089	0.07854024227827815	1.133099916206817
8.210000000000889	0.07967365880033318	1.133728683175357
8.211000000000888	0.08080765555327638	1.134260376110238
8.212000000000888	0.0819421374615165	1.134698992275449
8.213000000000887	0.08307701508654544	1.135051808550956
8.214000000000887	0.08421220650611386	1.135326580544803
8.215000000000886	0.08534506792157914	1.130391809903567
8.216000000000886	0.08647502972591059	1.129527370071445
8.217000000000885	0.08760467350800992	1.129755767119395
8.218000000000885	0.08873466517268459	1.13022313429821
8.219000000000884	0.08986512379499974	1.130689681015957
8.220000000000883	0.09099601715568668	1.131092609789863
8.221000000000883	0.09212727560433243	1.131419855960592
8.222000000000882	0.09325882441968521	1.131673342529804
8.223000000000882	0.09439059260676344	1.131858599021419
8.224000000000881	0.09551994553096917	1.126842826717645
8.225000000000881	0.09664632088689895	1.125903474606641
8.22600000000088	0.09777230672098781	1.126063785042412
8.22700000000088	0.09889857565388301	1.126469671597944
8.228000000000879	0.100025253093221	1.126880796821707
8.229000000000879	0.1011523126051906	1.127233815864655
8.230000000000878	0.1022796897876205	1.127516137003644
8.231000000000877	0.1034073147189802	1.127729313265233
8.232000000000877	0.1045351207734543	1.127878383040345
8.233000000000876	0.1056630467123915	1.127969082244371
8.234000000000876	0.1067884674241501	1.122867939010038
8.235000000000875	0.1079108293987328	1.121851620386332
8.236000000000875	0.1090327287180321	1.121942630786022
8.237000000000874	0.1101548453123982	1.122286170209353
8.238000000000874	0.1112773111936354	1.122641203706944
8.239000000000873	0.1124001059393846	1.122943898498478
8.240000000000872	0.1135231706272278	1.123181087395924
8.241000000000872	0.1146464402899089	1.123353847935458
8.242000000000871	0.1157698528125166	1.123466807258449
8.243000000000871	0.1168933510347677	1.123525247461024
8.24400000000087	0.1180143135166138	1.118395336933357
8.24500000000087	0.1191321900765708	1.11735341631833
8.246000000000869	0.1202495798203458	1.117421707054863
8.247000000000869	0.1213671654328391	1.117745153579267
8.248000000000868	0.1224850814664815	1.118082548657682
8.249000000000867	0.123603309781402	1.118369715517307
8.250000000000867	0.1247217934997553	1.118593355132631
8.251000000000866	0.1258404695179502	1.118754315062175
8.252000000000866	0.1269592774026749	1.118857088295627
8.253000000000865	0.1280781615521236	1.118906844836229
8.254000000000865	0.129197071441059	1.1189085677974
8.255000000000864	0.1303159613235492	1.118866832658491
8.256000000000864	0.1314347898428607	1.118785842319268
8.257000000000863	0.1325535196367843	1.118669382912976
8.258000000000862	0.1336721169554873	1.118520893045372
8.259000000000862	0.1347905513175741	1.118343470971713
8.260000000000861	0.1359087951928644	1.118139920856077
8.261000000000861	0.1370268237293102	1.11791279478845
8.26200000000086	0.1381446145058465	1.117664402635268
8.26300000000086	0.139262147295595	1.117396822894492
8.264000000000859	0.1403794038577557	1.117111949217723
8.265000000000859	0.1414963677524355	1.116811489759648
8.266000000000858	0.14261302415853	1.116496973936379
8.267000000000857	0.1437293597226051	1.116169807667415
8.268000000000857	0.1448453624254881	1.115831253549738
8.269000000000856	0.1459610214544308	1.115482461831868
8.270000000000856	0.1470763271037884	1.115124496466601
8.271000000000855	0.1481912706647757	1.114758287217344
8.272000000000855	0.1493058443141398	1.114384675381018
8.273000000000854	0.1504200410330217	1.114004428446035
8.274000000000854	0.1515338545347328	1.11361824326157
8.275000000000853	0.1526472791955437	1.113226748893977
8.276000000000852	0.153760309993367	1.112830519559041
8.277000000000852	0.154872942452815	1.11243007443824
8.278000000000851	0.1559851725933395	1.1120258840265
8.279000000000851	0.157096996882371	1.111618373785259
8.28000000000085	0.1582084121924495	1.111207928469884
8.28100000000085	0.1593194157523341	1.110794875762351
8.282000000000849	0.1604300051116099	1.110379529631088
8.283000000000849	0.1615401781487432	1.109962233868921
8.284000000000848	0.1626499330357366	1.10954323175424
8.285000000000847	0.1637592681909403	1.109122772703117
8.286000000000847	0.1648681822482498	1.108701038389025
8.287000000000846	0.1659766740242155	1.108278212448005
8.288000000000846	0.1670847425249466	1.107854490360148
8.289000000000845	0.1681923869711816	1.107430105903872
8.290000000000845	0.1692996067421173	1.107005142216039
8.291000000000844	0.1704064013191763	1.10657972061148
8.292000000000844	0.1715127703043458	1.106153960903968
8.293000000000843	0.1726187134115673	1.105727967187823
8.294000000000842	0.1737242304796482	1.105301885099793
8.295000000000842	0.1748293214580779	1.10487579036715
8.296000000000841	0.1759339863732946	1.104449761159733
8.297000000000841	0.1770382253153804	1.104023846594814
8.29800000000084	0.178142038459963	1.103598168646667
8.29900000000084	0.1792454260672711	1.103172774542387
8.300000000000839	0.1803483884504607	1.102747722909219
8.301000000000839	0.1814509259660936	1.102323041931265
8.302000000000838	0.1825530390155616	1.101898793084287
8.303000000000837	0.1836547280802996	1.101475074978638
8.304000000000837	0.1847559936867994	1.101051879117342
8.305000000000836	0.1858568363561951	1.10062920328185
8.306000000000836	0.186957256666039	1.100207162527349
8.307000000000835	0.1880572552241802	1.099785702391553
8.308000000000835	0.1891568326784844	1.099364957370516
8.309000000000834	0.1902559897419431	1.098944923218555
8.310000000000834	0.19135472712132	1.098525591726577
8.311000000000833	0.1924530455358889	1.098106996123348
8.312000000000833	0.1935509457522561	1.097689197845398
8.313000000000832	0.1946484285583525	1.097272178104871
8.314000000000831	0.1957454947458785	1.096855963228547
8.315000000000831	0.1968421451315366	1.096440576894034
8.31600000000083	0.1979383805524314	1.096026036227766
8.31700000000083	0.1990342018720217	1.095612376811428
8.318000000000829	0.2001296099795933	1.095199614717658
8.319000000000829	0.2012246057764928	1.09478775799456
8.320000000000828	0.202319190163127	1.094376796715553
8.321000000000828	0.2034133640323443	1.093966725689169
8.322000000000827	0.2045071283083518	1.09355761282511
8.323000000000826	0.2056004839561433	1.093149471786537
8.324000000000826	0.2066934319307213	1.092742268927671
8.325000000000825	0.2077859731927187	1.092336049155524
8.326000000000825	0.2088781087231849	1.091930808395015
8.327000000000824	0.2099698395111965	1.091526566776716
8.328000000000824	0.2110611665638002	1.091123340109327
8.329000000000823	0.2121520909129297	1.09072116235857
8.330000000000823	0.2132426135994199	1.090320017360866
8.331000000000822	0.2143327356369432	1.089919866954747
8.332000000000821	0.2154224580400973	1.089520751152625
8.333000000000821	0.2165117818493779	1.089122681737618
8.33400000000082	0.2175981386019688	1.08358665017278
8.33500000000082	0.2186810262125856	1.082184412113641
8.336000000000819	0.2197630874341682	1.081933876277698
8.337000000000819	0.2208450444911165	1.081976084249201
8.338000000000818	0.2219270677926962	1.08206636629494
8.339000000000818	0.2230091717194466	1.082137335294999
8.340000000000817	0.2240913288583199	1.082172791355416
8.341000000000816	0.2251735028161498	1.082170974167488
8.342000000000816	0.2262556573800725	1.082134004643789
8.343000000000815	0.2273377589157668	1.08206491894753
8.344000000000815	0.2284172073441299	1.076827801185391
8.345000000000814	0.2294934720204073	1.075697428009818
8.346000000000814	0.2305691699012297	1.075694213482816
8.347000000000813	0.2316449997781454	1.075961420731289
8.348000000000813	0.2327211108064497	1.076256516229196
8.349000000000812	0.2337974982038499	1.076514158915972
8.350000000000811	0.2348741172958836	1.076719905665812
8.351000000000811	0.2359509160824658	1.076873548386576
8.35200000000081	0.2370278442422837	1.076978652708951
8.35300000000081	0.2381048553786907	1.077039502318816
8.354000000000809	0.2391819073354781	1.077060294390123
8.355000000000809	0.2402563925932684	1.071906115212527
8.356000000000808	0.2413277746729929	1.070853951192802
8.357000000000808	0.2423986653897551	1.070923392243792
8.358000000000807	0.2434697580667082	1.071257871886218
8.359000000000806	0.2445411966996568	1.071615304002367
8.360000000000806	0.2456129717337505	1.071930673986188
8.361000000000805	0.2466850341306145	1.072190029545463
8.362000000000805	0.247757327949736	1.072393518722608
8.363000000000804	0.2488297992986472	1.072545089557249
8.364000000000804	0.2499023985883643	1.072649400961138
8.365000000000803	0.2509725113891123	1.067572122213072
8.366000000000803	0.2520395949276017	1.06659088910303
8.367000000000802	0.2531062552888202	1.066725770399916
8.368000000000801	0.2541731806107605	1.067120810658539
8.369000000000801	0.2552405102179775	1.067534340540495
8.3700000000008	0.2563082303192893	1.067901798493684
8.3710000000008	0.2573762880681601	1.068209635510778
8.372000000000799	0.2584446240886025	1.068458341720792
8.373000000000799	0.2595131813623771	1.068652142481666
8.374000000000798	0.2605819074448147	1.068795959557572
8.375000000000798	0.2616481853206595	1.063755739756919
8.376000000000797	0.2627088995196575	1.057668628156468
8.377000000000796	0.263766149760431	1.056827837612613
8.378000000000796	0.2648232636677813	1.057395962974162
8.379000000000795	0.2658810999783708	1.058272642499739
8.380000000000795	0.2669398126953763	1.059148773637149
8.381000000000794	0.2679993609199302	1.059943655590298
8.382000000000794	0.269059655565917	1.060641614841736
8.383000000000793	0.2701206009979949	1.06124522648082
8.384000000000793	0.2711821064450725	1.061761643900157
8.385000000000792	0.272244088701138	1.062198843837648
8.386000000000791	0.2733039028397658	1.05742541842993
8.387000000000791	0.2743584083928473	1.051581694039811
8.38800000000079	0.2754096831769085	1.050963893804779
8.38900000000079	0.2764610349500787	1.051735673148686
8.390000000000789	0.2775133039403977	1.052798325819282
8.391000000000789	0.2785666273847981	1.053844578516598
8.392000000000788	0.2796209492304154	1.054795125678096
8.393000000000788	0.2806761666721612	1.05563576859522
8.394000000000787	0.2817321718125833	1.056370521267698
8.395000000000786	0.2827888628450295	1.057007551271901
8.396000000000786	0.2838435770600547	1.052416895116797
8.397000000000785	0.2848931573596993	1.04673974111805
8.398000000000785	0.2859370963100356	1.041134219009001
8.399000000000784	0.2869781844780089	1.041038188357468
8.400000000000784	0.2880198915320317	1.042371989980442
8.401000000000783	0.2890630647350334	1.043970481999525
8.402000000000783	0.2901078073424514	1.045510794117487
8.403000000000782	0.2911540209388968	1.046912455739538
8.404000000000782	0.2922015611010202	1.048163921712232
8.405000000000781	0.2932502811784388	1.049272283129771
8.40600000000078	0.2943000438601209	1.050249127565108
8.40700000000078	0.2953481461802711	1.045951567571996
8.408000000000779	0.2963913918332259	1.040535812704535
8.409000000000779	0.297429245470226	1.035167557193024
8.410000000000778	0.2984644756597994	1.035288928956836
8.411000000000778	0.2995005328532426	1.036821563063749
8.412000000000777	0.3005382466307752	1.038602092156957
8.413000000000777	0.3015777041802675	1.040309101687171
8.414000000000776	0.3026187923022598	1.04186323229636
8.415000000000775	0.3036613531588044	1.043254566534204
8.416000000000775	0.3047052280781389	1.044491354223382
8.417000000000774	0.3057502689994049	1.045586567309088
8.418000000000774	0.306793771340941	1.041414201826678
8.419000000000773	0.3078325400154625	1.036119252319587
8.420000000000773	0.308866033224671	1.030863292257683
8.421000000000772	0.3098970104500957	1.031087295454979
8.422000000000772	0.3109289132615354	1.032714462096646
8.423000000000771	0.3119625634384936	1.03458202123127
8.42400000000077	0.3129980410864963	1.036369398635988
8.42500000000077	0.3140352268243787	1.037998195898612
8.426000000000769	0.3150739572841483	1.039458837940302
8.427000000000769	0.3161140687513481	1.040760206910579
8.428000000000768	0.317152839093357	1.036776593894355
8.429000000000768	0.3181870564305095	1.031654215533156
8.430000000000767	0.3192161635162766	1.026556111527311
8.431000000000767	0.3202403361349244	1.021785301026367
8.432000000000766	0.3212599303070313	1.017399236833788
8.433000000000765	0.3222778951159452	1.018526582011408
8.434000000000765	0.3232976634092168	1.021006200113109
8.435000000000764	0.3243199968853163	1.023656939402062
8.436000000000764	0.3253449062548509	1.026157978691862
8.437000000000763	0.3263722049673786	1.028435617805991
8.438000000000763	0.3274016675567815	1.030485725713174
8.439000000000762	0.3284305041779664	1.027183685041585
8.440000000000762	0.3294554382561654	1.022680655610682
8.441000000000761	0.330475853125736	1.018145285937613
8.44200000000076	0.3314918704298174	1.013885542319001
8.44300000000076	0.3325037970437769	1.009963922225955
8.444000000000759	0.3335119679016744	1.006374045470383
8.445000000000759	0.3345192726014435	1.00823161049637
8.446000000000758	0.3355290785582674	1.011376551599732
8.447000000000758	0.3365420848179852	1.014632205721744
8.448000000000757	0.3375582442651003	1.01768291602321
8.449000000000757	0.3385773177032529	1.020460178329746
8.450000000000756	0.3395964622248601	1.017825084025616
8.451000000000755	0.340612341447435	1.01392959373354
8.452000000000755	0.3416242813206128	1.00994640118861
8.453000000000754	0.3426323508508128	1.00618892346795
8.454000000000754	0.343636809133503	1.002723920887397
8.455000000000753	0.3446379475649287	0.9995492345678287
8.456000000000753	0.3456386162553313	1.001784441912109
8.457000000000752	0.3466421467925761	1.005272918998481
8.458000000000752	0.3476492059346814	1.008841639928405
8.459000000000751	0.3486597174395963	1.012177633212909
8.46000000000075	0.3496734156757578	1.015215092016561
8.46100000000075	0.3506874338486274	1.012817506832188
8.462000000000749	0.3516984139613473	1.009138984326147
8.463000000000749	0.3527056624902753	1.005354354409396
8.464000000000748	0.3537092308174549	1.001778595789014
8.465000000000748	0.3547093619119513	0.9984799030952366
8.466000000000747	0.3557063326005261	0.9954577969666003
8.467000000000747	0.3567004101235475	0.9926935840148938
8.468000000000746	0.3576944107863783	0.9953040782260119
8.469000000000745	0.3586916321283946	0.9991349318836159
8.470000000000745	0.3596927094504012	1.003016025381678
8.471000000000744	0.3606975379702683	1.006637315185337
8.472000000000744	0.3617032566005352	1.004796244308126
8.473000000000743	0.3627064720554976	1.001630975190717
8.474000000000743	0.3637064468401448	0.9983149169967358
8.475000000000742	0.3647031889412466	0.9951656213797319
8.476000000000742	0.3656969012935281	0.9922554318804389
8.477000000000741	0.3666878243644373	0.9895870702674997
8.47800000000074	0.3676761921595098	0.9871448909720075
8.47900000000074	0.3686622214524729	0.9849100760111775
8.480000000000739	0.3696461101405711	0.9828636904725596
8.481000000000739	0.3706306072793666	0.9861269765505161
8.482000000000738	0.3716189483456592	0.9905515327585568
8.483000000000738	0.3726091424970114	0.9898331412755138
8.484000000000737	0.3735979608218797	0.9877998862340636
8.485000000000737	0.3745846343791867	0.9855436154085779
8.486000000000736	0.3755690906425603	0.9833653078832799
8.487000000000736	0.3765514445512137	0.9813389150571937
8.488000000000735	0.3775318525077692	0.9794734121993983
8.489000000000734	0.3785104712733673	0.9777605410766865
8.490000000000734	0.3794874472796962	0.9761879010554546
8.491000000000733	0.3804629145240913	0.9747430241110359
8.492000000000733	0.3814369948659582	0.973414102452709
8.493000000000732	0.3824123682799574	0.9773291650459887
8.494000000000732	0.3833922077184279	0.9823461364984132
8.495000000000731	0.384374465925288	0.9821666944174265
8.496000000000731	0.3853558629186217	0.9806237140081332
8.49700000000073	0.3863355833390461	0.9788135561322335
8.498000000000729	0.3873135126379155	0.9770414788449944
8.499000000000729	0.3882897276843959	0.9753850590168767
8.500000000000728	0.3892643504028452	0.9738568299974004
8.501000000000728	0.3902375063585176	0.972451540217424
8.502000000000727	0.3912093137852201	0.9711597783788424
8.503000000000727	0.3921798811731724	0.9699714686413808
8.504000000000726	0.3931493072364852	0.9688771346633208
8.505000000000726	0.3941176815383559	0.9678679509938533
8.506000000000725	0.3950850853751402	0.9669362094307229
8.507000000000724	0.396051592645542	0.9660748228995684
8.508000000000724	0.3970172704405225	0.96527726301507
8.509000000000723	0.3979821796534534	0.9645376630060951
8.510000000000723	0.3989463756028491	0.9638507399494172
8.511000000000722	0.39990990855807	0.9632116784796657
8.512000000000722	0.4008728241783868	0.9626160737990196
8.513000000000721	0.4018351640216339	0.9620601278480725
8.514000000000721	0.4027969659523154	0.9615402520394637
8.51500000000072	0.4037582644276865	0.9610532204749823
8.516000000000719	0.4047190908290215	0.9605961071026518
8.517000000000719	0.4056769043889193	0.9550275499204991
8.518000000000718	0.4066286587982714	0.9484778293276198
8.519000000000718	0.4075765172787381	0.9472357076295468
8.520000000000717	0.4085238653584604	0.9474570310823521
8.521000000000717	0.4094716135016139	0.9480358344508076
8.522000000000716	0.4104199624380369	0.9486586168608712
8.523000000000716	0.4113689136526492	0.9492403900693768
8.524000000000715	0.412318416483858	0.9497618494823765
8.525000000000714	0.4132684101917032	0.950222142994992
8.526000000000714	0.4142188356387643	0.9506253277851876
8.527000000000713	0.4151696382533488	0.9509764781143476
8.528000000000713	0.4161207685145326	0.9512806212392539
8.529000000000712	0.4170696123092548	0.9464035548531272
8.530000000000712	0.4180130569156234	0.9404822653775876
8.531000000000711	0.4189506353143227	0.9346711620166953
8.532000000000711	0.4198851762719558	0.9344073955628875
8.53300000000071	0.4208201844095998	0.9356055217614911
8.534000000000709	0.4217565373224579	0.9370969425694099
8.535000000000709	0.42269436529843	0.9385556441095687
8.536000000000708	0.4236335941889172	0.9398987679950387
8.537000000000708	0.4245741016372771	0.9411127566984469
8.538000000000707	0.4255157611226256	0.9422028392778851
8.539000000000707	0.4264584536348165	0.9431788081232338
8.540000000000706	0.4274020703167775	0.9440511769557712
8.541000000000706	0.4283439430935329	0.9396910054043222
8.542000000000705	0.4292809103173068	0.9342400899889626
8.543000000000704	0.4302124605017037	0.9288569474556172
8.544000000000704	0.4311388110521861	0.9238408421664431
8.545000000000703	0.432060355527808	0.9192448163143082
8.546000000000703	0.4329800767492459	0.9201943417076427
8.547000000000702	0.4339014384501499	0.9225257707874869
8.548000000000702	0.4348252304030508	0.925054838434903
8.549000000000701	0.4357514887865777	0.9274586246575779
8.550000000000701	0.4366800505358358	0.9296615631112842
8.5510000000007	0.4376107117987599	0.9316576459433524
8.552000000000699	0.4385432717615912	0.9334589576069693
8.553000000000699	0.439474967616331	0.9299294342894624
8.554000000000698	0.4404025465329424	0.9252250974527552
8.555000000000698	0.4413254200043124	0.9205185619867292
8.556000000000697	0.4422437393448169	0.9161168533443736
8.557000000000697	0.4431578393823481	0.9120799724544966
8.558000000000696	0.4440680805758532	0.9083991804095278
8.559000000000696	0.4449773758440625	0.9101881266217958
8.560000000000695	0.4458891137843139	0.9132845172242056
8.561000000000694	0.4468040127300146	0.9165101277165795
8.562000000000694	0.4477220431443527	0.9195474448169868
8.563000000000693	0.4486429816844166	0.9223263702958324
8.564000000000693	0.4495665696205045	0.9248462289252809
8.565000000000692	0.4504899871446207	0.9219855484142546
8.566000000000692	0.4514099305843911	0.9178980739914865
8.567000000000691	0.4523257586174518	0.9137547510087604
8.568000000000691	0.4532375707204104	0.9098662294319065
8.56900000000069	0.4541456538292706	0.9062967774266697
8.57000000000069	0.4550503247372417	0.9030418411337063
8.571000000000689	0.4559518868633767	0.9000792261495409
8.572000000000688	0.4568506196737849	0.8973832210766577
8.573000000000688	0.4577467777146582	0.8949296975674371
8.574000000000687	0.4586431615824485	0.8978348755101836
8.575000000000687	0.4595430534225679	0.9019456312569865
8.576000000000686	0.460447074348475	0.9060930339470832
8.577000000000686	0.4613525366830331	0.9048284449098614
8.578000000000685	0.4622560640032025	0.9022230134187255
8.579000000000685	0.4631568939395311	0.8994336881536117
8.580000000000684	0.4640550005080016	0.8967762887091696
8.581000000000683	0.4649505525448956	0.8943246354028354
8.582000000000683	0.4658437586554746	0.8920844457391142
8.583000000000682	0.4667348241355268	0.8900433832791027
8.584000000000682	0.4676239397298323	0.8881846824981754
8.585000000000681	0.4685112794785815	0.8864916998013561
8.586000000000681	0.4693970014135574	0.8849490620261727
8.58700000000068	0.4702812489266739	0.8835428626490307
8.58800000000068	0.4711667214723013	0.88739912414772
8.589000000000679	0.4720566093946378	0.8923736019975415
8.590000000000678	0.472948881260207	0.8921670036809293
8.591000000000678	0.473840271686108	0.8906107271734274
8.592000000000677	0.4747299784394274	0.8887996658347379
8.593000000000677	0.4756178988584801	0.8870380663105614
8.594000000000676	0.4765041207237469	0.8854025656206761
8.595000000000676	0.4773887759145592	0.8839047242925386
8.596000000000675	0.4782719990082714	0.8825383778365475
8.597000000000675	0.4791539163339134	0.8812931941226906
8.598000000000674	0.4800346436541963	0.8801583726812515
8.599000000000673	0.4809142862798231	0.8791238100026846
8.600000000000673	0.4817929398704397	0.8781803075165087
8.601000000000672	0.4826706913315293	0.8773195554995076
8.602000000000672	0.4835450502687475	0.8713952729958859
8.603000000000671	0.4844155854401121	0.8696720385020317
8.604000000000671	0.4852850035912834	0.8691612378843762
8.60500000000067	0.4861540848889178	0.8689983339868307
8.60600000000067	0.4870230523429461	0.8689335524563554
8.607000000000669	0.4878919681281541	0.8688949979157102
8.608000000000668	0.4887608482670567	0.8688622613618341
8.609000000000668	0.4896296957921251	0.8688297717548942
8.610000000000667	0.4904985102978832	0.868796224252407
8.611000000000667	0.4913672906659477	0.8687614978850082
8.612000000000666	0.4922360358410383	0.8687258398273603
8.613000000000666	0.4931047450189525	0.8686895050601721
8.614000000000665	0.4939734176723607	0.8686527923472132
8.615000000000665	0.4948394840592056	0.8634769823637211
8.616000000000664	0.4956998716531226	0.857295227543175
8.617000000000663	0.4965541498933953	0.8512582975908588
8.618000000000663	0.4974026092802303	0.8456575421521965
8.619000000000662	0.4982482795167569	0.8456800079631875
8.620000000000662	0.4990947071632811	0.8471723608757211
8.621000000000661	0.4999427684873989	0.8489473588593723
8.622000000000661	0.5007925813116068	0.85067535636805
8.62300000000066	0.501644057043705	0.8522731702684757
8.62400000000066	0.5024970592409086	0.8537282826877558
8.625000000000659	0.5033514483470488	0.8550469847410409
8.626000000000658	0.5042070935496532	0.85624047267495
8.627000000000658	0.505063875316796	0.8573201112963045
8.628000000000657	0.5059191158242909	0.8531579600801461
8.629000000000657	0.5067696446552302	0.8478967757847823
8.630000000000656	0.5076149423256524	0.8426956584107834
8.631000000000656	0.508455219046592	0.8378548954388872
8.632000000000655	0.5092908620384931	0.8334282176009497
8.633000000000655	0.51012227890762	0.8294026657381348
8.634000000000654	0.5109498553349854	0.8257473485838623
8.635000000000653	0.5117765151134203	0.8275693723382758
8.636000000000653	0.5126056533856376	0.8307043289685121
8.637000000000652	0.5134379933427539	0.8339727324917628
8.638000000000652	0.5142735094248307	0.8370565693500273
8.639000000000651	0.5151119821002612	0.8398859104283096
8.640000000000651	0.51595315608892	0.8424591879257786
8.64100000000065	0.5167942147038037	0.8396551646460347
8.64200000000065	0.5176318572056688	0.8356269749414651
8.643000000000649	0.5184654446033163	0.8315449714321788
8.644000000000648	0.5192950786037234	0.827720195317025
8.645000000000648	0.5201210484078643	0.8242165927517959
8.646000000000647	0.5209436728340486	0.8210294521518764
8.647000000000647	0.5217632570865359	0.8181362570510372
8.648000000000646	0.5225800824031747	0.8155115911763324
8.649000000000646	0.5233944049155881	0.8131306584379838
8.650000000000645	0.5242064570355125	0.8109708152342989
8.651000000000645	0.5250164494150489	0.8090111859716278
8.652000000000644	0.5258271425253437	0.8123722756606888
8.653000000000644	0.5266417823178525	0.8169045382755542
8.654000000000643	0.5274609567693807	0.8214415795973009
8.655000000000642	0.5282819466257304	0.8205353430794372
8.656000000000642	0.5291013467736638	0.818262169499853
8.657000000000641	0.5299183704307803	0.8157823708451392
8.658000000000641	0.5307329699079217	0.8134138191015675
8.65900000000064	0.5315452943386381	0.8112322870310322
8.66000000000064	0.5323555344738443	0.809245236461808
8.661000000000639	0.5331638793403126	0.8074417572867703
8.662000000000639	0.5339705049408111	0.805806711650396
8.663000000000638	0.5347755722294006	0.8043251400457764
8.664000000000637	0.5355792275363114	0.802982754368849
8.665000000000637	0.5363816035879559	0.80176663513585
8.666000000000636	0.5371828207762249	0.8006650328285921
8.667000000000636	0.5379829883106878	0.7996673323617814
8.668000000000635	0.5387796359443652	0.7936252444332511
8.669000000000635	0.5395697812470837	0.786662693670088
8.670000000000634	0.5403556440528435	0.7850602662240943
8.671000000000634	0.5411406607070088	0.7849703945838292
8.672000000000633	0.541925788803436	0.7852831516210318
8.673000000000632	0.5427112721160369	0.7856808269854135
8.674000000000632	0.5434971511810017	0.7860746562698803
8.675000000000631	0.544283410727593	0.7864417902142424
8.676000000000631	0.5450700220902642	0.7867782885055707
8.67700000000063	0.5458569552337009	0.78708535192546
8.67800000000063	0.5466441819666108	0.787365467729909
8.679000000000629	0.5474316766781869	0.7876213096252546
8.680000000000629	0.5482194163631724	0.7878554149957653
8.681000000000628	0.5490073804094799	0.7880700327886906
8.682000000000627	0.5497929809015637	0.7831283157505544
8.683000000000627	0.5505731289336578	0.7771651323574356
8.684000000000626	0.5513473789702674	0.7713323457975515
8.685000000000626	0.5521160081381313	0.7659234149275048
8.686000000000625	0.5528794644189511	0.7609865902456782
8.687000000000625	0.5536382101470554	0.7565023264632731
8.688000000000624	0.5543926805257589	0.7524359069340956
8.689000000000624	0.5551458444566411	0.7538894363671353
8.690000000000623	0.5559011377111293	0.7566945482070314
8.691000000000622	0.556659320325392	0.7596681474502044
8.692000000000622	0.5574204002294937	0.7624891194074306
8.693000000000621	0.5581841880516177	0.7650839756648919
8.694000000000621	0.5589504558662296	0.7674490973272226
8.69500000000062	0.5597189812679565	0.7695991435940106
8.69600000000062	0.5604895583957095	0.7715525437768618
8.697000000000619	0.5612594302588515	0.7681886179626282
8.698000000000619	0.5620253544710184	0.7636572562083237
8.699000000000618	0.5627867465945895	0.7591244570795069
8.700000000000617	0.5635437580037476	0.7548958431671953
8.701000000000617	0.5642967226482117	0.7510309423473366
8.702000000000616	0.5650459997436755	0.7475207586106482
8.703000000000616	0.5657919310808062	0.7443394379740745
8.704000000000615	0.5665348312305821	0.7414583951359173
8.705000000000615	0.5672749864196726	0.7388495268752031
8.706000000000614	0.5680126563113499	0.7364878097092534
8.707000000000614	0.568748076456676	0.7343500427810884
8.708000000000613	0.5694840297345424	0.7375540741693384
8.709000000000612	0.570223782065693	0.7419481379183004
8.710000000000612	0.5709679396557146	0.7463645784924337
8.711000000000611	0.5717163713642401	0.7504963619637838
8.712000000000611	0.5724661922396722	0.7491429089043762
8.71300000000061	0.5732139873929701	0.7464449255886131
8.71400000000061	0.5739590000433472	0.7435779134477044
8.715000000000609	0.5747012210422838	0.7408616331108225
8.716000000000609	0.5754408378873277	0.7383696154346302
8.717000000000608	0.5761780769013732	0.7361059801290858
8.718000000000607	0.5769131594264706	0.7340566458133845
8.719000000000607	0.5776462909506167	0.7322039858157999
8.720000000000606	0.5783776591033858	0.7305299100223167
8.721000000000606	0.5791074341574332	0.7290177947678109
8.722000000000605	0.5798357706694081	0.7276528317581098
8.723000000000605	0.5805628088861148	0.7264212096451369
8.724000000000604	0.5812886759232614	0.7253104776290983
8.725000000000604	0.5820134870660806	0.7243094255980859
8.726000000000603	0.58273734690859	0.7234078812703082
8.727000000000602	0.5834577809992755	0.7174579343312457
8.728000000000602	0.584171803096321	0.7105839161561506
8.729000000000601	0.5848816296115376	0.7090667855405253
8.730000000000601	0.5855906937755243	0.7090592172901631
8.7310000000006	0.5862999503769313	0.7094516608435548
8.7320000000006	0.5870096406768569	0.7099266140018365
8.733000000000599	0.5877198029189571	0.7103955447451104
8.734000000000599	0.588430419772033	0.7108358355657596
8.735000000000598	0.5891414607259289	0.7112437461004293
8.736000000000598	0.5898528940582062	0.7116205921510468
8.737000000000597	0.5905646900325793	0.7119690302146942
8.738000000000596	0.5912768216544307	0.7122918871211962
8.739000000000596	0.5919892646576145	0.712591792974983
8.740000000000595	0.5927019973071684	0.7128711800307089
8.741000000000595	0.5934150001765043	0.7131322327737033
8.742000000000594	0.5941256864528169	0.7082380026540775
8.743000000000594	0.5948309682008024	0.7023231948404219
8.744000000000593	0.5955304009086869	0.6965399425968133
8.745000000000593	0.596224262623014	0.6911812269390026
8.746000000000592	0.5969130018715894	0.6862950288233188
8.747000000000591	0.5975970817150015	0.6818624328140902
8.748000000000591	0.5982769380364983	0.6778479997571979
8.74900000000059	0.5989529701752371	0.674214080747196
8.75000000000059	0.5996255410734997	0.6709255310591308
8.751000000000589	0.6002949801012347	0.6679503508621132
8.752000000000589	0.6009641556000764	0.6703984751235889
8.753000000000588	0.6016364109598931	0.6741100638196281
8.754000000000588	0.6023124221514273	0.6779101273902847
8.755000000000587	0.6029921209890747	0.6814853451161896
8.756000000000586	0.6036752493118163	0.6847690875025365
8.757000000000586	0.6043615168612894	0.6877637894598205
8.758000000000585	0.6050480749942375	0.6853502545652396
8.759000000000585	0.6057315939105861	0.6816853671438423
8.760000000000584	0.6064114090243651	0.6779426624449895
8.761000000000584	0.6070875988774405	0.6744348584855211
8.762000000000583	0.6077604314411664	0.6712280956142609
8.763000000000583	0.6084302062606333	0.6683193808543241
8.764000000000582	0.6090972111711935	0.6656882877464809
8.765000000000581	0.6097617116304064	0.6633104872373941
8.766000000000581	0.6104239495612775	0.6611632393509158
8.76700000000058	0.6110841446091693	0.6592247288495363
8.76800000000058	0.6117424959326339	0.657475797417936
8.769000000000579	0.6123991841433541	0.655898509693656
8.770000000000579	0.613054372883054	0.6544768611765136
8.771000000000578	0.6137082104597451	0.6531961889932145
8.772000000000578	0.614360831375506	0.6520435441955347
8.773000000000577	0.6150123577162427	0.6510070434275772
8.774000000000576	0.6156629002327044	0.6500758997684463
8.775000000000576	0.6163099900196226	0.6441015963856367
8.776000000000575	0.6169506458464928	0.6372080012685856
8.777000000000575	0.6175870886476234	0.6356755593521843
8.778000000000574	0.618222755749253	0.635656605676408
8.779000000000574	0.6188586056912716	0.6360412404654913
8.780000000000573	0.6194948831411956	0.6365116210406376
8.781000000000573	0.6201316294151048	0.6369788878595837
8.782000000000572	0.6207688299641085	0.6374201707029842
8.783000000000571	0.6214064567589862	0.6378313791731032
8.784000000000571	0.6220444803642354	0.638213791108679
8.78500000000057	0.6226828731713491	0.6385697826553615
8.78600000000057	0.6233216100662542	0.6389019665274687
8.787000000000569	0.6239606684828252	0.6392128258976069
8.788000000000569	0.6246000282287107	0.6395046251336391
8.789000000000568	0.6252396712878652	0.6397794524720355
8.790000000000568	0.6258795816165897	0.6400391643637375
8.791000000000567	0.6265197449554105	0.6402854728018477
8.792000000000566	0.6271575791641766	0.6353809126183618
8.793000000000566	0.6277900005107416	0.629459766572283
8.794000000000565	0.6284165681663131	0.6236735501835028
8.795000000000565	0.6290375632393024	0.61831462004155
8.796000000000564	0.6296534372007045	0.6134313441839835
8.797000000000564	0.6302646561686354	0.6090046487712518
8.798000000000563	0.6308716587489317	0.6049985831749695
8.799000000000563	0.6314748466389101	0.60137528110288
8.800000000000562	0.6320745850755843	0.5980996883595605
8.801000000000561	0.6326712052366539	0.5951387406219734
8.802000000000561	0.6332650072331492	0.5924633689757093
8.80300000000056	0.6338562630679744	0.590046426173004
8.80400000000056	0.6344477874671363	0.5930004976127025
8.805000000000559	0.6350428759866957	0.5971746564967665
8.806000000000559	0.6356421629091692	0.6013972909770201
8.807000000000558	0.6362455418137203	0.6053586085431897
8.808000000000558	0.6368527199186286	0.6089956805266595
8.809000000000557	0.6374633756358434	0.6123138230252008
8.810000000000556	0.6380772014903555	0.6153359459770469
8.811000000000556	0.6386913447788729	0.6129486909161471
8.812000000000555	0.639302475425	0.6093106715916721
8.813000000000555	0.6399099296759394	0.6055959130183005
8.814000000000554	0.6405137871441636	0.6021171183726682
8.815000000000554	0.6411143167011811	0.5989401019539543
8.816000000000553	0.641711818846651	0.5960623056660974
8.817000000000553	0.6423065823966625	0.5934629205043255
8.818000000000552	0.6428988737078596	0.5911178366544518
8.819000000000552	0.64348893543499	0.5890037602151645
8.820000000000551	0.644076987749876	0.5870990193084971
8.82100000000055	0.6446632301984838	0.5853840341662675
8.82200000000055	0.6452478438168373	0.5838413647317274
8.823000000000549	0.6458309927322304	0.5824546336555578
8.824000000000549	0.6464128256787181	0.5812094318582304
8.825000000000548	0.6469934775744648	0.5800925366829678
8.826000000000548	0.647573070741235	0.5790919780263933
8.827000000000547	0.6481517161160855	0.5781969566127929
8.828000000000547	0.6487295143509003	0.5773977014059634
8.829000000000546	0.6493039874125924	0.5715466215795137
8.830000000000545	0.6498721458390996	0.5647684515983302
8.831000000000545	0.6504336341449228	0.5582064018615456
8.832000000000544	0.6509888108824594	0.5521453355268303
8.833000000000544	0.6515381974661636	0.5466261130430489
8.834000000000543	0.6520823229187566	0.5416230904743317
8.835000000000543	0.6526216827634422	0.5370949128297006
8.836000000000542	0.6531567304895936	0.5329988675722031
8.837000000000542	0.6536904479045803	0.5344342953393094
8.838000000000541	0.6542262814977214	0.5372312179565855
8.83900000000054	0.6547650007535508	0.5402056123989933
8.84000000000054	0.6553066221911164	0.5430355730723692
8.841000000000539	0.6558509642673772	0.5456468820107788
8.842000000000539	0.656397805967782	0.5480348142811879
8.843000000000538	0.6569469308738314	0.5502132869057293
8.844000000000538	0.6574981385950102	0.5522004387790626
8.845000000000537	0.6580512467506039	0.5540141505510177
8.846000000000537	0.6586060902122605	0.5556710462422136
8.847000000000536	0.6591625197433408	0.5571862852075518
8.848000000000535	0.6597204005324374	0.5585735585096355
8.849000000000535	0.6602796108637936	0.5598453663462324
8.850000000000534	0.6608374713587907	0.5558738907378463
8.851000000000534	0.6613908101994111	0.550802072381252
8.852000000000533	0.6619391068434152	0.5457895138907433
8.853000000000533	0.6624825705186529	0.5411361505660047
8.854000000000532	0.6630215875647263	0.5368962700630854
8.855000000000532	0.6635565647564433	0.5330564550766114
8.856000000000531	0.6640878869268794	0.5295862395170717
8.85700000000053	0.6646159072020563	0.5264526754672241
8.85800000000053	0.6651409468608451	0.5236250166429967
8.859000000000529	0.6656632974270082	0.5210744992051413
8.860000000000529	0.6661832230177942	0.5187750740512708
8.861000000000528	0.6667009628690275	0.516703027514241
8.862000000000528	0.6672167336266571	0.5148368935810179
8.863000000000527	0.6677307317809921	0.5131578270477652
8.864000000000527	0.6682431355301774	0.5116480888485821
8.865000000000526	0.6687541062768773	0.5102918271395477
8.866000000000525	0.6692637902627068	0.5090745717147372
8.867000000000525	0.6697723201058275	0.5079835459154228
8.868000000000524	0.6702798162310308	0.5070071396979473
8.869000000000524	0.670786387878313	0.5061345935514474
8.870000000000523	0.6712921341014807	0.5053562946389552
8.871000000000523	0.6717945754283197	0.4995248116955942
8.872000000000522	0.6722907210726585	0.492764949633739
8.873000000000522	0.6727802141705149	0.4862197398010228
8.874000000000521	0.6732634118893674	0.4801742115744394
8.87500000000052	0.6737408345961015	0.4746697338905579
8.87600000000052	0.6742130105679944	0.4696807585754612
8.877000000000519	0.6746830043017225	0.4703052648119811
8.878000000000519	0.6751543414944274	0.4723676729468069
8.879000000000518	0.6756278647164409	0.4746773172647163
8.880000000000518	0.6761036568756652	0.476905540958128
8.881000000000517	0.6765815964599324	0.4789721613208641
8.882000000000517	0.6770615170066694	0.4808674603864256
8.883000000000516	0.6775432516725187	0.482600394553305
8.884000000000515	0.6780266448767803	0.4841845327017885
8.885000000000515	0.6785115547241883	0.4856336767779578
8.886000000000514	0.6789978526947913	0.4869607754228069
8.887000000000514	0.6794854226008318	0.4881775443450219
8.888000000000513	0.6799741595398351	0.4892948383663276
8.889000000000513	0.6804639688208808	0.4903222257417051
8.890000000000512	0.6809547649546666	0.4912685414239029
8.891000000000512	0.6814464707934099	0.4921416334741479
8.892000000000511	0.6819390167344117	0.4929487439741218
8.89300000000051	0.6824297706093208	0.4885575073610412
8.89400000000051	0.6829156033758622	0.4831065428536144
8.895000000000509	0.6833960330624205	0.4777513644622876
8.896000000000509	0.6838713036875432	0.4727884362871133
8.897000000000508	0.6843418333224242	0.4682693989909263
8.898000000000508	0.6848080573695723	0.464177274490845
8.899000000000507	0.6852703864144635	0.4604794068812249
8.900000000000507	0.6857291971741301	0.4571407152854477
8.901000000000506	0.6861848323704125	0.4541282903021843
8.902000000000506	0.6866376026269521	0.4514108450331926
8.903000000000505	0.6870877892707521	0.4489610731917827
8.904000000000504	0.687535647458941	0.44675394139552
8.905000000000504	0.687981408349574	0.4447664849542282
8.906000000000503	0.6884252812210834	0.4429779093801861
8.907000000000503	0.6888674557369738	0.4413697793664842
8.908000000000502	0.6893081037985845	0.43992500594339
8.909000000000502	0.6897473811965149	0.4386284566510307
8.910000000000501	0.6901854292404132	0.4374663020914888
8.911000000000501	0.690622376059679	0.4364260112060414
8.9120000000005	0.6910583378396242	0.4354962269147129
8.913000000000499	0.6914934199638711	0.4346667029513669
8.914000000000499	0.6919277180633527	0.4339281802339268
8.915000000000498	0.6923613188845102	0.4332721488880083
8.916000000000498	0.6927943011950404	0.4326911613235327
8.917000000000497	0.6932267365925697	0.4321783250123697
8.918000000000497	0.6936561207398717	0.4265886705680475
8.919000000000496	0.6940794403127605	0.4200491949872834
8.920000000000496	0.6944963180233777	0.4137049659475265
8.921000000000495	0.6949070925808856	0.4078429076473302
8.922000000000494	0.6953122673980711	0.4025055026423371
8.923000000000494	0.695712355429608	0.3976693521239029
8.924000000000493	0.6961078379199651	0.3932944345887502
8.925000000000493	0.69649915528722	0.3893391188824969
8.926000000000492	0.6968867075353535	0.3857642080907146
8.927000000000492	0.6972708573415454	0.3825342456387518
8.928000000000491	0.6976519334499548	0.3796168221649406
8.929000000000491	0.698030233543434	0.3769822245114088
8.93000000000049	0.6984060273118506	0.3746041799530398
8.931000000000489	0.6987795592401516	0.3724585514492822
8.932000000000489	0.6991510507365906	0.3705233227258723
8.933000000000488	0.6995207024513673	0.3687789940118742
8.934000000000488	0.6998886963369897	0.3672076697515965
8.935000000000487	0.7002551972135495	0.365792980720976
8.936000000000487	0.7006203545328956	0.3645205597052414
8.937000000000486	0.7009843039115909	0.363377103388799
8.938000000000486	0.7013471683144826	0.3623506116948135
8.939000000000485	0.7017116287028639	0.366569069907164
8.940000000000484	0.7020808587590038	0.3718899332240228
8.941000000000484	0.7024553813892265	0.3771542025276083
8.942000000000483	0.702834990178792	0.3820622370000077
8.943000000000483	0.7032193016570016	0.3865595660712102
8.944000000000482	0.7036079121047749	0.3906601636077348
8.945000000000482	0.7040004401515806	0.3943947527731744
8.946000000000481	0.7043965358689745	0.3977954944820517
8.947000000000481	0.7047933114966595	0.3957545717174629
8.94800000000048	0.7051874063737168	0.392434001658391
8.949000000000479	0.7055781292154335	0.3890105115301956
8.950000000000479	0.7059655347153788	0.3857993284357704
8.951000000000478	0.7063498693512292	0.3828687929133678
8.952000000000478	0.7067314132351148	0.3802178332321061
8.953000000000477	0.7071104366085624	0.3778277799473075
8.954000000000477	0.7074871890726119	0.3756760215921011
8.955000000000476	0.7078618978952451	0.3737405035859022
8.956000000000476	0.7082347694504607	0.3720014926052781
8.957000000000475	0.7086059911083946	0.3704407143062333
8.958000000000474	0.7089757326969162	0.3690413585526335
8.959000000000474	0.7093441480571514	0.3677882620425705
8.960000000000473	0.7097113766047576	0.3666677371837302
8.961000000000473	0.7100775447176025	0.3656673960291893
8.962000000000472	0.7104427670281495	0.3647761357519438
8.963000000000472	0.7108071474786543	0.3639836787968613
8.964000000000471	0.7111707802401449	0.3632807602927417
8.965000000000471	0.7115337508349493	0.3626593477367682
8.96600000000047	0.7118961370099018	0.3621119226679569
8.967000000000469	0.712258009349622	0.3616316791394844
8.968000000000469	0.7126194318978245	0.3612123413079937
8.969000000000468	0.7129804627725751	0.3608483337371532
8.970000000000468	0.713341154845565	0.3605347391299633
8.971000000000467	0.7137015561562438	0.3602668103142717
8.972000000000467	0.7140617103741322	0.3600405546185567
8.973000000000466	0.7144216573189414	0.3598522651057379
8.974000000000466	0.7147814331855257	0.3596983990111767
8.975000000000465	0.7151410709458914	0.3595760534124534
8.976000000000464	0.7155006006645752	0.3594823163017664
8.977000000000464	0.7158574803503878	0.3542759958693498
8.978000000000463	0.7162086626221972	0.3480875055302121
8.979000000000463	0.716553739347035	0.3420649203560353
8.980000000000462	0.7168930211011355	0.3364975815481427
8.981000000000462	0.7172269861253966	0.3314314767372354
8.982000000000461	0.7175561246762202	0.3268446492662423
8.983000000000461	0.717880896851378	0.3226987386231857
8.98400000000046	0.7182017240426957	0.3189546935444942
8.98500000000046	0.718518989268935	0.3155748192809747
8.986000000000459	0.7188330396386062	0.3125249901867001
8.987000000000458	0.7191441897529496	0.3097743174644764
8.988000000000458	0.7194527245148729	0.3072942933360831
8.989000000000457	0.7197589020220981	0.3050598152880789
8.990000000000457	0.7200629561284965	0.3030474982049693
8.991000000000456	0.7203650986719764	0.3012366953425619
8.992000000000456	0.7206655215355779	0.2996081437681281
8.993000000000455	0.7209643986310516	0.2981451638887635
8.994000000000455	0.7212618876241464	0.2968319433433149
8.995000000000454	0.7215581313828645	0.2956546990426701
8.996000000000453	0.7218532595695677	0.2946008028354412
8.997000000000453	0.7221473897526912	0.2936586950558747
8.998000000000452	0.7224406284909369	0.2928179159354659
8.999000000000452	0.7227330724679978	0.2920691752548268
9.000000000000451	0.723024809418611	0.2914038653480872
9.001000000000451	0.7233159189396804	0.2908143182388001
9.00200000000045	0.7236064733121021	0.2902935699101377
9.00300000000045	0.7238965381951523	0.289835341158371
9.004000000000449	0.7241861732030554	0.289433821101882
9.005000000000448	0.724475432521473	0.2890839635124209
9.006000000000448	0.7247643653961535	0.2887809348075772
9.007000000000447	0.7250530166330157	0.2885206889226692
9.008000000000447	0.725341427044559	0.2882992850960056
9.009000000000446	0.7256296337466187	0.2881132707721959
9.010000000000446	0.7259176705636812	0.2879595158179924
9.011000000000445	0.7262055683404823	0.2878351908753169
9.012000000000445	0.726493355196163	0.2877376741196248
9.013000000000444	0.7267784873998019	0.2825258948123714
9.014000000000443	0.7270579158553674	0.2763301949491656
9.015000000000443	0.7273312309752624	0.2702992416387774
9.016000000000442	0.7275987423504121	0.2647227227034615
9.017000000000442	0.7278609269866905	0.2596457797278747
9.018000000000441	0.7281182738466648	0.2550471844806328
9.019000000000441	0.7283712423680258	0.2508891155278018
9.02000000000044	0.7286202532573167	0.247131932123818
9.02100000000044	0.7288656887837653	0.2437384004969934
9.022000000000439	0.7291078954864005	0.2406742941273329
9.023000000000438	0.7293471872597235	0.2379085505759662
9.024000000000438	0.7295838483737161	0.2354129833313236
9.025000000000437	0.7298181364098877	0.2331624020380983
9.026000000000437	0.730050284799304	0.2311336962366127
9.027000000000436	0.7302805049107867	0.2293058519632454
9.028000000000436	0.730508988209296	0.2276600755181331
9.029000000000435	0.7307359082786336	0.2261793983359782
9.030000000000435	0.7309614225441073	0.2248484720433633
9.031000000000434	0.7311856737288628	0.2236532407313313
9.032000000000433	0.7314087911896099	0.2225810274780916
9.033000000000433	0.7316308922074337	0.2216203579908098
9.034000000000432	0.7318520831152866	0.2207608103293043
9.035000000000432	0.7320724604318497	0.219993177920373
9.036000000000431	0.7322921116937537	0.2193087032627523
9.037000000000431	0.7325111162906794	0.2186998499820272
9.03800000000043	0.7327295464017141	0.2181597332866247
9.03900000000043	0.7329474676352666	0.217682096631389
9.040000000000429	0.7331649395810286	0.2172611591435411
9.041000000000428	0.7333820163781579	0.2168918006455249
9.042000000000428	0.7335987472511669	0.2165693120376657
9.043000000000427	0.7338151769561289	0.2162894655550678
9.044000000000427	0.7340313461998783	0.2160483904967589
9.045000000000426	0.7342472920717181	0.2158427225112042
9.046000000000426	0.7344630483882859	0.2156692806292089
9.047000000000425	0.7346786459489797	0.2155252113493596
9.048000000000425	0.7348941128576653	0.2154079771166733
9.049000000000424	0.7351094747597307	0.2153151985378459
9.050000000000423	0.7353247550783943	0.2152448106735487
9.051000000000423	0.7355399752405863	0.2151948858921858
9.052000000000422	0.7357551548326419	0.2151636706413044
9.053000000000422	0.7359703117754983	0.2151495876823116
9.054000000000421	0.7361854624903811	0.2151512148343425
9.055000000000421	0.7364006220843847	0.2151673460203368
9.05600000000042	0.7366158044548662	0.215196767846018
9.05700000000042	0.736831022334305	0.2152383639538429
9.058000000000419	0.7370462874426809	0.2152912257050989
9.059000000000418	0.7372616106241084	0.2153545100105727
9.060000000000418	0.737477001893694	0.2154274019455827
9.061000000000417	0.7376899011022493	0.2103703953274022
9.062000000000417	0.7378946741752732	0.1991751546545628
9.063000000000416	0.7380878248852418	0.1871257031495519
9.064000000000416	0.7382692199336479	0.1756638658321791
9.065000000000415	0.7384396156572303	0.1651270855876883
9.066000000000415	0.7385999501746049	0.1555414827588228
9.067000000000414	0.7387511461734332	0.146850075140806
9.068000000000414	0.7388940602715909	0.1389777055614659
9.069000000000413	0.7390294740290914	0.1318494156881896
9.070000000000412	0.7391580964782839	0.1253951087381868
9.071000000000412	0.739280570126652	0.1195518319572888
9.072000000000411	0.7393974770942819	0.1142617634813832
9.073000000000411	0.7395093444256143	0.1094725740453622
9.07400000000041	0.739616649146549	0.1051365559780828
9.07500000000041	0.7397198230422734	0.1012109356583317
9.076000000000409	0.7398192574913495	0.09765767357481211
9.077000000000409	0.7399153069778729	0.09444102041322064
9.078000000000408	0.7400082923837886	0.09152952128500083
9.079000000000407	0.7400985045934036	0.08889463589025461
9.080000000000407	0.7401862071637718	0.08651025010212419
9.081000000000406	0.7402716388109718	0.08435279616973365
9.082000000000406	0.7403550158029981	0.08240094574104001
9.083000000000405	0.7404365341265481	0.08063546463283955
9.084000000000405	0.7405163713837746	0.07903881799295584
9.085000000000404	0.7405946885673137	0.07759532168837191
9.086000000000404	0.7406716317180487	0.07629075639026839
9.087000000000403	0.7407473332874691	0.07511216267898718
9.088000000000402	0.7408219133891364	0.0740478241547651
9.089000000000402	0.7408954810063504	0.07308719672596976
9.090000000000401	0.7409681349611589	0.07222050201001427
9.091000000000401	0.741039965015989	0.07143939917445606
9.0920000000004	0.7411110527885247	0.07073593958911349
9.0930000000004	0.7411814723339173	0.07010294684071837
9.094000000000399	0.7412512908816331	0.06953394599260164
9.095000000000399	0.7413205695599266	0.06902320957566453
9.096000000000398	0.7413893639313232	0.06856533361624981
9.097000000000397	0.7414577245334648	0.06815567233702206
9.098000000000397	0.7415256974148559	0.06778989325221395
9.099000000000396	0.7415933244751709	0.06746403120034782
9.100000000000396	0.7416606438836757	0.06717459053629216
9.101000000000395	0.7417276905054216	0.06691845848594406
9.102000000000395	0.7417944961439352	0.06669262478242304
9.103000000000394	0.7418610897962076	0.06649448663019519
9.104000000000394	0.7419274979674565	0.06632166328513686
9.105000000000393	0.7419937448827184	0.06617197513551866
9.106000000000392	0.7420598527092633	0.06604348626602669
9.107000000000392	0.742125841755504	0.06593441488297321
9.108000000000391	0.7421917306403889	0.06584316385654455
9.109000000000391	0.7422575364520165	0.06576826862085858
9.11000000000039	0.7423232749173246	0.06570847142417023
9.11100000000039	0.7423889605005155	0.06566250455122902
9.112000000000389	0.7424546065089265	0.06562932199043958
9.113000000000389	0.7425202252457682	0.06560796150331111
9.114000000000388	0.7425858280571782	0.06559747118448916
9.115000000000387	0.7426514254073795	0.06559703911334169
9.116000000000387	0.742717027040524	0.06560603706986724
9.117000000000386	0.742782642018795	0.06562372933914892
9.118000000000386	0.7428482787345844	0.06564951205525611
9.119000000000385	0.7429139449670479	0.06568276261311477
9.120000000000385	0.7429796480005011	0.06572311393958792
9.121000000000384	0.7430453946798656	0.06577005432076205
9.122000000000384	0.7431111913922003	0.06582317974649449
9.123000000000383	0.743177044135484	0.06588211606821205
9.124000000000382	0.7432403891708182	0.06080777112225959
9.125000000000382	0.7432981593813411	0.05473248260224102
9.126000000000381	0.7433499286317061	0.04880586819463592
9.127000000000381	0.7433959913896762	0.04331951434535964
9.12800000000038	0.7434368113509762	0.0383202900427102
9.12900000000038	0.7434728653785602	0.03378766071896647
9.130000000000379	0.7435046016940584	0.02968487837741177
9.131000000000379	0.7435324310499843	0.02597375289006715
9.132000000000378	0.743556726830784	0.02261773835861773
9.133000000000377	0.7435778274155668	0.01958337010962082
9.134000000000377	0.7435960393409037	0.01684042783190737
9.135000000000376	0.7436116402941231	0.01436143343546837
9.136000000000376	0.7436248817142033	0.01212136838582101
9.137000000000375	0.7436359913985665	0.01009796817420141
9.138000000000375	0.7436451757551574	0.00827071841586907
9.139000000000374	0.7436526217953908	0.006621340492206307
9.140000000000374	0.743658499098761	0.005133249231606047
9.141000000000373	0.7436629613841939	0.003791308714518962
9.142000000000372	0.7436661479581086	0.00258182988898007
9.143000000000372	0.7436681851127802	0.001492473556159059
9.144000000000371	0.7436691873143427	0.0005119266673220084
9.145000000000371	0.7436692583626534	-0.0003698302517076253
9.14600000000037	0.7436684925328257	-0.001161827186408497
9.14700000000037	0.7436669753785611	-0.001872476950316706
9.148000000000369	0.7436647845083706	-0.002509257087441685
9.149000000000369	0.7436619903952668	-0.003078961030445293
9.150000000000368	0.7436586570464434	-0.003587726965483942
9.151000000000368	0.7436548426009374	-0.004041153002545565
9.152000000000367	0.743650599885853	-0.004444264882264264
9.153000000000366	0.743645976920833	-0.004801651772743169
9.154000000000366	0.7436410174157647	-0.005117344004376678
9.155000000000365	0.7436357611749576	-0.005395122391371065
9.156000000000365	0.743630244404234	-0.005638403082756746
9.157000000000364	0.743624500105632	-0.005850177489373247
9.158000000000364	0.7436185583640554	-0.006033288460131131
9.159000000000363	0.743612446569956	-0.006190282042679811
9.160000000000363	0.7436061897768952	-0.006323285962740379
9.161000000000362	0.7435998108572385	-0.006434534881013049
9.162000000000361	0.7435933306942004	-0.006525772432051537
9.163000000000361	0.7435867684464477	-0.00659870407259659
9.16400000000036	0.7435775722685559	-0.01179362508354941
9.16500000000036	0.743562685819804	-0.01797922931625918
9.166000000000359	0.7435416928050198	-0.02400673946540975
9.167000000000359	0.7435148966136852	-0.02958556561187937
9.168000000000358	0.7434827689313365	-0.03466970605310667
9.169000000000358	0.7434457938316112	-0.03928038632466604
9.170000000000357	0.743404425924477	-0.04345530814615363
9.171000000000356	0.7433590815717143	-0.04723326606097612
9.172000000000356	0.7433101393025663	-0.05065113049083818
9.173000000000355	0.7432579423861536	-0.05374255115736393
9.174000000000355	0.7432028016098087	-0.05653884182117488
9.175000000000354	0.7431449985261086	-0.05906715814775337
9.176000000000354	0.7430847883184269	-0.06135308280248675
9.177000000000353	0.7430224020765163	-0.06341922029230503
9.178000000000353	0.7429580491737575	-0.06528639879051262
9.179000000000352	0.7428919192688267	-0.06697321947693868
9.180000000000351	0.7428241842871173	-0.06849654768519152
9.181000000000351	0.7427550000194157	-0.06987178724934481
9.18200000000035	0.7426845076562429	-0.07111273482446433
9.18300000000035	0.7426128352347732	-0.07223190041007686
9.184000000000349	0.7425400988685851	-0.07324062116391587
9.185000000000349	0.7424664038087266	-0.07414928495786655
9.186000000000348	0.742391845484594	-0.07496714719559776
9.187000000000348	0.7423165105419117	-0.07570251979113844
9.188000000000347	0.742240477644366	-0.07636305488401886
9.189000000000346	0.7421638182301052	-0.07695555138925754
9.190000000000346	0.7420865971950545	-0.07748629481996673
9.191000000000345	0.7420088734978599	-0.07796087420365078
9.192000000000345	0.7419307006868278	-0.0783845211765376
9.193000000000344	0.7418521274161667	-0.07876179228390669
9.194000000000344	0.7417731979555954	-0.07909689994761794
9.195000000000343	0.7416939525554191	-0.07939367056072538
9.196000000000343	0.7416144278779815	-0.07965545364376503
9.197000000000342	0.7415320879746436	-0.08502411417744367
9.198000000000341	0.7414438907482733	-0.09137008269768236
9.199000000000341	0.7413494327129395	-0.09754571391843089
9.20000000000034	0.741249029157336	-0.1032611059611468
9.20100000000034	0.7411431626654074	-0.1084715706888536
9.202000000000339	0.7410323270343588	-0.1131993697494094
9.203000000000339	0.7409169858291488	-0.1174827059014389
9.204000000000338	0.7407975634011789	-0.1213618033864964
9.205000000000338	0.7406744453952331	-0.1248738510861787
9.206000000000337	0.7405479816177686	-0.1280533366692186
9.207000000000336	0.7404184888115656	-0.1309318997245856
9.208000000000336	0.7402862539123117	-0.1335375147626628
9.209000000000335	0.7401515367971374	-0.1358963243094489
9.210000000000335	0.7400145728942734	-0.1380310835668532
9.211000000000334	0.7398755756828909	-0.1399629353895132
9.212000000000334	0.739734738448426	-0.1417111243336562
9.213000000000333	0.7395922363463654	-0.1432926656900569
9.214000000000333	0.7394482282077034	-0.1447231931052708
9.215000000000332	0.7393028580010721	-0.1460167976143696
9.216000000000331	0.739156256236762	-0.14718630482647
9.217000000000331	0.7390085411823608	-0.1482433745023859
9.21800000000033	0.7388598201035675	-0.1491983506275161
9.21900000000033	0.7387101904018327	-0.1500606176842248
9.220000000000329	0.7385597404979984	-0.150838752381126
9.221000000000329	0.7384085506409246	-0.1515405219508226
9.222000000000328	0.7382566936631137	-0.1521729918533795
9.223000000000328	0.738104235685916	-0.1527425189148016
9.224000000000327	0.7379486674300304	-0.1583935401151348
9.225000000000326	0.7377869709341109	-0.1649989810799962
9.226000000000326	0.737618764848009	-0.1714127014594034
9.227000000000325	0.7374443844543711	-0.1773475780990121
9.228000000000325	0.7372643298959287	-0.1827610144634614
9.229000000000324	0.7370816807540307	-0.1825367373672285
9.230000000000324	0.7368999884374191	-0.1808473665896448
9.231000000000323	0.7367201220558496	-0.1788848725162275
9.232000000000323	0.7365421894078477	-0.1769799050040437
9.233000000000322	0.7363660918383612	-0.1752147207503115
9.234000000000322	0.7361916834820039	-0.1736014835879585
9.235000000000321	0.736018816097848	-0.1721327807599546
9.23600000000032	0.7358473509183321	-0.1707970783179952
9.23700000000032	0.7356771612187879	-0.1695818244585255
9.238000000000319	0.7355081322740593	-0.1684755719961823
9.239000000000319	0.7353401603858407	-0.1674677144470465
9.240000000000318	0.7351731519212739	-0.1665487274292115
9.241000000000318	0.7350070223217215	-0.1657099869092091
9.242000000000317	0.7348416952758591	-0.164943622319014
9.243000000000317	0.7346771019630393	-0.1642425228937167
9.244000000000316	0.7345131802969941	-0.1636003306590097
9.245000000000315	0.7343498742910488	-0.163011204420762
9.246000000000315	0.7341871334988554	-0.1624699047355276
9.247000000000314	0.7340249124646715	-0.1619716898502663
9.248000000000314	0.7338631702595813	-0.161512247877723
9.249000000000313	0.733699300624102	-0.1662265443436354
9.250000000000313	0.7335301979564366	-0.1719782968879804
9.251000000000312	0.733355401442747	-0.1776142196757396
9.252000000000312	0.7331751741452224	-0.1828398486033027
9.253000000000311	0.7329899511057664	-0.1876056888478845
9.25400000000031	0.7328001832622197	-0.1919294434049875
9.25500000000031	0.7326062955369181	-0.1958454402142889
9.256000000000309	0.7324086774616619	-0.1993901323039848
9.257000000000309	0.7322076830568367	-0.2025980893716976
9.258000000000308	0.7320036332574184	-0.2055009124435218
9.259000000000308	0.7317968188850699	-0.2081272270315342
9.260000000000307	0.7315875033409189	-0.2105032486146478
9.261000000000307	0.7313759250862603	-0.2126526413070817
9.262000000000306	0.7311623002922613	-0.2145963211847348
9.263000000000305	0.7309468249239789	-0.2163537843337161
9.264000000000305	0.7307296764463428	-0.2179425348690709
9.265000000000304	0.7305110155947477	-0.2193785276964847
9.266000000000304	0.7302909881093876	-0.220675798268421
9.267000000000303	0.7300697261956289	-0.2218473807484393
9.268000000000303	0.7298473496502125	-0.2229050581875335
9.269000000000302	0.7296239671110515	-0.2238593651577438
9.270000000000302	0.7293996771244685	-0.2247199502393335
9.271000000000301	0.7291745690924576	-0.2254954534819095
9.2720000000003	0.7289461548051444	-0.2313324510100723
9.2730000000003	0.7287114355070057	-0.2381054564924797
9.274000000000299	0.7284700470447764	-0.2446707594702568
9.275000000000299	0.7282223400067247	-0.2507425894329333
9.276000000000298	0.7279688287829881	-0.2562791136343331
9.277000000000298	0.7277100360090273	-0.2613056741992826
9.278000000000297	0.7274464512665778	-0.2658630363572603
9.279000000000297	0.7271785227302971	-0.2699932489143564
9.280000000000296	0.7269066578035694	-0.2737358054927305
9.281000000000295	0.7266312256276464	-0.2771277366233552
9.282000000000295	0.7263525605872078	-0.2802015248178464
9.283000000000294	0.7260709657608665	-0.2829872996074217
9.284000000000294	0.7257892853143	-0.2803727648093619
9.285000000000293	0.7255108407463331	-0.2765155517244965
9.286000000000293	0.7252362884059197	-0.2725883209583904
9.287000000000292	0.7249655423030297	-0.2689030876886953
9.288000000000292	0.7246983279528476	-0.2655248257531222
9.289000000000291	0.7244343404239971	-0.2624494543454016
9.29000000000029	0.7241732874945219	-0.2596556354680291
9.29100000000029	0.7239149000717758	-0.2571184485655866
9.292000000000289	0.7236589336685301	-0.2548136034306658
9.293000000000289	0.723402597310811	-0.2578583562505552
9.294000000000288	0.7231426179420327	-0.2620996146338682
9.295000000000288	0.722878383214197	-0.2663690616360451
9.296000000000287	0.7226100191476105	-0.2703582797692449
9.297000000000287	0.7223378369818189	-0.274005248590229
9.298000000000286	0.7220621755960965	-0.2773167091668968
9.299000000000285	0.7217833581113496	-0.2803174371222628
9.300000000000285	0.7215016818305766	-0.2830342925736012
9.301000000000284	0.7212174178041532	-0.2854929205718417
9.302000000000284	0.7209308119218928	-0.2877179971172758
9.303000000000283	0.7206420869540128	-0.2897310853342749
9.304000000000283	0.7203514448666551	-0.2915522301879856
9.305000000000282	0.7200590685970858	-0.2931994444100017
9.306000000000282	0.7197651239096193	-0.294689061120977
9.307000000000281	0.7194697610359598	-0.296035812375805
9.30800000000028	0.719173116165043	-0.2972530516152968
9.30900000000028	0.7188753127635031	-0.298352869963922
9.310000000000279	0.7185764627780945	-0.2993462160240915
9.311000000000279	0.7182766677427923	-0.3002429667205753
9.312000000000278	0.7179734504275262	-0.3061907655798017
9.313000000000278	0.7176638220547822	-0.3130650624393582
9.314000000000277	0.7173474272776404	-0.31972355406921
9.315000000000277	0.717024624816512	-0.3258804111540753
9.316000000000276	0.7166959366968695	-0.3314948533707495
9.317000000000276	0.7163618923989399	-0.3365927515581331
9.318000000000275	0.7160229875618281	-0.3412159170217973
9.319000000000274	0.7156796758650795	-0.3454064574528225
9.320000000000274	0.7153323697394005	-0.3492047627167406
9.321000000000273	0.7149814427333008	-0.352648207227344
9.322000000000273	0.7146298015355661	-0.3506331435470367
9.323000000000272	0.7142808253868751	-0.347318116742398
9.324000000000272	0.7139352246267222	-0.3438823761925383
9.325000000000271	0.7135929612210843	-0.3406434173301617
9.326000000000271	0.7132538039335099	-0.3376701490043537
9.32700000000027	0.7129174868184915	-0.3349630803737715
9.328000000000269	0.7125837528162925	-0.3325039307636706
9.329000000000269	0.7122523648612273	-0.330270992804766
9.330000000000268	0.7119231072337009	-0.3282432817488956
9.331000000000268	0.7115932150777574	-0.3315400474698778
9.332000000000267	0.7112594391495024	-0.3360108145185513
9.333000000000267	0.7109211885040142	-0.3404894683113665
9.334000000000266	0.710578608606992	-0.3446693043841534
9.335000000000266	0.7102320281789485	-0.3484905181203193
9.336000000000265	0.7098818019285078	-0.3519609379929435
9.337000000000264	0.7095282676361767	-0.3551065917139936
9.338000000000264	0.709171735941632	-0.3579557331515871
9.339000000000263	0.7088124895629834	-0.3605359514890097
9.340000000000263	0.7084507849785112	-0.3628721371249897
9.341000000000262	0.7080868546427923	-0.36498744699685
9.342000000000262	0.7077209091788069	-0.3669023872957144
9.343000000000261	0.7073531394630671	-0.3686359447085116
9.344000000000261	0.7069837184472096	-0.3702049822463322
9.34500000000026	0.7066128029391987	-0.3716249241951879
9.346000000000259	0.7062405350678972	-0.3729097044286136
9.347000000000259	0.7058670436802862	-0.3740719527975528
9.348000000000258	0.7054924456080883	-0.3751230699319016
9.349000000000258	0.7051142774649206	-0.3812120836843255
9.350000000000257	0.7047295629973679	-0.3882156987196836
9.351000000000257	0.704337958339077	-0.3949924441286761
9.352000000000256	0.7039398325304843	-0.401257979377295
9.353000000000256	0.7035382915429651	-0.4018227913334344
9.354000000000255	0.7031369526688249	-0.4008537528152868
9.355000000000254	0.7027367520019723	-0.3995463797654752
9.356000000000254	0.702337859919371	-0.3982365878346241
9.357000000000253	0.7019402345208293	-0.3970130150469403
9.358000000000253	0.7015437813144078	-0.3958922067151466
9.359000000000252	0.701148398755356	-0.3948717231263972
9.360000000000252	0.7007539903044101	-0.393943993035671
9.361000000000251	0.7003604674888212	-0.3931004546818174
9.362000000000251	0.6999677501086422	-0.3923331242465084
9.36300000000025	0.6995757657139895	-0.3916344854446262
9.364000000000249	0.6991844489397603	-0.3909978850204235
9.365000000000249	0.6987937408175886	-0.3904171827749534
9.366000000000248	0.6984010188360407	-0.3950255973192803
9.367000000000248	0.6980031627132287	-0.4006854494394979
9.368000000000247	0.697599698235623	-0.4062422895985698
9.369000000000247	0.6971908764851164	-0.4113999786730555
9.370000000000246	0.6967771219251077	-0.4161078932987474
9.371000000000246	0.6963588758748056	-0.4203829452723782
9.372000000000245	0.6959365544239424	-0.424258681675967
9.373000000000244	0.6955105391122414	-0.4277706553423277
9.374000000000244	0.6950811768427908	-0.4309525866058568
9.375000000000243	0.6946487820240763	-0.433835744240452
9.376000000000243	0.6942136396046701	-0.4364477792116154
9.377000000000242	0.6937760078316628	-0.4388144434369344
9.378000000000242	0.6933361205944304	-0.4409587003560503
9.379000000000241	0.6928941898775107	-0.44290139613994
9.380000000000241	0.692452977205145	-0.4395226129315926
9.38100000000024	0.6920157292899233	-0.4349718933718828
9.382000000000239	0.6915804643207838	-0.4355567262954571
9.383000000000239	0.6911439612998107	-0.4374479928111775
9.384000000000238	0.6907054595307653	-0.4395542159015862
9.385000000000238	0.6902648941609821	-0.4415751875456236
9.386000000000237	0.6898223870806228	-0.4434376306755394
9.387000000000237	0.6893781011355451	-0.4451329110925345
9.388000000000236	0.6889321989837452	-0.446670038718203
9.389000000000236	0.6884848324782918	-0.4480616134540167
9.390000000000235	0.6880361406706454	-0.4493206385766248
9.391000000000234	0.6875862499659799	-0.4504594033444978
9.392000000000234	0.687135275020894	-0.451489115614872
9.393000000000233	0.6866833199330078	-0.4524196854558621
9.394000000000233	0.686230479179962	-0.4532604427290978
9.395000000000232	0.6857768384449843	-0.4540196463732577
9.396000000000232	0.6853224755272629	-0.4547048055040963
9.397000000000231	0.6848674610851361	-0.4553226926849894
9.398000000000231	0.6844092899509596	-0.4610181794670408
9.39900000000023	0.6839449480473326	-0.4676642122489468
9.40000000000023	0.6834740572087822	-0.4741160288021941
9.401000000000229	0.6829969554854086	-0.4800859623923887
9.402000000000228	0.6825141461166256	-0.4855313016328151
9.403000000000228	0.6820261416532312	-0.4904761351721406
9.404000000000227	0.6815334226407035	-0.494960384905426
9.405000000000227	0.6810389984294387	-0.4938865268332718
9.406000000000226	0.6805463414323438	-0.4914259613634636
9.407000000000226	0.6800562450783135	-0.4887652479355103
9.408000000000225	0.6795687476172632	-0.4862281827617046
9.409000000000225	0.6790836873658919	-0.4838908354505334
9.410000000000224	0.6786008611885544	-0.4817600409538477
9.411000000000223	0.6781200689111625	-0.4798230412147896
9.412000000000223	0.6776411250180766	-0.4780632774359999
9.413000000000222	0.6771612909656408	-0.4816033566198599
9.414000000000222	0.6766773409834688	-0.4862951237171749
9.415000000000221	0.6761887054473649	-0.4909744495303407
9.416000000000221	0.6756955490914128	-0.4953367489491141
9.41700000000022	0.6751982179784713	-0.4993239500915421
9.41800000000022	0.674697082578955	-0.5029453098042419
9.419000000000219	0.6741924951257871	-0.506228046168974
9.420000000000218	0.67368477915193	-0.5092023409386803
9.421000000000218	0.6731742290745255	-0.5118962439147776
9.422000000000217	0.6726611120552024	-0.5143362162381375
9.423000000000217	0.6721456701486177	-0.516546010636347
9.424000000000216	0.6716281228302966	-0.5185470325766881
9.425000000000216	0.6711086689960826	-0.5203590358930523
9.426000000000215	0.6705874887478359	-0.521999854661045
9.427000000000215	0.6700647453019071	-0.5234854257736405
9.428000000000214	0.6695405867326067	-0.5248300963715101
9.429000000000213	0.6690151473512846	-0.5260470451938923
9.430000000000213	0.6684885488177701	-0.5271483965045132
9.431000000000212	0.6679609014982666	-0.5281446132564966
9.432000000000212	0.667432305639992	-0.5290454704376594
9.433000000000211	0.6669028521900348	-0.5298597932906292
9.434000000000211	0.6663726236510197	-0.5305956454745734
9.43500000000021	0.6658416949858668	-0.5312600427166443
9.43600000000021	0.665310134294118	-0.5318596960252331
9.437000000000209	0.6647780034476529	-0.5324003496979263
9.438000000000208	0.6642453587450836	-0.5328874059548583
9.439000000000208	0.6637122513021548	-0.5333258282950727
9.440000000000207	0.6631787276196581	-0.5337198831115767
9.441000000000207	0.6626448300860653	-0.5340735286385593
9.442000000000206	0.66210802794988	-0.5395290785948229
9.443000000000206	0.6615652839846068	-0.545957167674485
9.444000000000205	0.6610161992812686	-0.5522105343234832
9.445000000000205	0.6604610928250744	-0.5580006539513758
9.446000000000204	0.6599004503393152	-0.5632825755041283
9.447000000000203	0.6593347690151257	-0.5680783143868953
9.448000000000203	0.6587670850629659	-0.5672878244440057
9.449000000000202	0.6582008983072503	-0.5650839253817523
9.450000000000202	0.6576370280644879	-0.5626548049783219
9.451000000000201	0.6570755363739454	-0.5603268275859382
9.452000000000201	0.6565162829221711	-0.5581783336591204
9.4530000000002	0.6559590841152314	-0.5562175435709005
9.4540000000002	0.65540375757473	-0.5544338058766617
9.455000000000199	0.6548475642590026	-0.5579510905792534
9.456000000000198	0.654287277039749	-0.5626215994090419
9.457000000000198	0.6537223248424279	-0.5672810313951465
9.458000000000197	0.6531528709742735	-0.5716249262479337
9.459000000000197	0.652579260112456	-0.5755950049535686
9.460000000000196	0.6520018615096896	-0.5792003955159121
9.461000000000196	0.6514210262297243	-0.5824683478048089
9.462000000000195	0.6508370769784736	-0.5854283275364545
9.463000000000195	0.6502503074649149	-0.5881088627777947
9.464000000000194	0.6496609840035525	-0.5905362143232975
9.465000000000193	0.6490693480336254	-0.5927338718341046
9.466000000000193	0.6484756183778907	-0.5947235785416218
9.467000000000192	0.6478825627347112	-0.5913858480003219
9.468000000000192	0.6472934335128666	-0.5868707473584369
9.469000000000191	0.6467062539554633	-0.5874865244151672
9.470000000000191	0.6461178075518483	-0.5894044349857641
9.47100000000019	0.6455273377096272	-0.5915333944489601
9.47200000000019	0.6449347834217664	-0.5935733188872683
9.473000000000189	0.6443402701322221	-0.5954513908243313
9.474000000000188	0.6437439638338516	-0.5971593300628512
9.475000000000188	0.6431460302400657	-0.5987059756930601
9.476000000000187	0.6425466240195902	-0.6001045779607492
9.477000000000187	0.6419458865185476	-0.601368531785912
9.478000000000186	0.6413439462936018	-0.6025100211257227
9.479000000000186	0.640740920084406	-0.6035404960085659
9.480000000000185	0.6401369138267509	-0.6044701140972214
9.481000000000185	0.6395320236563872	-0.6053083177783407
9.482000000000184	0.6389237674467626	-0.6112021811306693
9.483000000000184	0.6383091520668663	-0.6180266373634817
9.484000000000183	0.6376878185403202	-0.6246384523106739
9.485000000000182	0.6370601219506725	-0.6307527425412467
9.486000000000182	0.6364291558566888	-0.6311774497171581
9.487000000000181	0.6357985268177583	-0.6300786325708732
9.488000000000181	0.6351691607786608	-0.6286514531214017
9.48900000000018	0.6345412184695864	-0.6272311761107551
9.49000000000018	0.6339146497143362	-0.6259043489070938
9.491000000000179	0.6332893528248751	-0.6246874476508028
9.492000000000179	0.6326652193787521	-0.6235774650117973
9.493000000000178	0.6320421467125671	-0.6225658902354911
9.494000000000177	0.6314200409456454	-0.6216436686530239
9.495000000000177	0.6307962475206572	-0.6259412001085163
9.496000000000176	0.6301676170091823	-0.6313178253500941
9.497000000000176	0.6295336488274866	-0.6366165226618836
9.498000000000175	0.6288945702850571	-0.6415385296297206
9.499000000000175	0.6282507844903699	-0.6460310112506251
9.500000000000174	0.6276027133000944	-0.6501093062022543
9.501000000000174	0.6269507551245195	-0.6538049684965919
9.502000000000173	0.6262952757463482	-0.6571516991911828
9.503000000000172	0.6256391776117353	-0.6550424784163387
9.504000000000172	0.6249858352673631	-0.6516401265096379
9.505000000000171	0.624335953048574	-0.6481222373111589
9.506000000000171	0.6236894886577279	-0.6448044805664647
9.50700000000017	0.6230462072828432	-0.641756214596789
9.50800000000017	0.6224032698765563	-0.6441165435207381
9.509000000000169	0.6217573437134337	-0.6477337177627517
9.510000000000169	0.6211077581433389	-0.6514353448025835
9.511000000000168	0.6204545850438777	-0.6549087640470591
9.512000000000167	0.6197980861833418	-0.6580868553270007
9.513000000000167	0.6191385557669891	-0.6609718649836424
9.514000000000166	0.6184762766552214	-0.6635842363538564
9.515000000000166	0.6178115099252779	-0.6659470923582727
9.516000000000165	0.6171444935084844	-0.6680836018291418
9.517000000000165	0.6164754432890529	-0.6700146900937891
9.518000000000164	0.6158045550161932	-0.671759701765
9.519000000000164	0.6151320060373218	-0.6733360957591816
9.520000000000163	0.6144579571528144	-0.6747595071888374
9.521000000000162	0.6137825541872912	-0.6760442524059339
9.522000000000162	0.613105929401162	-0.6772031434362321
9.523000000000161	0.6124282028075233	-0.6782478628422259
9.524000000000161	0.6117494833252337	-0.6791889165017891
9.52500000000016	0.6110698697512594	-0.6800360422901556
9.52600000000016	0.6103894516912541	-0.6807978849279931
9.527000000000159	0.6097083105612893	-0.6814821788334495
9.528000000000159	0.6090265203311318	-0.6820960821738479
9.529000000000158	0.6083441482095626	-0.6826459587323884
9.530000000000157	0.607661255280435	-0.6831376945618737
9.531000000000157	0.6069778970780763	-0.6835765026439876
9.532000000000156	0.606294124112369	-0.6839672188699856
9.533000000000156	0.605607412973742	-0.6894528379330596
9.534000000000155	0.6049147331428936	-0.6959045829432612
9.535000000000155	0.6042156918217625	-0.7021757968307232
9.536000000000154	0.6035131832077365	-0.7028391564107846
9.537000000000154	0.6028107709083185	-0.7019831668250686
9.538000000000153	0.6021093875927026	-0.7007811910421752
9.539000000000152	0.6014092139140665	-0.6995638956927984
9.540000000000152	0.6007102215178605	-0.6984186289244686
9.541000000000151	0.6000123295259204	-0.6973630896471202
9.542000000000151	0.5993154489373063	-0.6963958244761602
9.54300000000015	0.5986194947930339	-0.6955102028966161
9.54400000000015	0.5979243891476893	-0.6946988283056676
9.545000000000149	0.597227491897533	-0.699093405622163
9.546000000000149	0.5965256667631232	-0.7045545797007896
9.547000000000148	0.5958184251002456	-0.7099264438332871
9.548000000000147	0.595106004944312	-0.7149115478394286
9.549000000000147	0.5943888190342138	-0.7194579355107684
9.550000000000146	0.5936672979550193	-0.7235818707631151
9.551000000000146	0.5929418480492112	-0.727315574775207
9.552000000000145	0.5922154123408609	-0.7255534714729777
9.553000000000145	0.5914914032723856	-0.7224623017908673
9.554000000000144	0.5907705595048596	-0.7192228787657403
9.555000000000144	0.590052869666287	-0.7161544530547015
9.556000000000143	0.5893355570329928	-0.7184684683152195
9.557000000000142	0.5886153047508902	-0.7220337399284084
9.558000000000142	0.5878914449984638	-0.7256833960211142
9.559000000000141	0.5871640490911987	-0.7291060368819995
9.560000000000141	0.5864333771660627	-0.7322354198755059
9.56100000000014	0.5856997214257038	-0.7350736563841367
9.56200000000014	0.5849633628378064	-0.7376411049174598
9.563000000000139	0.5842245607281376	-0.7399606907311692
9.564000000000139	0.5834835515778999	-0.742055177625195
9.565000000000138	0.5827405499529698	-0.7439456323815963
9.566000000000138	0.5819957503582223	-0.7456511101563208
9.567000000000137	0.5812518986594001	-0.7420498424479771
9.568000000000136	0.5805096574750801	-0.7424300852544079
9.569000000000136	0.5797665297193785	-0.7438229811048251
9.570000000000135	0.5790219259230563	-0.7453821604452833
9.571000000000135	0.5782757962989582	-0.7468746304369189
9.572000000000134	0.5775282359128281	-0.7482436785966454
9.573000000000134	0.5767793715508396	-0.7494825766537391
9.574000000000133	0.5760293299820458	-0.7505980871205716
9.575000000000133	0.5752782295969041	-0.7516002046494081
9.576000000000132	0.5745261786911851	-0.7524991239290432
9.577000000000131	0.5737732758254011	-0.7533041207554118
9.578000000000131	0.5730196105427748	-0.7540239538828485
9.57900000000013	0.5722652641689566	-0.7546662996755329
9.58000000000013	0.5715077412527538	-0.7603770269296386
9.581000000000129	0.5707440365537647	-0.7670298435633826
9.582000000000129	0.5699763511670787	-0.76833838790027
9.583000000000128	0.5692081049689258	-0.7681514633875752
9.584000000000128	0.5684402389765801	-0.7675779762949989
9.585000000000127	0.5676729815342968	-0.7669343640327515
9.586000000000126	0.5669063591004561	-0.7663079602718852
9.587000000000126	0.5661403437164808	-0.7657202650756963
9.588000000000125	0.5653748951870606	-0.7651742518065071
9.589000000000125	0.5646099730402742	-0.764667500322942
9.590000000000124	0.5638455397062586	-0.7641966266582749
9.591000000000124	0.5630789916228156	-0.7688969909145236
9.592000000000123	0.562307225553433	-0.7746325799373809
9.593000000000123	0.5615297829365802	-0.7802500657045446
9.594000000000122	0.5607469290287329	-0.7854551426329168
9.595000000000121	0.5599591009973401	-0.7901982949344305
9.596000000000121	0.5591667517172296	-0.7944976236945925
9.59700000000012	0.5583728772708243	-0.7932486211253024
9.59800000000012	0.5575809414309023	-0.7906204158855484
9.599000000000119	0.5567917307439293	-0.7877983230229382
9.600000000000119	0.5560052775008106	-0.7851055360953987
9.601000000000118	0.5552214145504323	-0.7826177449173226
9.602000000000118	0.5544373646550262	-0.7854794242513857
9.603000000000117	0.5536498511068871	-0.789545037520426
9.604000000000116	0.552858253627963	-0.7936472708663528
9.605000000000116	0.5520626899005902	-0.7974775198388763
9.606000000000115	0.5512634631415796	-0.8009733205608709
9.607000000000115	0.5504609047690679	-0.804140734354816
9.608000000000114	0.5496553314470016	-0.8070032082315011
9.609000000000114	0.5488470346787615	-0.8095876162287502
9.610000000000113	0.5480388497120352	-0.8067796042384102
9.611000000000113	0.5472340904964859	-0.8027361240445091
9.612000000000112	0.5464334065272403	-0.7986291240022507
9.613000000000111	0.5456341363501198	-0.7999085432376652
9.614000000000111	0.5448329276347196	-0.8025061927358482
9.61500000000011	0.544029039584296	-0.8052672029570882
9.61600000000011	0.5432224655012718	-0.8078782475760371
9.617000000000109	0.5424133916050159	-0.810266819675472
9.618000000000109	0.5416020423267811	-0.8124290025344358
9.619000000000108	0.5407886371115784	-0.8143786853428047
9.620000000000108	0.5399733795473404	-0.8161336930151243
9.621000000000107	0.5391564554818081	-0.817711680961263
9.622000000000106	0.5383380336963406	-0.8191291264793819
9.623000000000106	0.5375182672918242	-0.8204009131644872
9.624000000000105	0.5366972951594974	-0.8215405766702595
9.625000000000105	0.535875243278455	-0.822560405587812
9.626000000000104	0.5350522259589026	-0.8234714490662097
9.627000000000104	0.5342283470144238	-0.8242836511645769
9.628000000000103	0.5334037006485893	-0.8250062878183878
9.629000000000103	0.532578372333451	-0.8256475461011059
9.630000000000102	0.5317524397312842	-0.8262148584655896
9.631000000000101	0.5309259733931396	-0.8267150148854964
9.632000000000101	0.5300990374616537	-0.8271540421940511
9.6330000000001	0.5292716902611021	-0.8275375502601017
9.6340000000001	0.5284439848155364	-0.8278705296455223
9.635000000000099	0.5276134000282275	-0.833296222601403
9.636000000000099	0.5267769074781404	-0.8396860337460335
9.637000000000098	0.5259341162913675	-0.8458934731598678
9.638000000000098	0.5250879226166322	-0.8464909966867602
9.639000000000097	0.524241891921991	-0.8455675121145247
9.640000000000096	0.5233969583038669	-0.844296845980979
9.641000000000096	0.5225533035074427	-0.8430098716705325
9.642000000000095	0.5217109001241884	-0.8417940225115231
9.643000000000095	0.5208696680690336	-0.8406672180771302
9.644000000000094	0.5200295191103348	-0.8396278319115061
9.645000000000094	0.5191877995827171	-0.8438083491709758
9.646000000000093	0.5183413599887202	-0.8490679471582784
9.647000000000093	0.5174896997469189	-0.8542496255352243
9.648000000000092	0.5166330460043902	-0.8590549301218086
9.649000000000092	0.515771801410093	-0.8634313119358525
9.650000000000091	0.5149063873746861	-0.86739379662705
9.65100000000009	0.5140397715397268	-0.8658349054729467
9.65200000000009	0.5131753919998231	-0.8629212127272141
9.653000000000089	0.5123140121038685	-0.8598356264168674
9.654000000000089	0.5114556432571191	-0.8568991232152621
9.655000000000088	0.5106000994109156	-0.8541856336023074
9.656000000000088	0.5097445856610535	-0.8568389292284219
9.657000000000087	0.5088858091250982	-0.8607111931751154
9.658000000000087	0.5080231352976632	-0.8646334973790685
9.659000000000086	0.5071566689482987	-0.8682962225688028
9.660000000000085	0.5062867015663683	-0.8716355490315536
9.661000000000085	0.5054135540929378	-0.874656393179672
9.662000000000084	0.5045375337540779	-0.877381268544712
9.663000000000084	0.5036589234950504	-0.8798362231327549
9.664000000000083	0.5027805505217627	-0.8769066964171791
9.665000000000083	0.5019057214186582	-0.8727484935255878
9.666000000000082	0.5010325110524787	-0.8736692267038689
9.667000000000082	0.5001577497765026	-0.8758503063243045
9.668000000000081	0.4992807208904892	-0.8782044375033884
9.66900000000008	0.4984013996443616	-0.8804350171833966
9.67000000000008	0.4975199443547352	-0.8824725156696565
9.671000000000079	0.4966365507749765	-0.8843115892854554
9.672000000000079	0.4957514114362737	-0.8859640260546852
9.673000000000078	0.4948647051868572	-0.8874454038221107
9.674000000000078	0.4939765954812714	-0.8887709320633184
9.675000000000077	0.4930872309074179	-0.8899551345381509
9.676000000000077	0.492199315736115	-0.8858721305140617
9.677000000000076	0.4913134749974321	-0.8858062750278836
9.678000000000075	0.4904271775860216	-0.8867854729281267
9.679000000000075	0.4895398032305104	-0.8879601580348968
9.680000000000074	0.4886512743021149	-0.8890946132297137
9.681000000000074	0.4877616607660218	-0.8901293682031074
9.682000000000073	0.4868710666929618	-0.8910556822955243
9.683000000000073	0.4859795981054391	-0.8918783926267621
9.684000000000072	0.4850873546148262	-0.8926054843190311
9.685000000000072	0.4841944276239009	-0.8932453894117028
9.686000000000071	0.4833009004164424	-0.8938059138346236
9.68700000000007	0.4824042793648624	-0.8994330654132926
9.68800000000007	0.4815015608992916	-0.9060007190903153
9.689000000000069	0.4805949457769423	-0.9072263638931441
9.690000000000069	0.4796878530885985	-0.9069558479181459
9.691000000000068	0.4787812248482779	-0.9062974679743352
9.692000000000068	0.4778752907958676	-0.9055674730328011
9.693000000000067	0.4769700787854634	-0.9048533850006412
9.694000000000067	0.4760655620689681	-0.904176886166503
9.695000000000066	0.4751617016110175	-0.9035408687316112
9.696000000000065	0.4742584579955522	-0.902943201884448
9.697000000000065	0.4733532250741868	-0.9075194721009723
9.698000000000064	0.4724428971101302	-0.9131332679499018
9.699000000000064	0.4715270134317309	-0.9186308798326808
9.700000000000063	0.4706058373843879	-0.9237179857819594
9.701000000000063	0.4696823739987195	-0.9232055469463948
9.702000000000062	0.4687601473833029	-0.9212444481005874
9.703000000000062	0.4678400136370762	-0.9190198144032881
9.704000000000061	0.4669220723492988	-0.9168595374014145
9.70500000000006	0.4660062183552204	-0.9148452328489488
9.70600000000006	0.465092300180509	-0.9129879039909488
9.707000000000059	0.464177595317576	-0.9164186050513214
9.708000000000059	0.4632588882993197	-0.9209921990796931
9.709000000000058	0.4623356176915265	-0.925545766573678
9.710000000000058	0.4614079554313082	-0.9297754869647865
9.711000000000057	0.4604762540567833	-0.9336239794456835
9.712000000000057	0.4595408897367381	-0.9371013635734964
9.713000000000056	0.4586047895135989	-0.9350957815110651
9.714000000000055	0.4576713547536956	-0.9317704449820448
9.715000000000055	0.4567413152276147	-0.9283053243390171
9.716000000000054	0.4558146517625445	-0.9250183333849475
9.717000000000054	0.4548885809436907	-0.9271200325137331
9.718000000000053	0.45395977988592	-0.9304788000837725
9.719000000000053	0.4530275751506127	-0.9339273740598009
9.720000000000052	0.4520920328604702	-0.9371538964476515
9.721000000000052	0.451153408562072	-0.9400913781562932
9.722000000000051	0.4502119903946283	-0.9427416231320062
9.72300000000005	0.4492680557371855	-0.9451243477201487
9.72400000000005	0.4483218606486319	-0.9472624758180586
9.725000000000049	0.4473762079767988	-0.9440395146762712
9.726000000000049	0.4464343822195686	-0.939608658669388
9.727000000000048	0.4454944372536087	-0.9402779373057374
9.728000000000048	0.4445531848412481	-0.9422235453298554
9.729000000000047	0.4436098926008161	-0.9443575847021648
9.730000000000047	0.4426645210395625	-0.9463821780792128
9.731000000000046	0.4417172150576846	-0.9482264175656222
9.732000000000046	0.4407681583235434	-0.9498836748677222
9.733000000000045	0.4398175324336622	-0.9513647219485092
9.734000000000044	0.4388655062306218	-0.9526842946860714
9.735000000000044	0.437912234082407	-0.9538566063433992
9.736000000000043	0.4369604258495373	-0.9497564676978312
9.737000000000043	0.4360107116884036	-0.9496684688301699
9.738000000000042	0.43506056521459	-0.9506210900170462
9.739000000000042	0.4341093703341289	-0.9517652768863789
9.740000000000041	0.4331570531716144	-0.952865648619953
9.741000000000041	0.4322036870139824	-0.953863261876667
9.74200000000004	0.431249378912865	-0.9547495307270257
9.743000000000039	0.430294237673129	-0.9555295346375221
9.744000000000039	0.4293383654089078	-0.9562115755858127
9.745000000000038	0.4283818557713726	-0.956804277488527
9.746000000000038	0.4274247940260005	-0.957315787787984
9.747000000000037	0.426464688304055	-0.962892218239713
9.748000000000037	0.4255011063489788	-0.9642682400937661
9.749000000000036	0.4245367541608237	-0.9644326801288617
9.750000000000036	0.4235724110515314	-0.9642500808939601
9.751000000000035	0.422608299193035	-0.9639701778629938
9.752000000000034	0.421644480007888	-0.9636647337459149
9.753000000000034	0.4206809688411694	-0.9633541406167455
9.754000000000033	0.4197177681099287	-0.9630438624138387
9.755000000000033	0.4187548768792395	-0.9627351391388976
9.756000000000032	0.4177897240710707	-0.9675670077584758
9.757000000000032	0.4168192356773727	-0.9734062895184289
9.758000000000031	0.4158429796202481	-0.9791023123562166
9.759000000000031	0.4148612450898216	-0.9843632148843875
9.76000000000003	0.4138770605962112	-0.9840022283718136
9.761000000000029	0.4128939715723955	-0.9821722777099399
9.762000000000029	0.4119128534800057	-0.9800603710991003
9.763000000000028	0.4109338233000333	-0.9779964588889688
9.764000000000028	0.4099567917280975	-0.9760631607303373
9.765000000000027	0.4089816218385688	-0.9742730992976421
9.766000000000027	0.4080056039121462	-0.9777592299681718
9.767000000000026	0.407025533797446	-0.982377459727668
9.768000000000026	0.4060408605976313	-0.9869653820659878
9.769000000000025	0.4050517659520705	-0.9912203337275706
9.770000000000024	0.4040586111879718	-0.9950856029394265
9.771000000000024	0.4030643500895774	-0.9934329967902237
9.772000000000023	0.4020724198330555	-0.990423926106941
9.773000000000023	0.4010835860885875	-0.9872399823823189
9.774000000000022	0.4000978632480852	-0.9842021279449097
9.775000000000022	0.3991150681986643	-0.981384409343168
9.776000000000021	0.3981324089243131	-0.983930576821071
9.777000000000021	0.3971465952537266	-0.9876931888980548
9.77800000000002	0.3961569949245423	-0.9915038787958445
9.779000000000019	0.3951637147639927	-0.9950528367815293
9.780000000000019	0.3941670480529476	-0.9982769659923532
9.781000000000018	0.3931673173609583	-1.001180786035791
9.782000000000018	0.3921674012780825	-0.9986477455850902
9.783000000000017	0.3911706570882119	-0.9948370100572097
9.784000000000017	0.3901777747532028	-0.9909240484221854
9.785000000000016	0.38918612757642	-0.9923666966252753
9.786000000000016	0.3881923941775746	-0.9950964834831769
9.787000000000015	0.3871958637379048	-0.9979607666150332
9.788000000000014	0.3861965573850221	-1.000648298318425
9.789000000000014	0.3851946868651205	-1.003089089825069
9.790000000000013	0.3841904997000685	-1.005281578686695
9.791000000000013	0.3831842360443894	-1.007242062016299
9.792000000000012	0.3821761181510696	-1.008990045710936
9.793000000000012	0.3811689182658763	-1.005406047624168
9.794000000000011	0.3801658931771653	-1.00064046651246
9.795000000000011	0.3791650706085967	-1.001001013919534
9.79600000000001	0.3781632383247143	-1.002659891990355
9.797000000000009	0.377159643273269	-1.004526541140438
9.798000000000009	0.3761542274248985	-1.0063014777195
9.799000000000008	0.3751471189106488	-1.007911865242635
9.800000000000008	0.3741384863078802	-1.00934964771451
9.801000000000007	0.3731284975548601	-1.010624159315313
9.802000000000007	0.3721173091991712	-1.011748847193108
9.803000000000006	0.3711050643994079	-1.012737042128923
9.804000000000006	0.3700918933264017	-1.01360138881988
9.805000000000005	0.3690779141100717	-1.014353324350957
9.806000000000004	0.3680632338846501	-1.01500340297094
9.807000000000004	0.3670479498932513	-1.015560852631243
9.808000000000003	0.3660321504755972	-1.016034252133015
9.809000000000003	0.3650159157755863	-1.01643141429247
9.810000000000002	0.363999318550674	-1.016759299153104
9.811000000000002	0.3629824249226478	-1.017024217982821
9.812000000000001	0.361965295000296	-1.017231885490616
9.813000000000001	0.3609479834013704	-1.017387569020561
9.814	0.3599279704209641	-1.02263463706853
9.815	0.3589047986155189	-1.023705206022163
9.815999999999999	0.3578811512002181	-1.023585853580867
9.816999999999998	0.3568577867985727	-1.023139178310615
9.817999999999998	0.3558349087937677	-1.022613060254534
9.818999999999997	0.3548125615778126	-1.02207760113467
9.819999999999997	0.3537907450460953	-1.0215516923089
9.820999999999996	0.3527694476111746	-1.021039408034755
9.821999999999996	0.3517486556390031	-1.020540767259542
9.822999999999995	0.35072578655332	-1.025193625972028
9.823999999999995	0.3496977559691859	-1.030863743672036
9.824999999999994	0.3486641225563213	-1.036399261294174
9.825999999999993	0.3476277390394557	-1.036363940066746
9.826999999999993	0.3465921319527944	-1.03484640231898
9.827999999999992	0.3455581980267613	-1.033017623569924
9.828999999999992	0.344526084865016	-1.031204879060731
9.829999999999991	0.3434957340922293	-1.02949285076506
9.830999999999991	0.342467037388415	-1.027896745838659
9.83199999999999	0.3414373114467413	-1.031551321270794
9.83299999999999	0.3404033762418924	-1.036315255183853
9.833999999999989	0.3393647025352525	-1.041028305871443
9.834999999999988	0.3383214913969002	-1.045390100358285
9.835999999999988	0.3372741215989192	-1.049345608270086
9.836999999999987	0.3362255624345627	-1.047768827264466
9.837999999999987	0.3351792650875995	-1.044821980458983
9.838999999999986	0.334136008195467	-1.041687927485733
9.839999999999986	0.3330958177679731	-1.038689061177429
9.840999999999985	0.332058521304997	-1.0359000078211
9.841999999999985	0.3310213367168922	-1.038465310471165
9.842999999999984	0.3299809827235597	-1.042238805105623
9.843999999999983	0.3289368348834802	-1.04605298846155
9.844999999999983	0.3278890071239419	-1.049598628932862
9.845999999999982	0.3268377992559634	-1.052813191358119
9.846999999999982	0.3257861093458646	-1.05056270998126
9.847999999999981	0.3247373241392371	-1.047003793852302
9.848999999999981	0.3236921635929221	-1.043313401494067
9.84999999999998	0.3226506007586775	-1.039808381767305
9.85099999999998	0.321609845367517	-1.041698516986058
9.851999999999979	0.3205665683505652	-1.044851622588715
9.852999999999978	0.3195200907030156	-1.048099764879012
9.853999999999978	0.3184704735413208	-1.051130637796571
9.854999999999977	0.3174179677630073	-1.053876985963667
9.855999999999977	0.3163628570932052	-1.056340409675163
9.856999999999976	0.3153054148474356	-1.058540127816342
9.857999999999976	0.3142484629305407	-1.05535975239597
9.858999999999975	0.3131953040149533	-1.050954138038184
9.859999999999975	0.3121440086328307	-1.051632691098699
9.860999999999974	0.3110914036472225	-1.053573338769686
9.861999999999973	0.3100367704177806	-1.055689169833504
9.862999999999973	0.308980082041778	-1.057683622854531
9.863999999999972	0.3079214946649568	-1.059487163015948
9.864999999999972	0.3068612018925144	-1.061094406365466
9.865999999999971	0.3057993942563185	-1.062516883504523
9.866999999999971	0.3047362487896852	-1.063770060884535
9.86799999999997	0.3036744966462084	-1.059730241087674
9.86899999999997	0.302614787918607	-1.059683235481154
9.869999999999969	0.3015546144109044	-1.060659798227412
9.870999999999968	0.3004933761337067	-1.061812769157341
9.871999999999968	0.2994310135663472	-1.062908373013639
9.872999999999967	0.2983676129629041	-1.063888836111789
9.873999999999967	0.297303293098826	-1.064746889518503
9.874999999999966	0.296238173311384	-1.065488678524327
9.875999999999966	0.2951723651914567	-1.066123550595868
9.876999999999965	0.2941059708906088	-1.066661036858439
9.877999999999965	0.2930365140429552	-1.072248631376517
9.878999999999964	0.291963576357417	-1.07362269821459
9.879999999999963	0.2908898763802512	-1.073773210455367
9.880999999999963	0.2898162048338409	-1.073565835510202
9.881999999999962	0.2887427942215896	-1.073251341825219
9.882999999999962	0.2876697152786959	-1.072902496755426
9.883999999999961	0.2865969917607952	-1.07254049189531
9.884999999999961	0.2855246336755989	-1.072171631446222
9.88599999999996	0.2844526468930306	-1.071797886767202
9.88699999999996	0.2833810359684314	-1.071419915658997
9.887999999999959	0.2823072354405806	-1.076177083734633
9.888999999999958	0.2812307460667398	-1.076797596213533
9.889999999999958	0.2801542132842167	-1.076263899669852
9.890999999999957	0.2790783617440849	-1.075435112746814
9.891999999999957	0.2780033640643755	-1.074556180800574
9.892999999999956	0.2769292366614078	-1.073694561309052
9.893999999999956	0.2758559541083056	-1.072866483026442
9.894999999999955	0.2747834819553641	-1.07207376282173
9.895999999999955	0.2737117858363288	-1.071314416925547
9.896999999999954	0.2726382643782395	-1.075724432793088
9.897999999999954	0.2715598164359078	-1.081167365519803
9.898999999999953	0.2704785549391839	-1.081351529684603
9.899999999999952	0.2693978193189309	-1.080115613343209
9.900999999999952	0.2683184789068013	-1.078561117507089
9.901999999999951	0.2672406973848728	-1.076997837640893
9.902999999999951	0.2661644426316204	-1.075507584742683
9.90399999999995	0.2650896334814342	-1.074106635797895
9.90499999999995	0.2640161816587329	-1.072792933737024
9.905999999999949	0.2629414336900316	-1.076698921691247
9.906999999999949	0.2618622402565061	-1.081683845312913
9.907999999999948	0.2607781012217416	-1.086590104185569
9.908999999999947	0.259689244281532	-1.091119637074055
9.909999999999947	0.2585986433743296	-1.090078030340978
9.910999999999946	0.2575097943548855	-1.087615867025507
9.911999999999946	0.2564235262633534	-1.08491618315027
9.912999999999945	0.2553399138134352	-1.082304592728431
9.913999999999945	0.2542588293914882	-1.079860135666306
9.914999999999944	0.253177531658187	-1.08273121346792
9.915999999999944	0.2520927762624007	-1.086775446312545
9.916999999999943	0.2510039722842478	-1.09082836161937
9.917999999999942	0.2499112637358143	-1.094584570832291
9.918999999999942	0.2488149775565924	-1.097983608394461
9.919999999999941	0.2477180365063486	-1.095894309214125
9.920999999999941	0.2466238494800275	-1.092475569894562
9.92199999999994	0.2455331564358877	-1.088906357034316
9.92299999999994	0.2444459485281501	-1.085505309254933
9.923999999999939	0.2433594495503651	-1.08748849871042
9.924999999999939	0.2422703424737312	-1.090721495873429
9.925999999999938	0.2411779612161852	-1.094036846907996
9.926999999999937	0.2400823793954861	-1.097122608829044
9.927999999999937	0.2389838596501984	-1.09991268373372
9.928999999999936	0.2378826963174441	-1.102409772531821
9.929999999999936	0.2367817419532041	-1.099494746380089
9.930999999999935	0.2356843302411211	-1.095324480650372
9.931999999999935	0.2345911296861667	-1.091072447128994
9.932999999999934	0.2334994940549861	-1.092194637998967
9.933999999999934	0.2324060841703219	-1.094620946219602
9.934999999999933	0.2313101731800755	-1.097196838503332
9.935999999999932	0.2302117677783829	-1.099609758474996
9.936999999999932	0.2291110664052522	-1.101788771500618
9.937999999999931	0.2280083043814746	-1.103731050789873
9.938999999999931	0.2269037109230473	-1.105451632698853
9.93999999999993	0.2258000677433331	-1.101830495927317
9.94099999999993	0.2247006409663259	-1.097018842381676
9.941999999999929	0.2236034678290847	-1.097323223980607
9.942999999999929	0.222505345087921	-1.098918045533083
9.943999999999928	0.2214055270186412	-1.100713872659596
9.944999999999927	0.2203039621266965	-1.102411683112545
9.945999999999927	0.2192007843597474	-1.103939615432024
9.946999999999926	0.2180961672254839	-1.105290411172298
9.947999999999926	0.2169902828648464	-1.106474062273409
9.948999999999925	0.215883291508182	-1.10750439793648
9.949999999999925	0.2147779171788599	-1.10324001277124
9.950999999999924	0.2136748059954992	-1.102978113689715
9.951999999999924	0.2125714383181994	-1.10375299864796
9.952999999999923	0.2114672013139461	-1.10471676324286
9.953999999999922	0.2103620235292453	-1.105634554916638
9.954999999999922	0.2092559802489434	-1.106447750111493
9.955999999999921	0.2081491802626469	-1.107147962993516
9.956999999999921	0.207041733847259	-1.107740604810094
9.95799999999992	0.2059337443245216	-1.108234174609061
9.95899999999992	0.2048253063576106	-1.108637490442798
9.959999999999919	0.203716506019431	-1.108958914767095
9.960999999999919	0.2026074214359521	-1.109205978967638
9.961999999999918	0.2014981235403742	-1.109385537169076
9.962999999999917	0.2003886767348593	-1.109503797298872
9.963999999999917	0.1992791394875603	-1.109566419424685
9.964999999999916	0.1981695648794535	-1.109578517811749
9.965999999999916	0.1970600011107962	-1.109544739614051
9.966999999999915	0.1959504919670554	-1.109469267241139
9.967999999999915	0.1948410772400689	-1.10935590552715
9.968999999999914	0.1937292237232001	-1.114346836654016
9.969999999999914	0.1926144614268295	-1.115173452363323
9.970999999999913	0.1914994620768466	-1.114820942027515
9.971999999999912	0.190384974059972	-1.114150787191041
9.972999999999912	0.1892711914814062	-1.113410067210559
9.973999999999911	0.1881581502531037	-1.112668088611349
9.974999999999911	0.1870458425344017	-1.11194304993305
9.97599999999991	0.185934249647812	-1.111238426245313
9.97699999999991	0.1848233514739976	-1.110553626170222
9.977999999999909	0.1837105594980767	-1.115026022241716
9.978999999999909	0.1825927841510886	-1.12052034813668
9.979999999999908	0.1814721487306103	-1.120746157263408
9.980999999999908	0.1803520019583714	-1.119543052657413
9.981999999999907	0.1792332215859157	-1.118013362100775
9.982999999999906	0.1781159788514128	-1.116467781826896
9.983999999999906	0.1770002484898908	-1.114988621125737
9.984999999999905	0.1758859555835272	-1.113592876215178
9.985999999999905	0.1747730173794507	-1.112279220944708
9.986999999999904	0.173658785358677	-1.116180503749281
9.987999999999904	0.172540114689157	-1.121156500391981
9.988999999999903	0.171416509221156	-1.126050080737734
9.989999999999903	0.1702907694655542	-1.125425066472112
9.990999999999902	0.1691663737572092	-1.123361990590924
9.991999999999901	0.1680441771529933	-1.121026865905629
9.992999999999901	0.1669242899497797	-1.11874319671627
9.9939999999999	0.1658066200972958	-1.11659217222957
9.9949999999999	0.1646910287708606	-1.114586151873862
9.995999999999899	0.1635748049841921	-1.117857089438603
9.996999999999899	0.1624547437649395	-1.122261001347003
9.997999999999898	0.1613302931861127	-1.126635790745883
9.998999999999898	0.1602016336616392	-1.130678875496152
9.999999999999897	0.159071694747754	-1.12919456380041
