DataType=double
version=3
OpenSimVersion=4.5.2-2025-05-03-6a4c6ec41
endheader
time	q	q_dot
0	0	0
0.001	0	0
0.002	0	0
0.003	0	0
0.004	0	0
0.005	0	0
0.006	0	0
0.007	0	0
0.008	0	0
0.009000000000000001	0	0
0.01	0	0
0.011	0	0
0.012	0	0
0.013	0	0
0.01400000000000001	0	0
0.01500000000000001	0	0
0.01600000000000001	4.474880901859889e-06	0.008949744200278508
0.01700000000000001	1.634288549838384e-05	0.01478621830600242
0.01800000000000001	3.404208232546925e-05	0.02061210572245576
0.01900000000000001	5.721346077639083e-05	0.02573056002701749
0.02000000000000001	8.527209060645717e-05	0.03038658925510695
0.02100000000000001	0.000117756797067044	0.03458269587660556
0.02200000000000001	0.0001542360293506257	0.03837562518729348
0.02300000000000001	0.0001943253348029995	0.04180282801276002
0.02400000000000001	0.0002376775418509537	0.04490141554274086
0.02500000000000002	0.0002839803095255592	0.04770393765904735
0.02600000000000002	0.0003329523260751351	0.05023990279230119
0.02700000000000002	0.000384340286635201	0.05253581617610685
0.02800000000000002	0.0004379160734144734	0.0546155466241727
0.02900000000000002	0.0004934742427831732	0.05650057355660229
0.03000000000000002	0.0005508297574191902	0.05821023008835512
0.03100000000000002	0.0006098159467935761	0.05976191661854386
0.03200000000000002	0.000670282671214956	0.06117129435817271
0.03300000000000002	0.0007320946695635128	0.06245245918082348
0.03400000000000002	0.0007951300722239814	0.06361809816933869
0.03500000000000002	0.0008592790627281579	0.0646796304875831
0.03600000000000003	0.0009244426732283814	0.0656473341701012
0.03700000000000003	0.0009905317004207984	0.06653046023155097
0.03800000000000003	0.001057465729872964	0.06733733536551842
0.03900000000000003	0.001125172257915475	0.06807545437337939
0.04000000000000003	0.001193585901341204	0.06875156335030283
0.04100000000000003	0.0012626476861314	0.06937173455265661
0.04200000000000003	0.001332304407305964	0.06994143377868187
0.04300000000000003	0.001402508052785493	0.07046558101110746
0.04400000000000003	0.001473215284863936	0.07094860499551101
0.04500000000000003	0.001544386973530784	0.07139449236085156
0.04600000000000003	0.00161598777645787	0.07180683182795711
0.04700000000000003	0.001687985760984321	0.07218885399717109
0.04800000000000004	0.001764826944801722	0.08149321135757431
0.04900000000000004	0.001849403470745155	0.08765950781977244
0.05000000000000004	0.001940129795063979	0.09379278391616394
0.05100000000000004	0.002036625534509636	0.09919831537762244
0.05200000000000004	0.002138286402613375	0.1041230209136869
0.05300000000000004	0.002244633683912927	0.1085711233338101
0.05400000000000004	0.002355219921577814	0.1126009169691479
0.05500000000000004	0.002469646228880713	0.1162512475037937
0.05600000000000004	0.002587552325655267	0.1195604822237158
0.05700000000000004	0.002708613955993421	0.122562302217834
0.05800000000000004	0.00283253896821195	0.125287234720595
0.05900000000000005	0.002959064185737547	0.1277627026034092
0.06000000000000005	0.003087952491183388	0.1300134012653174
0.06100000000000005	0.003218990226935894	0.132061554761481
0.06200000000000005	0.003351984849446461	0.1339271670836299
0.06300000000000004	0.003486762819644923	0.1356282431221561
0.06400000000000004	0.003623167703916119	0.1371809888293763
0.06500000000000004	0.003761058465069781	0.138599991042198
0.06600000000000004	0.003900307924182836	0.1398983794035931
0.06700000000000005	0.004040801376257294	0.141087972071678
0.06800000000000005	0.004182435344304562	0.1421794068629663
0.06900000000000005	0.004325116458015479	0.1431822592800467
0.07000000000000005	0.004468760444557024	0.144105148736824
0.07100000000000005	0.004613291220283175	0.1449558341611746
0.07200000000000005	0.004758640073268481	0.1457413000373707
0.07300000000000005	0.004904744927582113	0.1464678338442734
0.07400000000000005	0.005051549681128343	0.1471410957497242
0.07500000000000005	0.005199003609696834	0.1477661813355126
0.07600000000000005	0.005347060830601781	0.1483476780498626
0.07700000000000005	0.00549567981995102	0.1488897160146877
0.07800000000000006	0.005644822978182138	0.149396013752135
0.07900000000000006	0.005789981358136882	0.1409201751376304
0.08000000000000006	0.005932680713045195	0.1444779733329818
0.08100000000000006	0.006077373196921901	0.1449064252343963
0.08200000000000006	0.006222830448233445	0.1460075051947471
0.08300000000000006	0.006369255268935969	0.1468415602106938
0.08400000000000006	0.0065165028779258	0.147653078533254
0.08500000000000006	0.006664524509894279	0.148389603123734
0.08600000000000006	0.006813255622503863	0.1490720370251254
0.08700000000000006	0.006962643019315698	0.1497021689471765
0.08800000000000006	0.00711263733166677	0.150285865716766
0.08900000000000007	0.007263194233199818	0.150827345098682
0.09000000000000007	0.007414273538058068	0.1513306703128266
0.09100000000000007	0.007565838887889857	0.1517994331344615
0.09200000000000007	0.007717857345509055	0.152236884105929
0.09300000000000007	0.007870299060337808	0.1526459458893006
0.09400000000000007	0.00802313695951192	0.1530292512388926
0.09500000000000007	0.008176346471816349	0.1533891706888592
0.09600000000000007	0.00832990527873481	0.1537278390936903
0.09700000000000007	0.008483793090510222	0.1540471791093326
0.09800000000000007	0.00863799144456295	0.1543489224275337
0.09900000000000007	0.00879248352406904	0.154634628861442
0.1000000000000001	0.008947253994672997	0.1549057035289934
0.1010000000000001	0.009102288857524026	0.1551634123163936
0.1020000000000001	0.009257575317002806	0.1554088957956631
0.1030000000000001	0.009413101661669938	0.1556431817503459
0.1040000000000001	0.009568857157113834	0.1558671964486876
0.1050000000000001	0.009724831949508171	0.1560817747895057
0.1060000000000001	0.009881016978807944	0.1562876694334917
0.1070000000000001	0.01003740390062027	0.1564855590213972
0.1080000000000001	0.01019398501588253	0.1566760555704188
0.1090000000000001	0.01035075320756702	0.1568597111309608
0.1100000000000001	0.01050770188370964	0.1570370237777368
0.1110000000000001	0.01066482492613011	0.1572084430017784
0.1120000000000001	0.01082659152517694	0.1663241187655849
0.1130000000000001	0.01099591461917496	0.1723214031810494
0.1140000000000001	0.01117122732088371	0.1783033106276389
0.1150000000000001	0.01135216597894735	0.1835732937620324
0.1160000000000001	0.01153814130709656	0.188376630988128
0.1170000000000001	0.01172868803200446	0.1927160692990946
0.1180000000000001	0.01192337073717596	0.1966485752478989
0.1190000000000001	0.01212180131505444	0.2002117999724097
0.1200000000000001	0.01232362913004902	0.2034430361188242
0.1210000000000001	0.0125285385501421	0.2063749980497933
0.1220000000000001	0.01273624512937273	0.2090373433933482
0.1230000000000001	0.01294649257098467	0.21145671282006
0.1240000000000001	0.0131590498945372	0.2136570981908668
0.1250000000000001	0.01337370891122051	0.2156600908170147
0.1260000000000001	0.01359028194540096	0.2174851256588204
0.1270000000000001	0.01380859978556034	0.2191496959142552
0.1280000000000001	0.01402850983974349	0.2206695474460589
0.1290000000000001	0.01424987447554986	0.2220588534418785
0.1300000000000001	0.01447256952609312	0.2233303716894761
0.1310000000000001	0.01469648294536228	0.2244955861041782
0.1320000000000001	0.01492151359803685	0.2255648341086689
0.1330000000000001	0.0151475701703123	0.2265474212735615
0.1340000000000001	0.01537457018963447	0.2274517244942537
0.1350000000000001	0.01560243914245225	0.2282852848500423
0.1360000000000001	0.01583110968018643	0.2290548911773697
0.1370000000000001	0.01606052090459354	0.2297666552857653
0.1380000000000001	0.01629061772458474	0.230426079652218
0.1390000000000001	0.01652135027735469	0.2310381183461348
0.1400000000000001	0.01675267340738917	0.231607231861828
0.1410000000000001	0.01698007131666057	0.2231876922624563
0.1420000000000001	0.01720058866160568	0.2178461302756823
0.1430000000000001	0.01741575370943747	0.2124831190909625
0.1440000000000001	0.01763036978208485	0.2167481820692876
0.1450000000000001	0.01784791227001774	0.2183359381549836
0.1460000000000001	0.01806725514406179	0.2203489472136556
0.1470000000000001	0.01828844793283402	0.2220357603387123
0.1480000000000001	0.01851126918371878	0.2236058650372451
0.1490000000000001	0.01873558575318077	0.2250263916154821
0.1500000000000001	0.01896126094397479	0.2263231023613823
0.1510000000000001	0.01918817561719619	0.2275053515990057
0.1520000000000001	0.01941622125033662	0.2285850177551795
0.1530000000000001	0.01964530017413166	0.2295719288481801
0.1540000000000001	0.01987532416483673	0.2304751478622887
0.1550000000000001	0.02010621358241914	0.2313027792032265
0.1560000000000001	0.02033789649365208	0.2320621320467548
0.1570000000000001	0.02057030790820484	0.2327597829819505
0.1580000000000001	0.02080338908478875	0.2334016534792549
0.1590000000000001	0.02103708690826226	0.2339930743403585
0.1600000000000001	0.02127135332862239	0.2345388450207457
0.1610000000000001	0.02150614485618798	0.2350432866906586
0.1620000000000001	0.02174142210723216	0.2355102900723114
0.1630000000000001	0.02197714939505004	0.2359433584728304
0.1640000000000001	0.02221329436191024	0.2363456465190673
0.1650000000000001	0.02244982764780401	0.2367199950176688
0.1660000000000001	0.02268672259231169	0.2370689623294855
0.1670000000000001	0.0229239549662748	0.2373948526064819
0.1680000000000001	0.02316150273029331	0.2376997412050008
0.1690000000000001	0.02339934581736558	0.2379854975577188
0.1700000000000001	0.02363746593725671	0.2382538057584315
0.1710000000000001	0.02387584640042247	0.2385061830883841
0.1720000000000001	0.02411447195953328	0.238743996689992
0.1730000000000001	0.02435332866683832	0.2389684785732131
0.1740000000000001	0.02459240374578567	0.2391807391213069
0.1750000000000001	0.02483168547547301	0.2393817792460406
0.1760000000000001	0.02507563796755037	0.2485222455386902
0.1770000000000001	0.0253271695536298	0.2545399374507296
0.1780000000000001	0.02558470916490366	0.2605382723069969
0.1790000000000001	0.02584788935141581	0.2658210657522953
0.1800000000000001	0.02611611737330392	0.2706339232154012
0.1810000000000001	0.02638892481448916	0.2749798863455326
0.1820000000000001	0.02666587339581418	0.2789161872179072
0.1830000000000001	0.02694657239947169	0.2824807162703682
0.1840000000000001	0.02723066880711959	0.2857109818471906
0.1850000000000001	0.02751784480906579	0.2886398927655554
0.1860000000000001	0.0278078139665692	0.2912972819869972
0.1870000000000001	0.02809584327591659	0.2847602040907385
0.1880000000000001	0.02837878183815587	0.2811158077980163
0.1890000000000001	0.02865798185581412	0.2772831296384088
0.1900000000000001	0.0289336132460877	0.2739785670699686
0.1910000000000001	0.0292060904203537	0.2709747100347674
0.1920000000000001	0.02947572075375212	0.2682848965374851
0.1930000000000001	0.02974279704707216	0.2658666399291447
0.1940000000000001	0.03000757854980363	0.2636953243919581
0.1950000000000001	0.03027029942474247	0.2617453924546265
0.1960000000000001	0.03053116998123559	0.2599946947841765
0.1970000000000001	0.03079037938104939	0.2584230856357748
0.1980000000000001	0.03104809767472295	0.2570124883747918
0.1990000000000001	0.03130447773399279	0.2557466220982421
0.2000000000000001	0.03155965696604406	0.2546108386672455
0.2010000000000002	0.03181375886255994	0.2535919552714661
0.2020000000000002	0.03206689439230211	0.2526781089274548
0.2030000000000002	0.03231916325481562	0.2518586242298147
0.2040000000000002	0.03257065500865945	0.2511238946515568
0.2050000000000002	0.03282145008683145	0.2504652756333842
0.2060000000000002	0.03307162071063819	0.2498749883843297
0.2070000000000002	0.0333212317121727	0.2493460332972871
0.2080000000000002	0.03357481615544414	0.25782185624432
0.2090000000000002	0.03383534448361425	0.2632337758026312
0.2100000000000002	0.03410130158245553	0.268679376252239
0.2110000000000002	0.03437237041505909	0.2734572232398451
0.2120000000000002	0.03464800366697358	0.2778081969391233
0.2130000000000002	0.03492777385840184	0.2817310860136513
0.2140000000000002	0.03521127960599632	0.2852792945963346
0.2150000000000002	0.03549816345107991	0.2884872677224987
0.2160000000000002	0.03578810236117506	0.2913894126205196
0.2170000000000002	0.03608080556626186	0.2940158468504385
0.2180000000000002	0.03637601101544594	0.2963938909903364
0.2190000000000002	0.03667348258687145	0.2985480824372066
0.2200000000000002	0.03697300747691943	0.3005005201761299
0.2210000000000002	0.03727439387540089	0.3022710919994384
0.2220000000000002	0.03757746886699099	0.303877699768785
0.2230000000000002	0.03788207654406744	0.305336456960714
0.2240000000000002	0.03818807630786625	0.3066618677550681
0.2250000000000002	0.03849534133960966	0.3078669878903006
0.2260000000000002	0.03880375722448749	0.3089635695143463
0.2270000000000002	0.03911322071323697	0.3099621915301756
0.2280000000000002	0.03941916372664499	0.3019226326843629
0.2290000000000002	0.03971858387134652	0.2969164797713389
0.2300000000000002	0.04001296707308527	0.2918487665714672
0.2310000000000002	0.04030260366905448	0.287423286903098
0.2320000000000002	0.04058801651708342	0.2834012873060462
0.2330000000000002	0.04086961066231862	0.2797858963382249
0.2340000000000002	0.04114776687640294	0.2765254385298219
0.2350000000000002	0.04142282365011601	0.2735870277904923
0.2360000000000002	0.04169508653060494	0.2709376630750182
0.2370000000000002	0.04196483013999441	0.2685484955053971
0.2380000000000002	0.04223230158808476	0.2663933494191407
0.2390000000000002	0.04249772314485298	0.2644487209296535
0.2400000000000002	0.04276129474541147	0.2626934442822285
0.2410000000000002	0.04302767110045107	0.2700582188803441
0.2420000000000002	0.0432999321901214	0.2744628904277766
0.2430000000000002	0.04357666153790516	0.278994717559151
0.2440000000000002	0.04385763093506107	0.2829429725215753
0.2450000000000002	0.04414237306643216	0.2865401711762751
0.2460000000000002	0.04443053250526906	0.2897775740374089
0.2470000000000002	0.0447217727693843	0.2927018096401192
0.2480000000000002	0.04501579486429862	0.2953412247183069
0.2490000000000002	0.04531232842820337	0.2977247377667483
0.2500000000000002	0.04561113014730964	0.2998775262237295
0.2510000000000002	0.04591198073369879	0.3018224642971192
0.2520000000000002	0.04621468260430082	0.3035800873909492
0.2530000000000002	0.04651905769225236	0.3051688924377325
0.2540000000000002	0.0468249455020343	0.3066055251244533
0.2550000000000002	0.04713220135285699	0.3079049691607817
0.2560000000000002	0.04744069479925531	0.3090807114301726
0.2570000000000002	0.04775030820922634	0.310144891923249
0.2580000000000002	0.04806093548464197	0.3111084383535924
0.2590000000000002	0.04837248090958719	0.3119811873930427
0.2600000000000002	0.04868485811386211	0.3127719937632378
0.2610000000000002	0.04899798914012364	0.3134888284230946
0.2620000000000002	0.04931180360430489	0.3141388669363057
0.2630000000000002	0.04962623793998399	0.3147285690024346
0.2640000000000002	0.04994123471830762	0.3152637500348506
0.2650000000000002	0.05025226715500077	0.3067999013363328
0.2660000000000002	0.05055637007838081	0.3014047506524777
0.2670000000000002	0.05085506296962297	0.2959798583336263
0.2680000000000002	0.05114866642144621	0.2912258918272813
0.2690000000000002	0.05143773057700557	0.2869012836564307
0.2700000000000002	0.05172268509331128	0.2830066294819043
0.2710000000000002	0.05200393294747247	0.2794879739455943
0.2720000000000002	0.05228183266969703	0.2763103787778025
0.2730000000000002	0.05255670789684665	0.2734389956930248
0.2740000000000002	0.05283332446665406	0.2797930572684198
0.2750000000000002	0.05311486248676617	0.2832818769854439
0.2760000000000002	0.0533999956288921	0.2869832871901485
0.2770000000000002	0.05368857687077907	0.2901780629798782
0.2780000000000002	0.05398021201298005	0.2930910758397097
0.2790000000000002	0.0542746114817455	0.295706705268503
0.2800000000000002	0.05457149811088943	0.2980653868456189
0.2810000000000002	0.05487062633846463	0.300189893345174
0.2820000000000002	0.05517177393980528	0.3021041264640151
0.2830000000000002	0.05547474097217311	0.303828748272883
0.2840000000000002	0.05577934722897031	0.3053825689043442
0.2850000000000002	0.05608543034744618	0.3067824658499989
0.2860000000000002	0.05639284400591127	0.3080436436776245
0.2870000000000002	0.05670145632614636	0.3091797847031928
0.2880000000000002	0.0570111484293327	0.3102032053605867
0.2890000000000002	0.0573218131379386	0.311124991744031
0.2900000000000002	0.05763335380702026	0.3119551228936783
0.2910000000000002	0.05794568327248199	0.3127025814283789
0.2920000000000002	0.05825872290447837	0.3133754531962623
0.2930000000000002	0.05857240175547448	0.3139810169400288
0.2940000000000002	0.05888665579349092	0.3145258250008056
0.2950000000000002	0.05920142721201697	0.3150157759503813
0.2960000000000002	0.05951666380892471	0.315456179960562
0.2970000000000002	0.05983231842748415	0.3158518176355413
0.2980000000000002	0.06014834845326919	0.3162069929610828
0.2990000000000002	0.06046471536136546	0.3165255809588069
0.3000000000000002	0.06078138430884982	0.3168110705750786
0.3010000000000002	0.0610983237680144	0.3170666032810354
0.3020000000000002	0.06141103031534236	0.3083452635461577
0.3030000000000002	0.0617165598532388	0.3027126126210092
0.3040000000000002	0.062016450878655	0.2970682607466582
0.3050000000000002	0.06231104114734935	0.2921111200110639
0.3060000000000002	0.06260089629779095	0.2875980428530869
0.3070000000000002	0.06289093486201079	0.2924779468681432
0.3080000000000002	0.06318449070288266	0.2946325823691845
0.3090000000000002	0.06348037184598133	0.297128542214199
0.3100000000000002	0.06377855324959691	0.2992330943943963
0.3110000000000002	0.06407875028677749	0.3011598014535917
0.3120000000000002	0.06438077210669212	0.3028826527216643
0.3130000000000002	0.06468443042175782	0.3044327853546261
0.3140000000000002	0.06498955970837508	0.3058245900738703
0.3150000000000002	0.0652960098187983	0.3070744278054839
0.3160000000000002	0.0656036457229338	0.3081961728678828
0.3170000000000002	0.06591234567843904	0.3092025263926285
0.3180000000000002	0.06622199998311547	0.3101048674889351
0.3190000000000002	0.0665325097522442	0.3109134519643988
0.3200000000000002	0.06684378584312954	0.3116375080195005
0.3210000000000002	0.06715574788094497	0.31228534315774
0.3220000000000002	0.0674683233835464	0.3128644352093952
0.3230000000000002	0.06778144697340735	0.3133815155515636
0.3240000000000002	0.06809505966845115	0.3138426436816253
0.3250000000000002	0.06840910824376861	0.3142532744145246
0.3260000000000002	0.06872354465716307	0.3146183183400708
0.3270000000000002	0.06903832553213264	0.3149421962396058
0.3280000000000002	0.06935341169254763	0.3152288880597656
0.3290000000000002	0.06966876774385346	0.3154819769892085
0.3300000000000002	0.06998436169614639	0.3157046891276202
0.3310000000000002	0.07030016462493496	0.3158999291878636
0.3320000000000002	0.0706161503658186	0.3160703126279358
0.3330000000000002	0.07093229523969154	0.3162181945697575
0.3340000000000002	0.07124857780541978	0.3163456958261094
0.3350000000000002	0.07156497863724361	0.316454726324901
0.3360000000000002	0.07188148012443328	0.3165470061910389
0.3370000000000002	0.07219806629097256	0.3166240847201347
0.3380000000000002	0.0725102477523423	0.3077376131622685
0.3390000000000002	0.07281509308821564	0.3019518625377257
0.3400000000000002	0.07311415224696627	0.296165281644506
0.3410000000000002	0.07341224821321261	0.3000254813336801
0.3420000000000002	0.07371287422307762	0.3012253589817351
0.3430000000000002	0.07401492045725366	0.3028659244102893
0.3440000000000003	0.07431845118135524	0.3041943330357267
0.3450000000000003	0.07462325835355268	0.3054188156215717
0.3460000000000003	0.074929221046871	0.3065053707718411
0.3470000000000003	0.07523621370519049	0.3074787416112481
0.3480000000000003	0.07554412736221014	0.3083473645872998
0.3490000000000003	0.07585286279572678	0.3091222914099553
0.3500000000000003	0.0761623308510854	0.3098126054259968
0.3510000000000003	0.07647245111139915	0.3104266987907108
0.3520000000000003	0.07678315110589275	0.3109720715407409
0.3530000000000003	0.07709436549613438	0.3114554882983663
0.3540000000000003	0.07740603536895163	0.3118830349348918
0.3550000000000003	0.07771810759372233	0.3122601906568016
0.3560000000000003	0.07803053424551168	0.3125918876119432
0.3570000000000003	0.07834327208549424	0.3128825658527418
0.3580000000000003	0.07865628209342634	0.3131362224737703
0.3590000000000003	0.07896952904684049	0.3133564559179112
0.3600000000000003	0.07928298114232042	0.3135465058313507
0.3610000000000003	0.07959660965464112	0.3137092889382432
0.3620000000000003	0.07991038862998907	0.3138474313266481
0.3630000000000003	0.08022429460985457	0.3139632975062199
0.3640000000000003	0.08053830638252865	0.3140590165600742
0.3650000000000003	0.08085240475944457	0.314136505681512
0.3660000000000003	0.08116657237387906	0.3141974913570903
0.3670000000000003	0.08148079349977766	0.3142435284314132
0.3680000000000003	0.08179505388869161	0.3142760172654663
0.3690000000000003	0.0821093406230152	0.3142962191791433
0.3700000000000003	0.08242364198389357	0.314305270349543
0.3710000000000003	0.08273794733233392	0.3143041943194617
0.3720000000000003	0.08305224700219983	0.3142939132550594
0.3730000000000003	0.08336653220390043	0.3142752580777841
0.3740000000000003	0.08368079493770485	0.3142489775831262
0.3750000000000003	0.08399502791571957	0.3142157466475226
0.3760000000000003	0.08430922449166239	0.3141761736145926
0.3770000000000003	0.08462337859765326	0.3141308069427743
0.3780000000000003	0.08493748468732042	0.314080141188221
0.3790000000000003	0.0852515376845904	0.3140246223894301
0.3800000000000003	0.08556553293759331	0.3139646529134341
0.3810000000000003	0.0858794661771721	0.3139005958173936
0.3820000000000003	0.08619333347953535	0.3138327787740559
0.3830000000000003	0.0865071312326393	0.3137614976046894
0.3840000000000003	0.08682085610592605	0.3136870194587479
0.3850000000000003	0.08713450502308262	0.3136095856755919
0.3860000000000003	0.08744807513751861	0.3135294143600593
0.3870000000000003	0.08776156381029059	0.3134467027005028
0.3880000000000003	0.08807496859022874	0.3133616290550457
0.3890000000000003	0.08838828719604544	0.3132743548292347
0.3900000000000003	0.08870151750022755	0.3131850261659502
0.3910000000000003	0.08901465751453422	0.3130937754663477
0.3920000000000003	0.0893277053769396	0.3130007227587275
0.3930000000000003	0.08964065933987593	0.3129059769305398
0.3940000000000003	0.08995351775964709	0.3128096368372117
0.3950000000000003	0.09026627908689555	0.3127117923001134
0.3960000000000003	0.09057894185801738	0.3126125250047497
0.3970000000000003	0.09089150468743057	0.3125119093091556
0.3980000000000003	0.09120396626061135	0.3124100129714725
0.3990000000000003	0.09151632532782168	0.3123068978047906
0.4000000000000003	0.09182858069845889	0.3122026202665275
0.4010000000000003	0.09214073123596525	0.3120972319888915
0.4020000000000003	0.09245277585324142	0.3119907802563206
0.4030000000000003	0.09276471350851359	0.3118833084351984
0.4040000000000003	0.09307654320160874	0.311774856360621
0.4050000000000003	0.09338826397059746	0.311665460684508
0.4060000000000003	0.0936998748887674	0.3115551551889249
0.4070000000000003	0.09401137506189439	0.3114439710680939
0.4080000000000003	0.09432276362578156	0.3113319371822252
0.4090000000000003	0.09463403974403953	0.311219080285987
0.4100000000000003	0.09494520260608369	0.3111054252341497
0.4110000000000003	0.09525625142532686	0.3109909951666864
0.4120000000000003	0.09556718543754775	0.3108758116753851
0.4130000000000003	0.09587800389941784	0.3107598949538204
0.4140000000000003	0.09618870608717056	0.31064326393235
0.4150000000000003	0.09649929129539894	0.3105259363996313
0.4160000000000003	0.09680975883596851	0.3104079291120084
0.4170000000000003	0.09712010803703426	0.3102892578919806
0.4180000000000003	0.09743033824215112	0.3101699377168456
0.4190000000000003	0.09774044880946862	0.3100499827984985
0.4200000000000003	0.09805043911100148	0.3099294066552722
0.4210000000000003	0.09836030853196825	0.3098082221766141
0.4220000000000003	0.09867005647019172	0.3096864416813156
0.4230000000000003	0.09897968233555435	0.3095640769699403
0.4240000000000003	0.09928918554950363	0.3094411393720282
0.4250000000000003	0.0995985655446024	0.3093176397886018
0.4260000000000003	0.09990782176411943	0.3091935887304403
0.4270000000000003	0.1002169536616564	0.309068996352548
0.4280000000000003	0.1005259607008075	0.3089438724851957
0.4290000000000003	0.1008348423548491	0.3088182266618779
0.4300000000000003	0.1011435981064551	0.308692068144495
0.4310000000000003	0.1014522274474369	0.308565405946037
0.4320000000000003	0.1017607298785046	0.3084382488510194
0.4330000000000003	0.1020691049090479	0.308310605433895
0.4340000000000003	0.1023773520569343	0.3081824840756447
0.4350000000000003	0.1026854708483229	0.308053892978729
0.4360000000000003	0.1029934608174928	0.3079248401805648
0.4370000000000003	0.103301321506684	0.3077953335656733
0.4380000000000003	0.1036090524659502	0.3076653808766338
0.4390000000000003	0.1039166532530217	0.3075349897239611
0.4400000000000003	0.1042241234331775	0.3074041675950154
0.4410000000000003	0.1045314625791267	0.3072729218620401
0.4420000000000003	0.1048386702708966	0.3071412597894161
0.4430000000000003	0.1051457460957282	0.3070091885402093
0.4440000000000003	0.1054571645289285	0.3158264595776568
0.4450000000000003	0.1057713685343375	0.3125803221008665
0.4460000000000003	0.1060838775469353	0.3124364806265164
0.4470000000000003	0.1063958941035271	0.3115954120561031
0.4480000000000003	0.1067071919071354	0.3109989775112805
0.4490000000000003	0.1070178943425422	0.3104046780225854
0.4500000000000003	0.1073280306695401	0.3098667629482234
0.4510000000000003	0.1076376476286352	0.309365944288597
0.4520000000000003	0.1079467821497019	0.3089018888189407
0.4530000000000003	0.1082554687185206	0.3084700415848287
0.4540000000000003	0.1085637380258101	0.3080673674327421
0.4550000000000003	0.1088716177462297	0.3076908694091033
0.4560000000000003	0.1091791327408418	0.3073379172846789
0.4570000000000004	0.1094863053639624	0.3070061278050746
0.4580000000000004	0.1097931557081673	0.3066933607541151
0.4590000000000004	0.1100997018325824	0.3063976894557845
0.4600000000000004	0.1104059599663941	0.3061173807136803
0.4610000000000004	0.1107119446924905	0.3058508751348875
0.4620000000000004	0.1110176691126143	0.3055967698268287
0.4630000000000004	0.111323144996026	0.3053538027231252
0.4640000000000004	0.1116283829132899	0.3051208385022169
0.4650000000000004	0.1119333923566791	0.3048968559078056
0.4660000000000004	0.1122381818485363	0.3046809363388541
0.4670000000000004	0.1125427590387943	0.3044722535802079
0.4680000000000004	0.112847130792741	0.30427006456027
0.4690000000000004	0.113151303270004	0.3040737010329015
0.4700000000000004	0.1134552819956334	0.3038825620911556
0.4710000000000004	0.1137590719240715	0.3036961074296539
0.4720000000000004	0.1140626774967236	0.3035138512807434
0.4730000000000004	0.1143661026937663	0.3033353569570543
0.4740000000000004	0.1146693510807724	0.3031602319398197
0.4750000000000004	0.1149724258506693	0.3029881234583812
0.4760000000000004	0.1152753298614977	0.3028187145117606
0.4770000000000004	0.1155780656703916	0.302651720288092
0.4780000000000004	0.1158806355641557	0.3024868849421278
0.4790000000000004	0.1161875164677434	0.3112737231323406
0.4800000000000004	0.1165016284506394	0.3169490153487174
0.4810000000000004	0.1168169363324636	0.3136655163613346
0.4820000000000004	0.1171301643163403	0.3127892276253068
0.4830000000000004	0.1174422907020869	0.3114623244498438
0.4840000000000004	0.1177532144825519	0.310384021805018
0.4850000000000004	0.1180630900671623	0.3093659368801586
0.4860000000000004	0.1183719950941642	0.3084429104238318
0.4870000000000004	0.118680014756943	0.3075952119367527
0.4880000000000004	0.1189872218899866	0.3068178541711379
0.4890000000000004	0.1192936829941532	0.3061031571408321
0.4900000000000004	0.11959945767344	0.3054450071365383
0.4910000000000004	0.119904599624312	0.3048377028262974
0.4920000000000004	0.1202091571520975	0.3042761632897041
0.4930000000000004	0.1205131737292242	0.3037558036651457
0.4940000000000004	0.1208166884742619	0.3032725011151287
0.4950000000000004	0.121119736588898	0.3028225447276587
0.4960000000000004	0.1214223497497522	0.3024025952935337
0.4970000000000004	0.121724556461372	0.3020096478896167
0.4980000000000004	0.1220263823738337	0.3016409985078192
0.4990000000000004	0.1223278505686031	0.3012942139452078
0.5000000000000003	0.122628981815801	0.3009671047241084
0.5010000000000003	0.122929794805741	0.3006577007154665
0.5020000000000003	0.1232303063573092	0.3003642292010735
0.5030000000000003	0.1235305316055037	0.3000850951292867
0.5040000000000003	0.1238304841702162	0.2998188633452678
0.5050000000000003	0.1241301763081329	0.2995642425981924
0.5060000000000003	0.1244296190494423	0.2993200711477589
0.5070000000000003	0.1247288223208684	0.2990853038100598
0.5080000000000003	0.1250277950563982	0.298859000298881
0.5090000000000003	0.1253265452969334	0.2986403147328865
0.5100000000000003	0.1256250802799731	0.2984284861920994
0.5110000000000003	0.1259234065203265	0.2982228302187497
0.5120000000000003	0.12622152988275	0.2980227311680523
0.5130000000000003	0.1265194556473185	0.297827635323923
0.5140000000000003	0.1268171885682562	0.2976370447031369
0.5150000000000003	0.1271192078078544	0.3064002559630958
0.5160000000000003	0.1274284354658641	0.3120538534450772
0.5170000000000003	0.1277433130867436	0.3177001597054329
0.5180000000000003	0.1280590099121864	0.3136922594252582
0.5190000000000003	0.1283720255935116	0.3123378819805575
0.5200000000000004	0.1286834634335732	0.3105365831031209
0.5210000000000004	0.1289932531883329	0.3090417178551625
0.5220000000000004	0.1293015974068832	0.3076455163718627
0.5230000000000004	0.1296086119620473	0.3063823963177616
0.5240000000000004	0.1299144177519741	0.305227990660266
0.5250000000000004	0.130219119443003	0.304174202876197
0.5260000000000004	0.1305228122810206	0.3032102886198736
0.5270000000000004	0.1308255817370736	0.3023274425957594
0.5280000000000004	0.1311275048092972	0.3015175243091252
0.5290000000000004	0.1314286507894959	0.300773261623341
0.5300000000000004	0.1317290820543345	0.3000880964227624
0.5310000000000004	0.1320288547520939	0.2994561300798233
0.5320000000000004	0.1323280194270764	0.2988720532863521
0.5330000000000004	0.1326266215799855	0.2983310881731474
0.5340000000000004	0.1329247021726615	0.2978289348999815
0.5350000000000004	0.1332222980822408	0.2973617239159651
0.5360000000000004	0.1335194425099227	0.2969259729115611
0.5370000000000004	0.1338161653488496	0.2965185480959861
0.5380000000000004	0.1341124935151992	0.2961366293417392
0.5390000000000004	0.1344084512461637	0.2957776788159746
0.5400000000000004	0.134704060368129	0.2954394127484279
0.5410000000000004	0.1349993405380333	0.2951197760226416
0.5420000000000004	0.1352943094605878	0.2948169193080596
0.5430000000000004	0.1355889830837718	0.2945291784789307
0.5440000000000004	0.135883375774777	0.2942550560913316
0.5450000000000004	0.1361775004783536	0.2939932047125008
0.5460000000000004	0.1364713688593205	0.293742411917252
0.5470000000000004	0.1367649914308215	0.2935015867847579
0.5480000000000004	0.1370583776697532	0.2932697477456693
0.5490000000000004	0.1373515361206477	0.2930460116445345
0.5500000000000004	0.1376444744891655	0.2928295838959898
0.5510000000000004	0.1379371997262353	0.2926197496253433
0.5520000000000004	0.1382341929847642	0.3013656102308663
0.5530000000000004	0.1385383781696702	0.3070035744067717
0.5540000000000004	0.1388481984636739	0.3126358065222803
0.5550000000000004	0.139158824596383	0.3086152487302081
0.5560000000000004	0.1394667575714734	0.3072495018294485
0.5570000000000004	0.1397731019219405	0.305438005723556
0.5580000000000004	0.1400777885238007	0.3039340111247252
0.5590000000000004	0.1403810209470156	0.3025296541481465
0.5600000000000004	0.1406829159959065	0.3012592677361866
0.5610000000000004	0.1409835954195821	0.3000984085026089
0.5620000000000004	0.1412831646627541	0.2990389111028328
0.5630000000000004	0.1415817196842498	0.2980699691493372
0.5640000000000004	0.1418793466090656	0.2971827214068958
0.5650000000000004	0.1421761230360929	0.2963689769335664
0.5660000000000004	0.1424721188099169	0.2956214180892743
0.5670000000000004	0.1427673968167047	0.2949334457048578
0.5680000000000004	0.1430620136751886	0.2942991241047029
0.5690000000000004	0.143356020364877	0.2937131105380432
0.5700000000000004	0.1436494627898595	0.2931705969385199
0.5710000000000004	0.143942382286626	0.2926672561901689
0.5720000000000004	0.1442348160810016	0.292199194096167
0.5730000000000004	0.144526797699412	0.2917629060683888
0.5740000000000004	0.1448183573390132	0.2913552381685937
0.5750000000000004	0.145109522200808	0.2909733520403592
0.5760000000000004	0.1454003167894482	0.2906146933491172
0.5770000000000004	0.1456907631830555	0.2902769633778728
0.5780000000000004	0.145980881276057	0.289958093463444
0.5790000000000004	0.1462706889977361	0.289656221989065
0.5800000000000004	0.1465602025089258	0.2893696736777457
0.5810000000000004	0.1468494363790309	0.2890969409563042
0.5820000000000004	0.147138403745346	0.2888366671830064
0.5830000000000004	0.1474271164564396	0.288587631552453
0.5840000000000004	0.1477155852011981	0.2883487355099872
0.5850000000000004	0.1480038196249627	0.2881189905246739
0.5860000000000004	0.1482918284340518	0.2878975070849907
0.5870000000000004	0.1485796194898283	0.2876834847949613
0.5880000000000004	0.1488671998933589	0.2874762034606864
0.5890000000000004	0.1491545760616047	0.2872750150682321
0.5900000000000004	0.1494462286769917	0.2960290811560544
0.5910000000000004	0.1497450812311559	0.3016748646661219
0.5920000000000004	0.1500451016640412	0.2983648341078425
0.5930000000000004	0.1503430170266716	0.2974647323969529
0.5940000000000004	0.150639808220952	0.2961165018323371
0.5950000000000004	0.1509353766203109	0.2950191473616593
0.5960000000000004	0.1512298788150747	0.2939840968400775
0.5970000000000004	0.1515233944443656	0.2930460203036969
0.5980000000000004	0.1518160105401128	0.2921850333017942
0.5990000000000004	0.1521078016289395	0.291396009721745
0.6000000000000004	0.1523988357717644	0.2906711442921099
0.6010000000000004	0.1526891740134711	0.2900042102415322
0.6020000000000004	0.15297887138385	0.2893894041785091
0.6030000000000004	0.1532679774244469	0.2888215530269628
0.6040000000000004	0.1535565367562092	0.2882959886846918
0.6050000000000004	0.1538445895669978	0.2878085130987822
0.6060000000000004	0.1541321720561879	0.2873553473660572
0.6070000000000004	0.1544193168333478	0.286933090789526
0.6080000000000004	0.1547060532774125	0.2865386828128907
0.6090000000000004	0.1549924078598483	0.2861693690656342
0.6100000000000004	0.1552784044355209	0.2858226707276132
0.6110000000000004	0.15556406450447	0.2854963569761961
0.6120000000000004	0.1558494074475062	0.2851884201839459
0.6130000000000004	0.156134450738246	0.2848970535977313
0.6140000000000004	0.1564192101339423	0.2846206312496372
0.6150000000000004	0.1567036998472294	0.2843576898768685
0.6160000000000004	0.1569879327006926	0.2841069126496524
0.6170000000000004	0.1572719202659792	0.2838671145263653
0.6180000000000004	0.1575556729889965	0.2836372290731538
0.6190000000000004	0.1578392003025888	0.283416296601604
0.6200000000000004	0.1581225107279446	0.2832034534926527
0.6210000000000004	0.1584056119658626	0.2829979225881163
0.6220000000000004	0.1586885109788882	0.282799004543077
0.6230000000000004	0.1589712140652358	0.282606070043039
0.6240000000000004	0.1592537269253173	0.2824185527993791
0.6250000000000004	0.1595360547216156	0.2822359432452612
0.6260000000000004	0.1598182021325699	0.2820577828619692
0.6270000000000004	0.1601001734010711	0.2818836590726155
0.6280000000000004	0.160381972378105	0.2817132006464891
0.6290000000000004	0.1606680774430465	0.2904958182162845
0.6300000000000004	0.1609614100212042	0.2961681990662668
0.6310000000000004	0.1612559361992863	0.2928830134847299
0.6320000000000005	0.1615483813666116	0.2920061856871956
0.6330000000000005	0.1618397249355636	0.2906798210691578
0.6340000000000005	0.162129866944961	0.2896030712964456
0.6350000000000005	0.162418962789867	0.2885874962012058
0.6360000000000005	0.1627070910394853	0.2876678845301561
0.6370000000000005	0.1629943377685675	0.2868244586038081
0.6380000000000005	0.1632807766479583	0.2860521883357717
0.6390000000000005	0.1635664749739892	0.285343354810758
0.6400000000000005	0.1638514931089616	0.2846918089109053
0.6410000000000005	0.1641358854738214	0.2840918170662321
0.6420000000000005	0.1644197010675675	0.2835382689738201
0.6430000000000005	0.1647029840282017	0.2830265529615137
0.6440000000000005	0.164985774114216	0.282552521698054
0.6450000000000005	0.1652681071437693	0.2821124418647751
0.6460000000000005	0.1655500153884868	0.2817029537261745
0.6470000000000005	0.165831527928242	0.2813210335271267
0.6480000000000005	0.1661126709703689	0.2809639599544052
0.6490000000000005	0.1663934681369736	0.2806292838760652
0.6500000000000005	0.1666739407235089	0.2803148011258893
0.6510000000000005	0.1669541079314904	0.2800185280046463
0.6520000000000005	0.1672339870779408	0.2797386792324182
0.6530000000000005	0.1675135937838876	0.2794736481054045
0.6540000000000005	0.1677929421440102	0.2792219886371266
0.6550000000000005	0.1680720448793208	0.2789823994855008
0.6560000000000005	0.1683509134745768	0.2787537094872158
0.6570000000000005	0.1686295583019499	0.2785348646386784
0.6580000000000005	0.1689079887323274	0.2783249163788728
0.6590000000000005	0.1691862132354827	0.2781230110439406
0.6600000000000005	0.1694642394702268	0.2779283803763113
0.6610000000000005	0.1697420743655437	0.2777403329829268
0.6620000000000005	0.1700197241936118	0.2775582466476512
0.6630000000000005	0.1702971946355214	0.2773815614124476
0.6640000000000005	0.1705744908404189	0.2772097733504446
0.6650000000000005	0.1708516174787367	0.2770424289617044
0.6660000000000005	0.1711285787900979	0.2768791201294216
0.6670000000000005	0.1714053786264299	0.2767194795805095
0.6680000000000005	0.1716864953717964	0.2855129215175913
0.6690000000000005	0.1719748504596846	0.2911961366226392
0.6700000000000005	0.1722644099881825	0.2879217981250433
0.6710000000000005	0.1725518993606243	0.2870558325895445
0.6720000000000005	0.1728382980055962	0.2857403474678911
0.6730000000000005	0.1731235059800501	0.2846744962230526
0.6740000000000005	0.1734076786988621	0.2836698402504216
0.6750000000000005	0.1736908947525067	0.2827611696500871
0.6760000000000005	0.1739732402382661	0.2819287079073377
0.6770000000000005	0.1742547888505952	0.2811674259312013
0.6780000000000005	0.1745356079103553	0.280469605649736
0.6790000000000005	0.1748157578051527	0.2798290986519186
0.6800000000000005	0.1750952929818839	0.2792401719521002
0.6810000000000005	0.1753742624660276	0.2786977157217899
0.6820000000000005	0.1756527104224909	0.2781971186646938
0.6830000000000005	0.1759306766370022	0.2777342337370516
0.6840000000000005	0.1762081969552054	0.2773053278285135
0.6850000000000005	0.1764853036763832	0.2769070413409723
0.6860000000000005	0.1767620259081722	0.2765363505932095
0.6870000000000005	0.1770383898857152	0.2761905342891057
0.6880000000000005	0.1773144192589189	0.2758671432630409
0.6890000000000005	0.1775901353509799	0.2755639732697539
0.6900000000000005	0.177865557391059	0.2752790404904725
0.6910000000000005	0.178140702723686	0.2750105594896226
0.6920000000000005	0.1784155869972238	0.2747569233755745
0.6930000000000005	0.1786902243334851	0.2745166859453945
0.6940000000000005	0.1789646274803866	0.2742885456151076
0.6950000000000005	0.1792388079493365	0.2740713309569448
0.6960000000000005	0.1795127761388831	0.2738639876828701
0.6970000000000005	0.1797865414459971	0.2736655669297605
0.6980000000000005	0.1800601123662252	0.2734752147160747
0.6990000000000005	0.1803334965838272	0.2732921624528599
0.7000000000000005	0.1806067010528989	0.2731157184036652
0.7010000000000005	0.1808797320703814	0.2729452599984688
0.7020000000000005	0.1811525953417692	0.2727802269162193
0.7030000000000005	0.1814252960402465	0.2726201148591287
0.7040000000000005	0.1816978388599086	0.2724644699495427
0.7050000000000005	0.1819702280636611	0.2723128836871302
0.7060000000000005	0.182242467526328	0.2721649884103599
0.7070000000000005	0.182514560773448	0.2720204532118358
0.7080000000000005	0.1827865110161909	0.2718789802621056
0.7090000000000005	0.183058321182781	0.2717403015010942
0.7100000000000005	0.1833299939467781	0.2716041756604007
0.7110000000000005	0.1836015317525289	0.2714703855833717
0.7120000000000005	0.183872936838073	0.2713387358131734
0.7130000000000005	0.1841442112557572	0.2712090504220634
0.7140000000000005	0.1844153568907882	0.2710811710577414
0.7150000000000005	0.1846863754779285	0.2709549551850705
0.7160000000000005	0.1849572686165228	0.2708302745036339
0.7170000000000005	0.18522803778402	0.2707070135235411
0.7180000000000005	0.1854986843481437	0.27058506828366
0.7190000000000005	0.1857692095778435	0.2704643451980324
0.7200000000000005	0.1860396146531514	0.270344760017654
0.7210000000000005	0.1863099006740517	0.2702262368960819
0.7220000000000005	0.1865800686684627	0.2701087075484888
0.7230000000000005	0.1868501195994201	0.2699921104948165
0.7240000000000005	0.1871200543715415	0.2698763903786213
0.7250000000000005	0.187389873836843	0.2697614973540403
0.7260000000000005	0.1876595787999742	0.2696473865340673
0.7270000000000005	0.187929170022929	0.2695340174940071
0.7280000000000005	0.188198648229284	0.2694213538245904
0.7290000000000005	0.1884680141080131	0.2693093627297835
0.7300000000000005	0.1887372683169199	0.2691980146648218
0.7310000000000005	0.1890064114857257	0.2690872830104479
0.7320000000000005	0.1892754442188488	0.2689771437797294
0.7330000000000005	0.1895443670979049	0.2688675753542026
0.7340000000000005	0.1898131806839563	0.2687585582464071
0.7350000000000005	0.1900818855195369	0.268650074886172
0.7360000000000005	0.1903504821304726	0.2685421094282804
0.7370000000000005	0.19061897102752	0.2684346475793726
0.7380000000000005	0.1908873527078404	0.2683276764421644
0.7390000000000005	0.1911556276563258	0.2682211843752498
0.7400000000000005	0.1914237963467914	0.2681151608669288
0.7410000000000005	0.1916918592430491	0.2680095964216582
0.7420000000000005	0.191959816799872	0.2679044824578622
0.7430000000000005	0.1922276694638625	0.267799811215969
0.7440000000000005	0.1924954176742333	0.2676955756756473
0.7450000000000006	0.192763061863509	0.2675917694813262
0.7460000000000006	0.1930306024581575	0.267488386875168
0.7470000000000006	0.1932980398791575	0.2673854226367488
0.7480000000000006	0.193565374542509	0.2672828720287773
0.7490000000000006	0.1938326068596916	0.2671807307482461
0.7500000000000006	0.1940997372380773	0.2670789948824738
0.7510000000000006	0.1943622912002333	0.2580279160067934
0.7520000000000006	0.1946218257825693	0.2610402469485226
0.7530000000000006	0.1948828215533553	0.2609502873186531
0.7540000000000006	0.1951440759834051	0.2615575645296792
0.7550000000000006	0.1954058153816533	0.2619202218962455
0.7560000000000006	0.1956679163797781	0.2622807629398341
0.7570000000000006	0.1959303497390453	0.2625849429511933
0.7580000000000006	0.1961930687446984	0.262852054662181
0.7590000000000006	0.1964560364973793	0.2630824361000687
0.7600000000000006	0.1967192185466562	0.2632806470805104
0.7610000000000006	0.196982584242044	0.2634497276665781
0.7620000000000006	0.197246105954046	0.2635926797604076
0.7630000000000006	0.1975097588717261	0.2637121385704289
0.7640000000000006	0.1977735206958859	0.2638104923533663
0.7650000000000006	0.1980373713940771	0.2638898863441302
0.7660000000000006	0.1983012929723253	0.2639522522478426
0.7670000000000006	0.1985652692716274	0.2639993282949794
0.7680000000000006	0.1988292857843124	0.2640326789126544
0.7690000000000006	0.1990933294888871	0.264053712023438
0.7700000000000006	0.1993573887013659	0.2640636947156187
0.7710000000000006	0.1996214529414762	0.2640637673211201
0.7720000000000006	0.1998855128122389	0.2640549560919622
0.7730000000000006	0.200149559891593	0.2640381846074997
0.7740000000000006	0.2004135866348553	0.264014284041339
0.7750000000000006	0.2006775862869351	0.2639840024014692
0.7760000000000006	0.2009415528033263	0.2639480128464109
0.7770000000000006	0.2012054807789999	0.2639069211697486
0.7780000000000006	0.2014693653844075	0.2638612725362177
0.7790000000000006	0.201733202307883	0.2638115575441867
0.7800000000000006	0.2019969877038046	0.2637582176818969
0.7810000000000006	0.2022607181459398	0.263701650238083
0.7820000000000006	0.2025243905854557	0.2636422127215363
0.7830000000000006	0.2027880023131273	0.2635802268387168
0.7840000000000006	0.2030515509253259	0.2635159820736088
0.7850000000000006	0.2033150342934066	0.263449738909595
0.7860000000000006	0.2035784505361583	0.2633817317291492
0.7870000000000006	0.2038417979950069	0.2633121714235628
0.7880000000000006	0.2041050752116988	0.263241247741704
0.7890000000000006	0.2043682809082155	0.2631691314039058
0.7900000000000006	0.2046314139686961	0.2630959760044685
0.7910000000000006	0.2048944734231672	0.2630219197239177
0.7920000000000006	0.2051574584329001	0.2629470868700398
0.7930000000000006	0.2054158933961443	0.2539218443248089
0.7940000000000006	0.2056668594533072	0.2480093035231937
0.7950000000000006	0.2059119180111011	0.242106868385621
0.7960000000000006	0.2061514276383659	0.236911463879636
0.7970000000000006	0.206390447779246	0.2411278975470011
0.7980000000000006	0.2066323575535309	0.2426907196098914
0.7990000000000006	0.206876026346631	0.2446459284525706
0.8000000000000006	0.2071214794238411	0.2462592810087051
0.8010000000000006	0.2073684789011944	0.247738722834781
0.8020000000000006	0.2076168758658594	0.2490542503019378
0.8030000000000006	0.2078665200412942	0.2502331396238167
0.8040000000000006	0.2081172802795751	0.2512863717491025
0.8050000000000006	0.208369037560346	0.2522272208175432
0.8060000000000006	0.2086216850498398	0.2530667858204592
0.8070000000000006	0.2088751265642727	0.2538152676920318
0.8080000000000006	0.2091292755842629	0.2544817942649013
0.8090000000000006	0.2093840542684827	0.2550745937812146
0.8100000000000006	0.2096393925907721	0.25560106830374
0.8110000000000006	0.2098952275573344	0.256067880469616
0.8120000000000006	0.2101515025037637	0.2564810263986717
0.8130000000000006	0.2104081664619812	0.2568459026032235
0.8140000000000006	0.2106651735905742	0.2571673658838829
0.8150000000000006	0.2109224826620775	0.2574497873165335
0.8160000000000006	0.2111800566015312	0.2576971008204363
0.8170000000000006	0.2114378620711818	0.2579128468745793
0.8180000000000006	0.211695869096713	0.2581002118611366
0.8190000000000006	0.2119540507308525	0.2582620634749063
0.8200000000000006	0.2122123827506189	0.258400982591731
0.8210000000000006	0.2124708433848426	0.2585192919501043
0.8220000000000006	0.2127294130689346	0.2586190819646167
0.8230000000000006	0.2129880742241787	0.2587022339580647
0.8240000000000006	0.2132468110590934	0.2587704410703548
0.8250000000000006	0.2135056093906576	0.2588252270765218
0.8260000000000006	0.2137644564834139	0.2588679633229515
0.8270000000000006	0.2140233409046608	0.2588998839699854
0.8280000000000006	0.2142822523941253	0.2589220997102706
0.8290000000000006	0.2145411817466688	0.2589356101152787
0.8300000000000006	0.2148001207067211	0.2589413147471773
0.8310000000000006	0.2150590618732717	0.2589400231595198
0.8320000000000006	0.215317998614361	0.2589324638978693
0.8330000000000006	0.2155769249901226	0.2589192926003646
0.8340000000000006	0.215835835683521	0.258901099288234
0.8350000000000006	0.2160947259380154	0.258878414927261
0.8360000000000006	0.2163535915014565	0.2588517173331078
0.8370000000000006	0.2166079536944867	0.2498716914635856
0.8380000000000006	0.2168548908819178	0.2440017347141447
0.8390000000000006	0.217095961966508	0.2381395083680033
0.8400000000000006	0.2173315232576458	0.2329821690234983
0.8410000000000006	0.2175621572789861	0.2282849877460643
0.8420000000000006	0.217788323063813	0.2240457132038024
0.8430000000000006	0.2180149251411356	0.2291575711053593
0.8440000000000006	0.2182452645207752	0.2315203035284363
0.8450000000000006	0.2184781249542608	0.2341996691607637
0.8460000000000006	0.2187134584604368	0.23646643945864
0.8470000000000006	0.2189509602686526	0.2385362649614581
0.8480000000000006	0.219190421500223	0.2403852786924842
0.8490000000000006	0.2194316378423018	0.2420464792884819
0.8500000000000006	0.2196744295220535	0.2435359480399562
0.8510000000000006	0.219918633745779	0.2448715618637041
0.8520000000000006	0.2201641042774622	0.2460685591453929
0.8530000000000006	0.2204107094638966	0.2471408670621431
0.8540000000000006	0.2206583308561225	0.2481009668802515
0.8550000000000006	0.2209068618690319	0.2489601049904587
0.8560000000000006	0.2211562065999295	0.2497283997868379
0.8570000000000007	0.2214062787590096	0.2504149586175346
0.8580000000000007	0.2216570007083419	0.2510279778513846
0.8590000000000007	0.2219083025965684	0.2515748342349293
0.8600000000000007	0.2221601215802287	0.2520621667895321
0.8610000000000007	0.2224124011229275	0.2524959505998319
0.8620000000000007	0.2226650903645915	0.2528815632031049
0.8630000000000007	0.2229181435537983	0.253223844344762
0.8640000000000007	0.2231715195368734	0.2535271497570393
0.8650000000000007	0.2234251812980764	0.2537953995601435
0.8660000000000007	0.2236790955457686	0.2540321218232118
0.8670000000000007	0.2239332323399641	0.2542404917692019
0.8680000000000007	0.2241875647571246	0.2544233670592945
0.8690000000000007	0.2244420685884753	0.2545833195488635
0.8700000000000007	0.2246967220684889	0.254722663867854
0.8710000000000007	0.2249515056305206	0.2548434831431281
0.8720000000000007	0.2252064016868799	0.2549476521485821
0.8730000000000007	0.2254613944308945	0.2550368581402554
0.8740000000000007	0.2257164696587684	0.2551126196079346
0.8750000000000007	0.225971614609253	0.2551763031516003
0.8760000000000007	0.2262268178193517	0.2552291386702343
0.8770000000000007	0.2264820689944536	0.2552722330317499
0.8780000000000007	0.2267373588914539	0.2553065823759322
0.8790000000000007	0.2269926792135613	0.2553330831870894
0.8800000000000007	0.2272480225156256	0.2553525422594409
0.8810000000000007	0.2275033821189318	0.2553656856659713
0.8820000000000007	0.2277542771533853	0.2464234217214203
0.8830000000000007	0.2279977840050872	0.2405893485304172
0.8840000000000007	0.2282354597887419	0.2347613080231039
0.8850000000000007	0.2284676591973119	0.2296366193948509
0.8860000000000007	0.2286949632924993	0.2249707000618159
0.8870000000000007	0.2289178297846763	0.2207614304216287
0.8880000000000007	0.2291366871239809	0.2169524097201616
0.8890000000000007	0.2293519169896956	0.213506497181155
0.8900000000000007	0.2295638640745528	0.2103868606216339
0.8910000000000007	0.2297728385057205	0.2075612012287496
0.8920000000000007	0.2299835945007817	0.2139499816240761
0.8930000000000007	0.2301993018496337	0.2174638898862134
0.8940000000000007	0.2304186251783096	0.2211819274648701
0.8950000000000007	0.2306414095369665	0.2243859366368286
0.8960000000000007	0.2308672538095242	0.2273017435931667
0.8970000000000007	0.2310958624122866	0.2299145865068047
0.8980000000000007	0.2313269529839374	0.232265671913731
0.8990000000000007	0.2315602754990491	0.2343784649307113
0.9000000000000007	0.2317956039264049	0.2362774887713202
0.9010000000000007	0.2320327351063749	0.2379839633075776
0.9020000000000007	0.2322714861446004	0.2395171991319847
0.9030000000000007	0.2325116924652306	0.2408945225977341
0.9040000000000007	0.2327532059591219	0.2421315407029572
0.9050000000000007	0.2329958933421412	0.2432422964135144
0.9060000000000007	0.2332396346714082	0.2442394292182918
0.9070000000000007	0.2334843220114711	0.2451343144386618
0.9080000000000007	0.2337298582334741	0.2459371899043724
0.9090000000000007	0.233976155934506	0.2466572696375732
0.9100000000000007	0.2342231364649892	0.24730284624951
0.9110000000000007	0.2344707290533353	0.2478813830772983
0.9120000000000007	0.2347188700181338	0.2483995971120948
0.9130000000000007	0.2349675020591214	0.2488635336331954
0.9140000000000007	0.2352165736190549	0.2492786333790491
0.9150000000000007	0.2354660383093958	0.2496497930010994
0.9160000000000007	0.2357158543934268	0.2499814194722692
0.9170000000000007	0.2359659843210561	0.2502774790546
0.9180000000000007	0.2362163943101411	0.2505415413701346
0.9190000000000007	0.2364670539696797	0.2507768190647181
0.9200000000000007	0.2367179359606821	0.2509862035054245
0.9210000000000007	0.2369690156909554	0.2511722969082461
0.9220000000000007	0.237220271040409	0.2513374412530193
0.9230000000000007	0.2374716821138305	0.2514837443068624
0.9240000000000007	0.2377232310183824	0.2516131030452744
0.9250000000000007	0.2379749016633498	0.2517272247311279
0.9260000000000007	0.2382266795799131	0.2518276458857668
0.9270000000000007	0.238478551758943	0.2519157493629979
0.9280000000000007	0.238726031623865	0.2430430345174402
0.9290000000000007	0.2389661904156272	0.2372736310816108
0.9300000000000007	0.2392005806088174	0.2315058594738529
0.9310000000000007	0.2394295527108673	0.2264374695582823
0.9320000000000007	0.239653684007097	0.2218242663807549
0.9330000000000007	0.2398734287997601	0.2176644792338811
0.9340000000000007	0.2400892124623411	0.2139020213971906
0.9350000000000007	0.2403014138958164	0.2105000347529342
0.9360000000000007	0.2405103752831521	0.2074219415390229
0.9370000000000007	0.2407164044834646	0.2046356719496454
0.9380000000000007	0.2409197787827236	0.2021121496141236
0.9390000000000007	0.2411207478704667	0.1998252581447106
0.9400000000000007	0.2413195366185601	0.1977514786811842
0.9410000000000007	0.2415163475571623	0.1958696467540517
0.9420000000000007	0.2417113631093253	0.1941607126965922
0.9430000000000007	0.2419047476005816	0.192607531205978
0.9440000000000007	0.2420966490679655	0.1911946706508813
0.9450000000000007	0.242291675769197	0.1988579870007928
0.9460000000000007	0.2424928661316566	0.2035219696056253
0.9470000000000007	0.242698766536792	0.2082780544051604
0.9480000000000007	0.2429091156013192	0.2124192714426351
0.9490000000000007	0.2431234164045564	0.2161815167787452
0.9500000000000007	0.2433412871245205	0.2195590913103904
0.9510000000000007	0.2435623677712632	0.2226013581259699
0.9520000000000007	0.2437863384394814	0.2253391232752935
0.9530000000000007	0.2440129101920092	0.2278035168636854
0.9540000000000007	0.2442418232398503	0.2300217050136086
0.9550000000000007	0.2444728437082523	0.2320183499917523
0.9560000000000007	0.2447057611250954	0.2338155947065201
0.9570000000000007	0.2449403860607271	0.2354333811041418
0.9580000000000007	0.2451765480287381	0.236889653652064
0.9590000000000007	0.2454140935904297	0.2382005632388048
0.9600000000000007	0.2456528846503913	0.239380645493514
0.9610000000000007	0.2458927969221307	0.240442982570953
0.9620000000000007	0.2461337185472381	0.2413993484337045
0.9630000000000007	0.2463755488526092	0.242260339687232
0.9640000000000007	0.2466181972319514	0.2430354933111842
0.9650000000000007	0.2468615821391378	0.2437333926226456
0.9660000000000007	0.2471056301822257	0.244361762641806
0.9670000000000007	0.247350275308073	0.2449275559213909
0.9680000000000007	0.2475954580684923	0.245437029793078
0.9690000000000007	0.2478411249597898	0.2458958158893013
0.9700000000000008	0.2480872278283493	0.2463089827128786
0.9710000000000008	0.2483337233356584	0.2466810919496838
0.9720000000000008	0.2485805724768309	0.2470162491500599
0.9730000000000008	0.2488277401472773	0.2473181493420969
0.9740000000000008	0.2490751947527078	0.2475901180835876
0.9750000000000008	0.2493229078581348	0.2478351484087945
0.9760000000000008	0.2495708538719743	0.2480559340805439
0.9770000000000008	0.2498145348805633	0.2393051542244694
0.9780000000000008	0.2500510119083846	0.2336480000606122
0.9790000000000008	0.250281828221974	0.2279837473898254
0.9800000000000008	0.2505073260283581	0.2230110059707432
0.9810000000000008	0.2507280751293756	0.218486354802823
0.9820000000000008	0.2509445230790818	0.2144087197858037
0.9830000000000008	0.2511570891645651	0.2107226411943431
0.9840000000000008	0.251366146796077	0.207391825254973
0.9850000000000008	0.2515720332020112	0.2043802021640428
0.9860000000000008	0.2517750517694975	0.2016561593268465
0.9870000000000008	0.2519754757468951	0.1991910319111325
0.9880000000000008	0.2521735511771173	0.1969590739620909
0.9890000000000008	0.2523694996373423	0.1949371000574148
0.9900000000000008	0.2525635206798316	0.1931042458699249
0.9910000000000008	0.2527557940348998	0.1914417319090896
0.9920000000000008	0.2529464815920344	0.1899326560786743
0.9930000000000008	0.2531357291832951	0.1885618056812228
0.9940000000000008	0.2533236681882803	0.1873154885463423
0.9950000000000008	0.2535104169786238	0.1861813809650697
0.9960000000000008	0.2536960822180393	0.1851483908510355
0.9970000000000008	0.2538807600323656	0.1842065345804193
0.9980000000000008	0.2540645370626092	0.1833468261491542
0.9990000000000008	0.2542474914126868	0.1825611774140715
1.000000000000001	0.2544296935023962	0.1818423083099915
1.001000000000001	0.2546156817162791	0.1901334113799773
1.002	0.2548084315785414	0.1953655793627575
1.003	0.2550064328407505	0.20063619132011
1.004	0.255209373135744	0.2052436261706111
1.005	0.2554167096404384	0.2094285940298229
1.006	0.2556280192038421	0.213189728510557
1.007	0.2558429046231192	0.2165802922120351
1.008	0.2560610124846547	0.2196346008101423
1.009	0.2562820236771546	0.222386943139862
1.01	0.256505651238326	0.2248673282463879
1.010999999999999	0.256731636820935	0.2271029770927463
1.011999999999999	0.2569597479111785	0.229118335479764
1.012999999999999	0.257189775225506	0.2309354180224107
1.013999999999999	0.2574215303926814	0.2325740346553951
1.014999999999999	0.257654843861409	0.2340520152530051
1.015999999999999	0.2578895630187534	0.2353854065966541
1.016999999999999	0.2581255504963273	0.2365886509430495
1.017999999999999	0.2583626826459572	0.2376747464112715
1.018999999999999	0.2586008481677585	0.2386553914122162
1.019999999999998	0.2588399468754073	0.239541114614845
1.020999999999998	0.2590798885848845	0.2403413919208868
1.021999999999998	0.259320592114344	0.2410647517408147
1.022999999999998	0.2595619843839944	0.2417188697425526
1.023999999999998	0.2598039996059918	0.2423106541252419
1.024999999999998	0.2600465785553427	0.2428463223656612
1.025999999999998	0.2602896679137163	0.243331470290007
1.026999999999998	0.2605332196788753	0.2437711342385065
1.027999999999998	0.2607771906331626	0.2441698470135758
1.028999999999997	0.2610170669839399	0.235581942840893
1.029999999999997	0.2612498954488998	0.2300741022212468
1.030999999999997	0.2614772064026122	0.22454694136837
1.031999999999997	0.2616993304335726	0.2197002764794825
1.032999999999997	0.2619168268712389	0.2152917724138623
1.033999999999997	0.2621301338288878	0.2113213324104685
1.034999999999997	0.2623396620813356	0.2077343764143732
1.035999999999997	0.2625457773622831	0.2044954024204717
1.036999999999997	0.2627488099757871	0.2015690532814682
1.037999999999996	0.2629490570616984	0.1989243578580493
1.038999999999996	0.2631467862305125	0.1965332286923336
1.039999999999996	0.2633422384358187	0.1943704395308038
1.040999999999996	0.2635356306592206	0.1924132727465186
1.041999999999996	0.2637271583018433	0.1906412850921713
1.042999999999996	0.2639169973429242	0.189036076113001
1.043999999999996	0.2641053062809895	0.1875810849086933
1.044999999999996	0.264292227881307	0.186261405921687
1.045999999999996	0.2644778907484979	0.1850636234709021
1.046999999999995	0.2646624107419161	0.1839756627510046
1.047999999999995	0.2648458922494859	0.1829866557519775
1.048999999999995	0.2650284293341609	0.1820868205816443
1.049999999999995	0.2652101067657396	0.1812673528571823
1.050999999999995	0.2653910009495024	0.1805203279571469
1.051999999999995	0.265571180761988	0.1798386130483518
1.052999999999995	0.2657507083031955	0.1792157879100237
1.053999999999995	0.2659296395735682	0.1786460736755287
1.054999999999995	0.2661080250832837	0.1781242686999092
1.055999999999994	0.2662859104006161	0.1776456908406518
1.056999999999994	0.2664633366454663	0.1772061255103641
1.057999999999994	0.2666403409335413	0.1768017789241708
1.058999999999994	0.266816956776119	0.1764292360223563
1.059999999999994	0.2669932144398393	0.1760854226007319
1.060999999999994	0.2671691412705187	0.1757675712279532
1.061999999999994	0.2673447619845864	0.175473190571095
1.062999999999994	0.2675245738125949	0.1841497832408696
1.063999999999994	0.2677115152196083	0.1897323215670026
1.064999999999994	0.2679040425837471	0.1953216763374936
1.065999999999993	0.2681018134815835	0.2002193691104583
1.066999999999993	0.2683042580193268	0.2046689384648457
1.067999999999993	0.268510928662367	0.2086715637175759
1.068999999999993	0.2687214062427158	0.2122827986885322
1.069999999999993	0.2689353175583133	0.2155390212388897
1.070999999999993	0.269152325668543	0.2184763762568547
1.071999999999993	0.2693721275450863	0.221126543321736
1.072999999999993	0.269594450361737	0.2235182469632307
1.073999999999993	0.2698190485541533	0.225677286277887
1.074999999999992	0.270045701073922	0.2276268939322904
1.075999999999992	0.270274208942138	0.2293879761928189
1.076999999999992	0.2705043930413962	0.2309793497172265
1.077999999999992	0.2707360921301398	0.232417949476758
1.078999999999992	0.2709691610551844	0.2337190171834293
1.079999999999992	0.2712034691430854	0.2348962705503084
1.080999999999992	0.2714388987523443	0.2359620557068391
1.081999999999992	0.2716753439703993	0.2369274843523856
1.082999999999992	0.2719082345596898	0.2288528117062598
1.083999999999991	0.2721345664177859	0.2238100468723475
1.084999999999991	0.2723558241613346	0.2187046018905764
1.085999999999991	0.2725722971770034	0.2142406092918137
1.086999999999991	0.27278450769299	0.2101796187235641
1.087999999999991	0.2729928604119108	0.2065250298222463
1.088999999999991	0.2731977360195506	0.2032254093782674
1.089999999999991	0.2733994731501303	0.2002480876346625
1.090999999999991	0.2735983776989124	0.1975602565544919
1.091999999999991	0.2737947248186555	0.195133239284501
1.09299999999999	0.2739887623123827	0.1929410133107133
1.09399999999999	0.2741807132879547	0.1909602109152953
1.09499999999999	0.2743707786469012	0.189169787239315
1.09599999999999	0.2745591392994495	0.1875508046122948
1.09699999999999	0.2747459581642824	0.1860862176839713
1.09799999999999	0.2749313819667661	0.184760685233162
1.09899999999999	0.2751155428577481	0.1835603994983447
1.09999999999999	0.2752985598703799	0.1824729328994324
1.10099999999999	0.2754805402312857	0.1814871000062814
1.101999999999989	0.27566158054061	0.1805928333305841
1.102999999999989	0.2758417678340661	0.1797810715334821
1.103999999999989	0.2760211805387804	0.1790436588136619
1.104999999999989	0.2761998893335568	0.178373254356304
1.105999999999989	0.2763779579231164	0.1777632508371966
1.106999999999989	0.2765554437349164	0.1772077010764006
1.107999999999989	0.2767323985462893	0.1767012520265366
1.108999999999989	0.2769088690488721	0.1762390853622262
1.109999999999989	0.2770848973565936	0.1758168640105747
1.110999999999988	0.2772605214628669	0.1754306840285919
1.111999999999988	0.277435775652065	0.1750770312928575
1.112999999999988	0.2776106908698511	0.1747527425202078
1.113999999999988	0.2777852950564791	0.1744549701863404
1.114999999999988	0.2779596134467663	0.1741811509525489
1.115999999999988	0.2781336688400715	0.1739289772497712
1.116999999999988	0.2783074818432776	0.1736963717042231
1.117999999999988	0.2784810710894797	0.173481464120458
1.118999999999988	0.2786544534348051	0.1732825707661101
1.119999999999987	0.2788276441355557	0.1730981757281541
1.120999999999987	0.2790006570076375	0.1729269141335286
1.121999999999987	0.2791735045700504	0.1727675570476878
1.122999999999987	0.2793461981740308	0.1726189978832893
1.123999999999987	0.2795187481192836	0.1724802401680032
1.124999999999987	0.2796911637585925	0.1723503865355321
1.125999999999987	0.2798634535919722	0.1722286288175196
1.126999999999987	0.2800356253514079	0.1721142391262598
1.127999999999987	0.2802076860771234	0.1720065618291268
1.128999999999986	0.2803796421862247	0.1719050063255531
1.129999999999986	0.2805514995344819	0.1718090405463013
1.130999999999986	0.2807232634719351	0.1717181851028009
1.131999999999986	0.2808949388929425	0.1716320080215425
1.132999999999986	0.2810710051624732	0.1804998655864092
1.133999999999986	0.2812543846413139	0.1862583990367397
1.134999999999986	0.281443519188869	0.1920099813030931
1.135999999999986	0.2816380532900813	0.197057485986442
1.136999999999986	0.2818374052440344	0.2016456686207875
1.137999999999985	0.2820411168651578	0.2057768038981482
1.138999999999985	0.2822487593751696	0.2095074315913308
1.139999999999985	0.2824599508984298	0.2128748170340732
1.140999999999985	0.2826743466638994	0.2159159039544608
1.141999999999985	0.2828916365717939	0.2186630910018911
1.142999999999985	0.2831070665263635	0.212196004381692
1.143999999999985	0.2833174669427245	0.2086040336324529
1.144999999999985	0.2835241734731921	0.2048082465945305
1.145999999999985	0.2837273414115495	0.2015268628227284
1.146999999999984	0.2839273722762832	0.1985341112393546
1.147999999999984	0.2841245621055912	0.1958448027432549
1.148999999999984	0.2843191937616457	0.1934177744347798
1.149999999999984	0.2845115178119234	0.1912295999442383
1.150999999999984	0.2847017608662384	0.1892557904071827
1.151999999999984	0.2848901266951904	0.1874751563449474
1.152999999999984	0.2850767988327225	0.1858684140005192
1.153999999999984	0.2852619425195062	0.1844182606564107
1.154999999999984	0.2854457065517031	0.1831091100726578
1.155999999999983	0.2856282249199293	0.1819269374540267
1.156999999999983	0.2858096182905555	0.1808591191556937
1.157999999999983	0.285989995337323	0.1798942936086475
1.158999999999983	0.2861694539401891	0.1790222348551602
1.159999999999983	0.2863480822641939	0.1782337390549731
1.160999999999983	0.2865259597304667	0.1775205222597822
1.161999999999983	0.286703157890128	0.176875128430516
1.162999999999983	0.2868797412108059	0.1762908466478012
1.163999999999983	0.2870557677845023	0.1757616366026296
1.164999999999982	0.2872312899646749	0.1752820615376258
1.165999999999982	0.2874063549396137	0.1748472278942516
1.166999999999982	0.2875810052484821	0.1744527309952544
1.167999999999982	0.2877552792457561	0.174094606158864
1.168999999999982	0.2879292115192218	0.1737692847015532
1.169999999999982	0.2881028332661758	0.1734735543405118
1.170999999999982	0.2882761726320076	0.1732045235558605
1.171999999999982	0.2884492550149261	0.1729595895166321
1.172999999999982	0.2886221033402157	0.172736409214144
1.173999999999982	0.288794738307069	0.1725328734820227
1.174999999999981	0.2889671786107386	0.1723470836142153
1.175999999999981	0.2891394411424759	0.1721773303211908
1.176999999999981	0.2893115411694784	0.1720220747905107
1.177999999999981	0.2894834924968441	0.171879931641334
1.178999999999981	0.2896553076133329	0.171749653583462
1.179999999999981	0.2898269978225542	0.17163011761047
1.180999999999981	0.2899985733610378	0.1715203125735167
1.181999999999981	0.2901700435044999	0.1714193279977644
1.182999999999981	0.2903414166634845	0.1713263440171486
1.18399999999998	0.2905127004694431	0.1712406223156623
1.18499999999998	0.2906839018522085	0.1711614979745032
1.18599999999998	0.2908550271097234	0.171088372134499
1.18699999999998	0.291026081970798	0.1710207053922811
1.18799999999998	0.2911970716515945	0.1709580118568338
1.18899999999998	0.2913680009064646	0.17089985380038
1.18999999999998	0.2915388740737063	0.1708458368441713
1.19099999999998	0.2917096951167459	0.1707956056256905
1.19199999999998	0.2918804676612052	0.1707488398991272
1.192999999999979	0.2920511950282629	0.1707052510257968
1.193999999999979	0.2922218802646829	0.1706645788155117
1.194999999999979	0.2923925261698413	0.1706265886838064
1.195999999999979	0.292563135320053	0.1705910690934334
1.196999999999979	0.2927337100904673	0.1705578292517019
1.197999999999979	0.2929042526747769	0.1705266970380752
1.198999999999979	0.2930747651029568	0.1704975171390008
1.199999999999979	0.2932452492572325	0.1704701493692504
1.200999999999979	0.2934157068864528	0.1704444671611185
1.201999999999978	0.2935861396190274	0.1704203562046937
1.202999999999978	0.293756548974573	0.1703977132240957
1.203999999999978	0.2939269363743964	0.1703764448760818
1.204999999999978	0.2940928282696522	0.1614067210473209
1.205999999999978	0.294251307664829	0.1555514726555597
1.206999999999978	0.2944039376588595	0.1497079408040082
1.207999999999978	0.2945510783580316	0.1445729036294255
1.208999999999978	0.2946933157231969	0.1399012912723235
1.209999999999978	0.2948311119008095	0.1356905452641222
1.210999999999977	0.2949648993600079	0.1318838695543591
1.211999999999977	0.295095063423388	0.1284437672855334
1.212999999999977	0.2952219520885619	0.1253330854889886
1.213999999999977	0.2953458784826767	0.122519236334211
1.214999999999977	0.2954715995487238	0.128922422617106
1.215999999999977	0.2956022875561931	0.1324531005049868
1.216999999999977	0.2957366093903979	0.1361900624334554
1.217999999999977	0.2958744121620054	0.1394149622328654
1.218999999999977	0.296015296636269	0.1423534561715176
1.219999999999976	0.2961589689492347	0.1449906291703086
1.220999999999976	0.2963051483135788	0.147367549519657
1.221999999999976	0.2964535861463732	0.1495075575984783
1.222999999999976	0.2966040577402414	0.1514350640415449
1.223999999999976	0.2967563611522865	0.1531711870872453
1.224999999999976	0.2969103146081746	0.1547351455471251
1.225999999999976	0.2970657545647326	0.1561441828628317
1.226999999999976	0.2972225338665747	0.157413831105408
1.227999999999976	0.2973805201119918	0.1585580655016095
1.228999999999975	0.2975395941760236	0.1595894642723612
1.229999999999975	0.2976996488827826	0.1605193472970492
1.230999999999975	0.2978605878101575	0.1613579022087459
1.231999999999975	0.2980223242141463	0.1621142975556264
1.232999999999975	0.2981847800607318	0.1627967847273023
1.233999999999975	0.298347885154579	0.1634127896682601
1.234999999999975	0.2985115763548615	0.1639689954250204
1.235999999999975	0.2986757968695081	0.1644714164373138
1.236999999999975	0.2988404956200258	0.1649254654004554
1.237999999999974	0.2990056266698423	0.1653360134414003
1.238999999999974	0.2991711487098163	0.1657074442772122
1.239999999999974	0.2993370245951976	0.1660437029576771
1.240999999999974	0.2995032209288934	0.1663483397336551
1.241999999999974	0.2996697076864094	0.1666245495385935
1.242999999999974	0.2998364578782985	0.1668752075218851
1.243999999999974	0.300003447246366	0.1671029010288876
1.244999999999974	0.3001706539902562	0.167309958382937
1.245999999999974	0.300338058521382	0.1674984747891562
1.246999999999973	0.3005056432414624	0.1676703356478778
1.247999999999973	0.3006733923432091	0.1678272375367203
1.248999999999973	0.3008412916309448	0.1679707070944531
1.249999999999973	0.3010093283591622	0.1681021180164686
1.250999999999973	0.3011774910872279	0.1682227063507035
1.251999999999973	0.3013457695486181	0.1683335842639622
1.252999999999973	0.3015141545332324	0.168435752431603
1.253999999999973	0.3016826377814769	0.1685301111882502
1.254999999999973	0.3018512118889413	0.1686174705634297
1.255999999999972	0.3020198702206099	0.1686985593136355
1.256999999999972	0.3021886068336527	0.168774033051184
1.257999999999972	0.3023574164079392	0.1688444815601773
1.258999999999972	0.3025262941835019	0.1689104353808644
1.259999999999972	0.3026952359042556	0.1689723717355605
1.260999999999972	0.302864237767346	0.1690307198619685
1.261999999999972	0.303033296377565	0.1690858658131631
1.262999999999972	0.3032024087063259	0.1691381567775696
1.263999999999972	0.3033715720547426	0.1691879049669397
1.264999999999971	0.3035407840204027	0.1692353911155234
1.265999999999971	0.3037100424674645	0.1692808676293182
1.266999999999971	0.3038793454997455	0.1693245614203868
1.267999999999971	0.3040486914365044	0.1693666764577374
1.268999999999971	0.3042180787906454	0.1694073960631098
1.269999999999971	0.3043875062491045	0.1694468849771773
1.270999999999971	0.3045569726551978	0.1694852912191217
1.271999999999971	0.3047264769927369	0.1695227477602452
1.272999999999971	0.304896018371734	0.1695593740302153
1.27399999999997	0.3050655960155385	0.1695952772726786
1.27499999999997	0.3052307343679517	0.1606808079381016
1.27599999999997	0.3053885145974939	0.1548790591690178
1.27699999999997	0.3055404981212874	0.1490874182173237
1.27799999999997	0.305687043502736	0.1440027949075324
1.27899999999997	0.3058287352849848	0.1393802380505098
1.27999999999997	0.3059660343095952	0.135217296132356
1.28099999999997	0.3060993718424958	0.1314572695125205
1.28199999999997	0.3062291320947371	0.1280627482526212
1.282999999999969	0.3063556620350347	0.1249966577608608
1.283999999999969	0.3064792738361717	0.1222264808950148
1.284999999999969	0.3066002486727211	0.1197227384933952
1.285999999999969	0.3067188397400792	0.1174589514695386
1.286999999999969	0.3068352750713147	0.1154112743489918
1.287999999999969	0.3069497600474132	0.1135582485254805
1.288999999999969	0.3070624796627328	0.1118805594266136
1.289999999999969	0.3071736005623614	0.1103608231532913
1.290999999999969	0.3072832728761325	0.1089833931577659
1.291999999999969	0.3073916318691467	0.1077341865781406
1.292999999999968	0.3074987994272707	0.1066005278583252
1.293999999999968	0.3076048853940843	0.1055710080262231
1.294999999999968	0.3077099887741397	0.1046353580390042
1.295999999999968	0.3078141988158984	0.1037843347950887
1.296999999999968	0.3079175959863797	0.1030096185445879
1.297999999999968	0.308020252848349	0.1023037205587563
1.298999999999968	0.308122234849791	0.1016599000324543
1.299999999999968	0.3082236010344414	0.101072089296347
1.300999999999968	0.3083244046812691	0.1005348265078604
1.301999999999967	0.3084246938800149	0.1000431950730217
1.302999999999967	0.3085245120491811	0.09959276912609563
1.303999999999967	0.3086238984022263	0.09917956446123764
1.304999999999967	0.3087228883671452	0.09879999437096308
1.305999999999967	0.3088215139640952	0.09845082990075135
1.306999999999967	0.3089198041452645	0.09812916407817178
1.307999999999967	0.3090177851007578	0.0978323797190794
1.308999999999967	0.3091154805338979	0.09755812045317416
1.309999999999967	0.3092129119090015	0.09730426464698728
1.310999999999966	0.3093100986743818	0.09706890193455249
1.311999999999966	0.3094070584630551	0.09685031209499378
1.312999999999966	0.3095038072733815	0.09664694604233828
1.313999999999966	0.3096003596316449	0.09645740871633182
1.314999999999966	0.3096967287383803	0.09628044368415725
1.315999999999966	0.3097929266000722	0.09611491928196522
1.316999999999966	0.3098889641476873	0.09595981614223642
1.317999999999966	0.3099848513433584	0.09581421596839214
1.318999999999966	0.3100805972764042	0.09567729143192859
1.319999999999965	0.3101762102497513	0.09554829707982249
1.320999999999965	0.3102761727390396	0.1043763070323222
1.321999999999965	0.3103834099480919	0.1100977093694439
1.322999999999965	0.310496366338757	0.1158146488493847
1.323999999999965	0.3106146887814642	0.1208297933699552
1.324999999999965	0.310737797765198	0.1253877129916448
1.325999999999965	0.3108652371179171	0.1294905151403096
1.326999999999965	0.3109965799157958	0.13319458871151
1.327999999999965	0.311131445994148	0.1365370629136084
1.328999999999964	0.3112694921634019	0.1395547586279201
1.329999999999964	0.3114104097883686	0.1422799636096861
1.330999999999964	0.3115539210136304	0.144741949530556
1.331999999999964	0.3116997757653124	0.1469670076999004
1.332999999999964	0.3118477489529632	0.1489788135623439
1.333999999999964	0.3119976379761735	0.1507986716724125
1.334999999999964	0.3121492604743021	0.1524457569365039
1.335999999999964	0.3123024523027882	0.1539373265403352
1.336999999999964	0.3124570657114431	0.1552889119810085
1.337999999999963	0.3126129677050109	0.1565144915715863
1.338999999999963	0.3127700385676492	0.1576266457762676
1.339999999999963	0.3129281705349684	0.1586366969917893
1.340999999999963	0.3130872665988663	0.1595548353557526
1.341999999999963	0.31324723943188	0.1603902319728538
1.342999999999963	0.3134080104191032	0.161151140818811
1.343999999999963	0.313569508786912	0.1618449904538198
1.344999999999963	0.3137316708188197	0.1624784665646853
1.345999999999963	0.3138944391497451	0.1630575862527371
1.346999999999962	0.3140577621308562	0.1635877648929546
1.347999999999962	0.3142215932579288	0.1640738763071803
1.348999999999962	0.3143858906568708	0.1645203069200113
1.349999999999962	0.3145506166206939	0.1649310044991021
1.350999999999962	0.3147157371927893	0.165309522021436
1.351999999999962	0.3148812217918758	0.1656590571529686
1.352999999999962	0.3150470428744543	0.1659824877803059
1.353999999999962	0.315213175631017	0.1662824039892132
1.354999999999962	0.3153795977126364	0.1665611368452707
1.355999999999961	0.3155462889848958	0.1668207842964628
1.356999999999961	0.3157132313064278	0.1670632344855049
1.357999999999961	0.3158804083295988	0.1672901867309363
1.358999999999961	0.3160478053211263	0.1675031704101009
1.359999999999961	0.3162109341192963	0.1587538160084357
1.360999999999961	0.3163668645030339	0.1531063684894239
1.361999999999961	0.3165171475941819	0.1474592519711505
1.362999999999961	0.3166621326460149	0.1425103096924095
1.363999999999961	0.3168023957784084	0.1380154307686774
1.36499999999996	0.3169383902080614	0.1339729201916164
1.36599999999996	0.3170705402948372	0.1303267594060934
1.36699999999996	0.3171992239908686	0.1270401516801797
1.36799999999996	0.3173247825886152	0.1240765745365905
1.36899999999996	0.317447523109228	0.121404007964005
1.36999999999996	0.317567722048037	0.1189934204455283
1.37099999999996	0.3176856283465718	0.1168187360011314
1.37199999999996	0.3178014661670993	0.1148564721774134
1.37299999999996	0.3179154373647862	0.1130854973114518
1.373999999999959	0.3180277237188803	0.1114867913034221
1.374999999999959	0.3181384889392203	0.1100432355022313
1.375999999999959	0.3182478804724873	0.1087394223051824
1.376999999999959	0.3183560311277387	0.1075614841219202
1.377999999999959	0.3184630605394164	0.1064969393608891
1.378999999999959	0.3185690764840515	0.105534553837375
1.379999999999959	0.3186741760653055	0.104664216035649
1.380999999999959	0.3187784467805089	0.1038768248461361
1.381999999999959	0.3188819674805511	0.1031641885285256
1.382999999999958	0.318984809233785	0.1025189337786262
1.383999999999958	0.3190870361035439	0.1019344238884937
1.384999999999958	0.3191887058479118	0.1014046850905303
1.385999999999958	0.3192898705495195	0.1009243402671528
1.386999999999958	0.319390577182365	0.1004885492894756
1.387999999999958	0.3194908681219554	0.1000929553221072
1.388999999999958	0.3195907816044387	0.09973363649744905
1.389999999999958	0.3196903521398258	0.09940706242254825
1.390999999999958	0.3197896108838934	0.09911005503524829
1.391999999999957	0.3198885859729014	0.09883975337470867
1.392999999999957	0.3199873028248409	0.09859358187485695
1.393999999999957	0.3200857844105621	0.0983692218284804
1.394999999999957	0.3201840514977919	0.09816458570489345
1.395999999999957	0.320282122870754	0.09797779403582363
1.396999999999957	0.3203800155278304	0.09780715461269453
1.397999999999957	0.3204777448594601	0.09765114376416606
1.398999999999957	0.3205753248082516	0.09750838950590671
1.399999999999957	0.3206727680130876	0.0973776563753745
1.400999999999957	0.3207700859388225	0.09725783178310625
1.401999999999956	0.3208672889930139	0.09714791372886408
1.402999999999956	0.3209643866309841	0.09704699974615393
1.403999999999956	0.3210613874503795	0.09695427695227862
1.404999999999956	0.3211582992762766	0.09686901309337254
1.405999999999956	0.3212551292377814	0.09679054848491939
1.406999999999956	0.3213518838369722	0.09671828875820526
1.407999999999956	0.3214485690109511	0.09665169833211325
1.408999999999956	0.3215451901876946	0.09659029453772561
1.409999999999956	0.3216417523363213	0.09653364233045286
1.410999999999955	0.3217382600123372	0.09648134953093716
1.411999999999955	0.3218347173983591	0.09643306254185247
1.412999999999955	0.3219311283407696	0.09638846249301204
1.413999999999955	0.3220274963827094	0.09634726177195253
1.414999999999955	0.3221238247937736	0.096309200901447
1.415999999999955	0.3222201165967424	0.09627404572925408
1.416999999999955	0.3223163745916411	0.09624158489887971
1.417999999999955	0.3224126013773978	0.09621162757325025
1.418999999999955	0.3225087993713386	0.09618400138600572
1.419999999999954	0.3226049708267363	0.09615855059765147
1.420999999999954	0.3227011178486077	0.09613513443608221
1.421999999999954	0.3227972424079341	0.0961136256030414
1.422999999999954	0.3228933463544632	0.09609390892992235
1.423999999999954	0.3229894314282338	0.09607588016797694
1.424999999999954	0.3230854992699513	0.09605944489949135
1.425999999999954	0.3231815514303287	0.09604451755783192
1.426999999999954	0.3232775893784968	0.09603102054547434
1.427999999999954	0.3233736145095765	0.09601888344021781
1.428999999999953	0.3234696281514966	0.09600804228076563
1.429999999999953	0.3235656315711337	0.09599843892373575
1.430999999999953	0.3236616259798402	0.09599002046495814
1.431999999999953	0.3237576125384238	0.09598273871863058
1.432999999999953	0.3238535923616309	0.09597654974854676
1.433999999999953	0.3239495665221855	0.09597141344618969
1.434999999999953	0.3240455360544269	0.09596729315100386
1.435999999999953	0.324141501957587	0.09596415530862831
1.436999999999953	0.3242374651987424	0.09596196916329457
1.437999999999952	0.3243334267154751	0.09596070648097288
1.438999999999952	0.3244293874182689	0.09596034130019217
1.439999999999952	0.3245253481926705	0.09596084970776607
1.440999999999952	0.3246213099012364	0.0959622096369348
1.441999999999952	0.3247172733852888	0.09596440068568099
1.442999999999952	0.3248132394664984	0.0959674039532023
1.443999999999952	0.3249092089483121	0.09597120189272518
1.444999999999952	0.3250051826172407	0.09597577817902554
1.445999999999952	0.325101161244021	0.09598111758918586
1.446999999999951	0.3251971455846643	0.09598720589526488
1.447999999999951	0.3252931363814031	0.09599402976768896
1.448999999999951	0.3253891343635459	0.09600157668829262
1.449999999999951	0.3254851402482499	0.09600983487204368
1.450999999999951	0.3255811547412183	0.09601879319658432
1.451999999999951	0.3256771785373317	0.09602844113880671
1.452999999999951	0.3257732123212184	0.0960387687177596
1.453999999999951	0.3258692567677714	0.0960497664432529
1.454999999999951	0.3259653125426156	0.09606142526959047
1.45599999999995	0.3260613803025317	0.09607373655391831
1.45699999999995	0.3261574606958401	0.09608669201872663
1.45799999999995	0.3262535543627494	0.09610028371809048
1.45899999999995	0.3263496619356732	0.09611450400727505
1.45999999999995	0.3264457840395168	0.09612934551536922
1.46099999999995	0.3265419212919395	0.09614480112064469
1.46199999999995	0.3266380743035922	0.0961608639283679
1.46299999999995	0.3267342436783346	0.0961775272508197
1.46399999999995	0.3268304300134333	0.09619478458930202
1.464999999999949	0.3269266338997424	0.0962126296179327
1.465999999999949	0.3270228559218693	0.09623105616904985
1.466999999999949	0.3271190966583263	0.0962500582200648
1.467999999999949	0.3272108818003009	0.08731988381358879
1.468999999999949	0.3272952936658282	0.08150353280172853
1.469999999999949	0.3273738947327485	0.07569830825313879
1.470999999999949	0.3274470445451233	0.07060104402353508
1.471999999999949	0.3275153285544786	0.06596672034462633
1.472999999999949	0.3275792084455053	0.06179282377605191
1.473999999999948	0.3276391162683294	0.05802259873890923
1.474999999999948	0.3276954369649566	0.05461858474679333
1.475999999999948	0.3277485181869357	0.05154366151213659
1.476999999999948	0.3277986727463721	0.04876527056495789
1.477999999999948	0.3278461824177997	0.04625389534801413
1.478999999999948	0.3278913009609504	0.04398302291926629
1.479999999999948	0.3279342569409668	0.04192877713567086
1.480999999999948	0.3279752562416747	0.04006967159165943
1.481999999999948	0.3280144843337651	0.03838636649892729
1.482999999999947	0.328052108314606	0.03686145506852231
1.483999999999947	0.3280882787444688	0.03547926995731986
1.484999999999947	0.3281231312990396	0.03422570939409882
1.485999999999947	0.3281567882567109	0.03308808061191709
1.486999999999947	0.3281893598371421	0.03205495895747851
1.487999999999947	0.3282209454059732	0.03111606108446855
1.488999999999947	0.3282516345590702	0.03026213082879393
1.489999999999947	0.3282815080983538	0.0294848364959549
1.490999999999947	0.3283106389100494	0.02877667841973374
1.491999999999946	0.3283390927551186	0.02813090576496984
1.492999999999946	0.3283669289806526	0.02754144165003833
1.493999999999946	0.3283942011601319	0.02700281575705638
1.494999999999946	0.3284209576696662	0.02651010368104666
1.495999999999946	0.3284472422066149	0.02605887234416206
1.496999999999946	0.3284730942563517	0.02564513086846642
1.497999999999946	0.328498549512358	0.02526528636141573
1.498999999999946	0.3285236402543124	0.02491610412277014
1.499999999999946	0.3285483956883768	0.02459467183079404
1.500999999999945	0.3285728422534593	0.02429836730981548
1.501999999999945	0.3285970038968561	0.02402482952100932
1.502999999999945	0.3286209023223347	0.02377193245408181
1.503999999999945	0.3286445572134139	0.02353776162976672
1.504999999999945	0.3286679864343216	0.02332059295205184
1.505999999999945	0.3286912062108618	0.02311887367516311
1.506999999999945	0.3287142312932	0.02293120527383055
1.507999999999945	0.3287370751023762	0.02275632802650809
1.508999999999945	0.3287597498621705	0.0225931071402518
1.509999999999944	0.3287822667177889	0.02244052026309096
1.510999999999944	0.3288046358426843	0.02229764624514257
1.511999999999944	0.328826866534702	0.02216365502359518
1.512999999999944	0.3288489673026145	0.02203779851917512
1.513999999999944	0.3288709459440091	0.02191940244294693
1.514999999999944	0.328892809615391	0.02180785892241462
1.515999999999944	0.3289145648952818	0.0217026198649938
1.516999999999944	0.3289362178410132	0.02160319098511758
1.517999999999944	0.328957774039846	0.02150912642861299
1.518999999999944	0.3289792386549828	0.02142002393462079
1.519999999999943	0.329000616466984	0.02133552048130455
1.520999999999943	0.3290219119110478	0.02125528836696995
1.521999999999943	0.3290431291105666	0.0211790316830535
1.522999999999943	0.329064271907333	0.02110648313979361
1.523999999999943	0.3290853438887305	0.02103740120931591
1.524999999999943	0.3291063484122093	0.02097156755439152
1.525999999999943	0.3291272886273207	0.02090878471430082
1.526999999999943	0.3291481674955515	0.02084887402209239
1.527999999999943	0.3291689878081809	0.02079167373009757
1.528999999999942	0.3291897522023563	0.02073703732287509
1.529999999999942	0.3292104631755664	0.02068483199884295
1.530999999999942	0.3292311230986716	0.02063493730372865
1.531999999999942	0.3292517342276367	0.02058724390065615
1.532999999999942	0.3292722987140944	0.02054165246320587
1.533999999999942	0.3292928186148582	0.02049807267915048
1.534999999999942	0.3293132959004876	0.02045642235379889
1.535999999999942	0.3293337324630028	0.02041662660298773
1.536999999999942	0.3293541301228319	0.02037861712675559
1.537999999999941	0.329374490635068	0.02034233155563181
1.538999999999941	0.3293948156951055	0.02030771286227828
1.539999999999941	0.329415106943718	0.02027470883194919
1.540999999999941	0.329435365971632	0.02024327158588684
1.541999999999941	0.329455594323649	0.02021335715235996
1.542999999999941	0.3294757935023587	0.02018492508058039
1.543999999999941	0.329495964971487	0.02015793809321022
1.544999999999941	0.3295161101589126	0.02013236177360055
1.545999999999941	0.3295362304593872	0.02010816428428856
1.54699999999994	0.3295563272369878	0.02008531611362722
1.54799999999994	0.3295764018273286	0.02006378984773441
1.54899999999994	0.329596455539556	0.02004355996522951
1.54999999999994	0.3296164896581491	0.02002460265247877
1.55099999999994	0.3296365054445439	0.02000689563729865
1.55199999999994	0.3296565041386	0.01999041803927128
1.55299999999994	0.3296764869599251	0.01997515023501107
1.55399999999994	0.3296964551090715	0.01996107373688713
1.55499999999994	0.329716409768617	0.0199481710838562
1.555999999999939	0.3297363521041424	0.01993642574319491
1.556999999999939	0.3297562832651159	0.0199258220220416
1.557999999999939	0.3297762043856927	0.01991634498776669
1.558999999999939	0.3297961165854398	0.01990798039628889
1.559999999999939	0.329816020969992	0.01990071462754255
1.560999999999939	0.329835918631647	0.01989453462738127
1.561999999999939	0.3298558106499051	0.01988942785527409
1.562999999999939	0.3298756980919593	0.01988538223721495
1.563999999999939	0.3298955820131408	0.01988238612332433
1.564999999999938	0.3299154634573236	0.01988042824967377
1.565999999999938	0.3299353434572938	0.01987949770391103
1.566999999999938	0.3299552230350852	0.0198795838943059
1.567999999999938	0.3299751032022865	0.01988067652187461
1.568999999999938	0.329994984960321	0.01988276555527509
1.569999999999938	0.3300148693007032	0.01988584120819591
1.570999999999938	0.3300347572052736	0.01988989391898971
1.571999999999938	0.3300546496464143	0.01989491433232661
1.572999999999938	0.3300745475872468	0.01990089328266571
1.573999999999937	0.3300944519818146	0.01990782177936292
1.574999999999937	0.3301143637752512	0.01991569099325139
1.575999999999937	0.3301342839039356	0.01992449224454761
1.576999999999937	0.3301542132956364	0.01993421699195027
1.577999999999937	0.330174152869645	0.01994485682281303
1.578999999999937	0.3301941035369001	0.0199564034442836
1.579999999999937	0.3302140662001036	0.01996884867531261
1.580999999999937	0.3302340417538284	0.01998218443944532
1.581999999999937	0.33025403108462	0.01999640275831808
1.582999999999936	0.3302740350710919	0.02001149574578878
1.583999999999936	0.3302940545840145	0.02002745560263831
1.584999999999936	0.3303140904864004	0.02004427461178568
1.585999999999936	0.3303341436335837	0.02006194513396561
1.586999999999936	0.3303542148732965	0.02008045960382246
1.587999999999936	0.3303743050457405	0.02009981052637864
1.588999999999936	0.330394414983656	0.02011999047384044
1.589999999999936	0.3304145455123877	0.0201409920827073
1.590999999999936	0.3304346974499477	0.02016280805115437
1.591999999999935	0.3304548716070757	0.02018543113666104
1.592999999999935	0.3304750687872977	0.02020885415386086
1.593999999999935	0.3304952897869816	0.02023306997259078
1.594999999999935	0.3305155353953922	0.0202580715161198
1.595999999999935	0.3305358063947432	0.02028385175953919
1.596999999999935	0.3305561035602488	0.02031040372829804
1.597999999999935	0.3305764276601729	0.02033772049686982
1.598999999999935	0.3305967794558778	0.02036579518753673
1.599999999999935	0.3306171597018716	0.02039462096928024
1.600999999999934	0.3306375691458541	0.02042419105676713
1.601999999999934	0.330658008528762	0.0204544987094216
1.602999999999934	0.3306784785848137	0.02048553723057481
1.603999999999934	0.3306989800415522	0.02051729996668431
1.604999999999934	0.3307195136198882	0.02054978030661619
1.605999999999934	0.3307400800341421	0.02058297168098387
1.606999999999934	0.3307606799920856	0.0206168675615379
1.607999999999934	0.3307813141949824	0.02065146146060167
1.608999999999934	0.3308019833376284	0.02068674693054845
1.609999999999933	0.3308226881083918	0.02072271756331582
1.610999999999933	0.3308434291892521	0.02075936698995354
1.611999999999933	0.3308642072558394	0.0207966888802019
1.612999999999933	0.3308850229774726	0.02083467694209715
1.613999999999933	0.3309058770171974	0.02087332492160172
1.614999999999933	0.3309267700318246	0.02091262660225651
1.615999999999933	0.3309477026719668	0.02095257580485324
1.616999999999933	0.330968675582076	0.02099316638712489
1.617999999999933	0.3309896894004805	0.02103439224345234
1.618999999999932	0.3310107447594205	0.02107624730458581
1.619999999999932	0.3310318422850858	0.02111872553737952
1.620999999999932	0.3310529825976503	0.02116182094453836
1.621999999999932	0.3310741663113087	0.02120552756437541
1.622999999999932	0.3310953940343118	0.02124983947057923
1.623999999999932	0.3311166663690013	0.02129475077199003
1.624999999999932	0.3311379839118456	0.02134025561238385
1.625999999999932	0.3311593472534738	0.02138634817026399
1.626999999999932	0.3311807569787112	0.02143302265865898
1.627999999999932	0.3312022136666131	0.02148027332492661
1.628999999999931	0.3312237178904989	0.02152809445056325
1.629999999999931	0.331245270217987	0.02157648035101814
1.630999999999931	0.3312668712110278	0.02162542537551215
1.631999999999931	0.3312885214259377	0.02167492390686051
1.632999999999931	0.3313102214134329	0.02172497036129936
1.633999999999931	0.331331971718662	0.02177555918831557
1.634999999999931	0.33135377288124	0.02182668487047965
1.635999999999931	0.3313756254352808	0.02187834192328148
1.636999999999931	0.3313975299094301	0.02193052489496862
1.63799999999993	0.3314194868268982	0.02198322836638695
1.63899999999993	0.3314414967054924	0.02203644695082347
1.63999999999993	0.3314635600576494	0.0220901752938511
1.64099999999993	0.3314856773904677	0.02214440807317532
1.64199999999993	0.3315078492057394	0.02219913999848244
1.64299999999993	0.331530075999982	0.02225436581128952
1.64399999999993	0.3315523582644707	0.02231008028479571
1.64499999999993	0.3315746964852693	0.02236627822373484
1.64599999999993	0.3315970911432622	0.02242295446422942
1.646999999999929	0.3316195427141857	0.02248010387364572
1.647999999999929	0.3316420516686587	0.02253772135044989
1.648999999999929	0.3316646184722141	0.02259580182406529
1.649999999999929	0.3316872435853298	0.02265434025473055
1.650999999999929	0.3317099274634591	0.02271333163335875
1.651999999999929	0.3317326705570615	0.02277277098139732
1.652999999999929	0.3317554733116332	0.02283265335068883
1.653999999999929	0.3317783361677373	0.02289297382333253
1.654999999999929	0.3318012595610341	0.02295372751154664
1.655999999999928	0.331824243922311	0.02301490955753136
1.656999999999928	0.3318472896775126	0.02307651513333253
1.657999999999928	0.3318703972477704	0.02313853944070595
1.658999999999928	0.3318935670494325	0.02320097771098235
1.659999999999928	0.3319167994940928	0.02326382520493296
1.660999999999928	0.3319400949886208	0.02332707721263565
1.661999999999928	0.3319634539351906	0.02339072905334167
1.662999999999928	0.3319868767313102	0.0234547760753429
1.663999999999928	0.3320103637698502	0.02351921365583971
1.664999999999927	0.3320339154390727	0.02358403720080925
1.665999999999927	0.3320575321226603	0.02364924214487437
1.666999999999927	0.3320812141997442	0.02371482395117294
1.667999999999927	0.3321049620449333	0.02378077811122774
1.668999999999927	0.3321287760283419	0.02384710014481681
1.669999999999927	0.332152656515618	0.02391378559984425
1.670999999999927	0.3321766038679718	0.02398083005221156
1.671999999999927	0.3322006184422032	0.02404822910568938
1.672999999999927	0.3322247005907296	0.02411597839178973
1.673999999999926	0.3322488506616139	0.02418407356963869
1.674999999999926	0.3322730689985918	0.02425251032584952
1.675999999999926	0.3322973559410992	0.02432128437439626
1.676999999999926	0.3323217118242998	0.0243903914564877
1.677999999999926	0.3323461369791118	0.02445982734044191
1.678999999999926	0.3323706317322354	0.02452958782156107
1.679999999999926	0.3323951964061793	0.0245996687220068
1.680999999999926	0.332419831319288	0.02467006589067593
1.681999999999926	0.3324445367857681	0.02474077520307666
1.682999999999925	0.3324693131157148	0.02481179256120517
1.683999999999925	0.3324941606151385	0.02488311389342262
1.684999999999925	0.3325190795859914	0.02495473515433259
1.685999999999925	0.3325440703261928	0.02502665232465898
1.686999999999925	0.3325691331296562	0.02509886141112421
1.687999999999925	0.3325942682863146	0.02517135844632796
1.688999999999925	0.3326194760821464	0.02524413948862625
1.689999999999925	0.3326447567992011	0.02531720062201092
1.690999999999925	0.3326701107156252	0.0253905379559896
1.691999999999924	0.3326955381056873	0.025464147625466
1.692999999999924	0.3327210392398033	0.02553802579062064
1.693999999999924	0.3327466143845622	0.025612168636792
1.694999999999924	0.3327722638027506	0.02568657237435804
1.695999999999924	0.332797987753378	0.02576123323861818
1.696999999999924	0.3328237864917017	0.02583614748967561
1.697999999999924	0.3328496602692513	0.02591131141232008
1.698999999999924	0.3328756093338536	0.02598672131591099
1.699999999999924	0.3329016339296568	0.02606237353426101
1.700999999999923	0.3329277342971552	0.02613826442551995
1.701999999999923	0.3329539106732133	0.02621439037205918
1.702999999999923	0.3329801632910902	0.02629074778035631
1.703999999999923	0.3330064923804632	0.02636733308088035
1.704999999999923	0.3330328981674521	0.02644414272797726
1.705999999999923	0.333059380874643	0.02652117319975585
1.706999999999923	0.3330859407211119	0.02659842099797411
1.707999999999923	0.3331125779224481	0.02667588264792595
1.708999999999923	0.3331392926907783	0.02675355469832824
1.709999999999922	0.3331660852347892	0.02683143372120837
1.710999999999922	0.3331929557597513	0.0269095163117921
1.711999999999922	0.3332199044675419	0.02698779908839187
1.712999999999922	0.333246931556668	0.02706627869229544
1.713999999999922	0.3332740372222892	0.02714495178765492
1.714999999999922	0.3333012216562409	0.02722381506137629
1.715999999999922	0.3333284850470566	0.02730286522300916
1.716999999999922	0.3333558275799905	0.02738209900463698
1.717999999999922	0.3333832494370402	0.02746151316076771
1.718999999999921	0.3334107507969691	0.02754110446822474
1.719999999999921	0.3334383318353282	0.02762086972603826
1.720999999999921	0.3334659927244787	0.02770080575533708
1.721999999999921	0.3334937336336141	0.02778090939924066
1.722999999999921	0.3335215547287817	0.02786117752275172
1.723999999999921	0.3335494561729048	0.0279416070126491
1.724999999999921	0.3335774381258044	0.02802219477738102
1.725999999999921	0.3336055007442206	0.02810293774695877
1.726999999999921	0.3336336441818342	0.02818383287285071
1.72799999999992	0.3336618685892881	0.02826487712787674
1.72899999999992	0.333690174114209	0.02834606750610302
1.72999999999992	0.3337185609012278	0.02842740102273722
1.73099999999992	0.3337470290920013	0.02850887471402398
1.73199999999992	0.3337755788252331	0.0285904856371409
1.73299999999992	0.3338042102366941	0.02867223087009481
1.73399999999992	0.3338329234592439	0.0287541075116184
1.73499999999992	0.3338617186228509	0.02883611268106734
1.73599999999992	0.3338905958546132	0.02891824351831761
1.736999999999919	0.333919555278779	0.02900049718366337
1.737999999999919	0.3339485970167669	0.02908287085771503
1.738999999999919	0.3339777211871863	0.02916536174129786
1.739999999999919	0.3340069279058574	0.0292479670553508
1.740999999999919	0.3340362172858313	0.02933068404082581
1.741999999999919	0.33406558943741	0.02941350995858744
1.742999999999919	0.3340950444681664	0.02949644208931286
1.743999999999919	0.3341245824829639	0.02957947773339221
1.744999999999919	0.334154203583976	0.02966261421082935
1.745999999999919	0.3341839078707059	0.02974584886114295
1.746999999999918	0.3342136954400062	0.02982917904326793
1.747999999999918	0.334243566386098	0.02991260213545733
1.748999999999918	0.3342735208005903	0.02999611553518443
1.749999999999918	0.3343035587724991	0.03007971665904537
1.750999999999918	0.3343336803882664	0.03016340294266202
1.751999999999918	0.3343638857317794	0.03024717184058526
1.752999999999918	0.3343941748843894	0.0303310208261986
1.753999999999918	0.3344245479249302	0.03041494739162217
1.754999999999918	0.3344550049297371	0.0304989490476171
1.755999999999917	0.3344855459726654	0.03058302332349018
1.756999999999917	0.3345161711251091	0.03066716776699894
1.757999999999917	0.3345468804560189	0.03075137994425707
1.758999999999917	0.334577674031921	0.03083565743964017
1.759999999999917	0.3346085519169348	0.03091999785569193
1.760999999999917	0.3346395141727915	0.03100439881303054
1.761999999999917	0.3346705608588517	0.03108885795025555
1.762999999999917	0.3347016920321236	0.03117337292385508
1.763999999999917	0.3347329077472809	0.03125794140811332
1.764999999999916	0.3347642080566803	0.03134256109501841
1.765999999999916	0.3347955930103793	0.03142722969417074
1.766999999999916	0.3348270626561539	0.03151194493269143
1.767999999999916	0.3348586170395157	0.03159670455513135
1.768999999999916	0.3348902562037297	0.03168150632338035
1.769999999999916	0.3349219801898313	0.03176634801657691
1.770999999999916	0.3349537890366438	0.03185122743101809
1.771999999999916	0.334985682780795	0.03193614238006985
1.772999999999916	0.3350176614567349	0.03202109069407773
1.773999999999915	0.3350497250967521	0.03210607022027784
1.774999999999915	0.3350818737309908	0.03219107882270818
1.775999999999915	0.3351141073874677	0.03227611438212036
1.776999999999915	0.3351464260920884	0.03236117479589162
1.777999999999915	0.3351788298686644	0.03244625797793717
1.778999999999915	0.3352113187389292	0.03253136185862297
1.779999999999915	0.3352438927225547	0.03261648438467866
1.780999999999915	0.3352765518371679	0.03270162351911104
1.781999999999915	0.3353092960983668	0.03278677724111777
1.782999999999914	0.3353421255197366	0.03287194354600139
1.783999999999914	0.335375040112866	0.03295712044508373
1.784999999999914	0.3354080398873626	0.03304230596562064
1.785999999999914	0.3354411248508695	0.03312749815071706
1.786999999999914	0.3354742950090808	0.03321269505924239
1.787999999999914	0.3355075503657571	0.0332978947657462
1.788999999999914	0.3355408909227415	0.03338309536037435
1.789999999999914	0.3355743166799749	0.03346829494878528
1.790999999999914	0.3356078276355117	0.03355349165206681
1.791999999999913	0.3356414237855349	0.03363868360665313
1.792999999999913	0.3356751051243717	0.03372386896424219
1.793999999999913	0.3357088716445084	0.03380904589171341
1.794999999999913	0.335742723336606	0.03389421257104568
1.795999999999913	0.3357766601895147	0.03397936719923572
1.796999999999913	0.3358106821902895	0.03406450798821678
1.797999999999913	0.3358447893242043	0.03414963316477758
1.798999999999913	0.3358789815747676	0.03423474097048169
1.799999999999913	0.3359132589237365	0.03431982966158714
1.800999999999912	0.3359476213511319	0.03440489750896639
1.801999999999912	0.3359820688352528	0.03448994279802666
1.802999999999912	0.3360166013526906	0.03457496382863046
1.803999999999912	0.3360512188783439	0.03465995891501656
1.804999999999912	0.3360859213854329	0.03474492638572124
1.805999999999912	0.336120708845513	0.03482986458349981
1.806999999999912	0.3361555812284898	0.03491477186524853
1.807999999999912	0.3361905385026326	0.0349996466019268
1.808999999999912	0.3362255806345888	0.03508448717847961
1.809999999999911	0.3362607075893976	0.03516929199376045
1.810999999999911	0.3362959193305041	0.03525405946045435
1.811999999999911	0.3363312158197728	0.03533878800500142
1.812999999999911	0.3363665970175014	0.03542347606752053
1.813999999999911	0.3364020628824347	0.03550812210173344
1.814999999999911	0.3364376133717781	0.03559272457488913
1.815999999999911	0.3364732484412107	0.03567728196768852
1.816999999999911	0.336508968044899	0.03576179277420945
1.817999999999911	0.3365447721355105	0.03584625550183199
1.81899999999991	0.3365806606642263	0.03593066867116408
1.81999999999991	0.3366166335807551	0.03601503081596739
1.82099999999991	0.3366526908333455	0.03609934048308356
1.82199999999991	0.3366843574874038	0.02723385005547006
1.82299999999991	0.3367087152392628	0.02148156322327151
1.82399999999991	0.3367273259488492	0.01573978684938097
1.82499999999991	0.3367405485460962	0.01070535855041014
1.82599999999991	0.3367489678721441	0.006133262285281204
1.82699999999991	0.3367530450050104	0.002020988309334859
1.827999999999909	0.3367532113918285	-0.001688215290776714
1.828999999999909	0.3367498513752631	-0.005031805364644044
1.829999999999909	0.3367433120111456	-0.00804689859051174
1.830999999999909	0.33673390551946	-0.01076604985537514
1.831999999999909	0.3367219130861895	-0.01321877215877354
1.832999999999909	0.3367075878860612	-0.01543157490935612
1.833999999999909	0.3366911579027346	-0.01742833074020317
1.834999999999909	0.3366728284420513	-0.01923052256953253
1.835999999999909	0.3366527844001947	-0.02085748672016421
1.836999999999908	0.3366311923034803	-0.02232662653674633
1.837999999999908	0.3366082021445608	-0.02365360593865096
1.838999999999908	0.3365839490349178	-0.02485252329332048
1.839999999999908	0.3365585546921334	-0.02593606798336119
1.840999999999908	0.3365321287784317	-0.02691566129668857
1.841999999999908	0.3365047701053731	-0.02780158323274297
1.842999999999908	0.3364765677180824	-0.02860308662683718
1.843999999999908	0.336447601871059	-0.02932849986240418
1.844999999999908	0.3364179449064092	-0.02998531931195855
1.845999999999907	0.3363876620442611	-0.03058029253399869
1.846999999999907	0.3363568120941403	-0.0311194931502305
1.847999999999907	0.3363254480952138	-0.03160838823508606
1.848999999999907	0.3362936178925131	-0.03205189896630628
1.849999999999907	0.3362613646555385	-0.03245445521048091
1.850999999999907	0.3362287273450082	-0.03282004465005027
1.851999999999907	0.3361957411329358	-0.03315225699762216
1.852999999999907	0.3361624377807045	-0.03345432378887242
1.853999999999907	0.3361288459793375	-0.03372915419617072
1.854999999999907	0.3360949916557464	-0.03397936726085894
1.855999999999906	0.3360608982483574	-0.0342073209023168
1.856999999999906	0.3360265869551806	-0.03441513802613617
1.857999999999906	0.3359920769570743	-0.03460473002149284
1.858999999999906	0.3359573856186893	-0.03477781790879626
1.859999999999906	0.3359225286693203	-0.03493595137258931
1.860999999999906	0.3358875203656783	-0.03508052589117306
1.861999999999906	0.3358523736383882	-0.03521279815328403
1.862999999999906	0.3358171002238409	-0.03533389993311874
1.863999999999906	0.3357817107828651	-0.03544485057787061
1.864999999999905	0.3357462150075343	-0.03554656824652828
1.865999999999905	0.3357106217172982	-0.03563988002480878
1.866999999999905	0.3356749389455039	-0.03572553102861247
1.867999999999905	0.3356391740172702	-0.03580419259714718
1.868999999999905	0.3356033336195763	-0.03587646966675487
1.869999999999905	0.3355674238643477	-0.0359429074073704
1.870999999999905	0.3355314503452356	-0.03600399719534923
1.871999999999905	0.3354954181887229	-0.03606018198902709
1.872999999999905	0.3354593321001235	-0.03611186116673847
1.873999999999904	0.3354231964049851	-0.03615939488104791
1.874999999999904	0.3353870150863557	-0.03620310797757291
1.875999999999904	0.3353507918183271	-0.03624329352193915
1.876999999999904	0.3353145299962277	-0.0362802159740549
1.877999999999904	0.3352782327638003	-0.03631411404497248
1.878999999999904	0.3352419030376647	-0.03634520326807822
1.879999999999904	0.3352055435293387	-0.03637367831317795
1.880999999999904	0.3351691567650608	-0.03639971506918843
1.881999999999904	0.335132745103633	-0.03642347251857413
1.882999999999903	0.3350963107524846	-0.03644509442435476
1.883999999999903	0.3350598557821322	-0.03646471084842642
1.884999999999903	0.3350233821391973	-0.03648243951806514
1.885999999999903	0.3349868916581266	-0.03649838705579424
1.886999999999903	0.3349503860717429	-0.03651265008627935
1.887999999999903	0.334913867020745	-0.03652531623254823
1.888999999999903	0.3348773360622609	-0.03653646501260277
1.889999999999903	0.3348407946775496	-0.03654616864638405
1.890999999999903	0.334804244278936	-0.03655449278205502
1.891999999999902	0.3347676862160557	-0.03656149714966909
1.892999999999902	0.334731121781479	-0.03656723614948591
1.893999999999902	0.3346945522157759	-0.03657175938146968
1.894999999999902	0.3346579787120785	-0.0365751121218516
1.895999999999902	0.3346214024201898	-0.03657733575205011
1.896999999999902	0.3345848244502856	-0.03657846814471305
1.897999999999902	0.3345482458762499	-0.03657854401116949
1.898999999999902	0.3345116677386795	-0.03657759521415029
1.899999999999902	0.3344750910475918	-0.0365756510492504
1.900999999999901	0.3344385167848657	-0.03657273849825882
1.901999999999901	0.3344019459064411	-0.03656888245716927
1.902999999999901	0.334365379344302	-0.03656410594140349
1.903999999999901	0.3343288180082651	-0.036558430270526
1.904999999999901	0.3342922627875922	-0.03655187523450099
1.905999999999901	0.334255714552445	-0.0365444592433371
1.906999999999901	0.3342191741551979	-0.03653619946178144
1.907999999999901	0.3341826424316224	-0.03652711193055756
1.908999999999901	0.3341461202019568	-0.03651721167549331
1.9099999999999	0.3341096082718719	-0.03650651280574933
1.9109999999999	0.3340731074333433	-0.03649502860223805
1.9119999999999	0.3340366184654403	-0.03648277159721429
1.9129999999999	0.334000142135038	-0.03646975364592012
1.9139999999999	0.3339636791974628	-0.03645598599107856
1.9149999999999	0.3339272303970756	-0.03644147932095118
1.9159999999999	0.3338907964677998	-0.03642624382160325
1.9169999999999	0.3338543781336006	-0.03641028922395548
1.9179999999999	0.3338179761089187	-0.03639362484614389
1.918999999999899	0.3337815910990636	-0.03637625963165671
1.919999999999899	0.3337452238005719	-0.03635820218367079
1.920999999999899	0.3337088749015313	-0.03633946079596734
1.921999999999899	0.3336725450818768	-0.03632004348076922
1.922999999999899	0.3336362350136592	-0.0362999579938074
1.923999999999899	0.3335999453612907	-0.03627921185689378
1.924999999999899	0.3335636767817682	-0.03625781237824965
1.925999999999899	0.3335274299248784	-0.03623576667081409
1.926999999999899	0.333491205433384	-0.03621308166873452
1.927999999999898	0.3334505290618091	-0.0451395102818819
1.928999999999898	0.333402483190453	-0.05095205383499497
1.929999999999898	0.3333486303582633	-0.05675341035984189
1.930999999999898	0.3332893301693509	-0.06184674702724414
1.931999999999898	0.3332251681342956	-0.0664770845672015
1.932999999999898	0.3331566059959108	-0.07064693732336524
1.933999999999898	0.3330840758615681	-0.07441306172564637
1.934999999999898	0.3330079627296911	-0.07781291906455068
1.935999999999898	0.3329286143074643	-0.08088363038966129
1.936999999999897	0.3328463434618854	-0.08365775489518654
1.937999999999897	0.3327614320216737	-0.08616480982864465
1.938999999999897	0.3326741338000719	-0.08843130879182018
1.939999999999897	0.3325846774150872	-0.09048112856002656
1.940999999999897	0.3324932688027906	-0.0923357561463511
1.941999999999897	0.3324000934855216	-0.09401453192429728
1.942999999999897	0.3323053186117223	-0.09553486324786459
1.943999999999897	0.3322090947921817	-0.09691241800700839
1.944999999999897	0.3321115577525657	-0.09816129850329011
1.945999999999896	0.332012829820723	-0.0992941980190416
1.946999999999896	0.3319130212652616	-0.1003225417093722
1.947999999999896	0.3318122315002736	-0.1012566134100589
1.948999999999896	0.331710550169594	-0.1021056697634006
1.949999999999896	0.3316080581226392	-0.1028780429318219
1.950999999999896	0.3315048282926671	-0.1035812330400558
1.951999999999896	0.3314009264872179	-0.1042219913731458
1.952999999999896	0.331296412099515	-0.104806395254662
1.953999999999896	0.3311913387487335	-0.105339915437114
1.954999999999895	0.3310857548562459	-0.1058274767533416
1.955999999999895	0.33097970416425	-0.1062735127027839
1.956999999999895	0.3308732262025392	-0.1066820145791408
1.957999999999895	0.3307663567086015	-0.1070565756852868
1.958999999999895	0.3306591280057145	-0.1074004311267121
1.959999999999895	0.3305515693432361	-0.1077164936256385
1.960999999999895	0.3304437072028722	-0.1080073857537429
1.961999999999895	0.3303355655743229	-0.1082754689416275
1.962999999999895	0.3302271662033697	-0.1085228695873622
1.963999999999894	0.3301185288151599	-0.1087515025541921
1.964999999999894	0.3300096713151673	-0.1089630923184936
1.965999999999894	0.3299006099700636	-0.1091591920029549
1.966999999999894	0.3297913595705064	-0.109341200506457
1.967999999999894	0.3296819335776559	-0.1095103779209875
1.968999999999894	0.3295723442550436	-0.1096678594068814
1.969999999999894	0.3294626027872606	-0.1098146676805588
1.970999999999894	0.3293527193867826	-0.1099517242535076
1.971999999999894	0.3292427033901166	-0.1100798595473886
1.972999999999894	0.3291325633443399	-0.1101998219976486
1.973999999999893	0.3290223070849896	-0.1103122862467938
1.974999999999893	0.3289119418061682	-0.1104178605183541
1.975999999999893	0.3288014741236451	-0.1105170932534718
1.976999999999893	0.3286909101316522	-0.1106104790838507
1.977999999999893	0.3285802554540057	-0.1106984642074305
1.978999999999893	0.328469515290121	-0.1107814512265135
1.979999999999893	0.328358694456431	-0.1108598035020982
1.980999999999893	0.3282477974236681	-0.1109338490727998
1.981999999999893	0.3281368283504235	-0.1110038841818979
1.982999999999892	0.3280257911133546	-0.1110701764516994
1.983999999999892	0.3279146893343785	-0.1111329677404853
1.984999999999892	0.3278035264051496	-0.1111924767137814
1.985999999999892	0.3276923055090959	-0.1112489011585231
1.986999999999892	0.3275810296412561	-0.1113024200658217
1.987999999999892	0.3274697016261378	-0.1113531955054753
1.988999999999892	0.3273583241337958	-0.1114013743130466
1.989999999999892	0.3272468996943073	-0.1114470896082539
1.990999999999892	0.3271354307108036	-0.1114904621615414
1.991999999999891	0.3270239194712055	-0.1115316016240126
1.992999999999891	0.3269168430401566	-0.1026208615691671
1.993999999999891	0.3268171217544816	-0.09682133826422805
1.994999999999891	0.326723195698887	-0.09103042298742745
1.995999999999891	0.3266347078073451	-0.08594503040928075
1.996999999999891	0.3265510750288814	-0.08132021491110678
1.997999999999891	0.3264718380082103	-0.07715353119409794
1.998999999999891	0.3263965669591774	-0.07338828640460983
1.999999999999891	0.3263248791434649	-0.06998707789807448
2.000999999999891	0.3262564290575713	-0.06691283882517053
2.001999999999891	0.3261909059859861	-0.06413306018262645
2.00299999999989	0.3261280302030946	-0.06161827129738917
2.00399999999989	0.3260675499538158	-0.05934200187935842
2.00499999999989	0.3260092386364645	-0.05728041552054392
2.00599999999989	0.3259528922922535	-0.05541206291748434
2.00699999999989	0.3258983273396168	-0.05371763900667707
2.00799999999989	0.3258453785366602	-0.05217976957682813
2.00899999999989	0.3257938971469783	-0.05078281792254695
2.00999999999989	0.3257392744076248	-0.0584624572088133
2.01099999999989	0.3256784715575819	-0.06314301626425034
2.011999999999889	0.3256129420335929	-0.06791578747930735
2.012999999999889	0.3255429471731319	-0.07207367255970799
2.013999999999889	0.3254689839725471	-0.0758524529294205
2.014999999999889	0.3253914344379693	-0.07924632717124962
2.015999999999889	0.3253106588402665	-0.08230456714649731
2.016999999999889	0.3252269774519035	-0.0850578976517118
2.017999999999889	0.3251406796539772	-0.08753737651128596
2.018999999999889	0.3250520257476616	-0.0897701056376915
2.019999999999889	0.3249612501804682	-0.09178069034735911
2.020999999999888	0.3248685640509632	-0.09359122312809436
2.021999999999888	0.3247741574627303	-0.09522160137813944
2.022999999999888	0.3246782016180187	-0.09668973029822571
2.023999999999888	0.32458085070826	-0.0980117262592325
2.024999999999888	0.3244822436139813	-0.0992020946427733
2.025999999999888	0.3243825054351198	-0.1002738911951036
2.026999999999888	0.3242817488682141	-0.1012388669213677
2.027999999999888	0.3241800754459044	-0.1021075985714941
2.028999999999888	0.3240775766524813	-0.1028896060572551
2.029999999999887	0.3239743349278858	-0.1035934581326988
2.030999999999887	0.3238704245713128	-0.1042268675052874
2.031999999999887	0.3237659125544594	-0.104796776436251
2.032999999999887	0.323660859253452	-0.105309433780842
2.033999999999887	0.3235553191075856	-0.1057704643245975
2.034999999999887	0.3234493412121933	-0.1061849311859856
2.035999999999887	0.3233429698522331	-0.1065573919788016
2.036999999999887	0.3232362449825203	-0.1068919493583398
2.037999999999887	0.3231292026599412	-0.1071922965129627
2.038999999999886	0.3230218754324495	-0.1074617581065275
2.039999999999886	0.3229142926891672	-0.1077033271265858
2.040999999999886	0.3228064809754799	-0.1079196980477776
2.041999999999886	0.3226984642766268	-0.1081132966789017
2.042999999999886	0.3225902642729357	-0.1082863070252943
2.043999999999886	0.322481900569539	-0.1084406954649848
2.044999999999886	0.3223733909031216	-0.1085782325072518
2.045999999999886	0.3222647513279993	-0.1087005123753394
2.046999999999886	0.3221559963835925	-0.1088089706309172
2.047999999999885	0.3220471392451574	-0.1089049000361099
2.048999999999885	0.3219381918594473	-0.1089894648293405
2.049999999999885	0.3218291650668129	-0.1090637135736041
2.050999999999885	0.321720068711096	-0.1091285907199311
2.051999999999885	0.3216109117385381	-0.1091849470145192
2.052999999999885	0.3215017022868022	-0.109233548865169
2.053999999999885	0.3213924477650966	-0.1092750867710916
2.054999999999885	0.3212831549262897	-0.1093101829097513
2.055999999999885	0.3211738299318184	-0.1093393979650402
2.056999999999884	0.3210644784101087	-0.1093632372726518
2.057999999999884	0.3209551055091588	-0.1093821563509324
2.058999999999884	0.3208457159438673	-0.109396565878664
2.059999999999884	0.3207363140386333	-0.1094068361750849
2.060999999999884	0.3206269037656996	-0.1094133012319239
2.061999999999884	0.3205174887796662	-0.1094162623422471
2.062999999999884	0.3204080724485555	-0.1094159913664367
2.063999999999884	0.3202986578817761	-0.1094127336715864
2.064999999999884	0.3201892479552926	-0.1094067107769747
2.065999999999883	0.3200798453342837	-0.1093981227350059
2.066999999999883	0.3199704524935371	-0.109387150274073
2.067999999999883	0.3198610717358095	-0.10937395672715
2.068999999999883	0.3197517052083544	-0.1093586897675414
2.069999999999883	0.3196423549178002	-0.1093414829710717
2.070999999999883	0.3195330227435452	-0.1093224572220718
2.071999999999883	0.3194237104498161	-0.1093017219787833
2.072999999999883	0.3193144196965247	-0.1092793764122369
2.073999999999883	0.3192051520490429	-0.1092555104312592
2.074999999999882	0.3190959089870033	-0.1092302056049942
2.075999999999882	0.3189866919122239	-0.1092035359931885
2.076999999999882	0.3188775021558439	-0.1091755688934628
2.077999999999882	0.3187683409847497	-0.1091463655138724
2.078999999999882	0.3186592096073613	-0.1091159815782266
2.079999999999882	0.3185456342975	-0.1180342138426946
2.080999999999882	0.3184246979133872	-0.1238381025639985
2.081999999999882	0.3182979634349053	-0.1296303808998716
2.082999999999882	0.3181657908736695	-0.1347142477330166
2.083999999999882	0.318028766117593	-0.1393347524295282
2.084999999999881	0.3178873512595683	-0.1434944352014507
2.085999999999881	0.3177419787324235	-0.1472500758557052
2.086999999999881	0.3175930338377826	-0.1506391568173187
2.087999999999881	0.3174408645659049	-0.1536988182518276
2.088999999999881	0.317285784048655	-0.1564616366523489
2.089999999999881	0.317128074363138	-0.158957144929613
2.090999999999881	0.3169679895560549	-0.1612118708761188
2.091999999999881	0.3168057584653433	-0.16324970413226
2.092999999999881	0.3166415872347359	-0.1650921433827358
2.09399999999988	0.3164756615830996	-0.1667585395981312
2.09499999999988	0.3163081488452901	-0.1682663097620315
2.09599999999988	0.3161391998093159	-0.169631130522806
2.09699999999988	0.3159689503696962	-0.1708671121559416
2.09799999999988	0.3158019978968496	-0.1630372092694397
2.09899999999988	0.3156413710619559	-0.1582158598707311
2.09999999999988	0.3154856075091951	-0.1533106631595102
2.10099999999988	0.315334438034305	-0.1490277212807902
2.10199999999988	0.315187358719785	-0.1451303576888835
2.102999999999879	0.3150439814880182	-0.1416235695945995
2.103999999999879	0.3149039407599504	-0.1384573627455301
2.104999999999879	0.314766911640511	-0.1356003635792701
2.105999999999879	0.3146326007416369	-0.1330209317600014
2.106999999999879	0.3145007443078901	-0.130691442484652
2.107999999999879	0.3143711049335613	-0.1285868211968911
2.108999999999879	0.3142434690069889	-0.1266845544467037
2.109999999999879	0.3141176443107354	-0.1249643673157086
2.110999999999879	0.3139934578866739	-0.1234080161731275
2.111999999999878	0.313870754108339	-0.1219990813914132
2.112999999999878	0.313749392947603	-0.1207227859806855
2.113999999999878	0.3136292484142989	-0.1195658310623983
2.114999999999878	0.3135102071519806	-0.118516248119963
2.115999999999878	0.3133921671740869	-0.117563265943283
2.116999999999878	0.3132750367264969	-0.1166971908991259
2.117999999999878	0.3131587332638331	-0.115909299169422
2.118999999999878	0.3130431825281358	-0.1151917397670238
2.119999999999878	0.3129283177196739	-0.1145374472495972
2.120999999999877	0.3128140787506777	-0.1139400631622254
2.121999999999877	0.3127004115737006	-0.1133938653357538
2.122999999999877	0.3125872675771483	-0.1128937042553254
2.123999999999877	0.3124746030412576	-0.1124349457920808
2.124999999999877	0.3123623786484798	-0.1120134196617076
2.125999999999877	0.3122505590428295	-0.1116253730371516
2.126999999999877	0.3121391124333007	-0.1112674288000752
2.127999999999877	0.312028010236944	-0.1109365479671858
2.128999999999877	0.3119172267576397	-0.1106299958739481
2.129999999999876	0.311806738896995	-0.1103453117399408
2.130999999999876	0.3116965258941556	-0.1100802812776931
2.131999999999876	0.3115865690916382	-0.1098329120406528
2.132999999999876	0.3114768517245824	-0.1096014112363718
2.133999999999876	0.3113673587310807	-0.1093841657583888
2.134999999999876	0.3112580765814772	-0.1091797242149366
2.135999999999876	0.3111489931247404	-0.1089867807547939
2.136999999999876	0.3110400974502002	-0.1088041605105653
2.137999999999876	0.3109313797631147	-0.1086308064976469
2.138999999999875	0.3108228312726826	-0.1084657678233096
2.139999999999875	0.3107144440912569	-0.1083081890748862
2.140999999999875	0.31060621114364	-0.1081573007691546
2.141999999999875	0.3104936512041293	-0.1169621566408874
2.142999999999875	0.3103738403375883	-0.1226591276532446
2.143999999999875	0.3102483353665177	-0.1283503443526709
2.144999999999875	0.3101174907177467	-0.1333384630318113
2.145999999999875	0.309981887209985	-0.1378680444852924
2.146999999999875	0.3098419823311847	-0.1419411889718334
2.147999999999874	0.3096982043273084	-0.1456142801022764
2.148999999999874	0.3095509346896202	-0.1489244434881254
2.149999999999874	0.3094005179371107	-0.1519084979266922
2.150999999999874	0.3092472640357937	-0.1545987304446394
2.151999999999874	0.3090914521720337	-0.1570244131988311
2.152999999999874	0.3089333337496243	-0.1592118390702211
2.153999999999874	0.308773135186878	-0.1611846860467355
2.154999999999874	0.3086110604090881	-0.1629642620947603
2.155999999999874	0.3084472930979799	-0.1645697463082874
2.156999999999873	0.3082819987146645	-0.1660184007528369
2.157999999999873	0.308115326320693	-0.167325762422362
2.158999999999873	0.307947410216912	-0.1685058156761914
2.159999999999873	0.3077783714184643	-0.1695711475133468
2.160999999999873	0.3076083189822879	-0.1705330872991806
2.161999999999873	0.3074373512018727	-0.1714018325244254
2.162999999999873	0.3072655566825462	-0.1721865619870859
2.163999999999873	0.3070930153092359	-0.1728955376564706
2.164999999999873	0.3069197991174608	-0.1735361963507538
2.165999999999872	0.3067459730772291	-0.1741152322468151
2.166999999999872	0.3065715957985516	-0.1746386711391034
2.167999999999872	0.3063967201664086	-0.1751119372726304
2.168999999999872	0.3062213939122255	-0.1755399134926788
2.169999999999872	0.3060456601282064	-0.1759269953795547
2.170999999999872	0.3058695577302391	-0.1762771399698803
2.171999999999872	0.3056931218745148	-0.1765939096057732
2.172999999999872	0.3055163843324916	-0.1768805113991238
2.173999999999872	0.3053393738283659	-0.177139832749461
2.174999999999871	0.3051621163428029	-0.1773744733100489
2.175999999999871	0.3049846353862982	-0.1775867737573896
2.176999999999871	0.3048069522452085	-0.1777788416837939
2.177999999999871	0.3046335610844928	-0.1690028290789652
2.178999999999871	0.3044673976323012	-0.1633234517248295
2.179999999999871	0.3043069158260431	-0.1576395585032782
2.180999999999871	0.3041517710676723	-0.1526493759513684
2.181999999999871	0.3040013915279032	-0.1481091391574697
2.182999999999871	0.3038553279514544	-0.1440174654848753
2.18399999999987	0.3037131596426319	-0.140318618501538
2.18499999999987	0.3035745120449644	-0.1369760563676557
2.18599999999987	0.3034390470190187	-0.1339534869832425
2.18699999999987	0.3033064604773273	-0.1312190986441812
2.18799999999987	0.3031764786598712	-0.1287440482711357
2.18899999999987	0.3030488551809382	-0.1265024304325592
2.18999999999987	0.3029233682715838	-0.1244709171171094
2.19099999999987	0.302799818322772	-0.1226285166020089
2.19199999999987	0.3026780256679742	-0.1209563356698299
2.192999999999869	0.3025578285890675	-0.1194373707939722
2.193999999999869	0.3024390815212558	-0.1180563189082695
2.194999999999869	0.3023216534375974	-0.1167994074239587
2.195999999999869	0.3022054263950585	-0.1156542411639246
2.196999999999869	0.3020902942259677	-0.1146096646238117
2.197999999999869	0.3019716864790265	-0.1226053837956349
2.198999999999869	0.3018465988741682	-0.1275693561033091
2.199999999999869	0.30171651588198	-0.1325961396739182
2.200999999999869	0.3015817267712966	-0.1369815753960573
2.201999999999869	0.3014427536775944	-0.1409640899735321
2.202999999999868	0.3013000012331014	-0.1445402627575664
2.203999999999868	0.3011538500730405	-0.1477615083173885
2.204999999999868	0.3010046387986459	-0.150660479903178
2.205999999999868	0.3008526732877408	-0.1532699709641316
2.206999999999868	0.3006982286893708	-0.1556186454916277
2.207999999999868	0.3005415528149321	-0.1577325146897252
2.208999999999868	0.300382868791271	-0.1596349363617275
2.209999999999868	0.3002223775481912	-0.1613469467064647
2.210999999999868	0.3000602600322906	-0.1628874758618372
2.211999999999867	0.2998966792056488	-0.164273562658807
2.212999999999867	0.2997317818430934	-0.1655205427096752
2.213999999999867	0.2995657001501335	-0.1666422189849056
2.214999999999867	0.2993985532190063	-0.1676510150079895
2.215999999999867	0.299230448339149	-0.1685581128118908
2.216999999999867	0.2990614821766207	-0.1693735770795963
2.217999999999867	0.2988917418355886	-0.1701064668756847
2.218999999999867	0.2987213058136702	-0.1707649362034828
2.219999999999867	0.2985502448617445	-0.1713563245068337
2.220999999999866	0.2983786227577879	-0.1718872381216196
2.221999999999866	0.2982064970033297	-0.1723636235821634
2.222999999999866	0.2980339194502672	-0.1727908335969972
2.223999999999866	0.2978609368650035	-0.1731736864270668
2.224999999999866	0.2976875914361757	-0.173516519326129
2.225999999999866	0.2975139212316147	-0.1738232366371209
2.226999999999866	0.2973399606096138	-0.1740973530789061
2.227999999999866	0.297165740589074	-0.1743420327043602
2.228999999999866	0.2969912891826397	-0.1745601239626606
2.229999999999865	0.2968166316965247	-0.1747541912553628
2.230999999999865	0.2966417910003604	-0.1749265433368822
2.231999999999865	0.296466787770063	-0.1750792588749431
2.232999999999865	0.2962916407064183	-0.1752142094549974
2.233999999999865	0.2961163667318127	-0.1753330802842164
2.234999999999865	0.2959409811672944	-0.1754373888250991
2.235999999999865	0.2957654978919338	-0.175528501565734
2.236999999999865	0.2955899294862515	-0.1756076491130511
2.237999999999865	0.2954142873613073	-0.1756759397767641
2.238999999999864	0.2952385818748852	-0.1757343717949338
2.239999999999864	0.2950628224360638	-0.1757838443369909
2.240999999999864	0.2948870175993336	-0.1758251674064731
2.241999999999864	0.2947111751493066	-0.1758590707535031
2.242999999999864	0.2945353021769597	-0.1758862118960363
2.243999999999864	0.2943594051482571	-0.1759071833389981
2.244999999999864	0.2941834899659149	-0.1759225190715253
2.245999999999864	0.2940075620249933	-0.1759327004144977
2.246999999999864	0.2938316262629335	-0.1759381612833338
2.247999999999863	0.2936556872045948	-0.1759392929245226
2.248999999999863	0.293484223884071	-0.1669867024724398
2.249999999999863	0.2933156834848876	-0.1700934612172855
2.250999999999863	0.2931455893543554	-0.17009415928657
2.251999999999863	0.2929751476605785	-0.170788586364661
2.252999999999863	0.2928041354840841	-0.171235122539719
2.253999999999863	0.2926326793573326	-0.171676485173729
2.254999999999863	0.2924608114796836	-0.1720586227502196
2.255999999999863	0.292288581342618	-0.1724010026087724
2.256999999999862	0.2921160284559757	-0.1727041206542438
2.257999999999862	0.2919431897303227	-0.1729726795195342
2.258999999999862	0.29177009814024	-0.173209848527353
2.259999999999862	0.2915967835161626	-0.1734187466343474
2.260999999999862	0.2914232727584047	-0.173602115115566
2.261999999999862	0.2912495901544222	-0.1737624384019751
2.262999999999862	0.2910757576331998	-0.173901948996319
2.263999999999862	0.2909017950019899	-0.1740226578525244
2.264999999999862	0.2907277201574349	-0.1741263752294884
2.265999999999861	0.2905535492760675	-0.1742147310811516
2.266999999999861	0.2903792969856432	-0.1742891930022326
2.267999999999861	0.2902049765193736	-0.174351082480723
2.268999999999861	0.2900305998547321	-0.1744015894998198
2.269999999999861	0.2898561778383854	-0.1744417856860109
2.270999999999861	0.2896817202986341	-0.1744726361407823
2.271999999999861	0.2895072361466138	-0.1744950100895653
2.272999999999861	0.2893327334673791	-0.1745096904657041
2.273999999999861	0.2891582196018829	-0.1745173825360661
2.27499999999986	0.2889837012207619	-0.174518721664099
2.27599999999986	0.2888091843907465	-0.1745142802965985
2.27699999999986	0.2886346746344335	-0.1745045742518135
2.27799999999986	0.2884601769840852	-0.1744900683787549
2.27899999999986	0.288285696030052	-0.1744711816505891
2.27999999999986	0.2881112359643562	-0.1744482917487056
2.28099999999986	0.2879368006199211	-0.1744217391883931
2.28199999999986	0.2877623935058806	-0.1743918310319624
2.28299999999986	0.2875880178393613	-0.1743588442305719
2.283999999999859	0.2874136765740901	-0.1743230286318844
2.284999999999859	0.2872393724261436	-0.1742846096869736
2.285999999999859	0.2870651078971276	-0.1742437908865541
2.286999999999859	0.2868908852950405	-0.174200755953603
2.287999999999859	0.2867167067530546	-0.1741556708167339
2.288999999999859	0.2865425742464223	-0.1741086853862478
2.289999999999859	0.2863684896076956	-0.174059935152594
2.290999999999859	0.2861944545404261	-0.1740095426249983
2.291999999999859	0.2860204706314996	-0.173957618626244
2.292999999999858	0.2858465393622391	-0.1739042634579878
2.293999999999858	0.2856726621184021	-0.1738495679495602
2.294999999999858	0.2854988401991808	-0.1737936144018986
2.295999999999858	0.2853250748253058	-0.1737364774371019
2.296999999999858	0.2851513671463423	-0.1736782247630445
2.297999999999858	0.2849777182472609	-0.173618917861542
2.298999999999858	0.2847996542730968	-0.182508358226657
2.299999999999858	0.2846142579495215	-0.1882835889648695
2.300999999999858	0.2844230921213026	-0.1940473456916666
2.301999999999857	0.2842265166626226	-0.1991028294199347
2.302999999999857	0.2840251173219862	-0.2036950913456269
2.303999999999857	0.2838193560511799	-0.2078266732425599
2.304999999999857	0.2836096651404834	-0.2115543562383643
2.305999999999857	0.2833964297477591	-0.214915623862501
2.306999999999857	0.2831799977184964	-0.2179476171908238
2.307999999999857	0.2829606820389667	-0.2206829134526035
2.308999999999857	0.2827387646400225	-0.2231510461384922
2.309999999999857	0.2825189743028533	-0.21642879788427
2.310999999999857	0.2823044579654547	-0.212603066470221
2.311999999999856	0.2820938597036016	-0.2085926615466432
2.312999999999856	0.2818870060943099	-0.2051137754482045
2.313999999999856	0.2816834794157779	-0.201938812552498
2.314999999999856	0.2814829691591907	-0.1990809429121539
2.315999999999856	0.2812851795501093	-0.1964975277791234
2.316999999999856	0.2810898485103546	-0.1941638135080467
2.317999999999856	0.2808967391798434	-0.1920541176478069
2.318999999999856	0.2807056386711363	-0.1901461774521765
2.319999999999856	0.2805163553525795	-0.1884197441765776
2.320999999999855	0.2803287168020569	-0.1868566475624489
2.321999999999855	0.2801425678656567	-0.1854405215247873
2.322999999999855	0.2799577689353989	-0.1841566403441313
2.323999999999855	0.2797741943929621	-0.1829917504745904
2.324999999999855	0.2795917312105995	-0.1819339243614388
2.325999999999855	0.2794102776915753	-0.1809724275796207
2.326999999999855	0.2792297423366585	-0.1800975995827237
2.327999999999855	0.2790500428239463	-0.1793007462960275
2.328999999999855	0.2788711050907132	-0.1785740434705358
2.329999999999854	0.278692862507077	-0.1779104496965672
2.330999999999854	0.2785152551323015	-0.1773036281172757
2.331999999999854	0.2783382290454713	-0.1767478759705275
2.332999999999854	0.2781617357431021	-0.1762380611766886
2.333999999999854	0.2779857315969927	-0.175769565267636
2.334999999999854	0.2778101773662946	-0.1753382320228913
2.335999999999854	0.2776350377583768	-0.1749403212421585
2.336999999999854	0.277460281033608	-0.1745724671406264
2.337999999999854	0.2772858786496617	-0.1742316409047577
2.338999999999853	0.2771118049413949	-0.1739151169925163
2.339999999999853	0.2769380368327406	-0.1736204428035871
2.340999999999853	0.276764553577414	-0.1733454113825907
2.341999999999853	0.2765913365255507	-0.1730880368519912
2.342999999999853	0.2764183689136837	-0.1728465323017279
2.343999999999853	0.2762456356757252	-0.1726192898898991
2.344999999999853	0.2760731232728528	-0.1724048629333912
2.345999999999853	0.2758963446591746	-0.1811516953216532
2.346999999999853	0.2757123706594162	-0.186795607824055
2.347999999999852	0.2755227533787276	-0.1924382357832521
2.348999999999852	0.2753278429970109	-0.197381789803951
2.349999999999852	0.2751282165094626	-0.2018704295512839
2.350999999999852	0.2749243279615971	-0.205905894258955
2.351999999999852	0.2747166024999179	-0.2095442426067169
2.352999999999852	0.2745054188249177	-0.2128223077598762
2.353999999999852	0.274291118942644	-0.2157766453061636
2.354999999999852	0.2740740105562198	-0.2184393053758379
2.355999999999852	0.2738543708141745	-0.220839346911418
2.356999999999851	0.2736324492850236	-0.2230028708935504
2.357999999999851	0.2734084707341102	-0.2249533825926593
2.358999999999851	0.2731826375978432	-0.2267120345223147
2.359999999999851	0.272955132216747	-0.2282978658620601
2.360999999999851	0.2727261188436543	-0.229728012747639
2.361999999999851	0.2724957454514736	-0.2310178988295672
2.362999999999851	0.272264145360089	-0.2321814064515677
2.363999999999851	0.2720314387005983	-0.2332310307922264
2.364999999999851	0.271797733733127	-0.2341780185722279
2.36599999999985	0.2715631280328683	-0.2350324928959389
2.36699999999985	0.2713321844387468	-0.2268538201187189
2.36799999999985	0.2711079004985303	-0.2217132102710893
2.36899999999985	0.2708887857995712	-0.2165153571442195
2.36999999999985	0.2706745458410836	-0.2119637477557624
2.37099999999985	0.270464653893538	-0.2078193516945496
2.37199999999985	0.2702587013035939	-0.2040850474405446
2.37299999999985	0.2700563039293977	-0.2007089336331164
2.37399999999985	0.2698571201249609	-0.1976579200628251
2.374999999999849	0.269660841382246	-0.194898821162883
2.375999999999849	0.2694671902939368	-0.1924026211746669
2.376999999999849	0.2692759171239805	-0.190142993435149
2.377999999999849	0.2690867971199988	-0.1880962973525632
2.378999999999849	0.2688996279947471	-0.1862412433362139
2.379999999999849	0.2687142276843545	-0.184558674306486
2.380999999999849	0.2685304323245111	-0.1830313482891165
2.381999999999849	0.2683480944305973	-0.1816437479404092
2.382999999999849	0.2681670812594118	-0.1803819078226055
2.383999999999848	0.2679872733348275	-0.1792332592760426
2.384999999999848	0.2678085631208582	-0.1781864907230691
2.385999999999848	0.2676308538274281	-0.1772314219618624
2.386999999999848	0.2674540583355636	-0.1763588910258265
2.387999999999848	0.2672780982300694	-0.1755606523583411
2.388999999999848	0.2671029029289381	-0.1748292851697433
2.389999999999848	0.2669239340186075	-0.1831078564062098
2.390999999999848	0.2667382160644851	-0.1883273471093652
2.391999999999848	0.266547259510256	-0.1935850367037142
2.392999999999847	0.2663513770125599	-0.1981792153110932
2.393999999999847	0.2661511117678765	-0.2023505140047166
2.394999999999847	0.2659468873752497	-0.2060974961292845
2.395999999999847	0.2657391015518902	-0.2094733619087393
2.396999999999847	0.2655281082846138	-0.2125123717431342
2.397999999999847	0.265314227309999	-0.2152487655770912
2.398999999999847	0.2650977462616426	-0.2177125093083371
2.399999999999847	0.2648789241986481	-0.2199307859170166
2.400999999999847	0.2646579943823491	-0.2219280078651809
2.401999999999846	0.2644351668750783	-0.2237261606046927
2.402999999999846	0.26421063085414	-0.2253450286612221
2.403999999999846	0.2639845567006203	-0.2268024198746374
2.404999999999846	0.2637570978777631	-0.2281143620250362
2.405999999999846	0.263528392621903	-0.2292952810935409
2.406999999999846	0.2632985654642115	-0.2303581613727337
2.407999999999846	0.2630677286002986	-0.2313146896471097
2.408999999999846	0.2628359831228513	-0.2321753849352305
2.409999999999846	0.262603420131016	-0.2329497152627329
2.410999999999845	0.2623701217288452	-0.233646202756777
2.411999999999845	0.2621361619239059	-0.2342725182313748
2.412999999999845	0.2619016074360302	-0.2348355663141141
2.413999999999845	0.2616665184251966	-0.2353415620602397
2.414999999999845	0.2614309491466266	-0.2357960999053308
2.415999999999845	0.2611949485403775	-0.236204215722722
2.416999999999845	0.2609585607619795	-0.2365704426751936
2.417999999999845	0.2607218256600137	-0.2368988614815037
2.418999999999845	0.2604847792059372	-0.2371931456562794
2.419999999999844	0.2602519287621284	-0.2285068568395591
2.420999999999844	0.2600262219141914	-0.2229059810147769
2.421999999999844	0.2598061232502358	-0.2172905101468059
2.422999999999844	0.2595912977370778	-0.2123596994192102
2.423999999999844	0.2593811821331329	-0.2078707095822339
2.424999999999844	0.2591753348915037	-0.2038229909734638
2.425999999999844	0.2589733422336145	-0.2001615567173224
2.426999999999844	0.2587748358080928	-0.1968505394548163
2.427999999999844	0.2585794830399071	-0.193854253999205
2.428999999999844	0.2583869848294833	-0.1911414347492968
2.429999999999843	0.258197071885957	-0.1886837299998893
2.430999999999843	0.2580095018260238	-0.1864556764381485
2.431999999999843	0.257824056463193	-0.1844343438420575
2.432999999999843	0.2576360645118478	-0.191548843744925
2.433999999999843	0.2574424309236708	-0.1957175960085333
2.434999999999843	0.2572445584617639	-0.200026575040632
2.435999999999843	0.2570426628420684	-0.2037638962403064
2.436999999999843	0.2568371999864432	-0.2071610332866858
2.437999999999843	0.2566285149189312	-0.2102083077110329
2.438999999999842	0.2564169346115568	-0.2129515019510514
2.439999999999842	0.2562027493529367	-0.2154182002446877
2.440999999999842	0.2559862215238933	-0.2176366338370535
2.441999999999842	0.2557675871106186	-0.2196313606432605
2.442999999999842	0.2555470586624808	-0.2214246963066748
2.443999999999842	0.2553248275551329	-0.2230366725344257
2.444999999999842	0.2551010661270273	-0.224485331947733
2.445999999999842	0.2548759295773597	-0.2257869103740772
2.446999999999842	0.2546495576804518	-0.2269560216749469
2.447999999999841	0.2544220763271434	-0.2280058189004893
2.448999999999841	0.2541935989124376	-0.2289481406260628
2.449999999999841	0.253964227584289	-0.2297936423308522
2.450999999999841	0.2537340543675408	-0.2305519147196846
2.451999999999841	0.2535031621754666	-0.2312315901924091
2.452999999999841	0.2532716257201636	-0.231840438671408
2.453999999999841	0.2530395123319091	-0.2323854538450983
2.454999999999841	0.252806882696587	-0.2328729307874075
2.455999999999841	0.2525737915193742	-0.2333085358152293
2.45699999999984	0.2523402881220632	-0.2336973693601641
2.45799999999984	0.2521064169806559	-0.2340440225530883
2.45899999999984	0.2518722182092027	-0.2343526281502782
2.45999999999984	0.2516377279952606	-0.2346269063669323
2.46099999999984	0.2514029789918099	-0.2348702061273508
2.46199999999984	0.2511680006699838	-0.2350855421901095
2.46299999999984	0.2509328196365277	-0.2352756285607276
2.46399999999984	0.2506974599195178	-0.2354429085630801
2.46499999999984	0.2504619432255101	-0.235589581903682
2.465999999999839	0.2502262891709804	-0.2357176290295566
2.466999999999839	0.2499905154906224	-0.2358288330503291
2.467999999999839	0.2497546382248206	-0.2359247994681241
2.468999999999839	0.24951867188838	-0.2360069739344877
2.469999999999839	0.2492826296223858	-0.2360766582316289
2.470999999999839	0.2490509982120556	-0.2271852793685438
2.471999999999839	0.2488267066936269	-0.221396902361445
2.472999999999839	0.248608202930824	-0.2156097901361851
2.473999999999839	0.2483906619275905	-0.2194713868477348
2.474999999999838	0.2481705885930199	-0.2206744431078775
2.475999999999838	0.2479490910310179	-0.2223198362324825
2.476999999999838	0.2477261033867561	-0.2236546018972826
2.477999999999838	0.2475018322268216	-0.2248868626344863
2.478999999999838	0.247276397106005	-0.2259825191736026
2.479999999999838	0.2470499223014534	-0.2269662260899531
2.480999999999838	0.246822515584848	-0.2278463396768112
2.481999999999838	0.2465942750601481	-0.228633839048425
2.482999999999838	0.2463652888329584	-0.229337741761305
2.483999999999837	0.2461356363338428	-0.2299663803081276
2.484999999999837	0.2459053891041577	-0.2305272005805603
2.485999999999837	0.2456746116045773	-0.231026918024495
2.486999999999837	0.2454433619174562	-0.2314715738092762
2.487999999999837	0.2452116923852861	-0.2318666064690898
2.488999999999837	0.2449796501837296	-0.2322169111088388
2.489999999999837	0.2447472778377483	-0.2325268940070631
2.490999999999837	0.2445146136860242	-0.232800521429226
2.491999999999837	0.2442816922989659	-0.2330413636420047
2.492999999999836	0.2440485448549121	-0.2332526345055846
2.493999999999836	0.2438151994787198	-0.2334372271118773
2.494999999999836	0.2435816815464962	-0.2335977458576418
2.495999999999836	0.2433480139598617	-0.2337365353106255
2.496999999999836	0.2431142173927894	-0.2338557061890229
2.497999999999836	0.2428803105137644	-0.2339571587430182
2.498999999999836	0.2426463101857305	-0.2340426037981819
2.499999999999836	0.2424122316460457	-0.2341135816945397
2.500999999999836	0.2421780886684451	-0.2341714793317471
2.501999999999835	0.2419438937088119	-0.2342175455097579
2.502999999999835	0.2417096580363731	-0.2342529047354391
2.503999999999835	0.2414753918517809	-0.2342785696485361
2.504999999999835	0.2412411043933874	-0.2342954522050546
2.505999999999835	0.2410068040328966	-0.2343043737423165
2.506999999999835	0.2407724983614537	-0.2343060740375233
2.507999999999835	0.2405381942671289	-0.2343012194604761
2.508999999999835	0.2403038980046566	-0.2342904103110361
2.509999999999835	0.2400696152582033	-0.2342741874228529
2.510999999999834	0.2398353511978621	-0.2342530381067319
2.511999999999834	0.2396011105305016	-0.2342274014996792
2.512999999999834	0.2393668975455322	-0.234197673379054
2.513999999999834	0.2391282412749472	-0.2431139556979286
2.514999999999834	0.2388822270467507	-0.2489135604260725
2.515999999999834	0.2386304200527284	-0.2546994651510991
2.516999999999834	0.2383731822841672	-0.2597750886852675
2.517999999999834	0.2381155762809133	-0.2554359330671269
2.518999999999834	0.237860983964624	-0.2537477262163075
2.519999999999833	0.2376082772581715	-0.2516647205426408
2.520999999999833	0.2373574837258011	-0.2499213853079937
2.521999999999833	0.2371083675673779	-0.2483099790041858
2.522999999999833	0.2368607817598194	-0.2468606893731271
2.523999999999833	0.2366145777411927	-0.2455464063683999
2.524999999999833	0.2363696259200922	-0.2443562990536142
2.525999999999833	0.236125808689939	-0.2432772287581674
2.526999999999833	0.2358830205018194	-0.2422982188674107
2.527999999999833	0.2356411663403198	-0.2414091790370118
2.528999999999832	0.2354001607491438	-0.2406010814124905
2.529999999999832	0.2351599268548478	-0.239865788175834
2.530999999999832	0.2349203955130324	-0.2391959790863182
2.531999999999832	0.2346815045337119	-0.2385850655835393
2.532999999999832	0.2344431979857013	-0.2380271186502317
2.533999999999832	0.2342054255701803	-0.2375168025965272
2.534999999999832	0.2339681420569996	-0.2370493157888317
2.535999999999832	0.2337313067773366	-0.2366203372250928
2.536999999999832	0.2334948831670938	-0.2362259784727423
2.537999999999832	0.2332588383559591	-0.2358627404078197
2.538999999999831	0.2330231427975631	-0.2355274742814614
2.539999999999831	0.2327877699366236	-0.2352173466794444
2.540999999999831	0.2325526959093788	-0.2349298079858712
2.541999999999831	0.2323178992739794	-0.2346625640004823
2.542999999999831	0.2320833607678449	-0.2344135503942598
2.543999999999831	0.231849063089287	-0.2341809097194837
2.544999999999831	0.2316149907009734	-0.233962970718799
2.545999999999831	0.2313811296530476	-0.2337582297033906
2.546999999999831	0.2311474674239406	-0.233565333793355
2.54799999999983	0.2309139927771028	-0.2333830658340502
2.54899999999983	0.2306806956320666	-0.2332103308208234
2.54999999999983	0.2304475669484049	-0.2330461436812807
2.55099999999983	0.2302145986212966	-0.232889618279343
2.55199999999983	0.2299817833875384	-0.23273995751891
2.55299999999983	0.2297446398598243	-0.2415461895630145
2.55399999999983	0.2295002439671752	-0.2472446595570039
2.55499999999983	0.2292501524209613	-0.2529374748195613
2.55599999999983	0.2289947195588664	-0.2579272707998703
2.556999999999829	0.2287345261302414	-0.262458589582015
2.557999999999829	0.2284700295714234	-0.266533514637483
2.558999999999829	0.2282016580926811	-0.2702084145202756
2.559999999999829	0.2279297931638604	-0.2735204013428368
2.560999999999829	0.2276547792953303	-0.2765062818055427
2.561999999999829	0.2273769264559478	-0.2791983321001863
2.562999999999829	0.2270965138451858	-0.281625814684731
2.563999999999829	0.2268182677702608	-0.2748652686611173
2.564999999999829	0.2265453329256337	-0.2710033743799903
2.565999999999828	0.226276351350021	-0.2669587457216455
2.566999999999828	0.2260111477694531	-0.2634473987104614
2.567999999999828	0.2257493027786852	-0.2602415789367427
2.568999999999828	0.2254905043363654	-0.2573543134348756
2.569999999999828	0.22523445527144	-0.2547428346317924
2.570999999999828	0.224980892231554	-0.2523822728314026
2.571999999999828	0.2247295771927515	-0.2502468410292719
2.572999999999828	0.2244802962031004	-0.2483141822740329
2.573999999999828	0.2242328566560031	-0.246563962929841
2.574999999999827	0.2239870852351003	-0.2449779362298596
2.575999999999827	0.2237428259649731	-0.2435396671260087
2.576999999999827	0.2234999384817024	-0.242234367726929
2.577999999999827	0.2232582964701443	-0.241048728427394
2.578999999999827	0.2230177862590376	-0.2399707711151447
2.579999999999827	0.2227783055562145	-0.2389897157597108
2.580999999999827	0.2225397623103892	-0.2380958606666662
2.581999999999827	0.2223020736867459	-0.23728047462543
2.582999999999827	0.2220651651449769	-0.2365356998625738
2.583999999999826	0.2218289696095169	-0.2358544646947585
2.584999999999826	0.2215934267227576	-0.2352304049176661
2.585999999999826	0.2213584821729419	-0.2346577930557425
2.586999999999826	0.2211240870892722	-0.2341314746870654
2.587999999999826	0.2208901974975088	-0.2336468111357246
2.588999999999826	0.2206567738300122	-0.2331996278949868
2.589999999999826	0.2204193056036667	-0.241735913260709
2.590999999999826	0.2201748425397684	-0.2471892761001024
2.591999999999826	0.219924917741512	-0.2526593609572481
2.592999999999825	0.2196698642781009	-0.2574465866655644
2.593999999999825	0.2194102437362551	-0.2617935002355264
2.594999999999825	0.2191464962850631	-0.2657003894537718
2.595999999999825	0.218879034573508	-0.2692220066397386
2.596999999999825	0.2186082260456345	-0.2723940091770694
2.597999999999825	0.2183344025680636	-0.2752518943929973
2.598999999999825	0.2180578627098696	-0.2778267599267431
2.599999999999825	0.217778875390428	-0.2801468074226862
2.600999999999825	0.2174976827635625	-0.2822373662373185
2.601999999999824	0.217214502912996	-0.2841212471238636
2.602999999999824	0.2169295322533368	-0.2858189774753074
2.603999999999824	0.2166429476972009	-0.2873490338079177
2.604999999999824	0.2163549086040707	-0.2887280458060864
2.605999999999824	0.2160655585346607	-0.2899709812600513
2.606999999999824	0.2157795017108616	-0.2821415671683054
2.607999999999824	0.2154997729198792	-0.2773149398754907
2.608999999999824	0.2152249152583907	-0.272399326834957
2.609999999999824	0.2149546643780066	-0.268101395308274
2.610999999999823	0.2146885206803723	-0.2641849770602305
2.611999999999823	0.2144260999242754	-0.2606555264839282
2.612999999999823	0.2141670399328912	-0.2574634604962011
2.613999999999823	0.2139110188229152	-0.2545777752931682
2.614999999999823	0.2136577458669278	-0.2519671630292277
2.615999999999823	0.2134069596544149	-0.2496042978512942
2.616999999999823	0.2131584248407344	-0.2474643739680789
2.617999999999823	0.2129119296201104	-0.2455251195294092
2.618999999999823	0.2126672833516152	-0.2437664767693157
2.619999999999822	0.212424314447481	-0.2421703972079872
2.620999999999822	0.2121828684663508	-0.2407206365687862
2.621999999999822	0.2119428063987647	-0.239402575393928
2.622999999999822	0.2117040031237092	-0.2382030563012665
2.623999999999822	0.2114663460196114	-0.2371102378397206
2.624999999999822	0.2112297337142112	-0.2361134628781306
2.625999999999822	0.2109940749594539	-0.2352031401755168
2.626999999999822	0.2107548127377975	-0.2433203827690181
2.627999999999822	0.2105089548678203	-0.2483944113965591
2.628999999999821	0.2102579967188114	-0.2535209211608724
2.629999999999821	0.2100022373780995	-0.2579967762788116
2.630999999999821	0.2097422078274832	-0.2620613244857996
2.631999999999821	0.2094783206705061	-0.2657119741015996
2.632999999999821	0.2092109637261642	-0.2690008858065372
2.633999999999821	0.2089404820706363	-0.2719613843906262
2.634999999999821	0.2086671874187043	-0.2746268677288757
2.635999999999821	0.2083913601821457	-0.27702654383602
2.636999999999821	0.2081132529182439	-0.2791869135773845
2.63799999999982	0.2078330930345324	-0.2811317754917647
2.63899999999982	0.2075510853227811	-0.2828825624803769
2.63999999999982	0.2072674142146647	-0.2844585617537866
2.64099999999982	0.2069822458180994	-0.2858771335489353
2.64199999999982	0.2066957297483916	-0.2871539027841393
2.64299999999982	0.2064080007766672	-0.2883029328459519
2.64399999999982	0.2061191803133635	-0.2893368816730558
2.64499999999982	0.2058293777434018	-0.2902671423128255
2.64599999999982	0.2055386916278407	-0.2911039694019761
2.646999999999819	0.2052472107853695	-0.2918565930042161
2.647999999999819	0.2049550152656576	-0.2925333210628732
2.648999999999819	0.2046666521064577	-0.2841918866729916
2.649999999999819	0.2043851046049666	-0.2789020318325354
2.650999999999819	0.2041088694925376	-0.2735671289496375
2.651999999999819	0.2038376406678347	-0.2688894756057014
2.652999999999819	0.2035708809308281	-0.2646289707160968
2.653999999999819	0.2033081721749138	-0.2607875289722623
2.654999999999819	0.2030491217206663	-0.2573123814229766
2.655999999999819	0.2027933802088299	-0.2541696568470498
2.656999999999818	0.2025406321601528	-0.2513254665877804
2.657999999999818	0.2022905938641315	-0.2487501619271048
2.658999999999818	0.2020430098829282	-0.2464168463608032
2.659999999999818	0.2017976503038192	-0.2443013662631542
2.660999999999818	0.2015543081666862	-0.2423819701368244
2.661999999999818	0.201312797173685	-0.2406390850109471
2.662999999999818	0.2010684747406385	-0.2480048393446554
2.663999999999818	0.2008182716549488	-0.2524003675816492
2.664999999999818	0.2005636139368275	-0.2569140869863782
2.665999999999817	0.2003047382385321	-0.260836311617982
2.666999999999817	0.200042119329513	-0.2644004939497272
2.667999999999817	0.1997761192015326	-0.2675987364500536
2.668999999999817	0.1995070801024321	-0.2704784244170834
2.669999999999817	0.1992353060739147	-0.2730685846815622
2.670999999999817	0.1989610718794134	-0.2753987468402537
2.671999999999817	0.1986846246542849	-0.2774946373430301
2.672999999999817	0.1984061869869423	-0.2793796235328393
2.673999999999817	0.1981259592929568	-0.2810746836647798
2.674999999999816	0.1978441220514673	-0.2825987122716239
2.675999999999816	0.197560837793029	-0.2839687119196632
2.676999999999816	0.1972762528949099	-0.2851999865537598
2.677999999999816	0.1969904991953062	-0.2863063103175673
2.678999999999816	0.1967036954465279	-0.2873000807890943
2.679999999999816	0.1964159486227732	-0.2881924565684266
2.680999999999816	0.196127355097154	-0.2889934811877383
2.681999999999816	0.195838001701016	-0.2897121946100443
2.682999999999816	0.1955479666773331	-0.290356733583146
2.683999999999815	0.1952573205387654	-0.2909344219569223
2.684999999999815	0.1949661268399159	-0.2914518519692135
2.685999999999815	0.1946744428723649	-0.2919149574030453
2.686999999999815	0.1943823202902056	-0.2923290794281564
2.687999999999815	0.1940898056730295	-0.292699025858378
2.688999999999815	0.1937969410326179	-0.293029124483284
2.689999999999815	0.1935082391500335	-0.2843735262088198
2.690999999999815	0.1932266524687813	-0.2787987492250346
2.691999999999815	0.1929506499291903	-0.2732052643860769
2.692999999999814	0.1926799003954526	-0.2682927577429637
2.693999999999814	0.1924138441140893	-0.2638187777038224
2.694999999999814	0.1921520426580987	-0.259783123373864
2.695999999999814	0.1918940850375335	-0.2561311216451709
2.696999999999814	0.1916396053916325	-0.2528271874269454
2.697999999999814	0.1913882733678819	-0.2498358894517947
2.698999999999814	0.1911353169670012	-0.2560759353663758
2.699999999999814	0.1908775504177411	-0.2594561675839309
2.700999999999814	0.1906162948325796	-0.2630539936431439
2.701999999999813	0.1903516924220049	-0.2661498054312759
2.702999999999813	0.1900841329381761	-0.2689681286760693
2.703999999999813	0.1898139018364617	-0.2714930308284574
2.704999999999813	0.1895412724615437	-0.2737646657635707
2.705999999999813	0.1892664868219144	-0.2758055518649863
2.706999999999813	0.1889897638308833	-0.2776393610258753
2.707999999999813	0.1887113003385708	-0.2792865476459359
2.708999999999813	0.1884312736566671	-0.2807657341104992
2.709999999999813	0.1881498434317957	-0.2820936280997579
2.710999999999812	0.1878671534312577	-0.2832852805166962
2.711999999999812	0.1875833331252817	-0.284354234548785
2.712999999999812	0.1872984991172813	-0.2853126805883779
2.713999999999812	0.187012756429534	-0.2861715904707244
2.714999999999812	0.186726199660685	-0.2869408395855514
2.715999999999812	0.1864389140274059	-0.287629316453203
2.716999999999812	0.1861509763019169	-0.2882450214242278
2.717999999999812	0.1858624556557532	-0.288795155488751
2.718999999999812	0.18557341441916	-0.2892862002099794
2.719999999999811	0.1852839087645514	-0.2897239896630958
2.720999999999811	0.1849939893216272	-0.290113775180587
2.721999999999811	0.1847037017309808	-0.2904602836229678
2.722999999999811	0.1844130871423508	-0.2907677698224597
2.723999999999811	0.1841221826630501	-0.2910400637823051
2.724999999999811	0.1838310217615562	-0.2912806131561611
2.725999999999811	0.1835396346307457	-0.2914925214795621
2.726999999999811	0.1832480485148088	-0.2916785825782462
2.727999999999811	0.1829562880034762	-0.2918413115356591
2.72899999999981	0.1826643752968259	-0.291982972563718
2.72999999999981	0.1823768053246622	-0.2831558593018945
2.73099999999981	0.1820965144435543	-0.2774248185544861
2.73199999999981	0.1818219570947559	-0.271688816809954
2.73299999999981	0.1815527890726006	-0.2666461860670705
2.73399999999981	0.1812839639591162	-0.2710030007433018
2.73499999999981	0.1810121144571347	-0.2726949513070684
2.73599999999981	0.180738381920345	-0.2747690630203428
2.73699999999981	0.1804627508466733	-0.2764920176708911
2.737999999999809	0.1801854680043674	-0.2780725938426035
2.738999999999809	0.1799066903988332	-0.2794815382880242
2.739999999999809	0.1796265756859963	-0.2807468032179053
2.740999999999809	0.1793452617506401	-0.2818799786295014
2.741999999999809	0.1790628737710591	-0.2828948874546897
2.742999999999809	0.1787795242172819	-0.2838031232433707
2.743999999999809	0.1784953144392012	-0.2846153326753434
2.744999999999809	0.1782103356985283	-0.2853410453944191
2.745999999999809	0.1779246701968802	-0.2859888519101235
2.746999999999808	0.1776383919762345	-0.2865664809603921
2.747999999999808	0.1773515677355474	-0.2870808898217338
2.748999999999808	0.1770642575641619	-0.2875383404183183
2.749999999999808	0.1767765156022664	-0.2879444691124597
2.750999999999808	0.1764883906352133	-0.2883043491930372
2.751999999999808	0.1761999266284333	-0.2886225471958218
2.752999999999808	0.1759111632088555	-0.2889031735715965
2.753999999999808	0.1756221360981899	-0.2891499282925158
2.754999999999808	0.1753328775028848	-0.2893661418965774
2.755999999999807	0.1750434164650912	-0.2895548124279698
2.756999999999807	0.1747537791785342	-0.2897186386833159
2.757999999999807	0.1744639892728001	-0.2898600501333208
2.758999999999807	0.1741740680691985	-0.2899812338522603
2.759999999999807	0.1738840348110406	-0.2900841587545305
2.760999999999807	0.173593906870893	-0.290170597407553
2.761999999999807	0.1733036999371094	-0.2902421456634
2.762999999999807	0.1730134281817117	-0.2903002403272673
2.763999999999807	0.1727231044114868	-0.2903461750591103
2.764999999999807	0.1724327402039762	-0.2903811146851283
2.765999999999806	0.1721423460298695	-0.2904061080781098
2.766999999999806	0.1718519313631624	-0.2904220997497562
2.767999999999806	0.171561504780301	-0.2904299402837827
2.768999999999806	0.1712710740494152	-0.2904303957257215
2.769999999999806	0.1709806462106318	-0.2904241560337556
2.770999999999806	0.1706902276483588	-0.2904118426844808
2.771999999999806	0.1703998241563446	-0.2903940155181031
2.772999999999806	0.1701094409962344	-0.2903711788991273
2.773999999999806	0.1698190829502733	-0.2903437872609895
2.774999999999805	0.1695287543687428	-0.290312250096237
2.775999999999805	0.1692384592126558	-0.2902769364477019
2.776999999999805	0.1689482010921855	-0.2902381789505697
2.777999999999805	0.1686579833012543	-0.2901962774702522
2.778999999999805	0.1683678088486663	-0.2901515023764847
2.779999999999805	0.1680776804861301	-0.2901040974900258
2.780999999999805	0.1677876007334813	-0.290054282734698
2.781999999999805	0.1674975719013865	-0.2900022565242369
2.782999999999805	0.1672075961117792	-0.2899481979104666
2.783999999999804	0.1669176753162548	-0.2898922685166692
2.784999999999804	0.1666278113126294	-0.2898346142776294
2.785999999999804	0.1663380057598456	-0.2897753670056861
2.786999999999804	0.1660482601913895	-0.2897146458001905
2.787999999999804	0.16575857602737	-0.2896525583160299
2.788999999999804	0.1654689545853924	-0.2895892019053108
2.789999999999804	0.1651793970903473	-0.2895246646448858
2.790999999999804	0.1648899046832234	-0.2894590262611381
2.791999999999804	0.1646004784290422	-0.2893923589623004
2.792999999999803	0.164311119324001	-0.2893247281875532
2.793999999999803	0.1640218283019055	-0.2892561932812237
2.794999999999803	0.163732606239961	-0.2891868080995776
2.795999999999803	0.1634434539639872	-0.2891166215569427
2.796999999999803	0.1631543722531148	-0.2890456781172313
2.797999999999803	0.1628653618440144	-0.2889740182363217
2.798999999999803	0.1625764234347056	-0.2889016787602137
2.799999999999803	0.1622875576879877	-0.2888286932833787
2.800999999999803	0.1619987652345301	-0.2887550924712872
2.801999999999802	0.1617055717946389	-0.2976306490107024
2.802999999999802	0.1614050596985576	-0.3033923763807656
2.803999999999802	0.1610987914240801	-0.3091429833956667
2.804999999999802	0.1607871265038462	-0.3141856468784049
2.805999999999802	0.1604706503678533	-0.3187653961692252
2.806999999999802	0.1601542995511911	-0.3139350086407702
2.807999999999802	0.1598414243094426	-0.3118142597770867
2.808999999999802	0.1595308476106022	-0.3093379316906443
2.809999999999802	0.1592225580482448	-0.3072399956340013
2.810999999999801	0.1589162834525485	-0.3053080061360475
2.811999999999801	0.1586118443677163	-0.303568980977293
2.812999999999801	0.1583090629435752	-0.3019926911355982
2.813999999999801	0.1580077832303439	-0.3005655649347604
2.814999999999801	0.1577078638751428	-0.2992719803041852
2.815999999999801	0.157409177939977	-0.2980987296004408
2.816999999999801	0.1571116111404126	-0.2970337133947633
2.817999999999801	0.1568150606596976	-0.2960660957961041
2.818999999999801	0.1565194339816632	-0.2951861115692554
2.8199999999998	0.1562246478652855	-0.2943849756953718
2.8209999999998	0.1559306274155579	-0.2936547811914123
2.8219999999998	0.1556373052488369	-0.2929884123430493
2.8229999999998	0.1553446207412666	-0.2923794653156798
2.8239999999998	0.1550525193524605	-0.2918221770289561
2.8249999999998	0.1547609520167929	-0.2913113610627466
2.8259999999998	0.1544698745955697	-0.2908423499927983
2.8269999999998	0.1541792473839833	-0.2904109434877805
2.8279999999998	0.1538890346673746	-0.290013361597908
2.828999999999799	0.1535992043218704	-0.2896462027143999
2.829999999999799	0.1533097274549604	-0.289306405733087
2.830999999999799	0.1530205780820182	-0.2889912160016532
2.831999999999799	0.1527317328351727	-0.288698154672171
2.832999999999799	0.1524431707012942	-0.2884249911183966
2.833999999999799	0.1521548727861849	-0.2881697181113476
2.834999999999799	0.1518668221023521	-0.2879305294773371
2.835999999999799	0.1515745284970033	-0.2966555445945537
2.836999999999799	0.1512750599980867	-0.302280288659445
2.837999999999798	0.1509699661950347	-0.3079061309348836
2.838999999999798	0.1506595950047449	-0.3128350425550924
2.839999999999798	0.1503445213869254	-0.3173109676472092
2.840999999999798	0.150025197556363	-0.3213354514507529
2.841999999999798	0.1497020470131315	-0.3249643780400731
2.842999999999798	0.1493754469771726	-0.3282344234256033
2.843999999999798	0.1490502130042823	-0.3222322571548997
2.844999999999798	0.1487295698447363	-0.3190528145351278
2.845999999999798	0.1484122316427166	-0.3156223549007515
2.846999999999797	0.1480980879935982	-0.3126637211030244
2.847999999999797	0.1477867778692627	-0.3099553163029835
2.848999999999797	0.1474780417575077	-0.3075157059017723
2.849999999999797	0.1471716297545845	-0.3053071076279466
2.850999999999797	0.1468673210395402	-0.3033091382747237
2.851999999999797	0.1465649158576572	-0.3015000486599745
2.852999999999797	0.1462642346903456	-0.2998611157889928
2.853999999999797	0.1459651159121183	-0.2983752765204877
2.854999999999797	0.145667414080786	-0.297027227462652
2.855999999999796	0.1453709982989233	-0.2958031825363633
2.856999999999796	0.1450757507641137	-0.2946907378539549
2.857999999999796	0.1447815654579421	-0.2936787293456639
2.858999999999796	0.1444883469676478	-0.2927571098137056
2.859999999999796	0.1441960094252251	-0.2919168369836213
2.860999999999796	0.143904475552712	-0.2911497730747947
2.861999999999796	0.1436136758029294	-0.2904485943328797
2.862999999999796	0.1433235475861531	-0.2898067096292664
2.863999999999796	0.1430340345741195	-0.2892181871955533
2.864999999999795	0.1427450860736332	-0.2886776886858556
2.865999999999795	0.1424566564628152	-0.2881804098325824
2.866999999999795	0.142168704683729	-0.2877220270367296
2.867999999999795	0.1418811937857448	-0.2872986492991396
2.868999999999795	0.1415896156335804	-0.29585651951162
2.869999999999795	0.1412910220555058	-0.3013294737495195
2.870999999999795	0.1409869480460021	-0.3068173609754374
2.871999999999795	0.1406777283713435	-0.3116207839660434
2.872999999999795	0.1403639261406019	-0.3159824552388082
2.873999999999794	0.1400459828880023	-0.3199028114972571
2.874999999999794	0.1397243124862117	-0.3234367390463389
2.875999999999794	0.1393992834756906	-0.326620015817378
2.876999999999794	0.1390712287049742	-0.3294882475914691
2.877999999999794	0.1387404476220374	-0.3320726295775205
2.878999999999794	0.1384072099324838	-0.3344014511940915
2.879999999999794	0.1380762333739838	-0.3275503762203997
2.880999999999794	0.1377506549019777	-0.3236052991809228
2.881999999999794	0.1374291095626277	-0.3194841265669177
2.882999999999794	0.1371114157615607	-0.3159022375683982
2.883999999999793	0.1367971483782008	-0.3126313044515778
2.884999999999793	0.1364859902006151	-0.3096838380844701
2.885999999999793	0.1361776393776143	-0.3070166061711885
2.886999999999793	0.1358718283182835	-0.3046043205928045
2.887999999999793	0.1355683151576951	-0.3024208175929903
2.888999999999793	0.1352668824609468	-0.3004434009732264
2.889999999999793	0.1349673344608413	-0.2986514316056704
2.890999999999793	0.1346694949707228	-0.2970263876119958
2.891999999999793	0.1343732054063168	-0.2955515861759462
2.892999999999792	0.1340783230303127	-0.2942120162478124
2.893999999999792	0.1337847193662596	-0.2929941672136965
2.894999999999792	0.1334922787726309	-0.2918858798882033
2.895999999999792	0.133200897159096	-0.2908762111105241
2.896999999999792	0.1329104808312622	-0.2899553122052213
2.897999999999792	0.1326209454509213	-0.2891143195158975
2.898999999999792	0.1323322151002779	-0.2883452559057789
2.899999999999792	0.1320442214397556	-0.2876409421031935
2.900999999999792	0.1317569029500244	-0.2869949169137848
2.901999999999791	0.1314657293688483	-0.2953511099156316
2.902999999999791	0.1311677325953362	-0.3006412749315517
2.903999999999791	0.1308644296730074	-0.3059633868082166
2.904999999999791	0.1305561391976276	-0.310616361533083
2.905999999999791	0.1302434097102564	-0.3148413934279281
2.906999999999791	0.1299266696194371	-0.3186375527353051
2.907999999999791	0.1296063209703376	-0.3220584958607197
2.908999999999791	0.1292827216443684	-0.3251388937417757
2.909999999999791	0.128956194882702	-0.3279133557813269
2.91099999999979	0.1286270314725542	-0.3304121803643051
2.91199999999979	0.128295493310795	-0.3326628496844627
2.91299999999979	0.1279618162122818	-0.3346900454715425
2.91399999999979	0.1276262125370772	-0.3365159954940881
2.91499999999979	0.1272888735300251	-0.3381607023388473
2.91599999999979	0.1269544463135763	-0.3306924255930442
2.91699999999979	0.1266260042686432	-0.3261903826079555
2.91799999999979	0.1263021252085346	-0.3215664736974743
2.91899999999979	0.1259825760123779	-0.3175306715499498
2.919999999999789	0.1256668851692273	-0.3138497826934724
2.920999999999789	0.1253546936993152	-0.310531938681763
2.921999999999789	0.1250456621440164	-0.3075299657523803
2.922999999999789	0.1247394890494304	-0.3048150283667023
2.923999999999789	0.1244359020577472	-0.3023577699953797
2.924999999999789	0.1241346562743703	-0.3001326208482279
2.925999999999789	0.1238355312023736	-0.2981163554696002
2.926999999999789	0.1235383283824357	-0.2962881241911607
2.927999999999789	0.1232428691690692	-0.2946291490910608
2.928999999999788	0.1229489927541517	-0.2931225334303566
2.929999999999788	0.1226565543818757	-0.2917530693810251
2.930999999999788	0.1223654237437615	-0.290507070171531
2.931999999999788	0.1220754835337812	-0.2893722177204994
2.932999999999788	0.1217866281480689	-0.2883374258313287
2.933999999999788	0.1214942876336692	-0.2963424614464261
2.934999999999788	0.1211954581536121	-0.301315331766266
2.935999999999788	0.1208916245746902	-0.3063506395918929
2.936999999999788	0.1205830765194299	-0.3107442659878918
2.937999999999787	0.1202703364388757	-0.3147346737631215
2.938999999999787	0.1199538092465386	-0.3183184747167086
2.939999999999787	0.1196338758281208	-0.3215471125735391
2.940999999999787	0.1193108750076582	-0.3244532667774529
2.941999999999787	0.118985112860912	-0.3270697543060209
2.942999999999787	0.118656864712534	-0.3294252602808411
2.943999999999787	0.1183263785294735	-0.3315458148784
2.944999999999787	0.1179938775761262	-0.3334547929329507
2.945999999999787	0.117659562903686	-0.3351732459274603
2.946999999999786	0.1173236155656411	-0.3367201177123379
2.947999999999786	0.1169861986179545	-0.3381124594170809
2.948999999999786	0.1166474589176737	-0.3393656176804332
2.949999999999786	0.1163075287420719	-0.3404934053548921
2.950999999999786	0.1159710021267439	-0.3325585103793818
2.951999999999786	0.1156409046586704	-0.3276351359165597
2.952999999999786	0.1153157711207771	-0.3226306693671112
2.953999999999786	0.1149953296491276	-0.3182510217169611
2.954999999999786	0.1146790738483842	-0.3142593438662219
2.955999999999785	0.1143666133272871	-0.3106604772119174
2.956999999999785	0.1140575803414198	-0.3074042867584592
2.957999999999785	0.1137516479643133	-0.3044592717658927
2.958999999999785	0.1134485208975813	-0.3017936769324845
2.959999999999785	0.1131479335849342	-0.2993797734821103
2.960999999999785	0.1128496469188391	-0.297192392781356
2.961999999999785	0.1125534456754353	-0.2952089362118508
2.962999999999785	0.1122591361062466	-0.2934090517070447
2.963999999999785	0.111966543795647	-0.2917744257084681
2.964999999999784	0.1116755117263512	-0.2902885751616045
2.965999999999784	0.1113814236589567	-0.2978864099212588
2.966999999999784	0.1110812340844381	-0.3024915655174715
2.967999999999784	0.1107763903506738	-0.3071947101770373
2.968999999999784	0.1104671482991679	-0.311288183763639
2.969999999999784	0.1101539999641304	-0.3150072619249413
2.970999999999784	0.1098373228700876	-0.3183456879340839
2.971999999999784	0.1095174732389018	-0.3213523237621725
2.972999999999784	0.1091947676834799	-0.3240575251945093
2.973999999999783	0.108869492275974	-0.326492017836167
2.974999999999783	0.1085419043242738	-0.328682604493986
2.975999999999783	0.1082122355668091	-0.3306536211819701
2.976999999999783	0.1078806946489526	-0.3324269179092453
2.977999999999783	0.1075474694515014	-0.3340221737375812
2.978999999999783	0.1072127291613884	-0.3354570972600344
2.979999999999783	0.1068766261415573	-0.3367476277965209
2.980999999999783	0.1065392976122959	-0.3379081112795075
2.981999999999783	0.1062008671648296	-0.3389514598484996
2.982999999999782	0.1058614461234612	-0.339889295160797
2.983999999999782	0.1055211347715256	-0.3407320774522372
2.984999999999782	0.1051800234547458	-0.3414892216716066
2.985999999999782	0.1048426684552095	-0.333219457612781
2.986999999999782	0.1045120613665969	-0.327993426177757
2.987999999999782	0.1041867063627199	-0.3227153086454445
2.988999999999782	0.1038663040163984	-0.3180881304012925
2.989999999999782	0.103550323110421	-0.3138724452155234
2.990999999999782	0.1032383508989773	-0.3100707569789272
2.991999999999782	0.1029299995037801	-0.306630826851422
2.992999999999781	0.1026249238631901	-0.303519260544493
2.993999999999781	0.1023228123425695	-0.3007025984745712
2.994999999999781	0.1020233846684921	-0.2981515779241261
2.995999999999781	0.1017263884735794	-0.2958396496251021
2.996999999999781	0.101431596585774	-0.2937429723009489
2.997999999999781	0.1011388044889741	-0.291840075406127
2.998999999999781	0.1008433531815817	-0.2990613830442289
2.999999999999781	0.1005421586543556	-0.30332649256004
3.000999999999781	0.1002366335911963	-0.3077224379247899
3.00199999999978	0.09992700262224141	-0.3115382880431878
3.00299999999978	0.09961372967778648	-0.315006374631268
3.00399999999978	0.09929716697522492	-0.3181177913404387
3.00499999999978	0.09897764794647154	-0.3209190154030474
3.00599999999978	0.09865546868003168	-0.3234382562596838
3.00699999999978	0.09833089676272687	-0.3257043077258927
3.00799999999978	0.09800417285235963	-0.3277422339189018
3.00899999999978	0.09767551368906978	-0.32957480595335
3.00999999999978	0.09734511440663693	-0.3312224653505266
3.010999999999779	0.09701315071236977	-0.3327036234550499
3.011999999999779	0.09667978082408554	-0.3340348478367532
3.012999999999779	0.09634514721962506	-0.3352310508171745
3.013999999999779	0.09600937820986226	-0.3363056539530748
3.014999999999779	0.09567258935480552	-0.3372707373689707
3.015999999999779	0.0953348847379949	-0.3381371738321307
3.016999999999779	0.09499635811348731	-0.3389147495011353
3.017999999999779	0.09465709393814054	-0.3396122725793234
3.018999999999779	0.09431716830067369	-0.3402376711079656
3.019999999999778	0.09397664975782462	-0.3407980809788594
3.020999999999778	0.09364007496783559	-0.3323501807911983
3.021999999999778	0.09331041784914475	-0.3269627654354111
3.022999999999778	0.09298616665406788	-0.3215383546975574
3.023999999999778	0.09266700761239502	-0.3167784785347273
3.024999999999778	0.0923523965845859	-0.3124423447479218
3.025999999999778	0.0920419091812166	-0.3085312457721523
3.026999999999778	0.09173514703131325	-0.3049918523740892
3.027999999999778	0.09143175561646696	-0.3017897888286195
3.028999999999777	0.09113141477767807	-0.2988907121769407
3.029999999999777	0.09083383655640782	-0.2962645645818913
3.030999999999777	0.09053428677463278	-0.3028338254309044
3.031999999999777	0.09022961376728866	-0.3065109956162019
3.032999999999777	0.08992116931089289	-0.3103767087250029
3.033999999999777	0.08960912320692556	-0.3137142766142828
3.034999999999777	0.08929389002669114	-0.3167508487374161
3.035999999999777	0.08897577755168334	-0.319472854844296
3.036999999999777	0.08865507920869659	-0.321922574527543
3.037999999999776	0.08833205506891237	-0.324124439289786
3.038999999999776	0.0880069402909156	-0.3261038427240192
3.039999999999776	0.08767994633452687	-0.3278827886731893
3.040999999999776	0.08735126364920763	-0.3294812939303555
3.041999999999776	0.0870210636947068	-0.3309173210532015
3.042999999999776	0.08668950085935934	-0.3322070502451411
3.043999999999776	0.08635671416163385	-0.3333650409752686
3.044999999999776	0.08602282878775858	-0.3344043982010874
3.045999999999776	0.08568795747403063	-0.3353369167786494
3.046999999999775	0.0853522017512866	-0.3361732127290457
3.047999999999775	0.08501565306483196	-0.3369228410539675
3.048999999999775	0.08467839378240485	-0.3375944018507724
3.049999999999775	0.08434049810134063	-0.3381956357957899
3.050999999999775	0.08400203286502436	-0.3387335100843658
3.051999999999775	0.08366305829770096	-0.3392142957756433
3.052999999999775	0.08332362866580729	-0.3396436374031891
3.053999999999775	0.08298379287317421	-0.3400266156244849
3.054999999999775	0.08264806987764341	-0.3314180592848071
3.055999999999774	0.08231941765449402	-0.325885098546101
3.056999999999774	0.08199631009440811	-0.3203287548614267
3.057999999999774	0.08167842048900312	-0.3154492096087781
3.058999999999774	0.08136519304175759	-0.3110044567895663
3.059999999999774	0.08105619285941763	-0.3069946963409926
3.060999999999774	0.08075101210509332	-0.3033656157039281
3.061999999999774	0.08044928772865984	-0.3000819540826247
3.062999999999774	0.08014621699932868	-0.3060583161911644
3.063999999999774	0.07983858678140225	-0.309200913365117
3.064999999999773	0.07952769345561431	-0.3125845190885402
3.065999999999773	0.07921365696988031	-0.315487220901114
3.066999999999773	0.07889684701131822	-0.3181314538375841
3.067999999999773	0.0785775309544206	-0.3204994077128969
3.068999999999773	0.07825596584735223	-0.3226295453273181
3.069999999999773	0.07793237900856348	-0.3245428631928163
3.070999999999773	0.07760697610721591	-0.3262616632902962
3.071999999999773	0.07727994205077364	-0.3278051669524027
3.072999999999773	0.07695144337976872	-0.3291908866385828
3.073999999999772	0.07662163002417741	-0.3304345309360061
3.074999999999772	0.07629063698387356	-0.3315502514036897
3.075999999999772	0.07595858581611588	-0.3325507816603545
3.076999999999772	0.07562558598051898	-0.3334475833279735
3.077999999999772	0.07529173604797308	-0.3342509721907229
3.078999999999772	0.07495712478906372	-0.334970233035386
3.079999999999772	0.07462183215355503	-0.3356137226834412
3.080999999999772	0.07428593015195178	-0.3361889628010023
3.081999999999772	0.07394948364890197	-0.3367027234075104
3.082999999999771	0.07361255107726342	-0.3371610980386273
3.083999999999771	0.07327518508076619	-0.3375695713915802
3.084999999999771	0.07293743309241155	-0.3379330802062955
3.085999999999771	0.07259933785503379	-0.3382560680583475
3.086999999999771	0.07226093788980875	-0.3385425346726396
3.087999999999771	0.07192226791791406	-0.3387960803057203
3.088999999999771	0.07158783412095074	-0.3300702013992186
3.089999999999771	0.0712605829637209	-0.3244308289908843
3.090999999999771	0.07093897796562888	-0.3187779052487775
3.09199999999977	0.07062268307237668	-0.3138106401194162
3.09299999999977	0.07031113406442577	-0.3092861532418227
3.09399999999977	0.06999941357526474	-0.3141536018399166
3.09499999999977	0.06968418868029351	-0.316294951083173
3.09599999999977	0.06936665208853204	-0.318776986321233
3.09699999999977	0.06904682939385669	-0.32086714791173
3.09799999999977	0.06872500561207272	-0.3227791526573227
3.09899999999977	0.06840137183675157	-0.3244871278545401
3.09999999999977	0.06807611646757897	-0.3260223339677785
3.100999999999769	0.06774940502354256	-0.327399271839029
3.101999999999769	0.06742138754358749	-0.3286344006506015
3.102999999999769	0.0670921988560873	-0.3297416823037977
3.103999999999769	0.06676196041888213	-0.3307338959116384
3.104999999999769	0.0664307815760049	-0.3316224899280603
3.105999999999769	0.06609876078854833	-0.3324177817368427
3.106999999999769	0.06576598671749929	-0.3331290541274621
3.107999999999769	0.06543253920452839	-0.3337646629084188
3.108999999999769	0.06509849015314433	-0.3343321285638457
3.109999999999769	0.06476390432212505	-0.3348382200430915
3.110999999999768	0.06442884003951095	-0.3352890298467492
3.111999999999768	0.06409334984522555	-0.3356900416852245
3.112999999999768	0.06375748106943063	-0.3360461913511743
3.113999999999768	0.06342127635304987	-0.3363619215097761
3.114999999999768	0.06308477411624221	-0.3366412310087127
3.115999999999768	0.06274800898003058	-0.3368877192574809
3.116999999999768	0.06241101214577012	-0.3371046261686986
3.117999999999768	0.06207381173667217	-0.3372948681053092
3.118999999999768	0.06173643310517828	-0.337461070233068
3.119999999999767	0.06139889910959933	-0.3376055956377899
3.120999999999767	0.06106123036309317	-0.3377305715308804
3.121999999999767	0.060723445457747	-0.337837912834322
3.122999999999767	0.06039003604717193	-0.3289795991425412
3.123999999999767	0.06006393550917305	-0.3232201963556235
3.124999999999767	0.05974359557307074	-0.3174584179451065
3.125999999999767	0.05942419468086839	-0.3213421122191273
3.126999999999767	0.05910224079790229	-0.3225643894232698
3.127999999999767	0.05877884474308641	-0.3242264502311156
3.128999999999766	0.05845394306946291	-0.3255756211016079
3.129999999999766	0.0581277444753882	-0.3268202860160122
3.130999999999766	0.05780037039916493	-0.327926580757998
3.131999999999766	0.05747194677827567	-0.3289193712017047
3.132999999999766	0.05714258284412626	-0.3298072035609346
3.133999999999766	0.05681237798009856	-0.3306012276311595
3.134999999999766	0.05648142140919498	-0.3313106143359851
3.135999999999766	0.05614979353379965	-0.3319438339536914
3.136999999999766	0.05581756673631425	-0.3325084561394369
3.137999999999765	0.05548480620100343	-0.3330113074839304
3.138999999999765	0.05515157062834442	-0.3334585289457542
3.139999999999765	0.05481791288427145	-0.3338556486295371
3.140999999999765	0.05448388058291626	-0.3342076420149341
3.141999999999765	0.05414951661147231	-0.3345189874803389
3.142999999999765	0.05381485960247593	-0.3347937159448811
3.143999999999765	0.05347994435888639	-0.3350354556285551
3.144999999999765	0.05314480223665401	-0.3352474723157655
3.145999999999765	0.05280946148903519	-0.3354327055976691
3.146999999999764	0.05247394757647794	-0.3355938014890049
3.147999999999764	0.05213828344552107	-0.3357331417835696
3.148999999999764	0.05180248977980566	-0.3358528704740739
3.149999999999764	0.05146658522598772	-0.3359549175300403
3.150999999999764	0.05113058659706165	-0.3360410202979152
3.151999999999764	0.05079450905535365	-0.3361127427611784
3.152999999999764	0.05045836627721794	-0.3361714928744497
3.153999999999764	0.05012217060126561	-0.3362185381641937
3.154999999999764	0.04978593316177263	-0.336255019769362
3.155999999999763	0.04945413888966209	-0.3273322208345175
3.156999999999763	0.04912971510167151	-0.3215140804673142
3.157999999999763	0.04880663318062346	-0.3246484922015179
3.158999999999763	0.0484816232769364	-0.3253700381498375
3.159999999999763	0.04815566908297249	-0.326537069024716
3.160999999999763	0.04782867448398282	-0.3274508440931375
3.161999999999763	0.04750079833086941	-0.3283001737881
3.162999999999763	0.04717212229670824	-0.3290506030254965
3.163999999999763	0.04684273524293342	-0.3297222102013765
3.164999999999762	0.04651271334118201	-0.3303202964640211
3.165999999999762	0.04618212613086157	-0.3308528250980505
3.166999999999762	0.045851035984993	-0.3313261655640364
3.167999999999762	0.04551949912571215	-0.3317462501473925
3.168999999999762	0.04518756616422586	-0.3321183683986106
3.169999999999762	0.0448552826802582	-0.3324472937130475
3.170999999999762	0.04452268972018703	-0.3327373193699377
3.171999999999762	0.04418982425120975	-0.3329923104349411
3.172999999999762	0.04385671956863455	-0.3332157456064027
3.173999999999761	0.04352340566280947	-0.3334107560932987
3.174999999999761	0.04318990954926934	-0.3335801603013699
3.175999999999761	0.04285625556589286	-0.333726495126643
3.176999999999761	0.04252246564034023	-0.3338520441006111
3.177999999999761	0.04218855953075047	-0.333958862725652
3.178999999999761	0.04185455504237057	-0.3340488012757254
3.179999999999761	0.04152046822252385	-0.3341235253173049
3.180999999999761	0.04118631353608344	-0.3341845341781491
3.181999999999761	0.04085210402340027	-0.3342331775692236
3.18299999999976	0.04051785144244036	-0.3342706705444322
3.18399999999976	0.04018356639671015	-0.3342981069643853
3.18499999999976	0.03984925845039142	-0.3343164716137979
3.18599999999976	0.0395149362319645	-0.3343266511071565
3.18699999999976	0.03918060752747114	-0.3343294437038269
3.18799999999976	0.03884627936445297	-0.3343255681416587
3.18899999999976	0.0385119580874981	-0.3343156715872381
3.18999999999976	0.03817764942623482	-0.3343003367911227
3.19099999999976	0.03784335855652796	-0.3342800885275607
3.191999999999759	0.03750909015555739	-0.3342553993902466
3.192999999999759	0.03717484845139057	-0.3342266950085089
3.193999999999759	0.03684063726759976	-0.334194358741887
3.194999999999759	0.03650646006341927	-0.3341587359052582
3.195999999999759	0.03617231996988893	-0.3341201375714604
3.196999999999759	0.03583821982238496	-0.3340788439936599
3.197999999999759	0.03550416218989968	-0.3340351076854906
3.198999999999759	0.03517014940139499	-0.333989156193187
3.199999999999759	0.03483618356952239	-0.3339411945905121
3.200999999999758	0.03450226661197271	-0.3338914077242
3.201999999999758	0.03416840027069278	-0.3338399622348622
3.202999999999758	0.03383458612918218	-0.3337870083758114
3.203999999999758	0.03350082562806204	-0.3337326816500101
3.204999999999758	0.03316712007908882	-0.333677104283333
3.205999999999758	0.03283347067776847	-0.3336203865505102
3.206999999999758	0.03249987851471088	-0.3335626279684842
3.207999999999758	0.03216634458585069	-0.3335039183704391
3.208999999999758	0.03183286980164777	-0.333444338872434
3.209999999999757	0.03149945499536932	-0.3333839627433814
3.210999999999757	0.03116610093054561	-0.3333228561880356
3.211999999999757	0.03083280830768172	-0.3332610790516889
3.212999999999757	0.03049957777029997	-0.3331986854544071
3.213999999999757	0.03016640991037971	-0.333135724361848
3.214999999999757	0.02983330527325486	-0.3330722400990067
3.215999999999757	0.02950026436202342	-0.333008272812593
3.216999999999757	0.02916728764151766	-0.3329438588871794
3.217999999999757	0.02883437554187902	-0.3328790313197413
3.218999999999757	0.02850152846177714	-0.332813820056751
3.219999999999756	0.02816874677130871	-0.3327482522975697
3.220999999999756	0.027836030814608	-0.3326823527675079
3.221999999999756	0.02749890603129287	-0.3415658881772584
3.222999999999756	0.02715892935846353	-0.3383861205689115
3.223999999999756	0.02682058124976076	-0.3383087663159685
3.224999999999756	0.02648265904585628	-0.337534312635121
3.225999999999756	0.0261453889116046	-0.3370046295627205
3.226999999999756	0.02580864732180891	-0.3364772257899535
3.227999999999756	0.02547240486916603	-0.3360063572084742
3.228999999999755	0.02513661465963153	-0.3355727413403508
3.229999999999755	0.02480123960472489	-0.33517604957425
3.230999999999755	0.02446624505585404	-0.3348117307542129
3.231999999999755	0.02413160015605537	-0.3344767527941371
3.232999999999755	0.02379727706168512	-0.3341681211523302
3.233999999999755	0.02346325074057833	-0.3338832074238718
3.234999999999755	0.02312949866575571	-0.3336196296522636
3.235999999999755	0.02279600057091546	-0.3333752484478381
3.236999999999755	0.02246273822259032	-0.3331481375392192
3.237999999999754	0.02212969521703686	-0.3329365637573319
3.238999999999754	0.02179685679695079	-0.3327389673993703
3.239999999999754	0.02146420968663399	-0.3325539449617191
3.240999999999754	0.02113174194361579	-0.3323802334982731
3.241999999999754	0.02079944282512133	-0.3322166965682564
3.242999999999754	0.02046730266789261	-0.3320623115829371
3.243999999999754	0.02013531278002946	-0.3319161584192606
3.244999999999754	0.01980346534364768	-0.3317774091717308
3.245999999999754	0.01947175332727295	-0.3316453189292089
3.246999999999753	0.01914017040699673	-0.331519217474016
3.247999999999753	0.01880871089551811	-0.3313985018111373
3.248999999999753	0.01847736967828281	-0.3312826294445124
3.249999999999753	0.01814614215600982	-0.3311711123257033
3.250999999999753	0.01781502419296679	-0.331063511407703
3.251999999999753	0.01748401207041923	-0.3309594317433699
3.252999999999753	0.01714862756383313	-0.3398082622795311
3.253999999999753	0.01680594942416897	-0.3455466692040171
3.254999999999753	0.01645753688009069	-0.3512770485448826
3.255999999999752	0.01610822139322378	-0.3473525512218306
3.256999999999752	0.01576150395217351	-0.3460809671228977
3.257999999999752	0.01541628183652048	-0.3443619063015599
3.258999999999752	0.0150726258212293	-0.3429487725520471
3.259999999999752	0.01473033384190949	-0.3416338397171185
3.260999999999752	0.0143892904689945	-0.3404515646469284
3.261999999999752	0.01404937521044028	-0.3393776154263604
3.262999999999752	0.01371048377272511	-0.3384039269896239
3.263999999999752	0.01337252125296911	-0.3375197831556934
3.264999999999751	0.01303540249644862	-0.3367164038315531
3.265999999999751	0.01269905079748147	-0.3359856710604104
3.266999999999751	0.01236339713537676	-0.3353203328467831
3.267999999999751	0.01202837938552001	-0.334713849060404
3.268999999999751	0.01169394163466461	-0.3341603371202302
3.269999999999751	0.0113600335583681	-0.3336545020209836
3.270999999999751	0.01102660986226769	-0.3331915786284269
3.271999999999751	0.0106936297788341	-0.3327672784274966
3.272999999999751	0.01036105661455024	-0.3323777419249792
3.27399999999975	0.01002885734234845	-0.3320194957296042
3.27499999999975	0.009697002234811533	-0.3316894139447122
3.27599999999975	0.00936546453405334	-0.3313846834165194
3.27699999999975	0.009034220154612969	-0.3311027724588485
3.27799999999975	0.008703247416060647	-0.3308414027050713
3.27899999999975	0.008372526802344293	-0.3305985237749453
3.27999999999975	0.008042040745202636	-0.3303722904747515
3.28099999999975	0.007711773429238241	-0.330161042277432
3.28199999999975	0.007381710616484439	-0.3299632848547173
3.282999999999749	0.007051839488516765	-0.3297776734560484
3.283999999999749	0.006722148504354454	-0.3296029979496134
3.284999999999749	0.006392627272572969	-0.3294381693592862
3.285999999999749	0.006058791555304436	-0.3382319519488191
3.286999999999749	0.005717714683660325	-0.3439204496227496
3.287999999999749	0.005370951000652048	-0.349605552303884
3.288999999999749	0.005023327563077017	-0.3456399553716284
3.289999999999749	0.004678341387493502	-0.3443310386929045
3.290999999999749	0.004334886170980437	-0.3425780432510178
3.291999999999748	0.003993029456644021	-0.3411340406257884
3.292999999999748	0.003652566263865078	-0.3397910056160809
3.293999999999748	0.003313378530965986	-0.3385831258818436
3.294999999999748	0.002975343389548065	-0.3374858271863215
3.295999999999748	0.002638354399966067	-0.3364908263240353
3.296999999999748	0.002302314720474717	-0.3355872107382648
3.297999999999748	0.001967137444067079	-0.3347660235481312
3.298999999999748	0.001632744280751293	-0.3340189876382619
3.299999999999748	0.001299064776752328	-0.3333387077211839
3.300999999999747	0.0009660355105237724	-0.332718514654801
3.301999999999747	0.0006335993944729661	-0.3321524096986182
3.302999999999747	0.0003017050401873861	-0.3316349932552739
3.303999999999747	-2.9693811278991e-05	-0.3311614060093075
3.304999999999747	-0.0003606388025422358	-0.330727274634433
3.305999999999747	-0.0006911674216115007	-0.3303286632594418
3.306999999999747	-0.001021313417463412	-0.3299620297051979
3.307999999999747	-0.001351107174051816	-0.3296241861185167
3.308999999999747	-0.001680576046917074	-0.3293122635375184
3.309999999999746	-0.00200974466613301	-0.3290236800017383
3.310999999999746	-0.002338635208958263	-0.3287561118509096
3.311999999999746	-0.002667267645221453	-0.3285074678939552
3.312999999999746	-0.002995659958166854	-0.3282758661610649
3.313999999999746	-0.003323828343214486	-0.3280596129805762
3.314999999999746	-0.003651787386843211	-0.3278571841481716
3.315999999999746	-0.003979550227584545	-0.3276672079791615
3.316999999999746	-0.004307128700916093	-0.3274884500555452
3.317999999999746	-0.004639008350566623	-0.3362695436990124
3.318999999999745	-0.00497811702686808	-0.3419464749219657
3.319999999999745	-0.00532290145623365	-0.3476210275023341
3.320999999999745	-0.005673010431333838	-0.3525955454481453
3.321999999999745	-0.006023391175253982	-0.3481645640759088
3.322999999999745	-0.006370670612635889	-0.3463929445743591
3.323999999999745	-0.006715984843566617	-0.3442341589071952
3.324999999999745	-0.007059313585042978	-0.3424219734791672
3.325999999999745	-0.007400899250523313	-0.3407480137752002
3.326999999999745	-0.007740894874831764	-0.3392418973935682
3.327999999999744	-0.008079454489788786	-0.3378760007246989
3.328999999999744	-0.008416712668584273	-0.336639030193597
3.329999999999744	-0.008752791559858846	-0.3355174303255801
3.330999999999744	-0.009087800858408613	-0.3344998489553017
3.331999999999744	-0.009421839368543249	-0.3335758573180799
3.332999999999744	-0.009754996013743028	-0.3327361225586679
3.333999999999744	-0.01008735084467369	-0.3319722319381597
3.334999999999744	-0.01041897592157207	-0.3312766173690481
3.335999999999744	-0.01074993611459794	-0.3306424668130508
3.336999999999744	-0.01108028982259875	-0.3300636497092221
3.337999999999743	-0.01141008962038472	-0.3295346485669604
3.338999999999743	-0.01173938284117867	-0.3290504977227403
3.339999999999743	-0.01206821210084436	-0.3286067281404353
3.340999999999743	-0.01239661576968496	-0.3281993177517951
3.341999999999743	-0.01272462839706255	-0.3278246467578353
3.342999999999743	-0.01305228109355434	-0.3274794574013548
3.343999999999743	-0.0133796018748926	-0.3271608177618904
3.344999999999743	-0.01370661597150984	-0.3268660891712606
3.345999999999743	-0.01403334610712854	-0.3265928968875391
3.346999999999742	-0.01435981274949127	-0.3263391037016418
3.347999999999742	-0.01468603433601689	-0.3261027861832583
3.348999999999742	-0.01501202747689044	-0.3258822133021953
3.349999999999742	-0.01534228201874603	-0.3346255713919657
3.350999999999742	-0.01567972969016856	-0.3402684441495428
3.351999999999742	-0.01602282071360529	-0.3459122532302205
3.352999999999742	-0.01637120703372398	-0.3508590166928415
3.353999999999742	-0.01672431359683765	-0.3553527206619486
3.354999999999742	-0.01707721325306256	-0.3504452037373623
3.355999999999741	-0.01742656424089397	-0.3482553978410479
3.356999999999741	-0.01777355128497463	-0.3457173255421166
3.357999999999741	-0.01811819276258628	-0.3435642741370068
3.358999999999741	-0.01846076716447614	-0.3415831822371566
3.359999999999741	-0.01880145968206265	-0.3398005129405305
3.360999999999741	-0.01914045337401366	-0.3381855376564273
3.361999999999741	-0.01947790892383754	-0.3367242347445643
3.362999999999741	-0.01981397199049864	-0.3354005768163199
3.363999999999741	-0.02014877343284886	-0.334200991093628
3.36499999999974	-0.0204824311091273	-0.3331130491800707
3.36599999999974	-0.0208150510971984	-0.3321256187691249
3.36699999999974	-0.0211467288925766	-0.3312286675089429
3.36799999999974	-0.02147755046169935	-0.3304131696348431
3.36899999999974	-0.02180759319610821	-0.3296710011535018
3.36999999999974	-0.02213692676965253	-0.3289948507041207
3.37099999999974	-0.02246561391036164	-0.3283781380348516
3.37199999999974	-0.02279371109503191	-0.327814940956185
3.37299999999974	-0.02312126917437877	-0.3272999295178674
3.373999999999739	-0.02344833393566682	-0.3268283067884111
3.374999999999739	-0.02377494660907783	-0.3263957555515878
3.375999999999739	-0.02410114432344096	-0.3259983903345435
3.376999999999739	-0.02442696051638945	-0.3256327142327902
3.377999999999739	-0.02475242530350099	-0.3252955800527801
3.378999999999739	-0.02507756581052345	-0.3249841553402081
3.379999999999739	-0.02540240647237747	-0.3246958909054918
3.380999999999739	-0.02572696930225817	-0.3244284924967071
3.381999999999739	-0.02605127413382613	-0.3241798953052339
3.382999999999738	-0.02637981372008351	-0.3328979852332903
3.383999999999738	-0.02671552241056967	-0.338518075582017
3.384999999999738	-0.02705685279179363	-0.344141344614
3.385999999999738	-0.02740345894124239	-0.3490695912978125
3.386999999999738	-0.02775476772989392	-0.353546604540205
3.387999999999738	-0.0281058537451517	-0.3486240453998135
3.388999999999738	-0.02845337679409824	-0.3464206859417926
3.389999999999738	-0.028798523018078	-0.3438704048259172
3.390999999999738	-0.02914131207434213	-0.341706359792798
3.391999999999737	-0.02948202361051017	-0.3397153728162678
3.392999999999737	-0.0298208438640484	-0.3379238019833299
3.393999999999737	-0.03015795683989346	-0.3363008241564942
3.394999999999737	-0.03049352407798452	-0.3348323325666474
3.395999999999737	-0.03082769201282592	-0.3335022231726954
3.396999999999737	-0.0311605922059714	-0.3322968541730169
3.397999999999737	-0.03149234315277132	-0.3312037350138567
3.398999999999737	-0.03182305150913384	-0.3302116774111407
3.399999999999737	-0.03215281329542045	-0.3293105985974663
3.400999999999736	-0.032481714955003	-0.32849142739858
3.401999999999736	-0.03280983431320059	-0.3277459989171566
3.402999999999736	-0.03313724143876361	-0.3270669649435924
3.403999999999736	-0.03346399941959851	-0.3264477120270931
3.404999999999736	-0.0337901650608223	-0.3258822880642575
3.405999999999736	-0.03411578951303545	-0.3253653361476687
3.406999999999736	-0.03444091883776102	-0.3248920350499098
3.407999999999736	-0.0347655945163409	-0.324458045654112
3.408999999999736	-0.03508985390794169	-0.3240594627427167
3.409999999999735	-0.03541373066175955	-0.3236927716070496
3.410999999999735	-0.03573725508800419	-0.3233548089960173
3.411999999999735	-0.03606045449178404	-0.3230427279699196
3.412999999999735	-0.03638335347360239	-0.3227539662688876
3.413999999999735	-0.03670597419980363	-0.3224862178444802
3.414999999999735	-0.03703281152688215	-0.3311871514624311
3.415999999999735	-0.03736680170159678	-0.3367918850137676
3.416999999999735	-0.03770639902202383	-0.3424014208617729
3.417999999999735	-0.03805125911009678	-0.3473173996347855
3.418999999999734	-0.03840081023080141	-0.3517834677028124
3.419999999999734	-0.03875460311102889	-0.355800902025061
3.420999999999734	-0.0391122169373679	-0.3594253449255018
3.421999999999734	-0.03946880206582021	-0.35374351031489
3.422999999999734	-0.03982110182843596	-0.3508546301166765
3.423999999999734	-0.04017037371322446	-0.347687766581387
3.424999999999734	-0.04051670255253068	-0.3449685507393407
3.425999999999734	-0.04086042641758108	-0.3424778283278414
3.426999999999734	-0.04120178419228011	-0.3402363793554986
3.427999999999733	-0.0415410072537227	-0.3382084102241907
3.428999999999733	-0.04187829978581029	-0.3363753282520446
3.429999999999733	-0.0422138466069223	-0.3347169951529685
3.430999999999733	-0.04254781382953909	-0.3332161374885751
3.431999999999733	-0.04288035104995448	-0.3318569963890323
3.432999999999733	-0.04321159292007068	-0.3306254419997819
3.433999999999733	-0.0435416606617333	-0.3295087441149658
3.434999999999733	-0.0438706634047068	-0.3284954488256979
3.435999999999733	-0.04419869939708255	-0.3275752467374521
3.436999999999732	-0.04452585709308845	-0.3267388595563537
3.437999999999732	-0.04485221613250664	-0.3259779367193987
3.438999999999732	-0.04517784822205184	-0.325284962685959
3.439999999999732	-0.04550281792863596	-0.3246531734190738
3.440999999999732	-0.04582718339329984	-0.3240764812388769
3.441999999999732	-0.04615099697375317	-0.3235494071856169
3.442999999999732	-0.04647430582265966	-0.3230670201476429
3.443999999999732	-0.0467971524080937	-0.3226248820762774
3.444999999999732	-0.04711957498195089	-0.3222189986792826
3.445999999999732	-0.04744160800151744	-0.3218457750449621
3.446999999999731	-0.04776328250888225	-0.3215019757038601
3.447999999999731	-0.0480846264724076	-0.3211846886842905
3.448999999999731	-0.04841013997496463	-0.3298410374036976
3.449999999999731	-0.04874276397162358	-0.3354056489699963
3.450999999999731	-0.04908095700251561	-0.3409790840097831
3.451999999999731	-0.04942437851196077	-0.3458625855554717
3.452999999999731	-0.04977246020959856	-0.350299442108255
3.453999999999731	-0.05012475592698146	-0.3542906085129808
3.454999999999731	-0.05047637276842114	-0.3489416929134541
3.45599999999973	-0.05082402025107375	-0.3463519065580044
3.45699999999973	-0.05116892415621391	-0.3434545486913637
3.45799999999973	-0.05151114110272519	-0.3409779998802126
3.45899999999973	-0.0518509836933665	-0.3387058463029265
3.45999999999973	-0.05218866791375403	-0.3366612678753133
3.46099999999973	-0.05252440453090253	-0.3348106474992374
3.46199999999973	-0.05285837918422179	-0.3331373471617001
3.46299999999973	-0.05319076000504332	-0.3316229887879695
3.46399999999973	-0.0535216980908598	-0.3302518828420542
3.464999999999729	-0.05385132952770587	-0.3290096960028954
3.465999999999729	-0.05417977681147647	-0.3278835813655475
3.466999999999729	-0.05450715022680253	-0.3268619633549377
3.467999999999729	-0.05483354906312084	-0.3259344272011109
3.468999999999729	-0.05515906271536539	-0.3250915987072232
3.469999999999729	-0.05548377167303245	-0.3243250412297931
3.470999999999729	-0.05580774841072837	-0.3236271616638806
3.471999999999729	-0.05613105818956506	-0.3229911261539558
3.472999999999729	-0.05645375977844025	-0.3224107841526409
3.473999999999728	-0.05677590610318342	-0.3218806000938361
3.474999999999728	-0.05709754483078865	-0.3213955918934691
3.475999999999728	-0.05741871889522362	-0.3209512756014362
3.476999999999728	-0.05773946697065774	-0.3205436155880341
3.477999999999728	-0.05805982389736732	-0.3201689797118286
3.478999999999728	-0.05837982106505012	-0.3198240989707172
3.479999999999728	-0.05869948675780833	-0.3195060311878932
3.480999999999728	-0.0590188464646332	-0.319212128329212
3.481999999999728	-0.05934239803975828	-0.3278897513509001
3.482999999999727	-0.0596730804353065	-0.333473741198343
3.483999999999727	-0.06000935039160125	-0.3390648509286546
3.484999999999727	-0.06035086573595055	-0.3439644967372042
3.485999999999727	-0.06069705672547526	-0.3484161229477978
3.486999999999727	-0.06104747588722885	-0.3524208246216016
3.487999999999727	-0.06139722915421238	-0.3470843360517378
3.488999999999727	-0.06174302499205926	-0.3445059819160526
3.489999999999727	-0.06208608823826123	-0.3416191635197824
3.490999999999727	-0.0624264746648658	-0.3391523532596302
3.491999999999726	-0.0627644961150219	-0.3368892199363561
3.492999999999726	-0.06310036789321503	-0.3348530178015342
3.493999999999726	-0.06343430015593629	-0.3330101966349735
3.494999999999726	-0.06376647799559396	-0.3313441785897405
3.495999999999726	-0.06409706905366395	-0.3298366397166284
3.496999999999726	-0.06442622398919086	-0.3284719391688333
3.497999999999726	-0.06475407849600422	-0.3272357874219281
3.498999999999726	-0.06508075471938903	-0.3261153769644431
3.499999999999726	-0.06540636263077847	-0.3250991676520839
3.500999999999725	-0.06573100124005933	-0.3241767765793872
3.501999999999725	-0.06605475969287536	-0.3233388582044827
3.502999999999725	-0.06637771825664346	-0.3225770016504341
3.503999999999725	-0.06669994920835744	-0.3218836369793978
3.504999999999725	-0.06702151763351416	-0.3212519511635715
3.505999999999725	-0.06734248214517141	-0.3206758123780081
3.506999999999725	-0.06766289553109391	-0.3201497018844036
3.507999999999725	-0.06798280533618625	-0.3196686527214426
3.508999999999725	-0.06830225438668225	-0.3192281945273748
3.509999999999724	-0.06862128126191541	-0.3188243038800168
3.510999999999724	-0.06893992071891236	-0.3184533596028339
3.511999999999724	-0.069258204074527	-0.3181121025403937
3.512999999999724	-0.06957615954936122	-0.3177975993562797
3.513999999999724	-0.0698938125772936	-0.3175072099512141
3.514999999999724	-0.07021118608405522	-0.3172385581393678
3.515999999999724	-0.07053277561887161	-0.3259392495446532
3.516999999999724	-0.07086151806133206	-0.3315443453884082
3.517999999999724	-0.07119586828848594	-0.3371547969573843
3.518999999999723	-0.07153548245267384	-0.3420721988332502
3.519999999999723	-0.07187978930550695	-0.3465401558676403
3.520999999999723	-0.07222834002102071	-0.3505599075769031
3.521999999999723	-0.07257623931641438	-0.3452373182177675
3.522999999999723	-0.07292019456492356	-0.3426718293164511
3.523999999999723	-0.07326142962263069	-0.3397969473196401
3.524999999999723	-0.0735999993800502	-0.3373412392312132
3.525999999999723	-0.07393621488866432	-0.3350884589779552
3.526999999999723	-0.07427029074215184	-0.3330619374046925
3.527999999999722	-0.07460243645895079	-0.3312281932051058
3.528999999999722	-0.07493283655887478	-0.3295707105348394
3.529999999999722	-0.07526165816969781	-0.3280712212272354
3.530999999999722	-0.07558905148974618	-0.3267141346201487
3.531999999999722	-0.07591515179979702	-0.3254852063358426
3.532999999999722	-0.07624008087496265	-0.324371669475497
3.533999999999722	-0.07656394835507606	-0.3233620204269591
3.534999999999722	-0.07688685295311992	-0.3224459091445775
3.535999999999722	-0.07720888354904124	-0.3216140196413223
3.536999999999721	-0.07753012017262792	-0.3208579676207471
3.537999999999721	-0.07785063488848694	-0.3201702070487061
3.538999999999721	-0.07817049259242759	-0.3195439463921024
3.539999999999721	-0.07848975172823082	-0.3189730731527224
3.540999999999721	-0.07880846493273577	-0.3184520859679393
3.541999999999721	-0.0791266796164193	-0.3179760334962833
3.542999999999721	-0.07944443848591724	-0.3175404594157175
3.543999999999721	-0.07976178001429392	-0.3171413529217701
3.544999999999721	-0.08007873886428463	-0.3167751041759315
3.54599999999972	-0.08039534626921421	-0.3164384642091912
3.54699999999972	-0.08071163037582378	-0.316128508835226
3.54799999999972	-0.08102761655281494	-0.3158426061722683
3.54899999999972	-0.08134332766853976	-0.3155783874127877
3.54999999999972	-0.08166325922185289	-0.3242834648335763
3.55099999999972	-0.08199034804834285	-0.3298929057383733
3.55199999999972	-0.08232304898683668	-0.3355076668734184
3.55299999999972	-0.08266101815662885	-0.3404293477172803
3.55399999999972	-0.08300368428092887	-0.3449015575127564
3.554999999999719	-0.08335059850953383	-0.3489255397121392
3.555999999999719	-0.08369686553912817	-0.3436071620679829
3.556999999999719	-0.08403919272568564	-0.3410458691218359
3.557999999999719	-0.08437880391087449	-0.3381751700157257
3.558999999999719	-0.08471575397334942	-0.3357236341631148
3.559999999999719	-0.08505035395501329	-0.333475017642796
3.560999999999719	-0.08538281844200188	-0.3314526532200519
3.561999999999719	-0.08571335694702656	-0.3296230613007169
3.562999999999719	-0.08604215398579279	-0.3279697275652503
3.563999999999719	-0.086369376683407	-0.3264743852033243
3.564999999999718	-0.08669517523680856	-0.3251214447576077
3.565999999999718	-0.08701968492652434	-0.3238966629189299
3.566999999999718	-0.08734302752842378	-0.3227872737345287
3.567999999999718	-0.08766531268398797	-0.3217817744281656
3.568999999999718	-0.08798663910863411	-0.3208698156910856
3.569999999999718	-0.08830709568543614	-0.3200420821841481
3.570999999999718	-0.08862676244791681	-0.3192901901787996
3.571999999999718	-0.08894571146494989	-0.3186065941368962
3.572999999999718	-0.0892640076370752	-0.3179845029567478
3.573999999999717	-0.08958170941320662	-0.3174178045135164
3.574999999999717	-0.08989886943566353	-0.3169009977658269
3.575999999999717	-0.09021553512070088	-0.3164291316466519
3.576999999999717	-0.09053174918098605	-0.3159977500663713
3.577999999999717	-0.09084755009582846	-0.3156028424152072
3.578999999999717	-0.09116297253438628	-0.3152407990154941
3.579999999999717	-0.09147804773655291	-0.3149083710286998
3.580999999999717	-0.09179280385575486	-0.3146026343717497
3.581999999999717	-0.09210726626747022	-0.3143209572417149
3.582999999999716	-0.09242145784689539	-0.3140609708880331
3.583999999999716	-0.09273539921884551	-0.3138205433075057
3.584999999999716	-0.09305358386360478	-0.3225474999221233
3.585999999999716	-0.09337894680074152	-0.3281770999842401
3.586999999999716	-0.09370994123541737	-0.3338104729829968
3.587999999999716	-0.0940462218173586	-0.3387493738523781
3.588999999999716	-0.0943872159478836	-0.3432375517325312
3.589999999999716	-0.09472799870685343	-0.3383266316129022
3.590999999999716	-0.09506523035919182	-0.3361353524192417
3.591999999999715	-0.09540009747249133	-0.3335975628370433
3.592999999999715	-0.09573262010171593	-0.331446393492025
3.593999999999715	-0.09606307826636683	-0.3294686418150257
3.594999999999715	-0.09639165855240778	-0.3276906436663133
3.595999999999715	-0.0967185452920888	-0.3260815557670339
3.596999999999715	-0.09704390033346005	-0.3246272530844656
3.597999999999715	-0.09736787040171876	-0.3233116150047406
3.598999999999715	-0.09769058733330015	-0.3221209846760698
3.599999999999715	-0.09801216988407151	-0.321042857865713
3.600999999999714	-0.09833272495739648	-0.3200660338455032
3.601999999999714	-0.09865234880920411	-0.319180418516165
3.602999999999714	-0.09897112810760285	-0.318376930373377
3.603999999999714	-0.09928914089276959	-0.3176473950921695
3.604999999999714	-0.0996064574392914	-0.3169844558482659
3.605999999999714	-0.09992314103266302	-0.3163814913086562
3.606999999999714	-0.1002392486680375	-0.3158325421477114
3.607999999999714	-0.1005548316791266	-0.3153322448305454
3.608999999999714	-0.1008699363042051	-0.3148757720383188
3.609999999999713	-0.1011846041955171	-0.3144587790459394
3.610999999999713	-0.1014988728777407	-0.3140773554632575
3.611999999999713	-0.1018127761606075	-0.3137279818018234
3.612999999999713	-0.1021263445102602	-0.3134074903850459
3.613999999999713	-0.1024396053834744	-0.3131130301673134
3.614999999999713	-0.1027525835284587	-0.3128420350712074
3.615999999999713	-0.1030653012555755	-0.3125921954909915
3.616999999999713	-0.1033777786809897	-0.3123614326457512
3.617999999999713	-0.1036900339459526	-0.312147875497219
3.618999999999712	-0.1040020834141581	-0.3119498399758162
3.619999999999712	-0.1043139418493634	-0.3117658102840902
3.620999999999712	-0.104630097456198	-0.3205441664623241
3.621999999999712	-0.1049534805055393	-0.3262206670634115
3.622999999999712	-0.1052825399282024	-0.3318968909428042
3.623999999999712	-0.1056169265264598	-0.3368749974572625
3.624999999999712	-0.1059515893574249	-0.3324493553238721
3.625999999999712	-0.106283157021001	-0.3306846748332185
3.626999999999712	-0.1066127671490157	-0.3285342919038112
3.627999999999711	-0.1069404008608647	-0.3267318502776435
3.628999999999711	-0.1072663018557602	-0.3250688648191135
3.629999999999711	-0.1075906243490809	-0.3235748533462306
3.630999999999711	-0.1079135234582996	-0.3222221022265462
3.631999999999711	-0.1082351347566276	-0.3209992366452434
3.632999999999711	-0.1085555813154398	-0.3198926277938822
3.633999999999711	-0.1088749736824913	-0.3188908572901323
3.634999999999711	-0.109193411452037	-0.3179834365587172
3.635999999999711	-0.1095109842805753	-0.317160978700828
3.63699999999971	-0.1098277729003421	-0.3164150221255911
3.63799999999971	-0.1101438500066295	-0.3157379545672216
3.63899999999971	-0.1104592810625779	-0.3151229240167228
3.63999999999971	-0.1107741250219386	-0.3145637637304725
3.64099999999971	-0.1110884349799484	-0.314054923445649
3.64199999999971	-0.1114022587590196	-0.313591407797129
3.64299999999971	-0.1117156394358863	-0.3131687208119512
3.64399999999971	-0.1120286158160299	-0.3127828159745119
3.64499999999971	-0.1123412228606643	-0.3124300512801931
3.645999999999709	-0.112653492071022	-0.3121071487848872
3.646999999999709	-0.1129654518342129	-0.3118111581992504
3.647999999999709	-0.1132771277344968	-0.3115394241236084
3.648999999999709	-0.1135885428334295	-0.3112895565593501
3.649999999999709	-0.1138997179219944	-0.3110594043691849
3.650999999999709	-0.1142106717475212	-0.3108470313913717
3.651999999999709	-0.1145214212179138	-0.310650694942525
3.652999999999709	-0.1148319815854545	-0.3104688264701378
3.653999999999709	-0.1151423666122295	-0.3103000141398533
3.654999999999708	-0.1154525887190114	-0.3101429871640065
3.655999999999708	-0.1157626591192538	-0.3099966016973129
3.656999999999708	-0.1160770628206482	-0.3188095725798557
3.657999999999708	-0.1163987272152807	-0.3245179598495391
3.658999999999708	-0.1167260986415985	-0.3302236136997544
3.659999999999708	-0.1170543506863116	-0.3262791932489281
3.660999999999708	-0.1173799869413221	-0.3249920445633152
3.661999999999708	-0.1177041142856967	-0.3232613779207273
3.662999999999708	-0.118026665723187	-0.3218402369994501
3.663999999999707	-0.1183478467546252	-0.320520571217826
3.664999999999707	-0.1186677759376581	-0.3193365451269041
3.665999999999707	-0.1189865766145677	-0.3182635634268354
3.666999999999707	-0.119304355678741	-0.3172933236919367
3.667999999999707	-0.1196212104072748	-0.3164148958054433
3.668999999999707	-0.1199372281257157	-0.3156193068221375
3.669999999999707	-0.1202524875272046	-0.3148982649099844
3.670999999999707	-0.1205670594545562	-0.3142443612792842
3.671999999999707	-0.1208810077054017	-0.3136509143802185
3.672999999999706	-0.1211943897315042	-0.3131119140511242
3.673999999999706	-0.1215072572744702	-0.3126219501628573
3.674999999999706	-0.1218196569363089	-0.3121761536700983
3.675999999999706	-0.1221316306933313	-0.3117701422398986
3.676999999999706	-0.1224432163585611	-0.3113999716467191
3.677999999999706	-0.1227544479979293	-0.3110620919456366
3.678999999999706	-0.1230653563048441	-0.3107533080488055
3.679999999999706	-0.1233759689373051	-0.3104707442391256
3.680999999999706	-0.1236863108213068	-0.3102118122338272
3.681999999999706	-0.1239964044239017	-0.3099741824413738
3.682999999999705	-0.1243062699989576	-0.3097557580927524
3.683999999999705	-0.1246159258083398	-0.3095546519596142
3.684999999999705	-0.1249253883209752	-0.3093691654006032
3.685999999999705	-0.1252346723920107	-0.3091977695030499
3.686999999999705	-0.1255437914240556	-0.3090390881104954
3.687999999999705	-0.1258527575123006	-0.3088918825474604
3.688999999999705	-0.1261615815751256	-0.3087550378717374
3.689999999999705	-0.1264702734716461	-0.3086275505014526
3.690999999999705	-0.1267788421075063	-0.3085085170794207
3.691999999999704	-0.1270872955300928	-0.3083971244510629
3.692999999999704	-0.1273956410142277	-0.3082926406445338
3.693999999999704	-0.1277083600202652	-0.3171441512394631
3.694999999999704	-0.1280239018642838	-0.3139383056418937
3.695999999999704	-0.1283377917631718	-0.3138402674733776
3.696999999999704	-0.1286512375213896	-0.3130500260838444
3.697999999999704	-0.1289640176460801	-0.3125090030650038
3.698999999999704	-0.1292762599082245	-0.3119743031394358
3.699999999999704	-0.1295879975769586	-0.3114998182621771
3.700999999999703	-0.129899281062237	-0.3110659380491201
3.701999999999703	-0.1302101506567586	-0.3106720384122709
3.702999999999703	-0.1305206439324508	-0.3103133019075566
3.703999999999703	-0.13083079441646	-0.3099864564324537
3.704999999999703	-0.1311406323944189	-0.3096882910753539
3.705999999999703	-0.1314501851347534	-0.309415982345248
3.706999999999703	-0.1317594772151957	-0.3091669723569532
3.707999999999703	-0.1320685307854935	-0.3089389630357324
3.708999999999703	-0.1323773658116352	-0.3087298849463327
3.709999999999702	-0.1326860002937066	-0.3085378757268066
3.710999999999702	-0.1329944504624495	-0.3083612590572995
3.711999999999702	-0.1333027309560419	-0.3081985261373009
3.712999999999702	-0.1336108549792328	-0.3080483189138504
3.713999999999702	-0.1339188344465545	-0.3079094150122465
3.714999999999702	-0.1342266801112172	-0.3077807141673533
3.715999999999702	-0.1345344016811137	-0.3076612260133575
3.716999999999702	-0.1348420079232238	-0.3075500590941538
3.717999999999702	-0.1351495067575792	-0.307446410972788
3.718999999999701	-0.1354569053418321	-0.3073495593299321
3.719999999999701	-0.1357642101473671	-0.307258853952516
3.720999999999701	-0.1360714270278023	-0.307173709523494
3.721999999999701	-0.1363785612806414	-0.3070935991326346
3.722999999999701	-0.1366856177027599	-0.3070180484362299
3.723999999999701	-0.1369926006403441	-0.3069466304008345
3.724999999999701	-0.1372995140338357	-0.3068789605726287
3.725999999999701	-0.1376063614583829	-0.3068146928198457
3.726999999999701	-0.1379131461602467	-0.3067535155009554
3.7279999999997	-0.1382198710895667	-0.3066951480160288
3.7289999999997	-0.1385265389298509	-0.3066393377029665
3.7299999999997	-0.1388331521245172	-0.3065858570441026
3.7309999999997	-0.1391352380197937	-0.2975847566120025
3.7319999999997	-0.1394343552853096	-0.3006486091375308
3.7329999999997	-0.139734985950877	-0.3006115508685988
3.7339999999997	-0.1400359287935041	-0.301272962090108
3.7349999999997	-0.140337411288538	-0.3016908536301174
3.7359999999997	-0.1406393111081617	-0.302107609694211
3.736999999999699	-0.1409415999407596	-0.3024688781135443
3.737999999999699	-0.141244231896569	-0.3027938548314867
3.738999999999699	-0.1415471708092399	-0.3030827906918053
3.739999999999699	-0.1418503828784875	-0.303340166971978
3.740999999999699	-0.1421538380293262	-0.3035689529785667
3.741999999999699	-0.1424575091405045	-0.3037720868615529
3.742999999999699	-0.1427613718487317	-0.3039521463819851
3.743999999999699	-0.1430654042478449	-0.3041114680243479
3.744999999999699	-0.1433695866492131	-0.3042521503597796
3.745999999999698	-0.1436739013583147	-0.304376083028086
3.746999999999698	-0.1439783324756039	-0.3044849663338656
3.747999999999698	-0.144282865716804	-0.3045803305046738
3.748999999999698	-0.1445874882512937	-0.304663552618027
3.749999999999698	-0.1448921885566247	-0.3047358719370266
3.750999999999698	-0.145196956287595	-0.3047984036870959
3.751999999999698	-0.1455017821584143	-0.3048521514613748
3.752999999999698	-0.1458066578366524	-0.3048980183839924
3.753999999999698	-0.1461115758477944	-0.3049368171574098
3.754999999999697	-0.1464165294893396	-0.3049692791049289
3.755999999999697	-0.1467215127534914	-0.3049960623089761
3.756999999999697	-0.147026520257579	-0.3050177589355517
3.757999999999697	-0.1473315471814363	-0.3050349018262361
3.758999999999697	-0.1476365892110437	-0.3050479704309949
3.759999999999697	-0.1479416424878069	-0.3050573961477037
3.760999999999697	-0.1482467035629066	-0.3050635671277213
3.761999999999697	-0.148551769356215	-0.3050668326009039
3.762999999999697	-0.1488568371193204	-0.3050675067681197
3.763999999999696	-0.1491619044022495	-0.3050658723045105
3.764999999999696	-0.1494669690235184	-0.3050621835124278
3.765999999999696	-0.1497720290431784	-0.3050566691590745
3.766999999999696	-0.1500726078575571	-0.2960997904347742
3.767999999999696	-0.1503657856953836	-0.2902547448934486
3.768999999999696	-0.1506531231335736	-0.2844190139273193
3.769999999999696	-0.1509394528657179	-0.28823933676985
3.770999999999696	-0.1512282770088408	-0.289407826232553
3.771999999999696	-0.151518493878662	-0.291024784799659
3.772999999999695	-0.1518101752032092	-0.2923367300402512
3.773999999999695	-0.1521031197964993	-0.2935513174237284
3.774999999999695	-0.1523972130402584	-0.2946340265631263
3.775999999999695	-0.152692335193416	-0.2956091322719908
3.776999999999695	-0.1529883826592173	-0.2964846483050241
3.777999999999695	-0.153285261182843	-0.2972712447425249
3.778999999999695	-0.1535828862138732	-0.2979776602650162
3.779999999999695	-0.1538811816116261	-0.2986119756351424
3.780999999999695	-0.1541800788851143	-0.299181409449694
3.781999999999694	-0.1544795164077355	-0.2996924718551195
3.782999999999694	-0.1547794387358074	-0.3001510185210037
3.783999999999694	-0.1550797959889223	-0.3005623203052797
3.784999999999694	-0.155380543293848	-0.300931120681541
3.785999999999694	-0.1556816402836436	-0.3012616887412519
3.786999999999694	-0.1559830506469629	-0.3015578665663882
3.787999999999694	-0.1562847417224028	-0.3018231119471428
3.788999999999694	-0.1565866841334236	-0.3020605368072849
3.789999999999694	-0.1568888514597759	-0.3022729417921299
3.790999999999694	-0.1571912199417854	-0.3024628473964292
3.791999999999693	-0.1574937682142099	-0.3026325219797943
3.792999999999693	-0.1577964770667102	-0.3027840069804999
3.793999999999693	-0.1580993292282745	-0.3029191396079285
3.794999999999693	-0.1584023091732013	-0.3030395732657669
3.795999999999693	-0.1587054029464831	-0.3031467959328854
3.796999999999693	-0.1590085980066532	-0.3032421467061302
3.797999999999693	-0.1593118830843475	-0.3033268306888368
3.798999999999693	-0.1596152480550105	-0.3034019323904935
3.799999999999693	-0.1599186838243309	-0.3034684277864385
3.800999999999692	-0.1602221822251347	-0.3035271951715885
3.801999999999692	-0.1605257359245881	-0.3035790249287942
3.802999999999692	-0.1608293383406816	-0.3036246283203605
3.803999999999692	-0.1611285086860492	-0.2947149007445104
3.804999999999692	-0.161420323418118	-0.2889134303385957
3.805999999999692	-0.1617063397135509	-0.283118050039364
3.806999999999692	-0.1619869123186685	-0.2780260708938172
3.807999999999692	-0.162262622340772	-0.2733929029384156
3.808999999999692	-0.1625339275287952	-0.2692164198810947
3.809999999999691	-0.162805731246076	-0.2743899595652329
3.810999999999691	-0.1630813334425547	-0.2768133635795237
3.811999999999691	-0.1633595169042993	-0.2795524801267255
3.812999999999691	-0.1636402327697479	-0.2818781612079755
3.813999999999691	-0.1639231754643434	-0.2840061298283702
3.814999999999691	-0.1642081353743274	-0.2859125842078053
3.815999999999691	-0.1644949075137063	-0.2876305816376036
3.816999999999691	-0.1647833114922088	-0.2891762561755769
3.817999999999691	-0.1650731839488186	-0.2905675322077766
3.81899999999969	-0.1653643781252885	-0.2918196908213835
3.81999999999969	-0.1656567618867371	-0.2929466976045563
3.82099999999969	-0.1659502163390111	-0.2939610683736933
3.82199999999969	-0.1662446344846219	-0.2948740805952785
3.82299999999969	-0.1665399200380065	-0.2956958806126878
3.82399999999969	-0.1668359863530344	-0.2964356009100496
3.82499999999969	-0.1671327554593207	-0.2971014604606678
3.82599999999969	-0.167430157194519	-0.2977008563376561
3.82699999999969	-0.167728128423482	-0.2982404458393091
3.827999999999689	-0.1680266123354827	-0.29872622048298
3.828999999999689	-0.1683255578117192	-0.2991635725793192
3.829999999999689	-0.1686249188560675	-0.2995573551541586
3.830999999999689	-0.1689246540827607	-0.299911935876945
3.831999999999689	-0.1692247262552986	-0.3002312455966515
3.832999999999689	-0.1695251018714685	-0.3005188220240212
3.833999999999689	-0.1698257507898629	-0.3007778490456106
3.834999999999689	-0.1701266458937456	-0.301011192106426
3.835999999999689	-0.1704277627885324	-0.3012214300542997
3.836999999999688	-0.170729079529523	-0.3014108837998313
3.837999999999688	-0.1710305763768604	-0.301581642110336
3.838999999999688	-0.1713322355749943	-0.3017355848244005
3.839999999999688	-0.1716340411541987	-0.3018744037449841
3.840999999999688	-0.1719359787519378	-0.3019996214432116
3.841999999999688	-0.1722335605710635	-0.2931628634610414
3.842999999999688	-0.1725238567527465	-0.2874283748525128
3.843999999999688	-0.1728084187814633	-0.2816945798066968
3.844999999999688	-0.1730875962730585	-0.2766593215294805
3.845999999999687	-0.1733619657099241	-0.2720784890309582
3.846999999999687	-0.1736319806711265	-0.2679503871262331
3.847999999999687	-0.1738980658786859	-0.2642189970204852
3.848999999999687	-0.1741605996466207	-0.2608475216845382
3.849999999999687	-0.17441992362895	-0.257799438291782
3.850999999999687	-0.174680820089045	-0.263992471169991
3.851999999999687	-0.1749464841274862	-0.26733457656223
3.852999999999687	-0.175215603118858	-0.2709023636963233
3.853999999999687	-0.1754880425809716	-0.2739755052340083
3.854999999999686	-0.1757634198063288	-0.2767778788557232
3.855999999999686	-0.1760414557682063	-0.2792929680294914
3.856999999999686	-0.1763218829954143	-0.2815604003088627
3.857999999999686	-0.1766044648525797	-0.2836022196545689
3.858999999999686	-0.1768889873484453	-0.2854416702493117
3.859999999999686	-0.177175258148254	-0.2870988208269961
3.860999999999686	-0.1774631040889346	-0.2885919459509178
3.861999999999686	-0.1777523693416917	-0.2899374395421789
3.862999999999686	-0.1780429136586227	-0.2911500694048998
3.863999999999685	-0.1783346108195976	-0.2922431232254789
3.864999999999685	-0.1786273472282203	-0.2932285607368069
3.865999999999685	-0.1789210206497518	-0.2941171454757255
3.866999999999685	-0.1792155390748513	-0.2949185646621169
3.867999999999685	-0.1795108196970404	-0.2956415367658065
3.868999999999685	-0.1798067879923975	-0.2962939083978406
3.869999999999685	-0.1801033768912881	-0.2968827414923839
3.870999999999685	-0.1804005260329206	-0.2974143917754967
3.871999999999685	-0.1806981810944475	-0.2978945793857766
3.872999999999684	-0.1809962931871562	-0.2983284524332562
3.873999999999684	-0.1812948183130408	-0.2987206442023383
3.874999999999684	-0.1815937168757169	-0.2990753246344611
3.875999999999684	-0.1818929532402448	-0.2993962466624963
3.876999999999684	-0.1821924953369708	-0.2996867879117122
3.877999999999684	-0.1824923143049845	-0.2999499882306435
3.878999999999684	-0.1827923841712299	-0.3001885834688769
3.879999999999684	-0.1830926815617064	-0.3004050358770609
3.880999999999684	-0.1833887105604998	-0.2916518166767308
3.881999999999683	-0.1836775339932941	-0.2859939318104396
3.882999999999683	-0.1839606967519242	-0.2803304903008546
3.883999999999683	-0.1842385425102106	-0.2753599517428114
3.884999999999683	-0.1845116423941094	-0.2708387599338994
3.885999999999683	-0.1847804451533195	-0.2667657190356587
3.886999999999683	-0.1850453711548928	-0.2630852597026105
3.887999999999683	-0.1853067947848757	-0.259760989447485
3.888999999999683	-0.1855650541536498	-0.2567567495688081
3.889999999999683	-0.1858204534458517	-0.254040847408678
3.890999999999682	-0.1860732666312582	-0.2515845460230854
3.891999999999682	-0.1863237404056663	-0.2493620345020361
3.892999999999682	-0.1865720969374025	-0.2473500689092443
3.893999999999682	-0.1868230111953152	-0.2544774770134118
3.894999999999682	-0.1870795816398722	-0.2586624203816056
3.895999999999682	-0.1873404086741869	-0.2629906401254494
3.896999999999682	-0.1876052795265453	-0.2667500408900891
3.897999999999682	-0.1878737410186948	-0.2701719058826698
3.898999999999682	-0.1881454506888602	-0.2732463844225736
3.899999999999681	-0.1884200839632923	-0.2760191031729362
3.900999999999681	-0.1886973528032746	-0.2785175053947083
3.901999999999681	-0.1889769969435697	-0.2807696946776139
3.902999999999681	-0.1892587823919125	-0.2828001132746712
3.903999999999681	-0.189542498482599	-0.2846309719649588
3.904999999999681	-0.1898279556236379	-0.2862822073131978
3.905999999999681	-0.1901149831694731	-0.2877717755517533
3.906999999999681	-0.1904034275313582	-0.2891158340013225
3.907999999999681	-0.1906931504704629	-0.2903289251143574
3.908999999999681	-0.1909840275632264	-0.2914241369238318
3.90999999999968	-0.1912759468197858	-0.292413248744507
3.91099999999968	-0.1915688074406591	-0.2933068619797946
3.91199999999968	-0.1918625186977349	-0.2941145179290016
3.91299999999968	-0.19215699892717	-0.2948448037935986
3.91399999999968	-0.1924521746229946	-0.2955054480879347
3.91499999999968	-0.1927479796213583	-0.2961034065076223
3.91599999999968	-0.1930443543663506	-0.2966449392114076
3.91699999999968	-0.1933412452492396	-0.2971356803747808
3.91799999999968	-0.1936386040137869	-0.2975807007882517
3.918999999999679	-0.1939363872210303	-0.2979845641957975
3.919999999999679	-0.1942345557675894	-0.2983513779994724
3.920999999999679	-0.1945285995710717	-0.2897350940297295
3.921999999999679	-0.194815568697143	-0.2842020505471424
3.922999999999679	-0.1950969965433272	-0.2786525557032376
3.923999999999679	-0.195373216428337	-0.2737861483564868
3.924999999999679	-0.1956447901483459	-0.2693602436880206
3.925999999999679	-0.1959121580461096	-0.2653745201510563
3.926999999999679	-0.196175732912339	-0.2617741953089229
3.927999999999678	-0.1964358823043273	-0.2585235849384848
3.928999999999678	-0.1966929381765789	-0.2555871678220749
3.929999999999678	-0.1969471991634864	-0.2529338250831885
3.930999999999678	-0.1971989342296994	-0.2505353362269235
3.931999999999678	-0.1974483855565384	-0.2483663551932117
3.932999999999678	-0.1976957712394843	-0.2464040564563064
3.933999999999678	-0.1979412876909988	-0.2446278995873975
3.934999999999678	-0.1981851118092963	-0.2430193965961252
3.935999999999678	-0.1984274029286852	-0.2415619077282286
3.936999999999677	-0.198668304575267	-0.2402404563860278
3.937999999999677	-0.1989124209280481	-0.2479913077751579
3.938999999999677	-0.1991627867238362	-0.2527393183480294
3.939999999999677	-0.1994179450021863	-0.2575762544685661
3.940999999999677	-0.1996776313518748	-0.2617954436170463
3.941999999999677	-0.199941346106867	-0.2656330495969578
3.942999999999677	-0.2002087049542103	-0.2690836143247124
3.943999999999677	-0.2004793456419814	-0.2721967178569568
3.944999999999677	-0.2007529462090493	-0.2750033615657761
3.945999999999676	-0.2010292158480022	-0.2775348513974454
3.946999999999676	-0.2013078930666732	-0.2798185117822719
3.947999999999676	-0.2015887424375584	-0.281879147515072
3.948999999999676	-0.2018715520712142	-0.2837390298307143
3.949999999999676	-0.2021561312426008	-0.2854182162204807
3.950999999999676	-0.2024423082797155	-0.2869347551936814
3.951999999999676	-0.2027299286571324	-0.2883048913279115
3.952999999999676	-0.2030188532817444	-0.2895432446239724
3.953999999999676	-0.2033089569495419	-0.290662973222675
3.954999999999675	-0.203600126956811	-0.2916759195256907
3.955999999999675	-0.2038922618501862	-0.2925927417853853
3.956999999999675	-0.2041852703017048	-0.29342303251542
3.957999999999675	-0.2044790700963533	-0.2941754250653665
3.958999999999675	-0.2047735872208593	-0.2948576895366037
3.959999999999675	-0.2050687550436044	-0.2954768191069503
3.960999999999675	-0.2053645135765453	-0.2960391077227622
3.961999999999675	-0.2056563339298548	-0.2876004750801723
3.962999999999675	-0.2059412492311143	-0.2822290302804789
3.963999999999674	-0.2062207776220708	-0.276826675281708
3.964999999999674	-0.206495238679812	-0.272094383423297
3.965999999999674	-0.2067651818216713	-0.2677908609728495
3.966999999999674	-0.2070310362381266	-0.2639169484152097
3.967999999999674	-0.2072932046715701	-0.2604189091957349
3.968999999999674	-0.2075520456245929	-0.2572620004385497
3.969999999999674	-0.2078078828913058	-0.2544115481917975
3.970999999999674	-0.2080610077506384	-0.2518371961713257
3.971999999999674	-0.2083116825362684	-0.2495114102683168
3.972999999999673	-0.2085601434506385	-0.2474094622229894
3.973999999999673	-0.20880660319729	-0.2455090825825087
3.974999999999673	-0.2090512533250413	-0.2437902314361805
3.975999999999673	-0.2092942663439834	-0.2422348713122862
3.976999999999673	-0.2095357976283203	-0.2408267679755194
3.977999999999673	-0.2097759871293195	-0.239551309847277
3.978999999999673	-0.2100149609168727	-0.238395345808174
3.979999999999673	-0.2102528325669284	-0.2373470391392189
3.980999999999673	-0.2104897044101782	-0.2363957360891041
3.981999999999672	-0.2107256686558795	-0.2355318475796777
3.982999999999672	-0.2109608084032986	-0.2347467427421104
3.983999999999672	-0.211195198552013	-0.234032653099108
3.984999999999672	-0.2114333815022842	-0.242332331312802
3.985999999999672	-0.2116783363754834	-0.2475764729570846
3.986999999999672	-0.2119285561429646	-0.2528620996784866
3.987999999999672	-0.2121837313178593	-0.2574872687794549
3.988999999999672	-0.2124433216518631	-0.2616924009723611
3.989999999999672	-0.2127069062938586	-0.2654758694599818
3.990999999999671	-0.2129740900935208	-0.2688907025249136
3.991999999999671	-0.2132445214671717	-0.2719710050105587
3.992999999999671	-0.2135178829331895	-0.2747508760551045
3.993999999999671	-0.2137938889787688	-0.2772601540290627
3.994999999999671	-0.2140722825440479	-0.2795259063406751
3.995999999999671	-0.2143528322567459	-0.2815724406438908
3.996999999999671	-0.214635329843621	-0.2834216472739209
3.997999999999671	-0.2149195878257067	-0.2850932243661263
3.998999999999671	-0.2152054374377939	-0.2866049012278231
3.99999999999967	-0.2154927267575212	-0.2879726341825978
4.000999999999671	-0.2157813190211672	-0.2892107841275685
4.001999999999671	-0.2160710911079588	-0.2903322760106457
4.002999999999671	-0.2163619321759253	-0.2913487424411414
4.003999999999672	-0.2166492675530647	-0.2833209078962871
4.004999999999672	-0.2169300891492083	-0.2783212055427707
4.005999999999672	-0.2172058779962339	-0.2732554290599389
4.006999999999673	-0.2174769202585418	-0.2688280544043708
4.007999999999673	-0.2177437352683029	-0.2648009402653355
4.008999999999673	-0.2180067251256727	-0.2611777643735378
4.009999999999674	-0.2182662681781425	-0.2579073437616369
4.010999999999674	-0.2185227009593487	-0.2549572338481443
4.011999999999674	-0.2187763274778639	-0.2522948292117299
4.012999999999675	-0.2190274211922202	-0.2498916353110674
4.013999999999675	-0.2192762283843895	-0.2477217936710106
4.014999999999675	-0.2195229707969965	-0.2457620841669882
4.015999999999676	-0.2197678481065279	-0.2439915947325409
4.016999999999676	-0.2200110401242998	-0.2423915071691805
4.017999999999676	-0.2202527087835613	-0.2409448836104265
4.018999999999677	-0.2204929999263341	-0.2396364795297232
4.019999999999677	-0.2207320449119604	-0.2384525741501667
4.020999999999677	-0.2209699620647015	-0.2373808181375119
4.021999999999678	-0.2212068579766047	-0.2364100964427912
4.022999999999678	-0.2214428286800801	-0.2355304048809057
4.023999999999679	-0.2216779607032239	-0.2347327390462675
4.024999999999679	-0.2219123320196128	-0.2340089943381217
4.025999999999679	-0.2221460129031217	-0.2333518759829975
4.02699999999968	-0.2223790666972622	-0.2327548180549744
4.02799999999968	-0.2226115505075912	-0.2322119105938835
4.02899999999968	-0.2228435158248805	-0.2317178340116758
4.029999999999681	-0.223075009085973	-0.2312678000581374
4.030999999999681	-0.2233060721785563	-0.2308574986900166
4.031999999999681	-0.2235367428954613	-0.2304830502532247
4.032999999999682	-0.2237670553435344	-0.2301409624468023
4.033999999999682	-0.2240015151927464	-0.2387778366698817
4.034999999999682	-0.224243068490714	-0.2443278328000602
4.035999999999683	-0.2244901784261978	-0.2498910904429929
4.036999999999683	-0.2247425086918361	-0.2547684731431752
4.037999999999683	-0.2249994948848076	-0.2592029273110922
4.038999999999684	-0.2252606943989352	-0.2631950993573881
4.039999999999684	-0.225525692488425	-0.2668000635311353
4.040999999999684	-0.2257941199178417	-0.2700537661246503
4.041999999999685	-0.226065643303225	-0.2729919636589513
4.042999999999685	-0.2263399628039868	-0.275645986227619
4.043999999999685	-0.2266168084496615	-0.2780442438678928
4.044999999999686	-0.2268959372329031	-0.2802122526777699
4.045999999999686	-0.2271771303934673	-0.2821729906697699
4.046999999999686	-0.2274601909987191	-0.2839471349662127
4.047999999999687	-0.2277404668787301	-0.2766035509309585
4.048999999999687	-0.2280148801790295	-0.27222199807806
4.049999999999687	-0.2282848491272786	-0.26771486392737
4.050999999999688	-0.2285506033478621	-0.2637925589604866
4.051999999999688	-0.2288126112707849	-0.2602222830220916
4.052999999999688	-0.2290712291681839	-0.257012520961623
4.053999999999689	-0.2293267941263433	-0.2541164162980346
4.054999999999689	-0.229579605527902	-0.2515054183663779
4.055999999999689	-0.2298299339297021	-0.2491504263488213
4.05699999999969	-0.2300780226679645	-0.2470260999254743
4.05799999999969	-0.2303240908989048	-0.2451094194984716
4.05899999999969	-0.2305683359363693	-0.243379720010486
4.059999999999691	-0.2308109354554235	-0.2418183890329794
4.060999999999691	-0.231052049450661	-0.2404086781187088
4.061999999999691	-0.2312918220049147	-0.2391355122541486
4.062999999999692	-0.231530382879542	-0.2379853235569596
4.063999999999692	-0.2317678489460738	-0.2369459003063145
4.064999999999692	-0.2320043254746046	-0.236006251394447
4.065999999999693	-0.2322399072933705	-0.2351564842519602
4.066999999999693	-0.2324746798323654	-0.2343876950008413
4.067999999999693	-0.2327087200626014	-0.2336918695870857
4.068999999999694	-0.232942097341444	-0.2330617948013052
4.069999999999694	-0.2331748741734177	-0.2324909781969374
4.070999999999694	-0.2334071068949333	-0.2319735760166963
4.071999999999695	-0.2336388462905451	-0.2315043283263397
4.072999999999695	-0.2338701381475853	-0.2310785006350494
4.073999999999695	-0.2341010237553376	-0.2306918313537565
4.074999999999696	-0.2343315403542959	-0.2303404845076195
4.075999999999696	-0.2345617215405	-0.2300210071772417
4.076999999999696	-0.2347915976294402	-0.2297302911957526
4.077999999999697	-0.2350211959835745	-0.2294655386761691
4.078999999999697	-0.2352505413070959	-0.2292242309860084
4.079999999999697	-0.2354796559112259	-0.2290041008244276
4.080999999999698	-0.2357085599529819	-0.2288031070916379
4.081999999999698	-0.2359372716500695	-0.2286194122713667
4.082999999999698	-0.2361658074742885	-0.2284513620750626
4.083999999999699	-0.2363941823256007	-0.2282974671216692
4.084999999999699	-0.2366224096887941	-0.2281563864494118
4.085999999999699	-0.2368549766556295	-0.2369766578591326
4.0869999999997	-0.2370948125353476	-0.2426941844699073
4.0879999999997	-0.2373403654344899	-0.2484106749011798
4.0889999999997	-0.2375912854540788	-0.2534284048988011
4.089999999999701	-0.2378469959413177	-0.2579915919449182
4.090999999999701	-0.2381070432476185	-0.2621020265043274
4.091999999999701	-0.2383710026716748	-0.2658158125642813
4.092999999999702	-0.2386384960008358	-0.2691698232705402
4.093999999999702	-0.2389047068733313	-0.2632509042012798
4.094999999999702	-0.2391664098985506	-0.2601541460126387
4.095999999999703	-0.239424890438984	-0.2568059470084643
4.096999999999703	-0.2396802585375905	-0.2539292743149885
4.097999999999703	-0.2399328749784743	-0.2513026421384169
4.098999999999704	-0.2401829991349226	-0.2489447150264147
4.099999999999704	-0.2404308808655636	-0.2468177991499553
4.100999999999704	-0.2406767410298592	-0.2449015901163827
4.101999999999705	-0.2409207794955204	-0.2431744088973034
4.102999999999705	-0.2411631759603905	-0.2416175948624209
4.103999999999705	-0.2414040922880721	-0.2402141402293823
4.104999999999706	-0.2416436742110795	-0.2389487906652394
4.105999999999706	-0.2418820529633897	-0.2378078034844295
4.106999999999706	-0.2421193467248181	-0.236778813098784
4.107999999999707	-0.2423556619271882	-0.2358506891580305
4.108999999999707	-0.2425910944283305	-0.2350134140664626
4.109999999999707	-0.2428257305690724	-0.2342579714505734
4.110999999999708	-0.2430596481244353	-0.2335762461041838
4.111999999999708	-0.2432929171597379	-0.2329609338579792
4.112999999999708	-0.2435256008010864	-0.232405460482334
4.113999999999709	-0.2437577559288188	-0.2319039086947695
4.114999999999709	-0.2439894338016075	-0.2314509524679156
4.115999999999709	-0.2442206806181538	-0.2310417979063431
4.11699999999971	-0.2444515380227154	-0.2306721300357764
4.11799999999971	-0.2446820435600837	-0.2303380649133511
4.11899999999971	-0.2449122310850654	-0.2300361065268366
4.119999999999711	-0.2451421311310185	-0.2297631080039222
4.120999999999711	-0.2453717712415373	-0.2295162367005626
4.121999999999711	-0.2456011762689706	-0.2292929427804765
4.122999999999712	-0.2458303686430912	-0.2290909309366838
4.123999999999712	-0.2460593686128997	-0.2289081349408781
4.124999999999712	-0.2462881944642516	-0.2287426947378513
4.125999999999713	-0.2465168627157226	-0.2285929358304646
4.126999999999713	-0.2467453882948904	-0.2284573507261131
4.127999999999713	-0.2469737846969909	-0.2283345822385335
4.128999999999714	-0.2472020641277098	-0.2282234084594215
4.129999999999714	-0.2474302376316988	-0.2281227292328778
4.130999999999714	-0.2476583152082413	-0.2280315539824008
4.131999999999715	-0.2478863059153542	-0.2279489907551701
4.132999999999715	-0.2481142179634818	-0.2278742363618934
4.133999999999715	-0.2483420587998223	-0.2278065675026595
4.134999999999716	-0.248569835184224	-0.2277453327801975
4.135999999999716	-0.2487975532574939	-0.2276899455118012
4.136999999999716	-0.2490252186028782	-0.2276398772600531
4.137999999999717	-0.2492528363013958	-0.2275946520104671
4.138999999999717	-0.249480410981642	-0.2275538409313591
4.139999999999717	-0.2497034719834381	-0.2185673123659902
4.140999999999718	-0.2499191049142823	-0.2126977273889258
4.141999999999718	-0.2501288752198631	-0.2068420842291373
4.142999999999718	-0.2503376200036183	-0.2106466876892206
4.143999999999719	-0.2505488453809204	-0.2118032619117975
4.144999999999719	-0.2507614532966483	-0.2134117593158182
4.145999999999719	-0.2509755187752257	-0.2147183821005917
4.14699999999972	-0.251190843627325	-0.2159305016059024
4.14799999999972	-0.2514073159612524	-0.2170133414298662
4.14899999999972	-0.2516248185191549	-0.2179909456768306
4.149999999999721	-0.2518432499681731	-0.2188711201689401
4.150999999999721	-0.2520625181197006	-0.2196643475546511
4.151999999999721	-0.2522825403113237	-0.220379197534956
4.152999999999722	-0.2525032421296909	-0.2210235985017286
4.153999999999722	-0.2527245566662489	-0.2216046316305414
4.154999999999722	-0.2529464237461356	-0.2221286831028868
4.155999999999723	-0.2531687892594998	-0.2226014967356865
4.156999999999723	-0.2533916045533631	-0.2230282424369272
4.157999999999723	-0.2536148258858793	-0.2234135725443471
4.158999999999724	-0.2538384139347746	-0.2237616738478772
4.159999999999724	-0.2540623333550441	-0.2240763140804849
4.160999999999724	-0.2542865523808563	-0.2243608838422544
4.161999999999725	-0.2545110424672752	-0.224618434311479
4.162999999999725	-0.2547357779678101	-0.2248517111897833
4.163999999999725	-0.2549607358442131	-0.2250631852514443
4.164999999999726	-0.255185895405299	-0.2252550798380976
4.165999999999726	-0.2554112380718845	-0.2254293956038884
4.166999999999726	-0.2556367471652354	-0.225587932786122
4.167999999999727	-0.2558624077166717	-0.2257323112488403
4.168999999999727	-0.2560882062962133	-0.2258639885220363
4.169999999999727	-0.2563141308583632	-0.2259842760369414
4.170999999999728	-0.2565401706033147	-0.2260943537377793
4.171999999999728	-0.2567663158520391	-0.2261952832323378
4.172999999999728	-0.256992557933867	-0.2262880196274784
4.173999999999729	-0.2572188890853132	-0.2263734221810889
4.174999999999729	-0.2574453023590205	-0.2264522638888344
4.175999999999729	-0.2576717915418122	-0.2265252401122276
4.17699999999973	-0.2578983510809394	-0.2265929763438853
4.17799999999973	-0.2581249760177073	-0.2266560351962534
4.17899999999973	-0.2583516619277392	-0.2267149226914528
4.179999999999731	-0.2585784048672166	-0.2267700939221343
4.180999999999731	-0.2588052013244972	-0.2268219581462416
4.181999999999731	-0.2590320481765729	-0.2268708833722915
4.182999999999732	-0.2592589426498832	-0.2269172004861193
4.183999999999732	-0.2594858822850497	-0.2269612069649432
4.184999999999732	-0.2597128649051388	-0.2270031702200158
4.185999999999733	-0.2599398885871	-0.2270433306050033
4.186999999999733	-0.2601669516360617	-0.2270819041235205
4.187999999999733	-0.2603940525621998	-0.2271190848659053
4.188999999999734	-0.2606211900599207	-0.2271550472023096
4.189999999999734	-0.2608438881079286	-0.2182402023657222
4.190999999999734	-0.2610592274682104	-0.2124376997671716
4.191999999999735	-0.2612687692048898	-0.206644977240979
4.192999999999735	-0.2614728715763514	-0.2015589900463885
4.193999999999735	-0.2616721188638488	-0.1969348278041119
4.194999999999736	-0.2618669716857771	-0.1927700756461173
4.195999999999736	-0.26205786111967	-0.1890080668309917
4.196999999999736	-0.2622451712193956	-0.1856114209476764
4.197999999999737	-0.2624292488244961	-0.1825430898974646
4.198999999999737	-0.2626104060037086	-0.179770580300774
4.199999999999737	-0.2627889238500932	-0.1772644343015264
4.200999999999738	-0.262965055497733	-0.1749981919079066
4.201999999999738	-0.2631390289364826	-0.1729480247506102
4.202999999999738	-0.2633110495203231	-0.1710924895383273
4.203999999999739	-0.2634857771123228	-0.1783620308177531
4.204999999999739	-0.2636662966046848	-0.1826762682971113
4.205999999999739	-0.2638511962173993	-0.1871222549218704
4.20699999999974	-0.2640402522417288	-0.1909890757781637
4.20799999999974	-0.2642330016836874	-0.1945090761917175
4.20899999999974	-0.2644290932746478	-0.1976733611294516
4.209999999999741	-0.2646281945417439	-0.2005284170752406
4.210999999999741	-0.2648300103638427	-0.2031024608692554
4.211999999999741	-0.2650342741280618	-0.2054242920642906
4.212999999999742	-0.2652407461555281	-0.2075189790234447
4.213999999999742	-0.2654492106886069	-0.2094092957696321
4.214999999999742	-0.2656594735783314	-0.211115685533247
4.215999999999743	-0.2658713601033762	-0.2126565602934247
4.216999999999743	-0.26608471303206	-0.2140484872920553
4.217999999999743	-0.2662993908719183	-0.2153063776611916
4.218999999999744	-0.2665152662958779	-0.2164436509973968
4.219999999999744	-0.2667322247254255	-0.2174723847760243
4.220999999999744	-0.2669501630555591	-0.2184034484997885
4.221999999999745	-0.2671689885072197	-0.21924662451354
4.222999999999745	-0.2673886175944888	-0.2200107167173052
4.223999999999745	-0.2676089751950645	-0.2207036484130901
4.224999999999746	-0.2678299937136928	-0.2213325503657392
4.225999999999746	-0.2680516123292563	-0.2219038400580268
4.226999999999746	-0.2682737763171558	-0.2224232930201616
4.227999999999747	-0.2684964364394545	-0.2228961070263604
4.228999999999747	-0.2687195483960101	-0.2233269598717599
4.229999999999747	-0.2689430723304935	-0.223720061371638
4.230999999999748	-0.2691669723858084	-0.2240792001607116
4.231999999999748	-0.2693912163039694	-0.2244077858125028
4.232999999999748	-0.2696157750659942	-0.2247088867467679
4.233999999999749	-0.2698406225678066	-0.2249852643461794
4.234999999999749	-0.2700657353285527	-0.2252394036613389
4.235999999999749	-0.2702910922280845	-0.2254735410452848
4.23699999999975	-0.270516674270698	-0.2256896890245463
4.23799999999975	-0.2707424643724979	-0.2258896586830888
4.23899999999975	-0.2709684471700279	-0.2260750798078605
4.239999999999751	-0.2711946088480384	-0.2262474190197809
4.240999999999751	-0.2714209369844792	-0.2264079960916261
4.241999999999751	-0.2716474204109944	-0.2265579986341212
4.242999999999752	-0.2718740490873686	-0.2266984953134194
4.243999999999752	-0.2720963391073047	-0.2178807022517762
4.244999999999752	-0.2723113641122931	-0.2121684929964872
4.245999999999753	-0.2725206787339272	-0.2064599572267982
4.246999999999753	-0.2727246354173865	-0.2014526369914987
4.247999999999753	-0.2729238131882329	-0.1969021501487299
4.248999999999754	-0.2731186679110602	-0.1928065573710014
4.249999999999754	-0.2733096263614285	-0.1891096200296776
4.250999999999754	-0.2734970686980037	-0.1857743431410681
4.251999999999755	-0.2736813382313453	-0.1827640256165051
4.252999999999755	-0.2738627438309302	-0.1800464865103961
4.253999999999755	-0.2740415636874342	-0.1775925492817522
4.254999999999756	-0.2742180482998675	-0.1753760072463797
4.255999999999756	-0.2743924232637167	-0.173373260135418
4.256999999999756	-0.2745648917553527	-0.1715630700710814
4.257999999999757	-0.2747356367742324	-0.169926321179978
4.258999999999757	-0.274904823159328	-0.1684458084353675
4.259999999999757	-0.2750725994043078	-0.1671060463177843
4.260999999999758	-0.2752390992911059	-0.1658930969338405
4.261999999999758	-0.2754044433601636	-0.1647944152420523
4.262999999999758	-0.2755687402336458	-0.1637987097763091
4.263999999999759	-0.2757320878063418	-0.1628958172918982
4.264999999999759	-0.2758945743174799	-0.1620765899481626
4.265999999999759	-0.2760562793153652	-0.1613327937725484
4.26699999999976	-0.2762172745255584	-0.1606570172782993
4.26799999999976	-0.2763776246322409	-0.1600425892203375
4.26899999999976	-0.2765373879814479	-0.1594835045755371
4.269999999999761	-0.276696617213983	-0.1589743579249466
4.270999999999761	-0.2768553598350448	-0.1585102834977675
4.271999999999761	-0.2770136587268966	-0.1580869012109143
4.272999999999762	-0.2771715526102721	-0.1577002681045988
4.273999999999762	-0.2773335513408839	-0.1662965801795047
4.274999999999762	-0.2775026047677375	-0.1718096339261597
4.275999999999763	-0.2776771795357512	-0.1773392416424412
4.276999999999763	-0.2778569424826014	-0.1821859720054632
4.277999999999763	-0.278041332070246	-0.1865925057645575
4.278999999999764	-0.2782299083047648	-0.1905592499543521
4.279999999999764	-0.2784222588250732	-0.194141063106625
4.280999999999764	-0.2786180165753731	-0.1973736970906644
4.281999999999765	-0.2788168501665007	-0.2002927331708603
4.282999999999765	-0.2790184615860317	-0.2029293434354238
4.283999999999765	-0.279222582541422	-0.2053117954438494
4.284999999999766	-0.2794289715677565	-0.207465476792726
4.285999999999766	-0.2796374113250096	-0.2094132495733294
4.286999999999766	-0.2798477061905048	-0.2111756863103329
4.287999999999767	-0.2800596800858988	-0.2127713030714438
4.288999999999767	-0.2802731745230252	-0.2142167640757571
4.289999999999767	-0.2804880468447647	-0.2155270671386436
4.290999999999768	-0.2807041686419266	-0.2167157102478695
4.291999999999768	-0.2809214243284181	-0.217794841563169
4.292999999999768	-0.2811397098589038	-0.2187753943956036
4.293999999999769	-0.2813589315746979	-0.2196672086940566
4.294999999999769	-0.2815790051650685	-0.2204791403818172
4.295999999999769	-0.2817998547324116	-0.2212191597598262
4.29699999999977	-0.2820214119509087	-0.2218944400695237
4.29799999999977	-0.2822436153093195	-0.2225114371994336
4.29899999999977	-0.2824664094294949	-0.2230759614210882
4.299999999999771	-0.2826897444530407	-0.2235932419513635
4.300999999999771	-0.2829135754893147	-0.2240679850585828
4.301999999999771	-0.283133387237373	-0.2155546807564781
4.302999999999772	-0.2833462250541308	-0.2101201488512616
4.303999999999772	-0.2835536180856069	-0.2046651308062495
4.304999999999772	-0.2837558958106914	-0.19988955543374
4.305999999999773	-0.2839536165561633	-0.1955511888343857
4.306999999999773	-0.2841472175287455	-0.1916500252541728
4.307999999999773	-0.2843371086831035	-0.1881315664350876
4.308999999999774	-0.2845236550104405	-0.1849603838809229
4.309999999999774	-0.2847071861420963	-0.1821011864950676
4.310999999999774	-0.2848879986079	-0.1795230624775131
4.311999999999775	-0.2850663594646458	-0.1771979776704405
4.312999999999775	-0.2852425091628049	-0.17510075368607
4.313999999999775	-0.2854166642262836	-0.1732087158732917
4.314999999999776	-0.2855890196392865	-0.1715014595606949
4.315999999999776	-0.2857597510007266	-0.1699606189104463
4.316999999999776	-0.2859290164616425	-0.1685696640770548
4.317999999999777	-0.2860969584692665	-0.1673137173528512
4.318999999999777	-0.2862637053365927	-0.1661793880231647
4.319999999999777	-0.2864293726550177	-0.1651546236548868
4.320999999999778	-0.2865940645657137	-0.1642285762764053
4.321999999999778	-0.2867578749038712	-0.1633914819344497
4.322999999999778	-0.2869208882285203	-0.162634552296488
4.323999999999779	-0.2870831807493739	-0.1619498770925412
4.324999999999779	-0.2872448211609909	-0.1613303363128694
4.325999999999779	-0.2874058713935268	-0.160769521185846
4.32699999999978	-0.287566387288413	-0.1602616630580273
4.32799999999978	-0.2877264192064722	-0.1598015693861914
4.32899999999978	-0.287886012575226	-0.1593845661301544
4.329999999999781	-0.2880452083814759	-0.1590064459062843
4.330999999999781	-0.2882040436146294	-0.158663421325645
4.331999999999781	-0.2883625516656979	-0.1583520829983082
4.332999999999782	-0.288520762686398	-0.158069361737216
4.333999999999782	-0.2886787039123471	-0.1578124945416401
4.334999999999782	-0.2888363999539424	-0.157578993982279
4.335999999999783	-0.2889938730581567	-0.1573666206478287
4.336999999999783	-0.2891511433441569	-0.157173358346881
4.337999999999783	-0.2893082290153661	-0.1569973917896158
4.338999999999784	-0.2894651465503217	-0.1568370865013095
4.339999999999784	-0.2896219108744521	-0.1566909707444774
4.340999999999784	-0.2897785355146792	-0.1565577192487868
4.341999999999785	-0.2899350327385641	-0.1564361385679645
4.342999999999785	-0.2900914136795421	-0.1563251539009991
4.343999999999785	-0.2902476884496379	-0.156223797231209
4.344999999999786	-0.2904038662409125	-0.1561311966513893
4.345999999999786	-0.2905599554167689	-0.1560465667564301
4.346999999999786	-0.2907159635941315	-0.1559691999966593
4.347999999999787	-0.2908718977174106	-0.1558984588958378
4.348999999999787	-0.2910277641250738	-0.1558337690473404
4.349999999999787	-0.291183568609564	-0.1557746128107067
4.350999999999788	-0.2913393164712293	-0.1557205236385223
4.351999999999788	-0.2914950125668634	-0.1556710809705994
4.352999999999788	-0.2916506613533948	-0.1556259056387251
4.353999999999789	-0.2918062669272113	-0.155584655730923
4.354999999999789	-0.291961833059555	-0.1555470228692745
4.355999999999789	-0.2921218381096564	-0.1644624745513448
4.35699999999979	-0.292289203538366	-0.1702677523884741
4.35799999999979	-0.2924623704004692	-0.1760653195173062
4.35899999999979	-0.2926409824619105	-0.1811581305888634
4.359999999999791	-0.2928244573797076	-0.1857910139497642
4.360999999999791	-0.2930123363953303	-0.1899663096914784
4.361999999999791	-0.2932041902196001	-0.1937406163155479
4.362999999999792	-0.2933996365217084	-0.1971512518817656
4.363999999999792	-0.2935983301254725	-0.2002352074428535
4.364999999999792	-0.2937999605708585	-0.2030249241125444
4.365999999999793	-0.2940042483233966	-0.2055498117884737
4.366999999999793	-0.2942064668802962	-0.1988865406733391
4.367999999999793	-0.294403471474375	-0.1951219058219269
4.368999999999794	-0.2945966201024871	-0.1911746232992942
4.369999999999794	-0.2947860881707878	-0.1877608000961974
4.370999999999794	-0.2949722953026163	-0.1846527626696725
4.371999999999795	-0.2951555538337485	-0.1818636098410015
4.372999999999795	-0.2953361612973672	-0.1793506376584265
4.373999999999795	-0.2955143814679072	-0.1770890327050695
4.374999999999796	-0.2956904528443839	-0.1750530576543668
4.375999999999796	-0.2958645899005	-0.1732203992980708
4.376999999999796	-0.2960369858057	-0.1715707624084954
4.377999999999797	-0.2962078144752014	-0.1700859338317027
4.378999999999797	-0.2963772325147397	-0.1687495078228808
4.379999999999797	-0.296545380945918	-0.1675467219212851
4.380999999999798	-0.2967123867652559	-0.166464288472849
4.381999999999798	-0.2968783643457785	-0.1654902481908236
4.382999999999798	-0.2970434166988402	-0.1646138370629567
4.383999999999799	-0.2972076366096713	-0.1638253668922099
4.384999999999799	-0.2973711076593982	-0.1631161177023181
4.385999999999799	-0.2975339051448586	-0.1624782409230277
4.3869999999998	-0.2976960969064393	-0.1619046722517231
4.3879999999998	-0.2978577440731344	-0.1613890532301337
4.3889999999998	-0.2980189017330996	-0.1609256606630316
4.389999999999801	-0.2981796195371554	-0.1605093430951195
4.390999999999801	-0.2983399422419421	-0.1601354636401904
4.391999999999801	-0.2984999101987631	-0.1597998485273578
4.392999999999802	-0.2986595597935471	-0.159498740792645
4.393999999999802	-0.2988189238428166	-0.1592287586013975
4.394999999999802	-0.2989780319500632	-0.1589868577384392
4.395999999999803	-0.2991369108264881	-0.1587702978491967
4.396999999999803	-0.2992955845796721	-0.1585766120566956
4.397999999999803	-0.2994540749733807	-0.1584035796168432
4.398999999999804	-0.2996124016613927	-0.1582492013081676
4.399999999999804	-0.2997705823979488	-0.1581116772825693
4.400999999999804	-0.2999286332271577	-0.1579893871309832
4.401999999999805	-0.3000865686534652	-0.157880871942462
4.402999999999805	-0.3002444017950792	-0.1577848181573363
4.403999999999805	-0.300402144522055	-0.1577000430350472
4.404999999999806	-0.3005598075805757	-0.1576254815751812
4.405999999999806	-0.3007174007048062	-0.1575601747463899
4.406999999999806	-0.300874932717566	-0.1575032588924051
4.407999999999807	-0.3010324116209371	-0.1574539561974389
4.408999999999807	-0.3011898446778139	-0.157411566105033
4.409999999999807	-0.3013472384853013	-0.1573754575950094
4.410999999999808	-0.3015045990407756	-0.157345062232715
4.411999999999808	-0.3016619318013425	-0.1573198679133293
4.412999999999808	-0.3018192417373515	-0.1572994132317293
4.413999999999809	-0.3019765333805627	-0.1572832824153564
4.414999999999809	-0.3021338108674989	-0.1572711007637848
4.415999999999809	-0.3022910779784656	-0.1572625305443213
4.41699999999981	-0.302448338172672	-0.1572572672980337
4.41799999999981	-0.3026055946198422	-0.1572550365151646
4.41899999999981	-0.3027628502286689	-0.1572555906429924
4.419999999999811	-0.3029201076724234	-0.1572587063928955
4.420999999999811	-0.3030773694120082	-0.1572641823166971
4.421999999999811	-0.3032346377167072	-0.1572718366253664
4.422999999999812	-0.3033919146828624	-0.1572815052258364
4.423999999999812	-0.3035492022506874	-0.15729303995413
4.424999999999812	-0.3037065022194008	-0.1573063069851619
4.425999999999813	-0.3038638162608497	-0.1573211854015492
4.426999999999813	-0.3040211459317735	-0.15733756590553
4.427999999999813	-0.304178492684844	-0.1573553496596789
4.428999999999814	-0.3043358578786035	-0.15737444724354
4.429999999999814	-0.3044932427864128	-0.157394777714586
4.430999999999814	-0.3046506486045065	-0.1574162677630699
4.431999999999815	-0.3048080764592453	-0.1574388509513811
4.432999999999815	-0.304965527413646	-0.1574624670294548
4.433999999999815	-0.3051185275919527	-0.1485373154925709
4.434999999999816	-0.3052641596996175	-0.1427263534178372
4.435999999999816	-0.3054039865613285	-0.1369268453903507
4.436999999999816	-0.3055383680314183	-0.1318355906276808
4.437999999999817	-0.3056678898387812	-0.1272075381887092
4.438999999999817	-0.3057930139158606	-0.1230401465781122
4.439999999999817	-0.3059141725338831	-0.1192766349685127
4.440999999999818	-0.3060317508319683	-0.1158795201509332
4.441999999999818	-0.306146096637193	-0.1128116613886802
4.442999999999818	-0.3062575229177636	-0.1100404818088527
4.443999999999819	-0.3063663115868327	-0.1075364482929719
4.444999999999819	-0.3064727165270179	-0.1052730329953676
4.445999999999819	-0.3065769664121893	-0.103226346361289
4.44699999999982	-0.3066792672221599	-0.1013748899162646
4.44799999999982	-0.3067798045121428	-0.09969931301167474
4.44899999999982	-0.3068787454537113	-0.09818219908603999
4.449999999999821	-0.3069762406720589	-0.09680787200276932
4.450999999999821	-0.3070724258994408	-0.09556222207837628
4.451999999999821	-0.3071674234633026	-0.0944325494267758
4.452999999999822	-0.3072613436255947	-0.09340742298937554
4.453999999999822	-0.3073542857881631	-0.09247655365705941
4.454999999999822	-0.3074463395776069	-0.09163068008120651
4.455999999999823	-0.3075375858216549	-0.09086146590326144
4.456999999999823	-0.3076280974279109	-0.09016140726139797
4.457999999999823	-0.3077179401747298	-0.08952374954646904
4.458999999999824	-0.3078071734230118	-0.08894241248234046
4.459999999999824	-0.307895850756823	-0.0884119226981646
4.460999999999824	-0.3079840205599587	-0.08792735304340248
4.461999999999825	-0.308071726534857	-0.08748426797131974
4.462999999999825	-0.3081634830509422	-0.09602842024264702
4.463999999999825	-0.3082622440503531	-0.1014932083773784
4.464999999999826	-0.3083664798930364	-0.1069780862777696
4.465999999999826	-0.3084758607910778	-0.1117832998221351
4.466999999999826	-0.3085898282740711	-0.1161512390051603
4.467999999999827	-0.3087079451393945	-0.1200820489465784
4.468999999999827	-0.3088298015683248	-0.1236303522207839
4.469999999999827	-0.308955032823148	-0.1268316881027048
4.470999999999828	-0.3090833096307032	-0.1297214462904419
4.471999999999828	-0.3092143359124649	-0.1323306262324793
4.472999999999828	-0.3093478451456649	-0.1346873398837757
4.473999999999829	-0.3094835974872251	-0.1368168345693222
4.474999999999829	-0.309621377085585	-0.1387418459096889
4.475999999999829	-0.3097609896862731	-0.1404828323808812
4.47699999999983	-0.3099022604706924	-0.1420582071829923
4.47799999999983	-0.3100450321125863	-0.1434845417316593
4.47899999999983	-0.3101891630284714	-0.1447767500977314
4.479999999999831	-0.3103345258031247	-0.1459482546786817
4.480999999999831	-0.3104810057725008	-0.1470111353839317
4.481999999999831	-0.3106284997483644	-0.1479762638813789
4.482999999999832	-0.3107769148704602	-0.1488534244243341
4.483999999999832	-0.3109261675734676	-0.1496514225944944
4.484999999999832	-0.3110761826572626	-0.1503781831709336
4.485999999999833	-0.3112268924501536	-0.1510408382121103
4.486999999999833	-0.311378236055797	-0.1516458063296912
4.487999999999833	-0.3115301586754221	-0.1521988640349841
4.488999999999834	-0.3116826109978355	-0.1527052099507233
4.489999999999834	-0.3118355486504268	-0.1531695226016729
4.490999999999834	-0.3119889317050755	-0.153596012426164
4.491999999999835	-0.3121427242334688	-0.153988468586474
4.492999999999835	-0.3122968939068898	-0.154350301098162
4.493999999999835	-0.3124514116360279	-0.1546845787464647
4.494999999999836	-0.3126062512468104	-0.154994063211048
4.495999999999836	-0.3127613891886526	-0.155281239778276
4.496999999999836	-0.3129168042718845	-0.1555483449822473
4.497999999999837	-0.3130724774314365	-0.1557973914817217
4.498999999999837	-0.3132283915141581	-0.1560301904493463
4.499999999999837	-0.313384531087407	-0.1562483717219534
4.500999999999838	-0.3135408822667803	-0.1564534019358202
4.501999999999838	-0.3136974325610746	-0.156646600848397
4.502999999999838	-0.3138541707327515	-0.1568291560278536
4.503999999999839	-0.3140110866723586	-0.1570021360736651
4.504999999999839	-0.3141681712855099	-0.1571665025151304
4.505999999999839	-0.3143254163911697	-0.1573231205200327
4.50699999999984	-0.3144828146301095	-0.1574727685324246
4.50799999999984	-0.3146403593825215	-0.1576161469466288
4.50899999999984	-0.314798044693872	-0.1577538859138292
4.509999999999841	-0.3149558652081709	-0.1578865523679966
4.510999999999841	-0.3151138161079162	-0.1580146563492131
4.511999999999841	-0.3152718930600453	-0.1581386566946562
4.512999999999842	-0.3154300921672932	-0.1582589661604772
4.513999999999842	-0.3155884099244161	-0.1583759560314833
4.514999999999842	-0.3157468431787943	-0.1584899602698433
4.515999999999843	-0.3159053890949765	-0.1586012792489158
4.516999999999843	-0.3160640451227711	-0.1587101831136855
4.517999999999843	-0.316218334087192	-0.1498671688596449
4.518999999999844	-0.316365335676984	-0.1441354611297799
4.519999999999844	-0.3165066099544156	-0.1384125655762839
4.520999999999844	-0.316642514240554	-0.1333954986422285
4.521999999999845	-0.3167736319375222	-0.1288394051514362
4.522999999999845	-0.3169004228371013	-0.1247419200585228
4.523999999999845	-0.3170233172376134	-0.1210464216013865
4.524999999999846	-0.317142698456516	-0.1177155699891302
4.525999999999846	-0.3172589126356006	-0.1147123538196265
4.526999999999846	-0.3173722711807852	-0.1120043128783476
4.527999999999847	-0.3174830545538879	-0.1095620192955835
4.528999999999847	-0.3175915152863062	-0.1073590402047582
4.529999999999847	-0.3176978807910479	-0.1053715717864785
4.530999999999848	-0.3178023558686388	-0.1035781929812392
4.531999999999848	-0.3179051249686753	-0.1019596230660082
4.532999999999848	-0.3180063542236696	-0.1004985086634272
4.533999999999849	-0.3181061932799036	-0.09917923075268262
4.534999999999849	-0.3182047769451063	-0.09798773130353491
4.535999999999849	-0.3183022266713913	-0.09691135716584806
4.53699999999985	-0.3183986518899	-0.09593871959039302
4.53799999999985	-0.3184941512119868	-0.095059567792474
4.53899999999985	-0.3185888135102894	-0.09426467516042807
4.539999999999851	-0.3186827188916979	-0.0935457368429303
4.540999999999851	-0.3187759395730307	-0.09289527757762096
4.541999999999851	-0.3188685406691478	-0.09230656873682512
4.542999999999852	-0.3189605809022577	-0.09177355366868115
4.543999999999852	-0.3190521132402974	-0.09129078050413224
4.544999999999852	-0.3191431854714799	-0.09085334168319691
4.545999999999853	-0.3192338407213907	-0.09045681952859086
4.546999999999853	-0.3193241179183799	-0.09009723726196606
4.547999999999853	-0.3194140522124186	-0.08977101491850556
4.548999999999854	-0.3195036753520754	-0.08947492967003913
4.549999999999854	-0.3195930160237984	-0.08920608011582801
4.550999999999854	-0.3196821001572745	-0.08896185414425221
4.551999999999855	-0.3197709512002567	-0.08873990000831057
4.552999999999855	-0.3198595903659131	-0.08853810029355225
4.553999999999855	-0.3199480368554453	-0.08835454848919724
4.554999999999856	-0.3200363080584497	-0.08818752790212686
4.555999999999856	-0.3201244197332466	-0.0880354926794575
4.556999999999856	-0.3202123861691809	-0.08789705072883966
4.557999999999857	-0.3203002203326971	-0.08777094834670976
4.558999999999857	-0.320387933998811	-0.08765605638369955
4.559999999999858	-0.3204755378694386	-0.08755135779348767
4.560999999999858	-0.3205630416798961	-0.08745593642674916
4.561999999999858	-0.3206504542947547	-0.08736896694569321
4.562999999999859	-0.3207377837941137	-0.08728970574713055
4.563999999999859	-0.3208250375512504	-0.08721748279321748
4.564999999999859	-0.3209122223025094	-0.0871516942591091
4.56599999999986	-0.3209993442102078	-0.08709179591583077
4.56699999999986	-0.3210864089192526	-0.08703729717484618
4.56799999999986	-0.3211734216081018	-0.08698775572815233
4.568999999999861	-0.3212603870346328	-0.08694277272434892
4.569999999999861	-0.3213473095774285	-0.08690198842708466
4.570999999999861	-0.3214341932729387	-0.08686507830764295
4.571999999999862	-0.3215210418489293	-0.08683174952825304
4.572999999999862	-0.3216078587545907	-0.08680173777705409
4.573999999999862	-0.3216946471876401	-0.08677480441954709
4.574999999999863	-0.321781410118716	-0.08675073393488567
4.575999999999863	-0.3218681503133394	-0.08672933160852216
4.576999999999863	-0.3219548703516807	-0.08671042145557332
4.577999999999864	-0.322041572646356	-0.08669384435183383
4.578999999999864	-0.3221282594584458	-0.08667945635167283
4.579999999999864	-0.3222149329119171	-0.08666712717412529
4.580999999999865	-0.3223015950066068	-0.08665673884035865
4.581999999999865	-0.3223882476299109	-0.08664818444737742
4.582999999999865	-0.3224748925673079	-0.08664136706434176
4.583999999999866	-0.322561531511835	-0.086636198739239
4.584999999999866	-0.3226481660726195	-0.08663259960487249
4.585999999999866	-0.3227347977825615	-0.08663049707423635
4.586999999999867	-0.3228214281052519	-0.08662982511633746
4.587999999999867	-0.3229080584412028	-0.08663052360442004
4.588999999999867	-0.3229946901334581	-0.08663253772935259
4.589999999999868	-0.3230813244726472	-0.08663581747166095
4.590999999999868	-0.3231679627015374	-0.08664031712634301
4.591999999999868	-0.3232546060191341	-0.08664599487518683
4.592999999999869	-0.3233412555843755	-0.08665281240184196
4.593999999999869	-0.3234279125194611	-0.08666073454536859
4.594999999999869	-0.3235145779128511	-0.08666972898841689
4.59599999999987	-0.3236012528219697	-0.08667976597657349
4.59699999999987	-0.323687938275642	-0.08669081806575837
4.59799999999987	-0.3237746352762902	-0.0867028598948673
4.598999999999871	-0.3238613448019148	-0.0867158679811352
4.599999999999871	-0.3239480678078803	-0.08672982053594841
4.600999999999871	-0.324034805228527	-0.08674469729906097
4.601999999999872	-0.3241215579786242	-0.08676047938937465
4.602999999999872	-0.3242083269546828	-0.08677714917062629
4.603999999999872	-0.3242951130361391	-0.08679469013049175
4.604999999999873	-0.3243819170864247	-0.08681308677176494
4.605999999999873	-0.3244687399539327	-0.08683232451440441
4.606999999999873	-0.3245555824728903	-0.08685238960736073
4.607999999999874	-0.3246424454641488	-0.08687326904920671
4.608999999999874	-0.3247293297358969	-0.08689495051669013
4.609999999999874	-0.324816236084307	-0.08691742230041684
4.610999999999875	-0.3249031652941202	-0.08694067324695116
4.611999999999875	-0.3249901181391757	-0.08696469270669195
4.612999999999875	-0.325077095382892	-0.08698947048694679
4.613999999999876	-0.325164097778702	-0.08701499680968446
4.614999999999876	-0.3252511260704487	-0.08704126227349798
4.615999999999876	-0.3253381809927451	-0.08706825781935723
4.616999999999877	-0.3254252632713009	-0.08709597469977208
4.617999999999877	-0.3255123736232201	-0.08712440445102521
4.618999999999877	-0.3255995127572723	-0.08715353886816744
4.619999999999878	-0.3256866813741404	-0.08718336998249973
4.620999999999878	-0.3257738801666465	-0.08721389004129275
4.621999999999878	-0.3258611098199589	-0.08724509148952073
4.622999999999879	-0.3259483710117813	-0.08727696695340788
4.623999999999879	-0.326035664412527	-0.0873095092256064
4.624999999999879	-0.3261229906854783	-0.08734271125184281
4.62599999999988	-0.3262103504869339	-0.08737656611888581
4.62699999999988	-0.3262977444663444	-0.08741106704370361
4.62799999999988	-0.3263851732664372	-0.08744620736369187
4.628999999999881	-0.3264726375233334	-0.08748198052786506
4.629999999999881	-0.3265601378666547	-0.08751838008891508
4.630999999999881	-0.3266476749196235	-0.08755539969605038
4.631999999999882	-0.3267352492991569	-0.08759303308853764
4.632999999999882	-0.326822861615953	-0.08763127408987569
4.633999999999882	-0.3269105124745731	-0.08767011660253854
4.634999999999883	-0.3269982024735179	-0.08770955460323067
4.635999999999883	-0.3270859322052999	-0.08774958213860334
4.636999999999883	-0.3271737022565112	-0.08779019332138589
4.637999999999884	-0.327257038326519	-0.07888163625830691
4.638999999999884	-0.32733302274157	-0.07308691080102715
4.639999999999884	-0.3274032179876877	-0.06730331996282228
4.640999999999885	-0.3274679836170372	-0.06222769749508494
4.641999999999885	-0.3275279050891218	-0.05761502348150842
4.642999999999885	-0.3275834440964424	-0.05346278429479658
4.643999999999886	-0.3276350326967308	-0.04971422413447459
4.644999999999886	-0.3276830558393612	-0.04633188226178839
4.645999999999886	-0.3277278611829854	-0.0432786381095178
4.646999999999887	-0.3277697615465197	-0.04052193290385232
4.647999999999887	-0.3278090387109944	-0.03803224976235683
4.648999999999887	-0.3278459464423034	-0.03578307539897018
4.649999999999888	-0.3278807133113989	-0.03375053331007564
4.650999999999888	-0.3279135452075485	-0.03191313671503106
4.651999999999888	-0.3279446276065036	-0.03025154543780234
4.652999999999889	-0.3279741276102993	-0.02874835229071187
4.653999999999889	-0.3280021957834707	-0.0273878895224061
4.654999999999889	-0.3280289678055553	-0.02615605494527382
4.65599999999989	-0.328054565958377	-0.02504015536902859
4.65699999999989	-0.3280791004646008	-0.0240287657111606
4.65799999999989	-0.3281026706924398	-0.02311160219124737
4.658999999999891	-0.3281253662398977	-0.02227940820706956
4.659999999999891	-0.3281472679105929	-0.02152385162277029
4.660999999999891	-0.3281684485920059	-0.02083743232825031
4.661999999999892	-0.3281889740459086	-0.02021339904257764
4.662999999999892	-0.328208903619756	-0.0196456744370355
4.663999999999892	-0.3282282908869449	-0.01912878774583942
4.664999999999893	-0.3282471842230534	-0.01865781411575853
4.665999999999893	-0.3282656273244607	-0.01822832002075071
4.666999999999893	-0.3282836596751128	-0.01783631413511088
4.667999999999894	-0.3283013169666156	-0.01747820311928112
4.668999999999894	-0.328318631476326	-0.01715075182705699
4.669999999999894	-0.3283356324076387	-0.01685104749205053
4.670999999999895	-0.3283523461962509	-0.01657646749548452
4.671999999999895	-0.3283687967858054	-0.01632465035718507
4.672999999999895	-0.3283850058759761	-0.01609346962745287
4.673999999999896	-0.3284009931457499	-0.01588101038972531
4.674999999999896	-0.3284167764543866	-0.01568554811295061
4.675999999999896	-0.3284323720222881	-0.01550552961870283
4.676999999999897	-0.3284477945937866	-0.01533955595156369
4.677999999999897	-0.3284630575836598	-0.01518636696244483
4.678999999999897	-0.3284781732089995	-0.01504482743355628
4.679999999999898	-0.3284931526078996	-0.01491391459085682
4.680999999999898	-0.3285080059462808	-0.01479270686523804
4.681999999999898	-0.3285227425140377	-0.01468037377756872
4.682999999999899	-0.3285373708115779	-0.01457616683521376
4.683999999999899	-0.3285518986277116	-0.01447941133888002
4.684999999999899	-0.3285663331097581	-0.01438949900875672
4.6859999999999	-0.3285806808266475	-0.01430588134802073
4.6869999999999	-0.3285949478257172	-0.01422806366997053
4.6879999999999	-0.328609139683834	-0.01415559972242592
4.688999999999901	-0.3286232615534103	-0.01408808684966702
4.689999999999901	-0.3286373182038229	-0.01402516163815862
4.690999999999901	-0.3286513140586962	-0.01396649599768145
4.691999999999902	-0.3286652532294619	-0.01391179363432971
4.692999999999902	-0.3286791395455684	-0.01386078687618835
4.693999999999902	-0.3286929765816741	-0.01381323381642203
4.694999999999903	-0.328706767682127	-0.01376891574203479
4.695999999999903	-0.3287205159830018	-0.01372763481973335
4.696999999999903	-0.3287342244319379	-0.01368921201318371
4.697999999999904	-0.3287478958059992	-0.01365348520852182
4.698999999999904	-0.3287615327277533	-0.0136203075272929
4.699999999999904	-0.3287751376797476	-0.01358954580807669
4.700999999999905	-0.3287887130175429	-0.01356107923992994
4.701999999999905	-0.3288022609814494	-0.01353479813246459
4.702999999999905	-0.3288157837070932	-0.01351060280889816
4.703999999999906	-0.3288292832349324	-0.01348840260977894
4.704999999999906	-0.3288427615188257	-0.01346811499631886
4.705999999999906	-0.3288562204337496	-0.01344966474337308
4.706999999999907	-0.328869661782749	-0.0134329832131018
4.707999999999907	-0.3288830873031978	-0.01341800770124609
4.708999999999907	-0.328896498672438	-0.01340468084875636
4.709999999999908	-0.3289098975128602	-0.01339295011223829
4.710999999999908	-0.3289232853964812	-0.0133827672873345
4.711999999999908	-0.3289366638490683	-0.01337408807974849
4.712999999999909	-0.3289500343538564	-0.01336687171914652
4.713999999999909	-0.3289633983548983	-0.01336108061164993
4.714999999999909	-0.3289767572600845	-0.01335668002705863
4.71599999999991	-0.3289901124438664	-0.01335363781733295
4.71699999999991	-0.329003465249712	-0.01335192416320785
4.71799999999991	-0.3290168169923198	-0.01335151134612642
4.718999999999911	-0.3290301689596178	-0.01335237354296081
4.719999999999911	-0.3290435224145661	-0.01335448664124176
4.720999999999911	-0.3290568785967842	-0.01335782807284611
4.721999999999912	-0.3290702387240211	-0.01336237666429635
4.722999999999912	-0.3290836039934821	-0.01336811250201122
4.723999999999912	-0.329096975583028	-0.01337501681101218
4.724999999999913	-0.3291103546522596	-0.01338307184574024
4.725999999999913	-0.3291237423434976	-0.01339226079177231
4.726999999999913	-0.3291371397826693	-0.01340256767734684
4.727999999999914	-0.3291505480801122	-0.01341397729371827
4.728999999999914	-0.3291639683313002	-0.01342647512345715
4.729999999999914	-0.3291774016175034	-0.01344004727590151
4.730999999999915	-0.3291908490063856	-0.01345468042904452
4.731999999999915	-0.3292043115525466	-0.01347036177721463
4.732999999999915	-0.329217790298015	-0.0134870789839692
4.733999999999916	-0.3292312862726967	-0.01350482013968022
4.734999999999916	-0.3292448004947818	-0.01352357372334295
4.735999999999916	-0.329258333971117	-0.01354332856818536
4.736999999999917	-0.3292718876975433	-0.01356407383069807
4.737999999999917	-0.3292854626592064	-0.01358579896274315
4.738999999999917	-0.3292990598308386	-0.01360849368643367
4.739999999999918	-0.3293126801770182	-0.01363214797150702
4.740999999999918	-0.3293263246524068	-0.01365675201494283
4.741999999999918	-0.3293399942019675	-0.01368229622260086
4.742999999999919	-0.3293536897611654	-0.01370877119267706
4.743999999999919	-0.3293674122561523	-0.01373616770079601
4.744999999999919	-0.329381162603938	-0.01376447668657609
4.74599999999992	-0.3293949417125474	-0.01379368924152019
4.74699999999992	-0.3294087504811676	-0.01382379659809952
4.74799999999992	-0.3294225898002838	-0.01385479011991117
4.748999999999921	-0.3294364605518057	-0.01388666129280209
4.749999999999921	-0.3294503636091861	-0.01391940171686299
4.750999999999921	-0.3294642998375313	-0.01395300309920514
4.751999999999922	-0.3294782700937051	-0.01398745724744183
4.752999999999922	-0.3294922752264258	-0.01402275606380415
4.753999999999922	-0.3295063160763592	-0.01405889153982755
4.754999999999923	-0.3295203934762043	-0.0140958557515524
4.755999999999923	-0.3295345082507765	-0.01413364085518689
4.756999999999923	-0.3295486612170854	-0.01417223908318639
4.757999999999924	-0.3295628531844096	-0.01421164274070741
4.758999999999924	-0.3295770849543674	-0.01425184420239897
4.759999999999924	-0.3295913573209849	-0.01429283590949753
4.760999999999925	-0.3296056710707618	-0.01433461036719527
4.761999999999925	-0.3296200269827333	-0.01437716014225434
4.762999999999925	-0.3296344258285315	-0.01442047786084263
4.763999999999926	-0.3296488683724431	-0.01446455620656894
4.764999999999926	-0.3296633553714661	-0.01450938791869758
4.765999999999926	-0.3296778875753651	-0.01455496579052458
4.766999999999927	-0.3296924657267241	-0.01460128266789942
4.767999999999927	-0.3297070905609985	-0.01464833144787766
4.768999999999927	-0.3297217628065657	-0.0146961050774916
4.769999999999928	-0.3297364831847748	-0.01474459655262702
4.770999999999928	-0.3297512524099944	-0.01479379891699563
4.771999999999928	-0.3297660711896604	-0.01484370526119359
4.772999999999929	-0.3297809402243221	-0.01489430872183755
4.773999999999929	-0.3297958602076884	-0.01494560248077057
4.774999999999929	-0.3298108318266718	-0.01499757976433093
4.77599999999993	-0.3298258557614334	-0.01505023384267757
4.77699999999993	-0.3298409326854259	-0.01510355802916665
4.77799999999993	-0.3298560632654366	-0.015157545679774
4.778999999999931	-0.32987124816163	-0.01521219019255911
4.779999999999931	-0.3298864880275892	-0.01526748500716639
4.780999999999931	-0.3299017835103576	-0.01532342360436013
4.781999999999932	-0.3299171352504798	-0.0153799995055898
4.782999999999932	-0.3299325438820419	-0.01543720627258265
4.783999999999932	-0.3299480100327114	-0.01549503750696108
4.784999999999933	-0.3299635343237777	-0.01555348684988219
4.785999999999933	-0.3299791173701905	-0.01561254798169741
4.786999999999933	-0.3299947597805994	-0.01567221462163026
4.787999999999934	-0.3300104621573928	-0.01573248052747048
4.788999999999934	-0.3300262250967355	-0.01579333949528289
4.789999999999934	-0.3300420491886076	-0.01585478535912963
4.790999999999935	-0.3300579350168422	-0.0159168119908044
4.791999999999935	-0.3300738831591628	-0.01597941329957764
4.792999999999935	-0.3300898941872208	-0.01604258323195157
4.793999999999936	-0.3301059686666327	-0.0161063157714241
4.794999999999936	-0.3301221071570167	-0.01617060493826088
4.795999999999936	-0.3301383102120296	-0.01623544478927457
4.796999999999937	-0.3301545783794031	-0.01630082941761088
4.797999999999937	-0.3301709122009803	-0.01636675295254049
4.798999999999937	-0.3301873122127512	-0.01643320955925649
4.799999999999938	-0.3302037789448892	-0.01650019343867685
4.800999999999938	-0.3302203129217862	-0.01656769882725127
4.801999999999938	-0.330236914662088	-0.01663571999677228
4.802999999999939	-0.3302535846787303	-0.01670425125418996
4.803999999999939	-0.3302703234789727	-0.01677328694143022
4.804999999999939	-0.3302871315644343	-0.01684282143521609
4.80599999999994	-0.3303040094311283	-0.01691284914689194
4.80699999999994	-0.3303209575694964	-0.01698336452225032
4.80799999999994	-0.3303379764644431	-0.01705436204136115
4.808999999999941	-0.3303550665953703	-0.01712583621840323
4.809999999999941	-0.3303722284362108	-0.01719778160149771
4.810999999999941	-0.3303894624554625	-0.01727019277254345
4.811999999999942	-0.330406769116222	-0.01734306434705418
4.812999999999942	-0.3304241488762179	-0.01741639097399722
4.813999999999942	-0.3304416021878448	-0.01749016733563376
4.814999999999943	-0.3304591294981958	-0.01756438814736047
4.815999999999943	-0.3304767312490962	-0.01763904815755245
4.816999999999943	-0.3304944078771356	-0.01771414214740746
4.817999999999944	-0.3305121598137016	-0.01778966493079119
4.818999999999944	-0.3305299874850117	-0.01786561135408371
4.819999999999944	-0.3305478913121458	-0.01794197629602687
4.820999999999945	-0.3305658717110789	-0.01801875466757271
4.821999999999945	-0.3305839290927129	-0.01809594141173274
4.822999999999945	-0.3306020638629086	-0.01817353150342816
4.823999999999946	-0.3306202764225176	-0.01825151994934085
4.824999999999946	-0.330638567167414	-0.01832990178776515
4.825999999999946	-0.3306569364885259	-0.01840867208846045
4.826999999999947	-0.3306753847718669	-0.01848782595250447
4.827999999999947	-0.330693912398567	-0.01856735851214729
4.828999999999947	-0.3307125197449044	-0.01864726493066598
4.829999999999948	-0.3307312071823356	-0.01872754040221997
4.830999999999948	-0.3307499750775267	-0.01880818015170703
4.831999999999948	-0.3307688237923842	-0.01888917943461987
4.832999999999949	-0.3307877536840851	-0.01897053353690333
4.833999999999949	-0.3308067651051075	-0.0190522377748122
4.834999999999949	-0.3308258584032609	-0.01913428749476958
4.83599999999995	-0.3308450339217162	-0.01921667807322584
4.83699999999995	-0.3308642919990358	-0.01929940491651807
4.83799999999995	-0.330883632969203	-0.01938246346073021
4.838999999999951	-0.3309030571616524	-0.01946584917155353
4.839999999999951	-0.3309225649012987	-0.01954955754414783
4.840999999999951	-0.3309421565085664	-0.019633584103003
4.841999999999952	-0.3309618322994193	-0.01971792440180121
4.842999999999952	-0.3309815925853893	-0.01980257402327956
4.843999999999952	-0.3310014376736054	-0.01988752857909321
4.844999999999953	-0.3310213678668228	-0.01997278370967907
4.845999999999953	-0.3310413834634513	-0.02005833508411993
4.846999999999953	-0.3310614847575841	-0.02014417840000913
4.847999999999954	-0.3310816720390262	-0.02023030938331563
4.848999999999954	-0.3311019455933226	-0.02031672378824969
4.849999999999954	-0.3311223057017867	-0.02040341739712888
4.850999999999955	-0.331142752641528	-0.02049038602024471
4.851999999999955	-0.3311632866854803	-0.02057762549572963
4.852999999999955	-0.3311839081024295	-0.02066513168942456
4.853999999999956	-0.331204617157041	-0.02075290049474681
4.854999999999956	-0.3312254141098872	-0.02084092783255861
4.855999999999956	-0.3312462992174753	-0.02092920965103592
4.856999999999957	-0.331267272732274	-0.02101774192553787
4.857999999999957	-0.331288334902741	-0.02110652065847654
4.858999999999957	-0.33130948597335	-0.02119554187918725
4.859999999999958	-0.3313307261846171	-0.02128480164379933
4.860999999999958	-0.3313520557731281	-0.02137429603510726
4.861999999999958	-0.3313734749715648	-0.02146402116244239
4.862999999999959	-0.3313949840087316	-0.02155397316154497
4.863999999999959	-0.3314165831095815	-0.02164414819443674
4.864999999999959	-0.3314382724952429	-0.02173454244929392
4.86599999999996	-0.3314600523830453	-0.02182515214032067
4.86699999999996	-0.3314819229865453	-0.02191597350762296
4.86799999999996	-0.3315038845155524	-0.02200700281708292
4.868999999999961	-0.331525937176155	-0.02209823636023364
4.869999999999961	-0.3315480811707457	-0.0221896704541344
4.870999999999961	-0.3315703166980469	-0.02228130144124629
4.871999999999962	-0.3315926439531359	-0.02237312568930839
4.872999999999962	-0.3316150631274705	-0.02246513959121429
4.873999999999962	-0.3316375744089138	-0.02255733956488906
4.874999999999963	-0.3316601779817595	-0.02264972205316673
4.875999999999963	-0.3316828740267562	-0.02274228352366812
4.876999999999963	-0.3317056627211327	-0.02283502046867916
4.877999999999964	-0.3317285442386221	-0.02292792940502959
4.878999999999964	-0.3317515187494867	-0.0230210068739722
4.879999999999964	-0.3317745864205423	-0.02311424944106239
4.880999999999965	-0.3317977474151821	-0.02320765369603821
4.881999999999965	-0.3318210018934012	-0.02330121625270085
4.882999999999965	-0.3318443500118205	-0.02339493374879552
4.883999999999966	-0.3318677919237105	-0.02348880284589281
4.884999999999966	-0.331891327779015	-0.02358282022927041
4.885999999999966	-0.3319149577243751	-0.02367698260779533
4.886999999999967	-0.3319386819031523	-0.02377128671380651
4.887999999999967	-0.3319625004554523	-0.02386572930299784
4.888999999999967	-0.3319864135181479	-0.02396030715430166
4.889999999999968	-0.3320104212249025	-0.02405501706977261
4.890999999999968	-0.332034523706193	-0.02414985587447197
4.891999999999968	-0.3320587210893329	-0.02424482041635241
4.892999999999969	-0.332083013498495	-0.02433990756614312
4.893999999999969	-0.3321074010547341	-0.02443511421723541
4.894999999999969	-0.3321318838760096	-0.02453043728556868
4.89599999999997	-0.3321564620772083	-0.02462587370951687
4.89699999999997	-0.3321811357701662	-0.0247214204497753
4.89799999999997	-0.3322059050636914	-0.02481707448924789
4.898999999999971	-0.3322307700635857	-0.02491283283293486
4.899999999999971	-0.332255730872667	-0.02500869250782078
4.900999999999971	-0.3322807875907912	-0.02510465056276315
4.901999999999972	-0.3323059403148738	-0.02520070406838121
4.902999999999972	-0.3323311891389117	-0.02529685011694535
4.903999999999972	-0.332356534154005	-0.02539308582226679
4.904999999999973	-0.3323819754483782	-0.02548940831958776
4.905999999999973	-0.3324075131074018	-0.0255858147654721
4.906999999999973	-0.3324331472136133	-0.02568230233769612
4.907999999999974	-0.3324588778467387	-0.02577886823514009
4.908999999999974	-0.3324847050837133	-0.02587550967767998
4.909999999999974	-0.3325106289987027	-0.02597222390607963
4.910999999999975	-0.3325366496631236	-0.02606900818188337
4.911999999999975	-0.3325627671456646	-0.02616585978730904
4.912999999999975	-0.332588981512307	-0.02626277602514138
4.913999999999976	-0.3326152928263449	-0.02635975421862581
4.914999999999976	-0.3326417011484057	-0.02645679171136271
4.915999999999976	-0.3326682065364709	-0.02655388586720194
4.916999999999977	-0.3326948090458955	-0.02665103407013797
4.917999999999977	-0.3327215087294289	-0.02674823372420516
4.918999999999977	-0.3327483056372341	-0.02684548225337368
4.919999999999978	-0.3327751998169083	-0.02694277710144567
4.920999999999978	-0.3328021913135023	-0.02704011573195183
4.921999999999978	-0.3328292801695401	-0.02713749562804845
4.922999999999979	-0.3328564664250387	-0.02723491429241482
4.923999999999979	-0.3328837501175276	-0.02733236924715095
4.924999999999979	-0.3329111312820677	-0.02742985803367583
4.92599999999998	-0.3329386099512714	-0.02752737821262596
4.92699999999998	-0.3329661861553209	-0.02762492736375433
4.92799999999998	-0.3329938599219879	-0.02772250308582976
4.928999999999981	-0.3330216312766522	-0.02782010299653666
4.929999999999981	-0.3330495002423208	-0.02791772473237516
4.930999999999981	-0.3330774668396463	-0.02801536594856164
4.931999999999982	-0.3331055310869461	-0.02811302431892959
4.932999999999982	-0.3331336930002206	-0.02821069753583098
4.933999999999982	-0.3331619525931716	-0.02830838331003786
4.934999999999983	-0.3331903098772211	-0.02840607937064448
4.935999999999983	-0.3332187648615292	-0.0285037834649697
4.936999999999983	-0.3332473175530123	-0.02860149335845982
4.937999999999984	-0.3332759679563613	-0.02869920683459178
4.938999999999984	-0.3333047160740596	-0.02879692169477678
4.939999999999984	-0.3333335619064007	-0.0288946357582642
4.940999999999985	-0.3333625054515066	-0.02899234686204598
4.941999999999985	-0.3333915467053448	-0.02909005286076132
4.942999999999985	-0.3334206856617463	-0.02918775162660178
4.943999999999986	-0.333449922312423	-0.02928544104921674
4.944999999999986	-0.3334792566469853	-0.02938311903561931
4.945999999999986	-0.333508688652959	-0.02948078351009244
4.946999999999987	-0.3335382183158028	-0.02957843241409561
4.947999999999987	-0.3335678456189256	-0.02967606370617175
4.948999999999987	-0.3335975705437031	-0.02977367536185457
4.949999999999988	-0.3336273930694952	-0.02987126537357629
4.950999999999988	-0.3336573131736624	-0.0299688317505757
4.951999999999988	-0.333687330831583	-0.0300663725188066
4.952999999999989	-0.3337174460166693	-0.0301638857208466
4.953999999999989	-0.3337476587003848	-0.03026136941580631
4.954999999999989	-0.3337779688522599	-0.03035882167923886
4.95599999999999	-0.3338083764399092	-0.03045624060304983
4.95699999999999	-0.3338388814290469	-0.0305536242954075
4.95799999999999	-0.3338694837835038	-0.03065097088065347
4.958999999999991	-0.3339001834652429	-0.03074827849921364
4.959999999999991	-0.3339309804343756	-0.03084554530750961
4.960999999999991	-0.3339618746491777	-0.03094276947787035
4.961999999999992	-0.3339928660661053	-0.03103994919844427
4.962999999999992	-0.3340194797584221	-0.0221873365270754
4.963999999999992	-0.334038797430054	-0.01644793494427224
4.964999999999993	-0.3340523809483136	-0.01071905109325442
4.965999999999993	-0.3340605892502928	-0.00569752236004332
4.966999999999993	-0.3340640071840559	-0.001138332463886402
4.967999999999994	-0.3340630958343006	0.002961028587633545
4.968999999999994	-0.3340582866545891	0.006657312962640973
4.969999999999994	-0.334049963993757	0.009987977771602239
4.970999999999995	-0.3340384749135428	0.01299013995889823
4.971999999999995	-0.3340241316395695	0.01569635468216778
4.972999999999995	-0.3340072153631867	0.01813613521542171
4.973999999999996	-0.3339879792642115	0.02033599124499727
4.974999999999996	-0.3339666513311145	0.02231979568432879
4.975999999999996	-0.3339434368742669	0.02410903173415864
4.976999999999997	-0.3339185207940983	0.02572303600155595
4.977999999999997	-0.3338920696208854	0.02717921211674154
4.978999999999997	-0.3338642333509561	0.0284932242856233
4.979999999999998	-0.3338351470991803	0.02967917116281846
4.980999999999998	-0.3338049325862408	0.03074974241845619
4.981999999999998	-0.3337736994771752	0.03171635962806146
4.982999999999999	-0.3337415465860696	0.03258930307853627
4.983999999999999	-0.3337085629602874	0.03337782589229688
4.984999999999999	-0.3336748288562794	0.03409025673933302
4.986	-0.3336404166178175	0.0347340922780006
4.987	-0.3336053914664096	0.03531608035177273
4.988	-0.3335698122126768	0.03584229486632842
4.989000000000001	-0.3335337318965985	0.03631820317895066
4.990000000000001	-0.3334971983637357	0.03674872674900138
4.991000000000001	-0.3334602547838377	0.03713829572336571
4.992000000000002	-0.3334229401175919	0.03749089806336835
4.993000000000002	-0.333385289536703	0.03781012375901473
4.994000000000002	-0.3333473348019688	0.03809920462182449
4.995000000000003	-0.3333091046035519	0.03836105009839778
4.996000000000003	-0.3332706248672299	0.03859827950264129
4.997000000000003	-0.3332319190300234	0.03881325102478776
4.998000000000004	-0.3331930082882667	0.03900808783952978
4.999000000000004	-0.3331539118208745	0.03918470160335628
5.000000000000004	-0.333114646990287	0.03934481360217153
5.001000000000005	-0.3330752295233245	0.03948997378416826
5.002000000000005	-0.33303567367396	0.03962157788942963
5.003000000000005	-0.3329959923698201	0.03974088286658699
5.004000000000006	-0.3329561973440386	0.03984902074782791
5.005000000000006	-0.3329162992539296	0.03994701113641939
5.006000000000006	-0.3328763077877972	0.04003577244549487
5.007000000000007	-0.3328362317610682	0.04011613201297833
5.008000000000007	-0.3327960792028162	0.04018883520503209
5.009000000000007	-0.3327558574336364	0.04025455360917574
5.010000000000008	-0.3327155731357377	0.04031389240810899
5.011000000000008	-0.3326752324160297	0.04036739701616822
5.012000000000008	-0.3326348408629041	0.04041555905215322
5.013000000000009	-0.332594403597343	0.04045882171488707
5.014000000000009	-0.3325539253189202	0.04049758462123581
5.015000000000009	-0.3325134103472053	0.04053220816034201
5.01600000000001	-0.332472862659033	0.04056301741245062
5.01700000000001	-0.3324322859220478	0.04059030567586803
5.01800000000001	-0.3323916835248994	0.04061433764124086
5.019000000000011	-0.3323510586044218	0.04063535224842255
5.020000000000011	-0.3323104140700985	0.04065356525766887
5.021000000000011	-0.3322697526260851	0.04066917156372955
5.022000000000012	-0.3322290767910334	0.04068234727854611
5.023000000000012	-0.3321883889159373	0.04069325160569565
5.024000000000012	-0.3321476912001973	0.04070202852740554
5.025000000000013	-0.3321069857060833	0.04070880832288219
5.026000000000013	-0.3320662743717536	0.04071370893482229
5.027000000000013	-0.3320255590229771	0.04071683719928831
5.028000000000014	-0.3319848413836865	0.04071828995261176
5.029000000000014	-0.3319441230854794	0.04071815502762142
5.030000000000014	-0.3319034056761741	0.04071651215026401
5.031000000000015	-0.3318626906275126	0.0407134337465779
5.032000000000015	-0.3318219793420977	0.04070898566898481
5.033000000000015	-0.3317812731596396	0.04070322784996725
5.034000000000016	-0.3317405733625815	0.04069621489039346
5.035000000000016	-0.331699881181167	0.04068799658902483
5.036000000000016	-0.3316591977980035	0.04067861841908761
5.037000000000017	-0.3316185243521733	0.04066812195720241
5.038000000000017	-0.3315778619429374	0.04065654526943568
5.039000000000017	-0.3315372116330721	0.04064392325876093
5.040000000000018	-0.3314965744518761	0.04063028797778868
5.041000000000018	-0.3314559513978795	0.04061566891023818
5.042000000000018	-0.3314153434412868	0.0406000932242768
5.043000000000019	-0.3313747515261776	0.04058358600054009
5.044000000000019	-0.3313341765724924	0.0405661704373647
5.045000000000019	-0.3312936194778218	0.0405478680355124
5.04600000000002	-0.3312530811190215	0.04052869876443654
5.04700000000002	-0.3312125623536684	0.04050868121193626
5.04800000000002	-0.3311720640213751	0.04048783271885987
5.049000000000021	-0.331131586944976	0.04046616950035236
5.050000000000021	-0.3310911319315988	0.04044370675499259
5.051000000000021	-0.3310506997736318	0.04042045876303112
5.052000000000022	-0.3310102912495978	0.04039643897481872
5.053000000000022	-0.3309699071249445	0.04037166009040618
5.054000000000022	-0.3309295481527587	0.04034613413119856
5.055000000000023	-0.3308892150744129	0.04031987250445814
5.056000000000023	-0.3308489086201507	0.04029288606137136
5.057000000000023	-0.3308086295096158	0.04026518514932309
5.058000000000024	-0.3307683784523332	0.04023677965895771
5.059000000000024	-0.3307281561481445	0.04020767906654804
5.060000000000024	-0.3306879632876029	0.04017789247214149
5.061000000000025	-0.3306478005523327	0.0401474286339055
5.062000000000025	-0.3306076686153553	0.04011629599905243
5.063000000000025	-0.3305675681413865	0.04008450273168584
5.064000000000026	-0.330527499787107	0.04005205673787602
5.065000000000026	-0.3304874642014092	0.04001896568824174
5.066000000000026	-0.3304474620256223	0.03998523703828766
5.067000000000027	-0.3304074938937185	0.03995087804672172
5.068000000000027	-0.3303675604325013	0.03991589579195444
5.069000000000027	-0.3303276622617787	0.039880297186962
5.070000000000028	-0.3302833251131438	0.04879383509602433
5.071000000000028	-0.330231631344075	0.05459351067635149
5.072000000000028	-0.330174143470863	0.06038202181700468
5.073000000000029	-0.3301112210750896	0.06546253557083004
5.074000000000029	-0.3300434496449136	0.07008007257139222
5.075000000000029	-0.3299712909008135	0.07423714708534557
5.07600000000003	-0.3298951769278942	0.07799051548295659
5.07700000000003	-0.3298154927023647	0.08137763901060806
5.07800000000003	-0.3297325859092318	0.08443563868762052
5.079000000000031	-0.3296467693933395	0.08719707369030749
5.080000000000031	-0.329558324961266	0.089691461259315
5.081000000000031	-0.3294675064041145	0.09194531499936737
5.082000000000032	-0.3293745423177454	0.09398251169743956
5.083000000000032	-0.3292796386160674	0.09582453838602094
5.084000000000032	-0.329182980799235	0.09749073546487431
5.085000000000033	-0.3290847359934755	0.09899851032032091
5.086000000000033	-0.3289850547873286	0.1003635308799848
5.087000000000033	-0.3288840728841704	0.1015998994877998
5.088000000000034	-0.3287819125895158	0.1027203094725943
5.089000000000034	-0.3286786841495901	0.1037361860395781
5.090000000000034	-0.3285744869560516	0.104657813077764
5.091000000000035	-0.3284694106302465	0.1054944472854006
5.092000000000035	-0.3283635359990454	0.1062544208831978
5.093000000000035	-0.3282569359731012	0.1069452340561689
5.094000000000036	-0.3281496763372876	0.1075736381513276
5.095000000000036	-0.3280418164620993	0.1081457105556281
5.096000000000037	-0.3279334099439183	0.1086669220861325
5.097000000000037	-0.3278245051812593	0.1091421976411788
5.098000000000037	-0.3277151458933961	0.1095759707864521
5.099000000000038	-0.3276053715871319	0.1099722328824673
5.100000000000038	-0.3274952179768972	0.1103345772993226
5.101000000000038	-0.3273847173628447	0.1106662392099973
5.102000000000039	-0.3272738989711402	0.1109701314043396
5.103000000000039	-0.3271627892602295	0.1112488765216744
5.104000000000039	-0.327051412196485	0.1115048360601707
5.10500000000004	-0.3269442643836616	0.1027903904197519
5.10600000000004	-0.3268442837721251	0.09717046017398939
5.10700000000004	-0.3267499263269473	0.0915440786398599
5.108000000000041	-0.3266608493024453	0.08660963848519931
5.109000000000041	-0.3265764825638078	0.08212352445068993
5.110000000000041	-0.3264963784079887	0.07808448872207853
5.111000000000042	-0.3264201175633801	0.07443691634228218
5.112000000000042	-0.3263473267821271	0.07114437493343642
5.113000000000042	-0.3262776691293568	0.06817067104538339
5.114000000000043	-0.3262108416283769	0.06548408189255743
5.115000000000043	-0.3261465715454042	0.06305584455563193
5.116000000000043	-0.326084613444743	0.06086012587997845
5.117000000000044	-0.3260247464387356	0.05887366303597882
5.118000000000044	-0.3259667717376437	0.05707552309648355
5.119000000000044	-0.3259105104383145	0.05544686589177769
5.120000000000045	-0.3258558015355396	0.05397073576941436
5.121000000000045	-0.325802500131891	0.05263187288073585
5.122000000000045	-0.3257504758266738	0.05141654366305928
5.123000000000046	-0.3256996112659601	0.05031238819261289
5.124000000000046	-0.3256498008376295	0.04930828282246431
5.125000000000046	-0.3256009494969052	0.04839421655161401
5.126000000000047	-0.3255529717093393	0.04756117975846581
5.127000000000047	-0.325505790499502	0.04680106406065292
5.128000000000047	-0.3254593365948034	0.04610657218897825
5.129000000000048	-0.3254135476549362	0.0454711368739576
5.130000000000048	-0.325368367578375	0.04488884784372927
5.131000000000048	-0.3253237458782291	0.04435438612218644
5.132000000000049	-0.3252796371205112	0.04386296489731114
5.133000000000049	-0.3252360004185816	0.04341027630268841
5.134000000000049	-0.3251927989781502	0.04299244352088255
5.13500000000005	-0.3251499996877804	0.04260597767648865
5.13600000000005	-0.3251075727503439	0.04224773903989158
5.13700000000005	-0.3250654913513332	0.04191490211066138
5.138000000000051	-0.3250237313603442	0.04160492419262114
5.139000000000051	-0.3249822710624123	0.04131551711141996
5.140000000000051	-0.3249410909162176	0.04104462176036012
5.141000000000052	-0.3249001733364713	0.04079038519165301
5.142000000000052	-0.3248595024980646	0.04055113999856074
5.143000000000052	-0.3248190641598065	0.04032538575933463
5.144000000000053	-0.3247788455057878	0.04011177233677089
5.145000000000053	-0.3247388350026118	0.03990908484782157
5.146000000000053	-0.3246990222709037	0.03971623013625518
5.147000000000054	-0.3246593979696709	0.03953222459806183
5.148000000000054	-0.3246199536922286	0.0393561832243285
5.149000000000054	-0.3245806818725359	0.03918730973983721
5.150000000000055	-0.3245415757008993	0.03902488772781375
5.151000000000055	-0.3245026290481079	0.03886827264221189
5.152000000000055	-0.3244593615157961	0.04766663065618887
5.153000000000056	-0.3244088498891251	0.05335643434754975
5.154000000000056	-0.3243526516143921	0.05903990557293917
5.155000000000056	-0.3242911216555652	0.06401978265100575
5.156000000000057	-0.3242248412906407	0.06854070004965324
5.157000000000057	-0.324154268396944	0.07260482418314643
5.158000000000057	-0.3240798315470383	0.07626859805251968
5.159000000000058	-0.3240019125024424	0.0795692005710644
5.160000000000058	-0.3239208560018393	0.08254349835880598
5.161000000000058	-0.3238369721855784	0.08522382133444913
5.162000000000059	-0.3237505403736862	0.0876394801098119
5.163000000000059	-0.3236618120671602	0.08981680202795188
5.164000000000059	-0.3235710137488509	0.09177949594587627
5.16500000000006	-0.3234783493793375	0.09354889746588527
5.16600000000006	-0.3233840026494498	0.09514421040859836
5.16700000000006	-0.3232881390059863	0.09658271894837588
5.168000000000061	-0.3231909074752538	0.09787997983258237
5.169000000000061	-0.3230924423041613	0.09904999505465627
5.170000000000061	-0.3229928644372332	0.1001053673409482
5.171000000000062	-0.3228922828459198	0.101057440068631
5.172000000000062	-0.3227907957249828	0.1019164231968993
5.173000000000062	-0.3226884915692478	0.1026915066037987
5.174000000000063	-0.3225854501426845	0.1033909620897038
5.175000000000063	-0.322481743350585	0.1040222351803841
5.176000000000063	-0.3223774360245284	0.1045920277497989
5.177000000000064	-0.3222725866288536	0.1051063723806222
5.178000000000064	-0.3221672478964895	0.1055706992887317
5.179000000000064	-0.322061467401207	0.1059898965552633
5.180000000000065	-0.3219552880726499	0.1063683643354768
5.181000000000065	-0.3218487486598682	0.1067100636467488
5.182000000000065	-0.3217418841485017	0.1070185602777833
5.183000000000066	-0.3216347261362503	0.1072970643069161
5.184000000000066	-0.3215273031708019	0.1075484656686048
5.185000000000066	-0.3214196410539718	0.1077753661632861
5.186000000000067	-0.3213117631154329	0.1079801082662628
5.187000000000067	-0.3212036904590772	0.1081648010557187
5.188000000000067	-0.3210954421847456	0.1083313435479485
5.189000000000068	-0.3209870355877896	0.1084814456990804
5.190000000000068	-0.3208784863386806	0.1086166473066437
5.191000000000068	-0.3207698086446636	0.1087383350209953
5.192000000000069	-0.3206610153952492	0.108847757655621
5.193000000000069	-0.3205521182931608	0.1089460399664227
5.194000000000069	-0.3204431279721923	0.1090341950530938
5.19500000000007	-0.3203340541032835	0.1091131355203736
5.19600000000007	-0.3202249054899927	0.1091836835231936
5.19700000000007	-0.3201156901544265	0.1092465798073251
5.198000000000071	-0.3200064154145806	0.1093024918459791
5.199000000000071	-0.3198970879539512	0.1093520211627639
5.200000000000071	-0.3197877138841892	0.1093957099223621
5.201000000000072	-0.3196782988014935	0.1094340468621584
5.202000000000072	-0.3195688478373692	0.1094674726307201
5.203000000000072	-0.3194593657043141	0.1094963845924471
5.204000000000073	-0.319349856736941	0.1095211411517736
5.205000000000073	-0.3192403249289916	0.1095420656449662
5.206000000000073	-0.3191307739666535	0.1095594498427591
5.207000000000074	-0.3190212072585497	0.1095735571027423
5.208000000000074	-0.3189116279627331	0.1095846252065281
5.209000000000074	-0.3188020390109858	0.1095928689132172
5.210000000000075	-0.3186924431306927	0.1095984822575352
5.211000000000075	-0.3185828428645315	0.1096016406181717
5.212000000000075	-0.3184732405881983	0.1096025025793027
5.213000000000076	-0.3183636385263641	0.1096012116059765
5.214000000000076	-0.3182540387670406	0.1095978975519784
5.215000000000076	-0.3181444432745121	0.1095926780169247
5.216000000000077	-0.3180348539009798	0.1095856595676641
5.217000000000077	-0.3179252723970445	0.1095769388375557
5.218000000000077	-0.3178157004211457	0.1095666035158346
5.219000000000078	-0.3177061395480599	0.1095547332380587
5.220000000000078	-0.3175965912765544	0.1095414003875257
5.221000000000078	-0.3174825821549366	0.118476416776673
5.222000000000079	-0.3173611953015963	0.1242968362431595
5.223000000000079	-0.3172339939436488	0.1301054042410603
5.224000000000079	-0.3171013383282228	0.1352053307937522
5.22500000000008	-0.3169638145681247	0.1398416753674054
5.22600000000008	-0.3168218849715086	0.1440169873373358
5.22700000000008	-0.3166759821777223	0.1477880548302921
5.228000000000081	-0.3165264916869697	0.1511923678317239
5.229000000000081	-0.3163737616808709	0.154267073383817
5.230000000000081	-0.3162181054760833	0.1570447542406359
5.231000000000082	-0.3160598053285201	0.1595549490194206
5.232000000000082	-0.3158991154582343	0.1618241907198806
5.233000000000082	-0.3157407397528697	0.154926627798855
5.234000000000083	-0.3155878027682602	0.1509467695174589
5.235000000000083	-0.3154389284650619	0.1468012801412446
5.236000000000083	-0.3152939253437108	0.143204420274193
5.237000000000084	-0.3151523594407739	0.1399268561425711
5.238000000000084	-0.315013905657009	0.1369801935457757
5.239000000000084	-0.3148782551135109	0.1343203860708993
5.240000000000085	-0.314745133964847	0.1319214133165205
5.241000000000085	-0.314614294787027	0.1297564528978419
5.242000000000085	-0.3144855152115705	0.1278022162732614
5.243000000000086	-0.3143585951002176	0.1260375316270412
5.244000000000086	-0.3142333544010927	0.1244433980805965
5.245000000000086	-0.3141096311195432	0.1230027021343656
5.246000000000087	-0.3139872795168214	0.1217000455386628
5.247000000000087	-0.3138661684826722	0.1205215696126963
5.248000000000087	-0.3137461800722228	0.1194548023220494
5.249000000000088	-0.3136272081887974	0.1184885193510836
5.250000000000088	-0.3135091573985516	0.1176126193924207
5.251000000000088	-0.3133919418636225	0.1168180118264479
5.252000000000089	-0.3132754843819731	0.1160965156531613
5.253000000000089	-0.3131597155232545	0.1154407685257858
5.254000000000089	-0.3130445728510849	0.1148441448823241
5.25500000000009	-0.3129300002231052	0.1143006822636565
5.25600000000009	-0.3128159471610311	0.1138050149999325
5.25700000000009	-0.3127023682837042	0.1133523145283237
5.258000000000091	-0.3125892227968411	0.1129382356790271
5.259000000000091	-0.3124764740338107	0.1125588683326855
5.260000000000091	-0.3123640890423369	0.112210693912086
5.261000000000092	-0.3122520382125349	0.1118905462247052
5.262000000000092	-0.3121402949421466	0.1115955762210189
5.263000000000092	-0.3120288353352555	0.1113232202769978
5.264000000000093	-0.3119176379311342	0.1110711716483697
5.265000000000093	-0.311806683460209	0.1108373547794732
5.266000000000093	-0.3116959546244323	0.110619902181241
5.267000000000094	-0.3115854358996206	0.110417133621402
5.268000000000094	-0.3114751133575617	0.1102275373956777
5.269000000000094	-0.311364974505914	0.1100497534718753
5.270000000000095	-0.3112550081441202	0.1098825583195864
5.271000000000095	-0.3111452042337307	0.1097248512569308
5.272000000000095	-0.3110355537816997	0.1095756421626405
5.273000000000096	-0.3109260487353538	0.109434040416951
5.274000000000096	-0.3108166818878666	0.1092992449484173
5.275000000000096	-0.3107074467931893	0.1091705352760623
5.276000000000097	-0.3105983376894915	0.1090472634473261
5.277000000000097	-0.3104893494302596	0.1089288467822331
5.278000000000097	-0.3103804774222905	0.1088147613431574
5.279000000000098	-0.3102717175698866	0.1087045360576255
5.280000000000098	-0.310163066224636	0.108597747428852
5.281000000000098	-0.3100545201402166	0.1084940147752367
5.282000000000099	-0.3099460764317234	0.1083929959459247
5.283000000000099	-0.3098332576577443	0.1172441293418283
5.284000000000099	-0.309713143301977	0.1229841321728432
5.2850000000001	-0.3095872932767863	0.1287154466807771
5.2860000000001	-0.3094560648027174	0.1337410097575437
5.2870000000001	-0.3093200412255895	0.1383056348101322
5.288000000000101	-0.3091796823204458	0.1424116495211217
5.289000000000101	-0.3090354184042509	0.1461156422552441
5.290000000000101	-0.3088876328447178	0.1494549229746127
5.291000000000102	-0.3087366718621168	0.152466476463888
5.292000000000102	-0.3085828469660176	0.1551827392098395
5.293000000000102	-0.3084264387443174	0.1576331179546158
5.294000000000103	-0.3082676998744511	0.1598440267768104
5.295000000000103	-0.3081068579331989	0.1618392528128058
5.296000000000103	-0.3079441179005954	0.1636402023328767
5.297000000000104	-0.3077796644196835	0.1652661429744927
5.298000000000104	-0.3076136638287407	0.1667344165619804
5.299000000000104	-0.3074462659906785	0.1680606319415968
5.300000000000105	-0.3072776059394099	0.1692588382088239
5.301000000000105	-0.3071078053616098	0.1703416806940033
5.302000000000105	-0.3069369739302995	0.1713205413291613
5.303000000000106	-0.3067652105050797	0.1722056649832274
5.304000000000106	-0.3065926042123452	0.1730062731624793
5.305000000000106	-0.3064192354174841	0.173730666341273
5.306000000000107	-0.3062451765998624	0.1743863160596352
5.307000000000107	-0.3060704931403164	0.1749799478111297
5.308000000000107	-0.3058952440299002	0.1755176156419479
5.309000000000108	-0.3057194825077652	0.1760047692901057
5.310000000000108	-0.3055432566352564	0.1764463146107366
5.311000000000108	-0.3053666098126052	0.1768466679588714
5.312000000000109	-0.3051895812439578	0.1772098051339558
5.313000000000109	-0.3050122063559066	0.177539305429933
5.314000000000109	-0.3048345171741739	0.1778383912803359
5.31500000000011	-0.3046610175439402	0.1691602181168408
5.31600000000011	-0.3044946519202639	0.1635704049029158
5.31700000000011	-0.3043338821093963	0.1579686134683132
5.318000000000111	-0.3041783706097891	0.1530538020873659
5.319000000000111	-0.3040275519934612	0.1485828644958327
5.320000000000111	-0.3038809827806772	0.1445550109231677
5.321000000000112	-0.3037382474880242	0.140915038600035
5.322000000000112	-0.3035989762642899	0.1376268860658966
5.323000000000112	-0.3034628352188973	0.1346546936445841
5.324000000000113	-0.3033295241023912	0.1319670388955501
5.325000000000113	-0.3031987726229226	0.1295354291584603
5.326000000000113	-0.3030703375300101	0.1273342744603113
5.327000000000114	-0.302943999890213	0.1253405307835472
5.328000000000114	-0.3028195626601644	0.1235334620805484
5.329000000000114	-0.3026968484960724	0.1218944053219346
5.330000000000115	-0.3025756977838323	0.1204065642304084
5.331000000000115	-0.3024559668657383	0.1190548223438921
5.332000000000115	-0.3023375264446261	0.1178255750966739
5.333000000000116	-0.3022202601475766	0.1167065786114143
5.334000000000116	-0.3021040632332594	0.1156868136322422
5.335000000000116	-0.3019888414285414	0.1147563630595041
5.336000000000117	-0.3018745098814374	0.1139063017323294
5.337000000000117	-0.3017609922187678	0.1131285972326448
5.338000000000117	-0.3016482196980518	0.1124160206088878
5.339000000000118	-0.3015361304442143	0.111762066027349
5.340000000000118	-0.3014201938813247	0.1201106242462837
5.341000000000118	-0.301297441629126	0.1253934190256748
5.342000000000119	-0.3011693904799568	0.1307083982630144
5.343000000000119	-0.301036358804081	0.1353544537082296
5.344000000000119	-0.3008988949400465	0.1395727579078816
5.34500000000012	-0.3007574271145635	0.1433623615389334
5.34600000000012	-0.3006123572095403	0.1467769034307277
5.34700000000012	-0.3004640429598117	0.1498510387341984
5.348000000000121	-0.3003128074749591	0.1526193626755794
5.349000000000121	-0.3001589414240619	0.155112160911653
5.350000000000121	-0.3000027065979319	0.1573569042111284
5.351000000000122	-0.2998443387162098	0.1593782640509989
5.352000000000122	-0.2996840500534682	0.1611984590016423
5.353000000000122	-0.2995220317777865	0.1628374834003017
5.354000000000123	-0.2993584560617022	0.1643133339220219
5.355000000000123	-0.2991934779805152	0.1656422083031793
5.356000000000123	-0.299027237221155	0.166838685490034
5.357000000000124	-0.2988598596200693	0.1679158874481498
5.358000000000124	-0.2986914585473526	0.1688856248719419
5.359000000000124	-0.2985221361524599	0.1697585283030187
5.360000000000125	-0.2983519844853568	0.1705441661417641
5.361000000000125	-0.298181086505557	0.1712511508565074
5.362000000000125	-0.2980095169902625	0.171887234572103
5.363000000000126	-0.2978373433516935	0.172459395099585
5.364000000000126	-0.2976646263726903	0.1729739133628881
5.365000000000126	-0.2974914208687596	0.1734364430829035
5.366000000000127	-0.2973177762839206	0.1738520734931435
5.367000000000127	-0.297143737226972	0.1742253857838522
5.368000000000127	-0.2969693439541354	0.174560503901719
5.369000000000128	-0.2967946328034405	0.1748611402696343
5.370000000000128	-0.2966196365856755	0.1751306369344844
5.371000000000128	-0.296444384936247	0.1753720026001803
5.372000000000129	-0.2962689046318593	0.1755879459574
5.373000000000129	-0.2960932198755292	0.1757809056803701
5.374000000000129	-0.2959173525531046	0.1759530774239858
5.37500000000013	-0.2957413224641356	0.1761064381212334
5.37600000000013	-0.2955651475296629	0.1762427678508874
5.37700000000013	-0.2953888439792317	0.1763636695184523
5.378000000000131	-0.2952124265192093	0.1764705865690283
5.379000000000131	-0.2950359084842746	0.1765648189289044
5.380000000000131	-0.2948593019737635	0.1766475373530102
5.381000000000132	-0.2946826179743844	0.1767197963376384
5.382000000000132	-0.294505866470666	0.1767825457419112
5.383000000000132	-0.294329056544365	0.1768366412471175
5.384000000000133	-0.2941521964639377	0.1768828537701321
5.385000000000133	-0.2939752937650681	0.1769218779355103
5.386000000000133	-0.2937983553231482	0.1769543397003898
5.387000000000134	-0.2936258622997932	0.1680310575093876
5.388000000000134	-0.2934607386865497	0.1622155471940031
5.389000000000134	-0.293301427824242	0.1564055774966935
5.390000000000135	-0.2931475755444766	0.151298402637811
5.391000000000135	-0.2929986013714158	0.146649382432277
5.392000000000135	-0.2928495733535555	0.1514060920087729
5.393000000000136	-0.2926971454813641	0.1534490782638218
5.394000000000136	-0.2925424987257559	0.1558438504579341
5.395000000000136	-0.2923856481547532	0.1578567007244102
5.396000000000137	-0.2922268693489618	0.1597003127434339
5.397000000000137	-0.2920663449480939	0.161347884272972
5.398000000000137	-0.2919042557809032	0.1628298394645252
5.399000000000138	-0.2917407605898112	0.1641599267484542
5.400000000000138	-0.2915760033518562	0.1653539284052497
5.401000000000138	-0.2914101134764303	0.1664251973917775
5.402000000000139	-0.2912432075807588	0.1673859650368569
5.403000000000139	-0.2910753906885244	0.1682471870530218
5.404000000000139	-0.2909067574084444	0.1690187376197605
5.40500000000014	-0.290737392970045	0.1697095009042568
5.40600000000014	-0.2905673741620985	0.1703274742151174
5.40700000000014	-0.2903967701756625	0.1708798556453472
5.408000000000141	-0.2902256433632074	0.1713731242496649
5.409000000000141	-0.2900540499217393	0.1718131118794956
5.410000000000141	-0.2898820405076376	0.1722050679156105
5.411000000000142	-0.2897096607900073	0.1725537175072343
5.412000000000142	-0.2895369519487016	0.1728633139923207
5.413000000000142	-0.2893639511225451	0.1731376860745463
5.414000000000143	-0.2891906918127392	0.1733802802829336
5.415000000000143	-0.2890172042459306	0.1735941991854445
5.416000000000143	-0.288843515700977	0.1737822357812468
5.417000000000144	-0.28866965080304	0.1739469044537628
5.418000000000144	-0.2884956317882718	0.1740904688284263
5.419000000000144	-0.2883214787420384	0.1742149668446782
5.420000000000145	-0.2881472098133234	0.1743222333207748
5.421000000000145	-0.287972841407695	0.1744139202621303
5.422000000000145	-0.287798388360981	0.1744915151388381
5.423000000000146	-0.2876238640955791	0.1745563573354545
5.424000000000146	-0.2874492807611402	0.1746096529558177
5.425000000000146	-0.2872746493611876	0.1746524881473998
5.426000000000147	-0.2870999798670775	0.1746858410932375
5.427000000000147	-0.286925281320567	0.1747105928046845
5.428000000000147	-0.2867505619261293	0.1747275368349031
5.429000000000148	-0.2865758291340412	0.174737388021021
5.430000000000148	-0.286401089715165	0.1747407903520876
5.431000000000148	-0.2862263498282563	0.1747383240502487
5.432000000000149	-0.2860516150805446	0.1747305119438193
5.433000000000149	-0.2858768905822588	0.1747178252030627
5.434000000000149	-0.2857021809957049	0.1747006885024077
5.43500000000015	-0.2855274905794386	0.1746794846664582
5.43600000000015	-0.2853528232280244	0.1746545588514161
5.43700000000015	-0.2851781825078226	0.1746262223083782
5.438000000000151	-0.285003571689201	0.1745947557703166
5.439000000000151	-0.2848289937755286	0.1745604125003768
5.440000000000151	-0.2846544515292741	0.1745234210353605
5.441000000000152	-0.2844754726142419	0.1834337332706205
5.442000000000152	-0.28428914113197	0.1892285277165044
5.443000000000152	-0.2840970211744321	0.1950106619063327
5.444000000000153	-0.2838994737471673	0.2000834466333362
5.445000000000153	-0.2836970856257187	0.2046920319497948
5.446000000000153	-0.2834903196949701	0.2088390486540039
5.447000000000154	-0.2832796090936987	0.2125813580491684
5.448000000000154	-0.2830653397520707	0.2159565158760726
5.449000000000154	-0.2828478602192518	0.2190017282538297
5.450000000000155	-0.282627484123372	0.2217496310034762
5.451000000000155	-0.2824089688627048	0.2152800648053932
5.452000000000155	-0.2821954871203814	0.2116826132815844
5.453000000000156	-0.2819857061574223	0.207878520010228
5.454000000000156	-0.2817794734259005	0.2045861637663993
5.455000000000156	-0.2815763900014013	0.201579917819505
5.456000000000157	-0.2813761623021475	0.1988747240226893
5.457000000000157	-0.2811785097974626	0.1964295383703223
5.458000000000157	-0.2809831841379021	0.1942210425259032
5.459000000000158	-0.2807899608285406	0.1922248458770089
5.460000000000158	-0.28059863811982	0.1904198483876667
5.461000000000158	-0.2804090344133626	0.1887868478089965
5.462000000000159	-0.2802209863261276	0.1873086157844843
5.463000000000159	-0.2800343468484421	0.1859696339967358
5.464000000000159	-0.2798489837111565	0.1847559397726476
5.46500000000016	-0.2796647779098568	0.1836549663633317
5.46600000000016	-0.2794816223782175	0.1826554043864059
5.46700000000016	-0.2792994207936319	0.1817470758267273
5.468000000000161	-0.2791180865023807	0.1809208209613711
5.469000000000161	-0.278937541552262	0.1801683965110832
5.470000000000161	-0.278757715821968	0.1794823839968757
5.471000000000162	-0.2785785462375249	0.1788561072559248
5.472000000000162	-0.2783999760670929	0.1782835582071688
5.473000000000162	-0.2782219542862888	0.1777593300400531
5.474000000000163	-0.2780444350069792	0.1772785570845012
5.475000000000163	-0.2778673769631982	0.1768368606938902
5.476000000000163	-0.2776907430484749	0.1764303005397529
5.477000000000164	-0.2775144998994323	0.176055330777028
5.478000000000164	-0.2773386175210291	0.1757087605928041
5.479000000000164	-0.2771630689492791	0.1753877187002066
5.480000000000165	-0.2769878299477031	0.175089621382913
5.481000000000165	-0.2768128787341376	0.1748121437352346
5.482000000000165	-0.2766381957348655	0.1745531937782044
5.483000000000166	-0.2764637633633369	0.1743108891640739
5.484000000000166	-0.2762895658210202	0.1740835362103748
5.485000000000166	-0.2761155889181715	0.1738696110305901
5.486000000000167	-0.2759418199125293	0.1736677425517726
5.487000000000167	-0.2757637724829082	0.18242644276135
5.488000000000167	-0.2755785181140245	0.1880815937618998
5.489000000000168	-0.275387609512728	0.1937348861454297
5.490000000000168	-0.2751913974081088	0.19868858029035
5.491000000000168	-0.2749904592972417	0.2031868807071865
5.492000000000169	-0.2747852496848921	0.2072315670393326
5.493000000000169	-0.2745761941384004	0.2108787343838735
5.494000000000169	-0.2743636717444761	0.2141652487301049
5.49500000000017	-0.2741480248641757	0.2171276952555147
5.49600000000017	-0.2739295615274979	0.219798150769089
5.49700000000017	-0.2737085591844784	0.222205698271926
5.498000000000171	-0.2734852676822598	0.2243764604448975
5.499000000000171	-0.2732599120441733	0.2263339621359149
5.500000000000171	-0.273032694945994	0.2280993735253514
5.501000000000172	-0.2728037989508052	0.2296917497397195
5.502000000000172	-0.2725733885188257	0.2311282413136632
5.503000000000172	-0.2723416118166481	0.232424284903119
5.504000000000173	-0.272108602345462	0.2335937746028827
5.505000000000173	-0.2718744804064842	0.2346492162134834
5.506000000000173	-0.2716393544198458	0.2356018660611163
5.507000000000174	-0.2714077969928216	0.227512110451075
5.508000000000174	-0.2711828144725511	0.222452077416679
5.509000000000174	-0.2709629243736293	0.217327287002004
5.510000000000175	-0.2707478393375461	0.212841969902569
5.511000000000175	-0.2705370390705271	0.2087577650672945
5.512000000000175	-0.2703301207190691	0.2050781534500283
5.513000000000176	-0.2701267053687794	0.2017517759662175
5.514000000000176	-0.2699264560859428	0.1987460305042579
5.515000000000176	-0.2697290686110765	0.1960281708345575
5.516000000000177	-0.2695342693680234	0.193569576650892
5.517000000000177	-0.269341812076185	0.1913442772460931
5.518000000000177	-0.2691514751004545	0.1893289524371475
5.519000000000178	-0.2689630589664456	0.1875026010494929
5.520000000000178	-0.2687763841491257	0.1858463256260685
5.521000000000178	-0.2685912890763578	0.1843431179007221
5.522000000000179	-0.268407628333648	0.1829776709146468
5.523000000000179	-0.2682252710480311	0.1817362086238536
5.524000000000179	-0.268044099433668	0.180606332870219
5.52500000000018	-0.2678640074828603	0.1795768855744043
5.52600000000018	-0.267684899787973	0.1786378247297749
5.52700000000018	-0.2675066904811645	0.1777801127918906
5.528000000000181	-0.2673293022801468	0.1769956162303399
5.529000000000181	-0.2671526656293721	0.1762770151250974
5.530000000000181	-0.2669767179271016	0.1756177218033477
5.531000000000182	-0.2668014028297717	0.1750118076126277
5.532000000000182	-0.2666221947447101	0.1834036824613843
5.533000000000182	-0.2664361297823831	0.1887255360881866
5.534000000000183	-0.2662447287832502	0.1940757357859381
5.535000000000183	-0.2660483137672276	0.1987535507991383
5.536000000000183	-0.2658474363638831	0.2030004934522739
5.537000000000184	-0.265642527768138	0.2068159202568759
5.538000000000184	-0.2654339925395501	0.2102537453275265
5.539000000000184	-0.265222190829065	0.2133488716061565
5.540000000000185	-0.2650074479269547	0.2161361173651902
5.541000000000185	-0.2647900564710772	0.2186459690373008
5.542000000000185	-0.2645702800302682	0.2209060781238234
5.543000000000186	-0.2643483559304777	0.2229412787954321
5.544000000000186	-0.2641244978980113	0.2247739360811184
5.545000000000186	-0.2638988984135276	0.2264241761651506
5.546000000000187	-0.2636717308368711	0.2279101144191352
5.547000000000187	-0.2634431513178691	0.22924805544055
5.548000000000187	-0.2632133005164431	0.2304526743847937
5.549000000000188	-0.2629823051506166	0.2315371798397481
5.550000000000188	-0.2627502793897511	0.2325134604939482
5.551000000000188	-0.2625173261084572	0.23339221711768
5.552000000000189	-0.2622835380151213	0.2341830813510402
5.553000000000189	-0.2620489986675831	0.2348947226119306
5.554000000000189	-0.2618137833872515	0.2355349443135785
5.55500000000019	-0.2615779600818123	0.2361107704602346
5.55600000000019	-0.2613415899856709	0.2366285235833297
5.55700000000019	-0.2611047283263552	0.2370938948840221
5.558000000000191	-0.2608674249242824	0.2375120073615015
5.559000000000191	-0.2606297247325547	0.2378874726284739
5.560000000000191	-0.2603916683227796	0.2382244420451106
5.561000000000192	-0.260157767203511	0.2295769073540847
5.562000000000192	-0.2599309726979084	0.2240112416750718
5.563000000000192	-0.2597097527638357	0.2184277854361113
5.564000000000193	-0.2594937754068034	0.2135261074779628
5.565000000000193	-0.2592824801259258	0.209063650882501
5.566000000000193	-0.2590754278467689	0.2050401201257509
5.567000000000194	-0.2588722070217684	0.2014007570965113
5.568000000000194	-0.2586724513132173	0.198109900363322
5.569000000000194	-0.2584758299640977	0.1951320501136293
5.570000000000195	-0.2582820455167241	0.1924361076222286
5.571000000000195	-0.2580908301635686	0.1899938714113375
5.572000000000195	-0.2579019428619277	0.1877800134116446
5.573000000000196	-0.2577151666374102	0.1857717251589614
5.574000000000196	-0.2575303061820028	0.1839484824443952
5.575000000000196	-0.2573427108049082	0.1912415580948611
5.576000000000197	-0.2571493039988627	0.1955713182011473
5.577000000000197	-0.2569515052192138	0.2000254885541982
5.578000000000197	-0.2567495452102799	0.2038937608993137
5.579000000000198	-0.2565438934247552	0.2074090276472916
5.580000000000198	-0.2563349070697005	0.2105628872280617
5.581000000000198	-0.2561229240870844	0.2134022713230553
5.582000000000199	-0.255908244643666	0.2159557985255974
5.583000000000199	-0.2556911400157531	0.2182526310361783
5.584000000000199	-0.255471854200596	0.2203181646652007
5.5850000000002	-0.2552506069626015	0.2221754691970557
5.5860000000002	-0.2550275961760084	0.223845255100899
5.5870000000002	-0.2548030000330122	0.2253461759187113
5.588000000000201	-0.2545769790061583	0.2266950173414307
5.589000000000201	-0.2543496776207301	0.2279068881422673
5.590000000000201	-0.2541212260483442	0.2289953868263635
5.591000000000202	-0.2538917415415806	0.2299727529128562
5.592000000000202	-0.2536613297250564	0.2308500027644505
5.593000000000202	-0.2534300857574204	0.2316370519151001
5.594000000000203	-0.2531980953771465	0.2323428251446629
5.595000000000203	-0.2529654358437539	0.2329753555511631
5.596000000000203	-0.2527321767849078	0.2335418737145678
5.597000000000204	-0.252498380958816	0.2340488879445101
5.598000000000204	-0.2522641049403885	0.2345022565031695
5.599000000000204	-0.2520293997387859	0.234907252605893
5.600000000000205	-0.2517943113532169	0.2352686229217588
5.601000000000205	-0.251558881273161	0.2355906402240949
5.602000000000205	-0.2513231469285711	0.2358771507759566
5.603000000000206	-0.2510871420950621	0.2361316169770675
5.604000000000206	-0.2508508972585836	0.2363571557460773
5.605000000000206	-0.2506144399436292	0.236556573064607
5.606000000000207	-0.2503777950086296	0.2367323950669011
5.607000000000207	-0.25014098491181	0.2368868960205274
5.608000000000207	-0.249904029950466	0.2370221235090206
5.609000000000208	-0.2496669484763156	0.2371399210962737
5.610000000000208	-0.2494297570893207	0.2372419487245045
5.611000000000208	-0.2491969456933035	0.2283799557841535
5.612000000000209	-0.2489714461368263	0.2226182974686016
5.613000000000209	-0.2487517088202507	0.2168554979016028
5.614000000000209	-0.2485373859171719	0.2117894910733527
5.61500000000021	-0.2483279026479858	0.2071762485259727
5.61600000000021	-0.2481183321764216	0.2119638954546886
5.61700000000021	-0.2479053330864748	0.2140334721734914
5.618000000000211	-0.2476900904739868	0.2164509319368187
5.619000000000211	-0.2474726231101105	0.2184829664204447
5.620000000000211	-0.247253209899052	0.2203426188336836
5.621000000000212	-0.2470320364625965	0.222003410453856
5.622000000000212	-0.2468092863042556	0.2234960565429008
5.623000000000212	-0.2465851205646806	0.2248345674740576
5.624000000000213	-0.2463596853703213	0.2260349612202025
5.625000000000213	-0.2461331120561008	0.2271108028054828
5.626000000000213	-0.2459055189633385	0.2280745143637322
5.627000000000214	-0.2456770126585734	0.2289372232767804
5.628000000000214	-0.2454476891303202	0.2297089581715836
5.629000000000214	-0.2452176348412042	0.230398742163461
5.630000000000215	-0.2449869276811228	0.2310146975600657
5.631000000000215	-0.2447556378235361	0.2315641348995746
5.632000000000216	-0.2445238284965207	0.2320536343836949
5.633000000000216	-0.2442915566766254	0.2324891188427737
5.634000000000216	-0.2440588737133688	0.2328759194855425
5.635000000000217	-0.2438258258912846	0.2332188350536138
5.636000000000217	-0.2435924549357678	0.2335221850656062
5.637000000000217	-0.2433587984683392	0.2337898577355999
5.638000000000218	-0.2431248904163871	0.2340253531000726
5.639000000000218	-0.242890761381939	0.2342318218320728
5.640000000000218	-0.2426564389735588	0.2344121001740062
5.641000000000219	-0.2424219481050585	0.2345687413771498
5.642000000000219	-0.2421873112643418	0.2347040439972268
5.643000000000219	-0.2419525487553675	0.234820077360435
5.64400000000022	-0.2417176789159195	0.2349187044828849
5.64500000000022	-0.2414827183136033	0.2350016026981056
5.64600000000022	-0.241247681922247	0.2350702822218123
5.647000000000221	-0.2410125832806647	0.2351261028602098
5.648000000000221	-0.2407774346355481	0.2351702890474781
5.649000000000221	-0.2405422470700716	0.2352039433795224
5.650000000000222	-0.2403070306196405	0.2352280587943607
5.651000000000222	-0.2400717943760683	0.2352435295344857
5.652000000000222	-0.2398365465813387	0.235251161013004
5.653000000000223	-0.2396012947119962	0.2352516786931743
5.654000000000223	-0.2393660455550996	0.2352457360800048
5.655000000000223	-0.2391308052765843	0.2352339219127047
5.656000000000224	-0.2388911046016399	0.2441665118385448
5.657000000000224	-0.2386440303864455	0.2499809741749777
5.658000000000224	-0.2383911492024169	0.2557804272526181
5.659000000000225	-0.2381372991679002	0.2519186713880964
5.660000000000225	-0.237885987313049	0.2507040775652699
5.661000000000225	-0.2376361164070434	0.2490367791477234
5.662000000000226	-0.2373877622170403	0.2476706513014305
5.663000000000226	-0.2371407272228665	0.2463983924763719
5.664000000000226	-0.2368949001356026	0.2452548420442597
5.665000000000227	-0.2366501642402698	0.2442160127312415
5.666000000000227	-0.2364064186928159	0.2432741500187767
5.667000000000227	-0.2361635717446255	0.2424188175863946
5.668000000000228	-0.2359215411291877	0.2416414875816398
5.669000000000228	-0.2356802527892216	0.2409342694283137
5.670000000000228	-0.2354396401362441	0.240290116135613
5.671000000000229	-0.2351996432829133	0.2397026724376954
5.672000000000229	-0.2349602083774539	0.2391662224898027
5.673000000000229	-0.2347212869983167	0.2386756217057176
5.67400000000023	-0.2344828356109559	0.2382262406828798
5.67500000000023	-0.2342448150785376	0.2378139134173879
5.67600000000023	-0.2340071902216785	0.2374348910268716
5.677000000000231	-0.2337699294221895	0.2370858000187726
5.678000000000231	-0.2335330042664544	0.2367636047523936
5.679000000000231	-0.2332963892244717	0.2364655736496166
5.680000000000232	-0.2330600613609965	0.2361892487858533
5.681000000000232	-0.2328240000755701	0.2359324185215954
5.682000000000232	-0.2325881868685507	0.2356930928709068
5.683000000000233	-0.2323526051305433	0.2354694813330635
5.684000000000233	-0.2321172399528904	0.2352599729410494
5.685000000000233	-0.2318820779571152	0.2350631183052168
5.686000000000234	-0.2316471071414252	0.2348776134525973
5.687000000000234	-0.2314123167425672	0.2347022852822949
5.688000000000234	-0.2311776971114998	0.2345360784753557
5.689000000000235	-0.2309432396015024	0.2343780437136646
5.690000000000235	-0.2307089364674751	0.2342273270769664
5.691000000000235	-0.2304747807753121	0.2340831605001991
5.692000000000236	-0.2302407663203409	0.2339448531851074
5.693000000000236	-0.2300068875539197	0.2338117838707088
5.694000000000236	-0.2297686646362451	0.2426331390027728
5.695000000000237	-0.2295231748934558	0.2483454062125457
5.696000000000237	-0.2292719762986626	0.2540508210865601
5.697000000000237	-0.22901542432942	0.2590521345454034
5.698000000000238	-0.2287541007652368	0.2635939926276421
5.699000000000238	-0.2284884639738355	0.2676785723938636
5.700000000000238	-0.2282189430079458	0.2713623266581839
5.701000000000239	-0.2279459200998123	0.274682443396931
5.702000000000239	-0.2276697404501173	0.2776757976176143
5.703000000000239	-0.2273907146531238	0.2803747270179419
5.70400000000024	-0.227109122475266	0.2828085494405538
5.70500000000024	-0.2268296907380914	0.2760538538627094
5.70600000000024	-0.2265555646029957	0.2721973655516393
5.707000000000241	-0.2262853865329448	0.2681577388415957
5.708000000000241	-0.2260189816397732	0.2646510261944511
5.709000000000241	-0.2257559308694094	0.2614495060230214
5.710000000000242	-0.2254959225004797	0.2585662349305834
5.711000000000242	-0.2252386596538034	0.2559584719845563
5.712000000000242	-0.2249838792435761	0.2536013714936307
5.713000000000243	-0.2247313434895737	0.2514691680858763
5.714000000000243	-0.2244808386630311	0.2495395243072386
5.715000000000243	-0.2242321723619809	0.2477921240973741
5.716000000000244	-0.2239851714579835	0.2462087365351756
5.717000000000244	-0.2237396801484728	0.2447729408613591
5.718000000000244	-0.2234955582287938	0.2434699620719817
5.719000000000245	-0.2232526795308103	0.2422865021878538
5.720000000000245	-0.2230109305192103	0.241210593587374
5.721000000000245	-0.2227702090277955	0.2402314657087503
5.722000000000246	-0.222530423122241	0.2393394254063179
5.723000000000246	-0.222291490076557	0.2385257491901948
5.724000000000246	-0.2220533354519137	0.2377825862622606
5.725000000000247	-0.2218158922675844	0.2371028712434967
5.726000000000247	-0.2215791002547962	0.2364802456298827
5.727000000000247	-0.2213429051851999	0.2359089871024076
5.728000000000248	-0.2211072582664933	0.2353839459061793
5.729000000000248	-0.2208721155984858	0.234900487591624
5.730000000000248	-0.2206374376835588	0.2344544414815871
5.731000000000249	-0.2204031889860818	0.2340420542917424
5.732000000000249	-0.2201648626547754	0.2426096934395759
5.733000000000249	-0.2199195116825976	0.2480913090176919
5.73400000000025	-0.2196686721202296	0.253586852696113
5.73500000000025	-0.2194126796925787	0.2583970197446713
5.73600000000025	-0.2191520983794431	0.2627646059895503
5.737000000000251	-0.2188873705066022	0.2666901231743464
5.738000000000251	-0.2186189106669592	0.2702285252024675
5.739000000000251	-0.2183470880569625	0.2734156509057208
5.740000000000252	-0.2180722361232497	0.2762871609371655
5.741000000000252	-0.2177946548597402	0.2788742999516302
5.742000000000252	-0.2175146144709788	0.2812054019297919
5.743000000000253	-0.2172323582702275	0.2833059153529488
5.744000000000253	-0.2169481053874678	0.2851987582086748
5.745000000000253	-0.2166620531816825	0.2869045544227843
5.746000000000254	-0.2163743794181454	0.2884418674128916
5.747000000000254	-0.216085244226429	0.2898274050962893
5.748000000000254	-0.2157992667441122	0.2821264606769907
5.749000000000255	-0.2155194951861861	0.2774155800942284
5.750000000000255	-0.2152444847379809	0.272604259466773
5.751000000000255	-0.2149739819345129	0.268400307880252
5.752000000000256	-0.2147074969760852	0.2645685847674295
5.753000000000256	-0.2144446544438439	0.2611154694484943
5.754000000000256	-0.2141851001046269	0.2579922113005372
5.755000000000257	-0.2139285192279414	0.2551685557596565
5.756000000000257	-0.2136746275273869	0.2526138693218719
5.757000000000257	-0.2134231693928298	0.2503014330670807
5.758000000000258	-0.2131739147034086	0.2482069874690865
5.759000000000258	-0.2129266563581623	0.2463087523415891
5.760000000000258	-0.2126812079538843	0.2445871124412758
5.761000000000259	-0.2124374017201176	0.2430244175837787
5.762000000000259	-0.2121950866544224	0.2416047819832909
5.763000000000259	-0.2119541268456766	0.2403139088485882
5.76400000000026	-0.2117143999646582	0.2391389312221206
5.76500000000026	-0.2114757959056699	0.2380682690595151
5.76600000000026	-0.2112382155639779	0.2370915005200998
5.767000000000261	-0.2110015697355154	0.2361992461486652
5.768000000000261	-0.2107657781266159	0.2353830646340091
5.769000000000261	-0.210526293581679	0.2435851039709867
5.770000000000262	-0.2102801327980055	0.2487355163753255
5.771000000000262	-0.2100287991386907	0.2539308353019059
5.772000000000262	-0.209772598888422	0.2584686795065854
5.773000000000263	-0.2095120695095326	0.2625890758318453
5.774000000000263	-0.2092476294409367	0.2662900438156451
5.775000000000263	-0.2089796717563316	0.2696242942564233
5.776000000000264	-0.2087085462639734	0.2726256470721234
5.777000000000264	-0.2084345689403383	0.2753279457744139
5.778000000000264	-0.2081580240355313	0.2777607994724379
5.779000000000265	-0.2078791675641128	0.2799510700377991
5.780000000000265	-0.2075982300479255	0.281922880936149
5.781000000000265	-0.207315419084357	0.2836979575239743
5.782000000000266	-0.2070309216328567	0.2852958502425802
5.783000000000266	-0.2067449060790345	0.2867341562574653
5.784000000000266	-0.2064575240907982	0.2880287137434352
5.785000000000267	-0.2061689122892703	0.2891937780385677
5.786000000000267	-0.2058791937525205	0.2902421798584978
5.787000000000267	-0.2055884793689536	0.2911854677703342
5.788000000000268	-0.2052968690553573	0.2920340363989273
5.789000000000268	-0.2050044528531514	0.2927972418175782
5.790000000000268	-0.2047157867961016	0.2845337604624678
5.791000000000269	-0.2044338622812304	0.2793141833617948
5.792000000000269	-0.2041571833331244	0.274042647075278
5.793000000000269	-0.2038854504177231	0.2694221369450918
5.79400000000027	-0.2036181322488864	0.2652131708955126
5.79500000000027	-0.203354816045828	0.2614182207501119
5.79600000000027	-0.2030951139256521	0.2579850190005945
5.797000000000271	-0.2028386808492485	0.2548801457483018
5.798000000000271	-0.2025852052287419	0.2520701185505984
5.799000000000271	-0.2023344068590897	0.249525654305757
5.800000000000272	-0.2020860334605666	0.2472201855878255
5.801000000000272	-0.201839857965925	0.2451298549649762
5.802000000000272	-0.2015956759791261	0.2432331775377202
5.803000000000273	-0.2013533035131253	0.2415108202964787
5.804000000000273	-0.2011125749476491	0.2399453827786523
5.805000000000273	-0.2008688663116752	0.2474709497589589
5.806000000000274	-0.2006191251473789	0.2520104161219798
5.807000000000274	-0.2003647925572797	0.2566537836153105
5.808000000000274	-0.2001061187706787	0.2606927923381685
5.809000000000275	-0.1998435907793165	0.2643621782252871
5.810000000000275	-0.1995775815779448	0.2676551988806537
5.811000000000275	-0.1993084433200025	0.2706202792457759
5.812000000000276	-0.199036488965117	0.2732873818514213
5.813000000000276	-0.1987620013057182	0.2756868784453282
5.814000000000276	-0.1984852347061043	0.2778452534340827
5.815000000000277	-0.1982064182635593	0.2797865563424181
5.816000000000277	-0.1979257582544409	0.2815323794096837
5.817000000000277	-0.1976434404353786	0.2831021697750244
5.818000000000278	-0.19735963208943	0.2845134273709167
5.819000000000278	-0.1970744838738573	0.2857819037921409
5.820000000000278	-0.1967881314815723	0.2869217760875322
5.821000000000279	-0.1965006971368297	0.2879458044699203
5.822000000000279	-0.1962122909412588	0.2888654739307914
5.823000000000279	-0.1959230120853201	0.2896911217745439
5.82400000000028	-0.195632949938614	0.2904320523790622
5.82500000000028	-0.1953421850311643	0.2910966404853009
5.82600000000028	-0.1950507899365776	0.2916924241566511
5.827000000000281	-0.1947588300668899	0.292226188442692
5.828000000000281	-0.1944663643879337	0.2927040406764952
5.829000000000281	-0.1941734460631716	0.2931314782422269
5.830000000000282	-0.1938801230331512	0.2935134495659915
5.831000000000282	-0.1935909134180842	0.2849046641491677
5.832000000000282	-0.1933087744699477	0.2793721429386627
5.833000000000283	-0.1930321794599112	0.2738168092927343
5.834000000000283	-0.1927608011531166	0.2689387565390128
5.835000000000283	-0.1924940833101092	0.2644958996573595
5.836000000000284	-0.1922315906696571	0.2604883676902328
5.837000000000284	-0.1919729150941298	0.2568617844958166
5.838000000000284	-0.1917176932929536	0.2535808322752784
5.839000000000285	-0.1914655972298635	0.2506103203463608
5.840000000000285	-0.1912118569932597	0.2568691729051243
5.841000000000285	-0.1909532886938395	0.2602664272832932
5.842000000000286	-0.1906912151408433	0.2638796664681881
5.843000000000286	-0.1904257800748345	0.266989440272663
5.844000000000286	-0.1901573746280068	0.2698204165792369
5.845000000000287	-0.189886285500705	0.2723567907997702
5.846000000000287	-0.189612787161014	0.2746388319957531
5.847000000000287	-0.1893371226313905	0.2766891622399066
5.848000000000288	-0.1890595117405932	0.2785315467669466
5.849000000000288	-0.1887801521655063	0.2801865240051732
5.850000000000288	-0.1884992219647462	0.2816727919867663
5.851000000000289	-0.1882168814599871	0.2830071264950855
5.852000000000289	-0.1879332750288724	0.2842046397468658
5.853000000000289	-0.1876485326937143	0.28527893013275
5.85400000000029	-0.1873627715575568	0.2862422377486405
5.85500000000029	-0.1870760970950789	0.2871055791835718
5.85600000000029	-0.1867886043148005	0.287878870126166
5.857000000000291	-0.1865003788049745	0.2885710353861597
5.858000000000291	-0.1862114976749166	0.2891901079948396
5.859000000000291	-0.1859220304022007	0.2897433183751788
5.860000000000292	-0.1856320395951397	0.2902371746000294
5.861000000000292	-0.1853415816790212	0.2906775346232365
5.862000000000292	-0.1850507075137233	0.2910696712879641
5.863000000000293	-0.1847594629495732	0.2914183308341169
5.864000000000293	-0.1844678893276227	0.2917277855550485
5.865000000000293	-0.1841760239299001	0.2920018811886014
5.866000000000294	-0.1838839003846406	0.2922440795690551
5.867000000000294	-0.1835915490309972	0.292457497013887
5.868000000000294	-0.1832989972472841	0.2926449388718688
5.869000000000295	-0.1830062697463992	0.2928089306163629
5.870000000000295	-0.1827133888417083	0.2929517458293003
5.871000000000295	-0.1824248495673918	0.2841256866018397
5.872000000000296	-0.1821435883763576	0.2783956073625967
5.873000000000296	-0.1818680597989454	0.2726604814807727
5.874000000000296	-0.1815979197120286	0.2676186471666222
5.875000000000297	-0.1813281217742647	0.2719761844469263
5.876000000000297	-0.1810552987597765	0.273668788858085
5.877000000000297	-0.1807805920887199	0.275743490241696
5.878000000000298	-0.1805039863211282	0.2774669745254774
5.879000000000298	-0.1802257282834144	0.2790480240374967
5.880000000000298	-0.1799459750355835	0.2804573889181756
5.881000000000299	-0.1796648842849327	0.2817230244453836
5.882000000000299	-0.1793825939646942	0.2828565233947145
5.883000000000299	-0.1790992292989629	0.2838717112163922
5.8840000000003	-0.1788149028011669	0.2847801837445779
5.8850000000003	-0.1785297158624189	0.2855925897325612
5.8860000000003	-0.1782437597836721	0.28631846070786
5.887000000000301	-0.1779571168039868	0.2869663888928086
5.888000000000301	-0.1776698610011484	0.2875441045842523
5.889000000000301	-0.177382059108431	0.2880585664790091
5.890000000000302	-0.1770937712481376	0.2885160377967274
5.891000000000302	-0.1768050515921775	0.2889221560827616
5.892000000000302	-0.1765159489564914	0.2892819957077468
5.893000000000303	-0.1762265073360625	0.2896001241979647
5.894000000000303	-0.1759367663864226	0.2898806529124983
5.895000000000303	-0.1756467618570135	0.2901272826577236
5.896000000000304	-0.1753565259812142	0.2903433447391005
5.897000000000304	-0.1750660878273689	0.290531837908108
5.898000000000304	-0.174775473614716	0.2906954616144167
5.899000000000305	-0.1744847069977267	0.2908366459328733
5.900000000000305	-0.174193809322013	0.2909575784977919
5.901000000000305	-0.1739027998546483	0.2910602287438273
5.902000000000306	-0.1736116959914595	0.2911463697227712
5.903000000000306	-0.173320513443592	0.2912175977386796
5.904000000000306	-0.1730292664054224	0.2912753500194984
5.905000000000307	-0.1727379677056826	0.291320920621537
5.906000000000307	-0.1724466289434744	0.2913554747435066
5.907000000000307	-0.1721552606106865	0.2913800616091649
5.908000000000308	-0.1718638722021719	0.2913956260617088
5.909000000000308	-0.1715724723149118	0.2914030189987385
5.910000000000308	-0.171281068737265	0.2914030067637377
5.911000000000309	-0.1709896685292964	0.2913962795984166
5.912000000000309	-0.1706982780950753	0.2913834592498329
5.913000000000309	-0.1704069032477468	0.2913651058168126
5.91400000000031	-0.1701155492680996	0.2913417239117404
5.91500000000031	-0.1698242209572791	0.2913137682061827
5.91600000000031	-0.1695329226842336	0.2912816484219608
5.917000000000311	-0.1692416584284173	0.2912457338231287
5.918000000000311	-0.1689504318182276	0.2912063572587646
5.919000000000311	-0.1686592461656	0.2911638188014957
5.920000000000312	-0.168368104497148	0.2911183890221825
5.921000000000312	-0.1680770095821909	0.2910703119371463
5.922000000000312	-0.1677859639579823	0.291019807660687
5.923000000000313	-0.1674949699524184	0.2909670747923597
5.924000000000313	-0.1672040297044785	0.2909122925655366
5.925000000000313	-0.1669131451826246	0.2908556227811246
5.926000000000314	-0.1666223182013635	0.2907972115479233
5.927000000000314	-0.1663315504361557	0.290737190848958
5.928000000000314	-0.1660408434368367	0.2906756799511935
5.929000000000315	-0.1657501986396981	0.2906127866742861
5.930000000000315	-0.1654596173783648	0.2905486085324741
5.931000000000315	-0.1651691008935859	0.2904832337622904
5.932000000000316	-0.16487865034205	0.2904167422475157
5.933000000000316	-0.1645882668043222	0.2903492063516485
5.934000000000316	-0.1642979512919895	0.2902806916671395
5.935000000000317	-0.1640077047540944	0.2902112576897152
5.936000000000317	-0.1637175280829288	0.2901409584252798
5.937000000000317	-0.1634274221192503	0.2900698429361394
5.938000000000318	-0.1631373876569799	0.2899979558326157
5.939000000000318	-0.1628474254474331	0.289925337715509
5.940000000000318	-0.1625575362031303	0.289852025574328
5.941000000000319	-0.1622677206012286	0.2897780531457066
5.942000000000319	-0.1619779792866136	0.2897034512359923
5.943000000000319	-0.1616883128746845	0.2896282480115859
5.94400000000032	-0.1613942470728467	0.298502213918513
5.94500000000032	-0.1610928642005703	0.3042623604227416
5.94600000000032	-0.1607857267267833	0.3100113945366159
5.947000000000321	-0.160473194176967	0.3150524914715102
5.948000000000321	-0.1601603268565003	0.3106809344758705
5.949000000000321	-0.1598505046594026	0.3089622564983009
5.950000000000322	-0.1595425976660347	0.3068505343946314
5.951000000000322	-0.1592366317650006	0.3050800793107627
5.952000000000322	-0.1589323696307801	0.3034430073269048
5.953000000000323	-0.1586296628502543	0.3019693779054535
5.954000000000323	-0.1583283615933732	0.3006319654405341
5.955000000000323	-0.1580283351104504	0.299419834884757
5.956000000000324	-0.1577294647355854	0.2983197537607217
5.957000000000324	-0.1574316439497134	0.2973206609212973
5.958000000000324	-0.1571347768476286	0.2964123898370957
5.959000000000325	-0.1568387771556716	0.2955858439817963
5.960000000000325	-0.1565435672483267	0.2948328236279692
5.961000000000325	-0.1562490772879888	0.2941459527121775
5.962000000000326	-0.1559552444445501	0.2935185923298584
5.963000000000326	-0.1556620121945828	0.2929447680508012
5.964000000000326	-0.1553693296902171	0.2924191032107976
5.965000000000327	-0.1550771511912316	0.2919367591971664
5.966000000000327	-0.1547854355539125	0.2914933816250007
5.967000000000327	-0.1544941457710359	0.2910850519159903
5.968000000000328	-0.1542032485578519	0.2907082437143321
5.969000000000328	-0.153912713979474	0.290359783662327
5.970000000000328	-0.1536225151155314	0.2900368160981157
5.971000000000329	-0.1533326277583582	0.289736771283735
5.972000000000329	-0.1530430301413669	0.289457336810362
5.973000000000329	-0.1527537026945859	0.289196431863053
5.97400000000033	-0.1524646278246467	0.2889521840590203
5.97500000000033	-0.1521757897167732	0.2887229086020942
5.97600000000033	-0.1518871741565762	0.2885070895217516
5.977000000000331	-0.1515942934886662	0.297253107392706
5.978000000000331	-0.1512942179902506	0.3028967225021265
5.979000000000331	-0.1509884992766772	0.3085395157079407
5.980000000000332	-0.1506774870897368	0.3134836485932099
5.981000000000332	-0.1503617580330976	0.3179732367022671
5.982000000000332	-0.1500417658026529	0.3220099795632719
5.983000000000333	-0.1497179352330023	0.3256499001234491
5.984000000000333	-0.1493906447466771	0.3289297993918494
5.985000000000333	-0.1490647109833073	0.3229364594276617
5.986000000000334	-0.1487433596701107	0.3197649168111723
5.987000000000334	-0.1484253058319946	0.3163415220355056
5.988000000000334	-0.1481104398584525	0.3133892000075381
5.989000000000335	-0.1477984014375247	0.3106864277511064
5.990000000000335	-0.1474889317029918	0.3082518371565519
5.991000000000335	-0.1471817813339168	0.306047705805315
5.992000000000336	-0.1468767300352917	0.30405370437075
5.993000000000336	-0.1465735785271515	0.3022481321753221
5.994000000000336	-0.1462721477195732	0.3006123098908644
5.995000000000337	-0.145972276374247	0.2991292136883081
5.996000000000337	-0.1456738193988085	0.2977835755691154
5.997000000000337	-0.145376646212027	0.2965616413203089
5.998000000000338	-0.1450806392974018	0.2954510357458886
5.999000000000338	-0.1447856928951707	0.2944406206106606
6.000000000000338	-0.1444917118266767	0.293520371979956
6.001000000000339	-0.1441986104359119	0.2926812685280575
6.002000000000339	-0.1439063116370051	0.2919151913400874
6.003000000000339	-0.1436147460569392	0.2912148336526711
6.00400000000034	-0.1433238512640048	0.2905736196408139
6.00500000000034	-0.143033571073409	0.2899856313210439
6.00600000000034	-0.1427438549223254	0.289445542765525
6.007000000000341	-0.1424546573074411	0.2889485608944564
6.008000000000341	-0.1421659372787515	0.2884903721893289
6.009000000000341	-0.1418776579839767	0.288067094734849
6.010000000000342	-0.1415853113775485	0.2966249796096442
6.011000000000342	-0.1412859493696687	0.3020978702683739
6.012000000000342	-0.1409811070297333	0.3075856223262185
6.013000000000343	-0.1406711191926066	0.3123888445582747
6.014000000000343	-0.1403565490302461	0.3167502548916592
6.015000000000343	-0.1400378381346181	0.3206702949095733
6.016000000000344	-0.1397154004314893	0.3242038553196108
6.017000000000344	-0.1393896045102323	0.3273867180263524
6.018000000000344	-0.1390607832645142	0.3302544923976393
6.019000000000345	-0.1387292361840293	0.3328383768812074
6.020000000000345	-0.1383952330130178	0.335166663821257
6.021000000000345	-0.1380634915250026	0.3283150196407728
6.022000000000346	-0.1377371487087591	0.3243693412544697
6.023000000000346	-0.1374148396415088	0.3202475373153609
6.024000000000346	-0.1370963827578789	0.3166649889695575
6.025000000000347	-0.1367813529644301	0.3133933702541977
6.026000000000347	-0.1364694330746787	0.3104451936415111
6.027000000000347	-0.1361603212613557	0.3077772282897262
6.028000000000348	-0.1358537499560794	0.3053641873988799
6.029000000000348	-0.1355494773151978	0.3031799084099152
6.030000000000348	-0.1352472859239413	0.3012016962119986
6.031000000000349	-0.1349469800342074	0.2994089126662889
6.032000000000349	-0.1346483834774899	0.2977830367945856
6.033000000000349	-0.1343513376868044	0.2963073866007117
6.03400000000035	-0.1340556999413462	0.294966951782938
6.03500000000035	-0.1337613417804545	0.2937482224103991
6.03600000000035	-0.1334681475777394	0.2926390399222217
6.037000000000351	-0.1331760132574086	0.2916284617294024
6.038000000000351	-0.13288484513906	0.2907066396808066
6.039000000000351	-0.1325945588979725	0.2898647106015317
6.040000000000352	-0.132305078629376	0.2890946977977141
6.041000000000352	-0.132016336006294	0.2883894224058098
6.042000000000352	-0.1317282695216035	0.2877424236082305
6.043000000000353	-0.1314363489249134	0.2960976313314164
6.044000000000353	-0.1311376061268417	0.3013867997205072
6.045000000000353	-0.1308335581821065	0.3067079039215297
6.046000000000354	-0.1305245236973828	0.3113598602005423
6.047000000000354	-0.1302110512243705	0.3155838631392103
6.048000000000354	-0.1298935691820018	0.319378983223073
6.049000000000355	-0.1295724796255982	0.3227988770853603
6.050000000000355	-0.1292481404465027	0.3258782158776111
6.051000000000355	-0.128920874895613	0.328651609204152
6.052000000000356	-0.1285909737696737	0.331149355640119
6.053000000000356	-0.128258698974899	0.3333989375592751
6.054000000000356	-0.1279242863353149	0.3354250368621469
6.055000000000357	-0.1275879482199861	0.3372498814797063
6.056000000000357	-0.1272498758825997	0.3388934741535578
6.057000000000357	-0.1269147164542985	0.3314240746190846
6.058000000000358	-0.1265855433245414	0.3269209003701729
6.059000000000358	-0.1262609343150438	0.3222958518575988
6.060000000000358	-0.1259406563132059	0.3182589019014151
6.061000000000359	-0.1256242378162246	0.3145768571566849
6.062000000000359	-0.1253113198523506	0.3112578492997991
6.063000000000359	-0.1250015629708565	0.3082547046870588
6.06400000000036	-0.1246946657256223	0.3055385878949993
6.06500000000036	-0.1243903557665051	0.3030801425061505
6.06600000000036	-0.1240883882064651	0.3008537988392052
6.067000000000361	-0.1237885425560254	0.2988363315446423
6.068000000000361	-0.123490620363209	0.2970068910577241
6.069000000000361	-0.1231944429897704	0.2953466995578751
6.070000000000362	-0.122899849634729	0.2938388604052823
6.071000000000362	-0.1226066955493207	0.292468165869076
6.072000000000362	-0.1223148504320133	0.2912209292730444
6.073000000000363	-0.1220241969836317	0.2900848326294401
6.074000000000363	-0.12173462960707	0.2890487898337145
6.075000000000363	-0.1214460532370084	0.2881028234587416
6.076000000000364	-0.1211539074057003	0.2961876983485761
6.077000000000364	-0.1208551968133754	0.3012323198152122
6.078000000000364	-0.1205514140108161	0.3063320989668024
6.079000000000365	-0.1202428555366416	0.3107836443507743
6.080000000000365	-0.119930050066876	0.3148260735170235
6.081000000000365	-0.1196134081180017	0.3184565875380287
6.082000000000366	-0.1192933156188781	0.3217271604910782
6.083000000000366	-0.1189701159328594	0.3246709491435196
6.084000000000366	-0.1186441192215639	0.3273212000703893
6.085000000000367	-0.1183156044873785	0.3297069850372745
6.086000000000367	-0.1179848230076726	0.331854682206485
6.087000000000367	-0.1176520010266714	0.3337879796057106
6.088000000000368	-0.1173173422778608	0.33552821059817
6.089000000000368	-0.1169810302292313	0.33709457273262
6.090000000000368	-0.1166432301102313	0.3385043454731556
6.091000000000369	-0.1163040907344723	0.3397730809657055
6.092000000000369	-0.1159682210215175	0.3319650325881489
6.093000000000369	-0.1156386599551495	0.3271558123920199
6.09400000000037	-0.1153139543766419	0.3222540757919272
6.09500000000037	-0.1149938432757862	0.3179668749952033
6.09600000000037	-0.1146778300268048	0.3140583880113186
6.097000000000371	-0.1143655330322376	0.3105343806454648
6.098000000000371	-0.1140565924632736	0.3073455498791891
6.099000000000371	-0.1137506885186642	0.3044611437616845
6.100000000000372	-0.1134475323138878	0.3018500809111394
6.101000000000372	-0.1131468640662896	0.2994852390890034
6.102000000000372	-0.1128484498657546	0.297341995555281
6.103000000000373	-0.1125520791672357	0.2953982430052342
6.104000000000373	-0.1122575624343167	0.293634071564094
6.105000000000373	-0.1119647290433437	0.2920315656554595
6.106000000000374	-0.1116734253909149	0.2905746004180947
6.107000000000374	-0.1113835131921796	0.2892486636713986
6.108000000000374	-0.1110903930679617	0.2969904388045874
6.109000000000375	-0.1107910346845671	0.3017251575977034
6.110000000000375	-0.1104868990487687	0.306544924894811
6.111000000000375	-0.11017825429617	0.3107433735276641
6.112000000000376	-0.1098656035267547	0.3145569428226114
6.113000000000376	-0.1095493342253215	0.3179804233722507
6.114000000000376	-0.1092298115790453	0.3210636197434865
6.115000000000377	-0.108907360270674	0.3238377360661647
6.116000000000377	-0.1085822736362674	0.3263342614637134
6.117000000000377	-0.1082548155222753	0.3285806859177235
6.118000000000378	-0.1079252235528658	0.3306019639076656
6.119000000000378	-0.1075937116716027	0.3324205020697377
6.120000000000378	-0.1072604725286734	0.3340564804381866
6.121000000000379	-0.1069256796044721	0.3355280584893729
6.122000000000379	-0.10658948912706	0.3368515813462213
6.123000000000379	-0.1062520417963247	0.338041760171902
6.12400000000038	-0.1059134643361177	0.3391118358215106
6.12500000000038	-0.1055738708910834	0.3400737258042965
6.12600000000038	-0.1052333642838345	0.3409381566307303
6.127000000000381	-0.1048965120273567	0.3327650385105028
6.128000000000381	-0.104566315824826	0.3276260747308443
6.129000000000381	-0.1042412889502762	0.3224264027287002
6.130000000000382	-0.1039211401683917	0.3178699084431687
6.131000000000382	-0.1036053456362921	0.3137179201540911
6.132000000000382	-0.103293499246707	0.3099736388222194
6.133000000000383	-0.1029852190976656	0.3065854529816948
6.134000000000383	-0.1026801655078332	0.3035205329920165
6.135000000000383	-0.1023780316864536	0.3007459274639939
6.136000000000384	-0.1020785417211919	0.298232831066157
6.137000000000384	-0.1017814471712369	0.2959551061889757
6.138000000000384	-0.1014865244000172	0.2938892820595959
6.139000000000385	-0.1011935720749322	0.2920142215967786
6.140000000000385	-0.1008979340610877	0.2992606490331136
6.141000000000385	-0.1005965289308177	0.303548431841055
6.142000000000386	-0.1002907716929702	0.3079648471175715
6.143000000000386	-0.09998088907165553	0.311799182591272
6.144000000000386	-0.09966734688325321	0.3152839669304062
6.145000000000387	-0.09935049904413039	0.3184104710540243
6.146000000000387	-0.09903068051676574	0.3212253317459513
6.147000000000387	-0.09870818876864897	0.3237569020536562
6.148000000000388	-0.09838329262915396	0.326034105049375
6.149000000000388	-0.09805623387583624	0.3280821211918072
6.150000000000388	-0.09772723025805881	0.3299238263133171
6.151000000000389	-0.09739647781933727	0.3315797561914974
6.152000000000389	-0.0970641530871675	0.3330684070119416
6.153000000000389	-0.09673041501894969	0.3344064227116128
6.15400000000039	-0.09639540675955359	0.3356087843526694
6.15500000000039	-0.09605925722157331	0.3366889753685853
6.15600000000039	-0.09572208250794934	0.3376591315830239
6.157000000000391	-0.09538398719223448	0.3385301759025431
6.158000000000391	-0.09504506547086106	0.339311939621092
6.159000000000391	-0.09470540220017852	0.340013271573801
6.160000000000392	-0.09436507382979246	0.3406421363804646
6.161000000000392	-0.0940241492425726	0.3412057028634151
6.162000000000392	-0.09368716539160414	0.3327606792689791
6.163000000000393	-0.09335709646199873	0.3273758871792239
6.164000000000393	-0.09303243094738375	0.3219538704123995
6.165000000000393	-0.09271285529602534	0.3171961805642856
6.166000000000394	-0.09239782556629766	0.3128620449203498
6.167000000000394	-0.09208691754817622	0.3089527734612307
6.168000000000395	-0.09177973303341336	0.3054150527542185
6.169000000000395	-0.09147591765131106	0.3022145213042667
6.170000000000395	-0.09117515137705719	0.2993168489690934
6.171000000000396	-0.09087714637412012	0.2966919894558189
6.172000000000396	-0.09057716857551171	0.3032624325512402
6.173000000000396	-0.09027206641731864	0.3069406885168061
6.174000000000397	-0.08996319176830385	0.3108073993813154
6.175000000000397	-0.08965071451416887	0.3141458846083465
6.176000000000397	-0.08933504930320872	0.3171833005063746
6.177000000000398	-0.08901650398739076	0.3199060830039874
6.178000000000398	-0.08869537205810875	0.3223565172636925
6.179000000000398	-0.08837191364584761	0.3245590398100322
6.180000000000399	-0.08804636396372038	0.3265390487646935
6.181000000000399	-0.08771893452176904	0.3283185520553726
6.182000000000399	-0.08738981581579146	0.3299175701602833
6.1830000000004	-0.08705917934836767	0.331354068962585
6.1840000000004	-0.08672717954750013	0.3326442316674111
6.1850000000004	-0.08639395546846897	0.3338026204541501
6.186000000000401	-0.08605963233173476	0.3348423427282733
6.187000000000401	-0.08572432290549709	0.3357751955576622
6.188000000000401	-0.08538812875038942	0.3366117969626691
6.189000000000402	-0.08505114133961056	0.3373617037528904
6.190000000000402	-0.0847134430670702	0.338033517661326
6.191000000000402	-0.0843751081547171	0.3386349808448663
6.192000000000403	-0.08403620346913906	0.3391730618398019
6.193000000000403	-0.08369678925650555	0.3396540329205229
6.194000000000403	-0.08335691980401934	0.3400835397226715
6.195000000000404	-0.08301664403522609	0.3404666639039077
6.196000000000404	-0.082680480926728	0.3318582352178337
6.197000000000404	-0.08235138847169787	0.3263253846517907
6.198000000000405	-0.08202784057792324	0.3207691344098718
6.199000000000405	-0.08170951055340941	0.3158896665541807
6.200000000000405	-0.08139584261736887	0.3114449757099417
6.201000000000406	-0.08108640189168501	0.3074352623838682
6.202000000000406	-0.08078078055406007	0.3038062145374262
6.203000000000406	-0.08047861556846291	0.3005225718513954
6.204000000000407	-0.08017510421774195	0.3064989394767721
6.205000000000407	-0.07986703337941736	0.3096415291505321
6.206000000000407	-0.0795556994470554	0.3130251147258698
6.207000000000408	-0.07924122238104943	0.3159277840824748
6.208000000000408	-0.07892397188066842	0.318571972568868
6.209000000000408	-0.07860421533225402	0.3209398702901113
6.210000000000409	-0.07828220979554061	0.3230699403152549
6.211000000000409	-0.07795818260028904	0.3249831794058127
6.212000000000409	-0.07763233942673045	0.3267018897748791
6.21300000000041	-0.07730486519317419	0.3282452929716291
6.21400000000041	-0.07697592645078807	0.3296309016579059
6.21500000000041	-0.0766456731399881	0.3308744246105147
6.216000000000411	-0.07631424027090401	0.3319900135665848
6.217000000000411	-0.07598174941087747	0.3329904023125377
6.218000000000411	-0.07564831002944307	0.3338870526286377
6.219000000000412	-0.07531402070725696	0.3346902804488444
6.220000000000412	-0.07497897022452468	0.3354093707020288
6.221000000000412	-0.07464323854049175	0.3360526803447909
6.222000000000413	-0.07430689767501238	0.3366277311720584
6.223000000000413	-0.073970012501958	0.3371412933263703
6.224000000000413	-0.07363264146328945	0.3375994604613038
6.225000000000414	-0.07329483721172415	0.3380077173872981
6.226000000000414	-0.0729566471891397	0.3383710009532206
6.227000000000414	-0.07261811414713974	0.3386937548397045
6.228000000000415	-0.0722792766155661	0.33897997887318
6.229000000000415	-0.07194016932416253	0.3392332734085058
6.230000000000415	-0.07160529846299933	0.3305071349826363
6.231000000000416	-0.071277610505254	0.3248674947258389
6.232000000000416	-0.07095556897861492	0.319214294896254
6.233000000000416	-0.0706388378369792	0.3142467455282906
6.234000000000417	-0.07032685286891653	0.3097219663468326
6.235000000000417	-0.07001917159686227	0.3056393703731122
6.236000000000417	-0.06971090446629742	0.3108936810428773
6.237000000000418	-0.0693987640202406	0.3133859861307025
6.238000000000418	-0.06908397878152865	0.3161832559472044
6.239000000000418	-0.06876660785431765	0.3185573529542612
6.240000000000419	-0.06844696609554751	0.3207249101261077
6.241000000000419	-0.06812527153660827	0.3226629452083164
6.242000000000419	-0.06780173680229924	0.3244052536156674
6.24300000000042	-0.06747654922020438	0.3259686342648425
6.24400000000042	-0.06714987845676267	0.3273716104599029
6.24500000000042	-0.06682187700639949	0.3286300028565574
6.246000000000421	-0.06649268222731304	0.329758263194234
6.247000000000421	-0.06616241777486018	0.330769345362339
6.248000000000421	-0.06583119499129578	0.3316749216271923
6.249000000000422	-0.06549911413162249	0.3324854941834097
6.250000000000422	-0.06516626547308667	0.3332105163098782
6.251000000000422	-0.06483273031217038	0.3338584962210787
6.252000000000423	-0.0644985818622759	0.3344370918303289
6.253000000000423	-0.06416388606154717	0.3349531957125006
6.254000000000423	-0.06382870229993591	0.3354130116515096
6.255000000000424	-0.06349308407355757	0.3358221235128067
6.256000000000424	-0.06315707957361581	0.3361855572336895
6.257000000000424	-0.06282073221643675	0.3365078366133251
6.258000000000425	-0.06248408112050225	0.3367930335240933
6.259000000000425	-0.06214716153578256	0.3370448131017252
6.260000000000425	-0.06181000523013809	0.3372664744164539
6.261000000000426	-0.06147264083708363	0.3374609870770546
6.262000000000426	-0.06113509416877855	0.3376310241744894
6.263000000000426	-0.06079738849772055	0.3377789919311959
6.264000000000427	-0.06046401969119049	0.3289573121206605
6.265000000000427	-0.06013792492058822	0.3232309486123376
6.266000000000427	-0.05981755933075292	0.3174989730589186
6.267000000000428	-0.05950257931984711	0.3124598118777215
6.268000000000428	-0.0591879389842616	0.3168196237290052
6.269000000000428	-0.05887027146228087	0.3185141727572938
6.270000000000429	-0.05855071847329266	0.3205905503162143
6.271000000000429	-0.05822926481819111	0.3223154974962097
6.272000000000429	-0.05790615751195595	0.3238978460655083
6.27300000000043	-0.05758155375628968	0.3253083904576177
6.27400000000043	-0.05725561135820981	0.3265751256114889
6.27500000000043	-0.05692846831309101	0.3277096797960827
6.276000000000431	-0.05660024987355167	0.3287259102049573
6.277000000000431	-0.0562710685514867	0.3296354410415391
6.278000000000431	-0.055941025709624	0.3304489463926707
6.279000000000432	-0.05561021259656325	0.3311759803882376
6.280000000000432	-0.05527871137763758	0.3318251553958321
6.281000000000432	-0.05494659603786442	0.3324042196471167
6.282000000000433	-0.05461393320080934	0.3329201477852898
6.283000000000433	-0.05428078286401461	0.3333792171877463
6.284000000000433	-0.05394719906127494	0.3337870779487775
6.285000000000434	-0.05361323045859106	0.3341488155409871
6.286000000000434	-0.05327892089055446	0.334469007291313
6.287000000000434	-0.05294430984308986	0.3347517731892733
6.288000000000435	-0.05260943288792724	0.335000821619438
6.289000000000435	-0.05227432207362862	0.3352194905194011
6.290000000000435	-0.05193900627751438	0.3354107844222774
6.291000000000436	-0.0516035115223994	0.3355774077948789
6.292000000000436	-0.05126786126165762	0.335721795042101
6.293000000000436	-0.05093207663578255	0.3358461375108727
6.294000000000437	-0.05059617670329387	0.3359524077937217
6.295000000000437	-0.05026017864855566	0.3360423816019901
6.296000000000437	-0.04992409796881496	0.3361176574517376
6.297000000000438	-0.04958794864253879	0.3361796743810613
6.298000000000438	-0.04925621816183214	0.3272799836525684
6.299000000000438	-0.04893183614989696	0.3214827656898916
6.300000000000439	-0.0486087760667654	0.3246361312192058
6.301000000000439	-0.04828376993372882	0.3253748578334486
6.302000000000439	-0.04795780312831162	0.3265574721856108
6.30300000000044	-0.04763078105377912	0.3274853918974681
6.30400000000044	-0.04730286392860608	0.3283475699296051
6.30500000000044	-0.04697413465803563	0.3291096794809785
6.306000000000441	-0.04664468321379579	0.3297919144105964
6.307000000000441	-0.04631458676812339	0.3303996797915704
6.308000000000441	-0.04598391576229295	0.330941032449
6.309000000000442	-0.04565273338232464	0.3314224260379868
6.310000000000442	-0.04532109658336455	0.3318498686270848
6.311000000000442	-0.04498905663763168	0.3322287179796417
6.312000000000443	-0.04465665972105587	0.3325638088905792
6.313000000000443	-0.0443239474178871	0.3328594899067016
6.314000000000443	-0.04399095718068663	0.3331196758424083
6.315000000000444	-0.04365772274286115	0.3333478901778023
6.316000000000444	-0.04332427449031053	0.3335473044333012
6.317000000000444	-0.04299063979582158	0.3337207733027681
6.318000000000445	-0.04265684332004729	0.3338708663493305
6.319000000000445	-0.04232290728238446	0.3339998965126301
6.320000000000445	-0.04198885170476704	0.3341099457701023
6.321000000000446	-0.04165469463108178	0.3342028882309489
6.322000000000446	-0.04132045232464442	0.3342804109210182
6.323000000000446	-0.04098613944593021	0.3343440324891299
6.324000000000447	-0.04065176921253338	0.3343951200427945
6.325000000000447	-0.04031735354313269	0.3344349043003637
6.326000000000447	-0.03998290318706238	0.3344644932279747
6.327000000000448	-0.03964842784092794	0.3344848843128079
6.328000000000448	-0.03931393625356232	0.3344969756090266
6.329000000000448	-0.0389794363204885	0.3345015756791311
6.330000000000449	-0.03864493516893762	0.3344994125411846
6.331000000000449	-0.0383104392343674	0.3344911417213255
6.332000000000449	-0.0379759543293305	0.3344773535010355
6.33300000000045	-0.03764148570545807	0.3344585794396898
6.33400000000045	-0.03730703810924677	0.3344352982448593
6.33500000000045	-0.03697261583226909	0.3344079410555919
6.336000000000451	-0.03663822275636441	0.3343768961973722
6.337000000000451	-0.03630386239431298	0.3343425134615946
6.338000000000451	-0.03596953792644426	0.334305107957096
6.339000000000452	-0.03563525223358639	0.3342649635765441
6.340000000000452	-0.03530100792672248	0.3342223361161941
6.341000000000452	-0.03496680737368325	0.3341774560836784
6.342000000000453	-0.03463265272317217	0.3341305312250251
6.343000000000453	-0.0342985459263899	0.3340817487989819
6.344000000000453	-0.0339644887564982	0.3340312776239168
6.345000000000454	-0.03363048282613925	0.3339792699200358
6.346000000000454	-0.0332965296032048	0.3339258629673869
6.347000000000454	-0.03296263042503028	0.3338711805980714
6.348000000000455	-0.03262878651117124	0.3338153345392428
6.349000000000455	-0.03229499897490402	0.3337584256218128
6.350000000000455	-0.03196126883357802	0.3337005448682945
6.351000000000456	-0.03162759701793466	0.3336417744718699
6.352000000000456	-0.03129398438049609	0.333582188677558
6.353000000000456	-0.03096043170311685	0.3335218545752732
6.354000000000457	-0.0306269397037821	0.3334608328135873
6.355000000000457	-0.03029350904272783	0.3333991782421213
6.356000000000457	-0.02996014032795067	0.3333369404897067
6.357000000000458	-0.02962683412016854	0.3332741644847383
6.358000000000458	-0.02929359093728695	0.333210890923499
6.359000000000458	-0.02896041125842036	0.3331471566916606
6.360000000000459	-0.0286272955275131	0.3330829952436409
6.361000000000459	-0.02829424415659995	0.3330184369440341
6.362000000000459	-0.02796125752874229	0.3329535093749048
6.36300000000046	-0.0276238611197671	0.3418379818261609
6.36400000000046	-0.0272836119005293	0.3386591186694523
6.36500000000046	-0.02694499035620751	0.338582638382405
6.366000000000461	-0.02660679385700846	0.3378090300832727
6.367000000000461	-0.02626924859551128	0.3372801655276952
6.368000000000461	-0.02593223107260649	0.3367535549620342
6.369000000000462	-0.02559571190559697	0.3362834556853916
6.370000000000462	-0.02525964422370337	0.3358505864942889
6.371000000000462	-0.02492399096049567	0.3354546199321154
6.372000000000463	-0.02458871748833147	0.3350910058898413
6.373000000000463	-0.02425379297019842	0.3347567132312422
6.374000000000463	-0.02391918958149784	0.3344487482771227
6.375000000000464	-0.0235848823082867	0.3341644834063803
6.376000000000464	-0.02325084864105921	0.3339015373754872
6.377000000000464	-0.02291706833030603	0.3336577714439492
6.378000000000465	-0.0225835231587319	0.3334312599321095
6.379000000000465	-0.02225019673819952	0.333220270210869
6.380000000000465	-0.02191707432649411	0.3330232430707931
6.381000000000466	-0.02158414266253463	0.3328387754596588
6.382000000000466	-0.02125138981803501	0.3326656048449367
6.383000000000466	-0.02091880506400846	0.3325025951653571
6.384000000000467	-0.0205863787506209	0.3323487241809973
6.385000000000467	-0.02025410219906108	0.3322030720899489
6.386000000000467	-0.01992196760422506	0.3320648112829315
6.387000000000468	-0.01958996794713378	0.3319331971225502
6.388000000000468	-0.01925809691611036	0.3318075596446103
6.389000000000468	-0.01892634883584117	0.3316872960893139
6.390000000000469	-0.01859471860353228	0.3315718641793423
6.391000000000469	-0.0182632016314517	0.3314607760701379
6.392000000000469	-0.01793179379521888	0.3313535929051648
6.39300000000047	-0.01760049138726677	0.3312499199156503
6.39400000000047	-0.01726929107495904	0.3311494020103598
6.39500000000047	-0.01693371498199396	0.3400014640117834
6.396000000000471	-0.01659084217347984	0.3457428044007975
6.397000000000471	-0.01624670704245038	0.3425261040696893
6.398000000000471	-0.0159045846682835	0.3417172985849294
6.399000000000472	-0.01556349609633347	0.3404585036949742
6.400000000000472	-0.01522354173565735	0.3394488804912578
6.401000000000472	-0.01488456663004911	0.3384999974040946
6.402000000000473	-0.01454649264093954	0.3376466510316757
6.403000000000473	-0.01420923411669538	0.336869070874303
6.404000000000473	-0.0138727178027133	0.3361622334206253
6.405000000000474	-0.01353687681260044	0.3355184257860385
6.406000000000474	-0.01320165118820849	0.33493150439334
6.407000000000474	-0.01286698690742462	0.3343957407720929
6.408000000000475	-0.0125328353651821	0.333906029321834
6.409000000000475	-0.01219915281288757	0.3334577627154001
6.410000000000475	-0.01186589987727389	0.3330467976447306
6.411000000000476	-0.01153304112152824	0.3326694045246693
6.412000000000476	-0.01120054465176878	0.3323222270924324
6.413000000000476	-0.01086838176250988	0.3320022448308315
6.414000000000477	-0.01053652661767351	0.3317067394532067
6.415000000000477	-0.01020495596347788	0.3314332646638803
6.416000000000477	-0.009873648870044237	0.3311796189615669
6.417000000000478	-0.009542586498842877	0.3309438211577013
6.418000000000478	-0.009211751893396158	0.3307240883441277
6.419000000000478	-0.008881129790912401	0.3305188160637293
6.420000000000479	-0.008550706452757699	0.3303265604640766
6.421000000000479	-0.008220469511881792	0.3301460222356984
6.422000000000479	-0.00789040783550261	0.3299760321565373
6.42300000000048	-0.007560511401523614	0.3298155380819643
6.42400000000048	-0.007230771187310633	0.3296635932357997
6.42500000000048	-0.006901179069592254	0.3295193456722375
6.426000000000481	-0.006571727734371411	0.3293820287915837
6.427000000000481	-0.006237935714944974	0.3382006970054164
6.428000000000481	-0.005896878837943643	0.3439117153603813
6.429000000000482	-0.005550113693808106	0.349617208816093
6.430000000000482	-0.005197994482573254	0.3546198284946543
6.431000000000482	-0.004845576682074981	0.3502143861658132
6.432000000000483	-0.004496235805935897	0.3484659918778967
6.433000000000483	-0.004148837955890369	0.3463283416200227
6.434000000000483	-0.003803405403912654	0.3445354034714054
6.435000000000484	-0.0034596975338987	0.3428789844752883
6.436000000000484	-0.003117562935872386	0.3413888656834824
6.437000000000484	-0.00277684904755471	0.340037570645391
6.438000000000485	-0.002437422625470655	0.3388139382796367
6.439000000000485	-0.002099162724800149	0.3377045324060823
6.440000000000485	-0.001761960741212565	0.3366981082745134
6.441000000000486	-0.001425718858794235	0.335784333843661
6.442000000000486	-0.001090349050548692	0.3349539633589007
6.443000000000486	-0.0007557720795235861	0.3341986625211938
6.444000000000487	-0.0004219166246529364	0.3335109338879812
6.445000000000487	-8.871848781055134e-05	0.3328840290502603
6.446000000000487	0.0002438801182896483	0.3323118747620266
6.447000000000488	0.0005759312113699911	0.3317890051644785
6.448000000000488	0.0009074816166397982	0.3313105011108274
6.449000000000488	0.001238573486164215	0.3308719354778936
6.450000000000489	0.001569244766289052	0.3304693239667285
6.451000000000489	0.001899529618323603	0.3300990808181382
6.452000000000489	0.002229458797153764	0.3297579789579204
6.45300000000049	0.002559059991992897	0.329443114127269
6.45400000000049	0.002888358133056556	0.329151872600223
6.45500000000049	0.003217375667568716	0.3288819021293565
6.456000000000491	0.003546132808166364	0.3286310857969104
6.457000000000491	0.003874647756462619	0.328397518480816
6.458000000000491	0.00420293690425253	0.3281794856741217
6.459000000000492	0.004535489895499243	0.336925188623116
6.460000000000492	0.00487523827029891	0.3425702244768867
6.461000000000492	0.005220632075410358	0.3482160270409982
6.462000000000493	0.005571323091377605	0.3531646253529045
6.463000000000493	0.005922261229939146	0.3487102712601599
6.464000000000493	0.006270075835096218	0.3469175708340604
6.465000000000494	0.006615905183935514	0.3447397664370925
6.466000000000494	0.006959730952334146	0.3429104178374071
6.467000000000494	0.00730179731632782	0.3412209645514365
6.468000000000495	0.007642258896649845	0.3397008568102393
6.469000000000495	0.007981271152032871	0.3383223203781481
6.470000000000495	0.008318969939486106	0.3370739261210559
6.471000000000496	0.008655478562690248	0.3359419965654273
6.472000000000496	0.008990907755584506	0.3349150697512707
6.473000000000496	0.009325357257318681	0.3339826181030192
6.474000000000497	0.00965891683234479	0.3331352198399009
6.475000000000497	0.009991667287823025	0.3323643821942823
6.476000000000497	0.01032368136445933	0.3316624650570218
6.477000000000498	0.010655024544464	0.331022591574561
6.478000000000498	0.01098575577716248	0.3304385728563757
6.479000000000498	0.01131592813243181	0.3299048389193885
6.480000000000499	0.01164558938869579	0.3294163768609661
6.481000000000499	0.0119747825621439	0.3289686751338799
6.482000000000499	0.01230354638302153	0.3285576734139586
6.4830000000005	0.01263191572429172	0.3281797174759354
6.4840000000005	0.01295992198742966	0.3278315185829765
6.4850000000005	0.01328759344963689	0.3275101169369469
6.486000000000501	0.01361495557633331	0.3272128487837335
6.487000000000501	0.01394203130239913	0.3269373168080212
6.488000000000501	0.01426884128529181	0.3266813634886007
6.489000000000502	0.01459540413285051	0.3264430471181505
6.490000000000502	0.0149217366083193	0.3262206202210447
6.491000000000502	0.01524785381486722	0.3260125101293855
6.492000000000503	0.01557824424255845	0.3347670457059475
6.493000000000503	0.01591583839881277	0.3404199389275533
6.494000000000503	0.01625908540677999	0.3460727269044512
6.495000000000504	0.01660763622151437	0.3510275316079671
6.496000000000504	0.01696091489843398	0.3555284326869053
6.497000000000504	0.01731399348560984	0.3506273529157717
6.498000000000505	0.01766352949945923	0.3484432999762024
6.499000000000505	0.01801070701452023	0.3459103646239066
6.500000000000505	0.01835554382274875	0.3437618955261841
6.501000000000506	0.01869831788787005	0.3417848865311333
6.502000000000506	0.01903921392675698	0.3400058504525876
6.503000000000506	0.0193784145707634	0.3383941034469824
6.504000000000507	0.01971608011859497	0.3369356641492965
6.505000000000507	0.02005235588267632	0.335614541421464
6.506000000000507	0.02038737240975913	0.3344171951137219
6.507000000000508	0.02072124727698059	0.3333312261979111
6.508000000000508	0.02105408630900454	0.3323455288017095
6.509000000000508	0.02138598477325876	0.3314500943668021
6.510000000000509	0.02171702843069927	0.3306359185454204
6.511000000000509	0.02204729448773367	0.3298948966221797
6.512000000000509	0.02237685245139279	0.3292197345891264
6.51300000000051	0.02270576489937402	0.3286038678146554
6.51400000000051	0.02303408817298237	0.3280413881701421
6.51500000000051	0.02336187300080111	0.3275269783627781
6.516000000000511	0.02368916505998859	0.3270558528554087
6.517000000000511	0.02401600548144627	0.3266237046893203
6.518000000000511	0.02434243130446897	0.3262266576260215
6.519000000000512	0.02466847588592953	0.3258612230745321
6.520000000000512	0.02499416926854437	0.3255242613260272
6.521000000000512	0.02531953851231189	0.3252129466650012
6.522000000000513	0.02564460799280636	0.3249247359693238
6.523000000000513	0.02596939966964192	0.324657340450294
6.524000000000513	0.02629840820899432	0.3333584444310732
6.525000000000514	0.02663456968207742	0.3389631797944079
6.526000000000514	0.02697633822472839	0.3445725615293886
6.527000000000514	0.02732336930865381	0.3494882416614479
6.528000000000515	0.02767509105945644	0.3539538768515137
6.529000000000515	0.02803105407443758	0.3579707533540548
6.530000000000515	0.02838636253853789	0.3526447776776701
6.531000000000516	0.02873772333308274	0.3500754297803109
6.532000000000516	0.02908635985883305	0.3471962508148323
6.533000000000516	0.02943232658400338	0.3447358391322558
6.534000000000517	0.02977593416761317	0.3424779769839909
6.535000000000517	0.03011739683784206	0.340446020818179
6.536000000000517	0.0304569237720074	0.3386065124820292
6.537000000000518	0.03079469917085285	0.3369429570792054
6.538000000000518	0.03113088986303762	0.3354371054054501
6.539000000000518	0.03146564576584181	0.3340733839733047
6.540000000000519	0.03179910189536615	0.33283756397013
6.541000000000519	0.03213137977688704	0.3317168926129363
6.542000000000519	0.03246258881386487	0.3306998791004314
6.54300000000052	0.03279282749513301	0.3297761850227302
6.54400000000052	0.03312218448759584	0.3289365049703679
6.54500000000052	0.03345073961809965	0.3281724642714746
6.546000000000521	0.03377856475750526	0.3274765256581862
6.547000000000521	0.03410572461625552	0.3268419055906257
6.548000000000521	0.03443227746040999	0.3262624988674489
6.549000000000522	0.03475827575606964	0.3257328107955958
6.550000000000522	0.03508376674936008	0.3252478961380056
6.551000000000522	0.03540879298841577	0.324803304167829
6.552000000000523	0.03573339279316533	0.3243950292169059
6.553000000000523	0.03605760067813794	0.3240194661694771
6.554000000000523	0.03638144773298865	0.3236733704065083
6.555000000000524	0.03670496196497071	0.3233538217555901
6.556000000000524	0.0370281686071603	0.3230581920458494
6.557000000000524	0.03735556527676624	0.3317338601321097
6.558000000000525	0.0376900907058461	0.3373156829860018
6.559000000000525	0.03803020142990063	0.3429044281422869
6.560000000000525	0.03837555508519958	0.3478015248824937
6.561000000000526	0.03872558175028461	0.352250429363381
6.562000000000526	0.03907983378489922	0.356252247351096
6.563000000000526	0.03943341696494152	0.3509127228671812
6.564000000000527	0.03978303960828818	0.3483311895469725
6.565000000000527	0.04012992641322317	0.3454410568166362
6.566000000000527	0.04047413302032674	0.3429708044379277
6.567000000000528	0.04081597114830616	0.3407041078966523
6.568000000000528	0.04115565598358392	0.3386642275169018
6.569000000000528	0.04149339757038481	0.3368176185994167
6.570000000000529	0.04182938089412332	0.3351477083214138
6.571000000000529	0.04216377349408199	0.3336361773103975
6.572000000000529	0.04249672593148718	0.3322673888932469
6.57300000000053	0.04282837380634238	0.3310270573561645
6.57400000000053	0.04315883917375358	0.3299023786712388
6.57500000000053	0.04348823191831119	0.32888181588305
6.576000000000531	0.0438166509661153	0.3279549890094791
6.577000000000531	0.04414418538182665	0.3271125551927094
6.578000000000531	0.04447091535445533	0.3263461060241886
6.579000000000532	0.04479691308495953	0.3256480738400472
6.580000000000532	0.04512224358498681	0.3250116477111851
6.581000000000532	0.04544696539576533	0.3244306977533108
6.582000000000533	0.04577113123509955	0.3238997070262359
6.583000000000533	0.04609478857966764	0.3234137102381774
6.584000000000533	0.04641798018908849	0.322968238580898
6.585000000000534	0.04674074457758183	0.3225592700810175
6.586000000000534	0.04706311643846207	0.3221831849162741
6.587000000000534	0.04738512702618247	0.3218367252001427
6.588000000000535	0.04770680450017461	0.3215169587879976
6.589000000000535	0.04802817423430369	0.3212212467026605
6.590000000000535	0.04835373397629014	0.3298969580586897
6.591000000000536	0.04868642257946703	0.3354789410931469
6.592000000000536	0.04902469669230251	0.3410679554509904
6.593000000000536	0.04936821405652248	0.3459654232832419
6.594000000000537	0.04971640484933636	0.350414794299927
6.595000000000537	0.05006882152301628	0.3544171684359076
6.596000000000537	0.05042056994043034	0.3490782844181456
6.597000000000538	0.05076835850134662	0.3464974710222438
6.598000000000538	0.05111341198130386	0.3436081332694875
6.599000000000538	0.05145578609393862	0.3411387469274793
6.600000000000539	0.0517957926272049	0.3388729838574158
6.601000000000539	0.05213364683331378	0.3368341010916277
6.602000000000539	0.05246955881913674	0.3349885509388171
6.60300000000054	0.0528037136298779	0.3333197578540922
6.60400000000054	0.05313627886200886	0.3318093999859565
6.60500000000054	0.05346740513157559	0.3304418384012547
6.606000000000541	0.05379722809123971	0.3292027853233914
6.607000000000541	0.05412586984679143	0.3280794348393348
6.608000000000541	0.0544534403317003	0.3270602482686171
6.609000000000542	0.0547800385192926	0.3261348440482971
6.610000000000542	0.05510575351993943	0.3252938778696984
6.611000000000542	0.05543066556696898	0.3245289399905322
6.612000000000543	0.05575484690437654	0.3238324615187604
6.613000000000543	0.05607836258566622	0.3231976303922789
6.614000000000543	0.05640127119283261	0.3226183156795954
6.615000000000544	0.0567236254834381	0.3220889994706947
6.616000000000544	0.05704547297298387	0.3216047155737555
6.617000000000544	0.05736685645904326	0.321160994343462
6.618000000000545	0.05768781449298177	0.3207538130261686
6.619000000000545	0.05800838180450495	0.3203795510706285
6.620000000000545	0.05832858968375138	0.3200349499076313
6.621000000000546	0.05864846632517617	0.3197170767516821
6.622000000000546	0.05896803713704612	0.3194232920225146
6.623000000000546	0.05928732501998509	0.3191512200244535
6.624000000000547	0.05961082549858229	0.327848466820488
6.625000000000547	0.05994147542816999	0.3334500939557446
6.626000000000547	0.06027772966185212	0.3390570530287351
6.627000000000548	0.06061924432833263	0.3439709389236305
6.628000000000548	0.06096544815588379	0.3484353567857204
6.629000000000548	0.06131589229549197	0.3524515464170478
6.630000000000549	0.06166568144159586	0.3471253723784697
6.631000000000549	0.06201152294502071	0.344556276588148
6.632000000000549	0.06235464063982916	0.3416777658690275
6.63300000000055	0.06269508939488246	0.3392184075852435
6.63400000000055	0.0630331802403632	0.3369619560096996
6.63500000000055	0.06336912774899003	0.334931742320355
6.636000000000551	0.06370314141856807	0.3330942855322083
6.637000000000551	0.06403540574859393	0.3314330701114314
6.638000000000551	0.06436608784683012	0.3299298281920376
6.639000000000552	0.06469533789188771	0.3285689694035375
6.640000000000552	0.06502329114511599	0.3273362496515935
6.641000000000552	0.0653500693624791	0.3262189023132143
6.642000000000553	0.06567578216493419	0.3252054240451241
6.643000000000553	0.06600052824685375	0.3242854650641567
6.644000000000553	0.06632439646983411	0.3234497096398787
6.645000000000554	0.06664746684556641	0.3226897737270084
6.646000000000554	0.06696981142080949	0.321998111537544
6.647000000000554	0.06729149507376829	0.3213679317798837
6.648000000000555	0.06761257623085877	0.3207931221929951
6.649000000000555	0.06793310751179026	0.3202681816474232
6.650000000000555	0.06825313631014106	0.3197881590311332
6.651000000000556	0.06857270531587617	0.3193485982480347
6.652000000000556	0.06889185298561336	0.3189454887163375
6.653000000000556	0.06921061396586255	0.3185752208171509
6.654000000000557	0.06952901947394136	0.3182345457982032
6.655000000000557	0.06984709764079905	0.3179205396871958
6.656000000000557	0.07016487381955815	0.3176305708138206
6.657000000000558	0.07048237086320183	0.3173622705795772
6.658000000000558	0.07080408425541652	0.3260632514389015
6.659000000000558	0.07113295081674333	0.3316685807643586
6.660000000000559	0.07146742537102792	0.3372792153801232
6.661000000000559	0.07180716402266837	0.3421967548527697
6.662000000000559	0.07215159548006962	0.3466648085215943
6.66300000000056	0.07249579599739987	0.3417348756505216
6.66400000000056	0.07283642689459388	0.3395255822879216
6.66500000000056	0.07317467568705541	0.3369706755644946
6.666000000000561	0.07351056328109316	0.3348031947367774
6.667000000000561	0.07384437046076869	0.3328098550343389
6.668000000000561	0.07417628449852963	0.3310169183667657
6.669000000000562	0.07450649034287173	0.3293934749298786
6.670000000000562	0.07483515039490664	0.3279253398481941
6.671000000000562	0.0751624118760572	0.3265963386791612
6.672000000000563	0.07548840706786163	0.3253927661547473
6.673000000000563	0.07581325512530934	0.3243020744969397
6.674000000000563	0.07613706330953252	0.3233130238159511
6.675000000000564	0.07645992819703955	0.3224154847959546
6.676000000000564	0.07678193674307676	0.3216003442664239
6.677000000000564	0.07710316724489019	0.3208593994312838
6.678000000000565	0.07742369020710255	0.3201852678705316
6.679000000000565	0.0777435691209422	0.3195713052430658
6.680000000000565	0.07806286116545205	0.3190115315438306
6.681000000000566	0.07838161783860199	0.3185005646541092
6.682000000000566	0.07869988552528409	0.3180335605570655
6.683000000000566	0.07901770600850994	0.3176061595266624
6.684000000000567	0.079335116929488	0.3172144376989538
6.685000000000567	0.07965215220169346	0.3168548634859309
6.686000000000567	0.07996884238353115	0.316524258348062
6.687000000000568	0.08028521501373231	0.3162197614895589
6.688000000000568	0.0806012949132118	0.3159387980841218
6.689000000000568	0.08091710445673972	0.3156790506781082
6.690000000000569	0.08123266381744594	0.3154384334533858
6.691000000000569	0.08154799118687438	0.3152150690639009
6.692000000000569	0.08186757785396311	0.3239570121065565
6.69300000000057	0.08219435686459221	0.3295997279795437
6.69400000000057	0.08252677964607301	0.3352445317183223
6.69500000000057	0.08286449924656172	0.3401933452658772
6.696000000000571	0.08320694162447344	0.3446900680871139
6.697000000000571	0.08354918055959203	0.3397864605154824
6.698000000000571	0.08388787514541825	0.3376013834346926
6.699000000000572	0.08422421089400045	0.3350687953116288
6.700000000000572	0.08455820690905695	0.3329219255919791
6.701000000000572	0.0848901423527316	0.330947660661731
6.702000000000573	0.08522020303814661	0.3291724164576844
6.703000000000573	0.08554857260079171	0.3275654217866711
6.704000000000574	0.08587541226044663	0.3261126165097606
6.705000000000574	0.08620086817569562	0.3247979384340526
6.706000000000574	0.08652507167186914	0.3236077833030632
6.707000000000575	0.0868481410437035	0.322529694236145
6.708000000000575	0.08717018277842405	0.3215525131382173
6.709000000000575	0.08749129275633101	0.3206661842958713
6.710000000000576	0.08781155730637868	0.3198616607680428
6.711000000000576	0.08813105416243287	0.3191307993525597
6.712000000000576	0.08844985332234413	0.3184662712514208
6.713000000000577	0.08876801782150351	0.3178614803709128
6.714000000000577	0.08908560442894552	0.3173104901163161
6.715000000000577	0.08940266427386546	0.3168079574259994
6.716000000000578	0.08971924340947908	0.3163490734223838
6.717000000000578	0.09003538332049797	0.3159295099927388
6.718000000000578	0.0903511213798574	0.315545371713165
6.719000000000579	0.0906664912597715	0.3151931525798595
6.720000000000579	0.09098152330168321	0.3148696970673335
6.721000000000579	0.09129624484921949	0.3145721650807872
6.72200000000058	0.09161068054785107	0.3142980004132522
6.72300000000058	0.09192485261458662	0.314044902357017
6.72400000000058	0.09223878108069758	0.3138108001539108
6.725000000000581	0.09255248401017074	0.3135938300005583
6.726000000000581	0.09286597769631583	0.3133923143531095
6.727000000000581	0.09318375171965237	0.3221544876542572
6.728000000000582	0.09350873758855872	0.3278159772833916
6.729000000000582	0.09383938534673143	0.3334782440508323
6.730000000000582	0.09417534679719078	0.3384433410863814
6.731000000000583	0.09451604677783912	0.3429552859131838
6.732000000000583	0.09485655806008908	0.3380659450716778
6.733000000000583	0.09519353882989237	0.3358942748886344
6.734000000000584	0.09552817378240416	0.3333743197171068
6.735000000000584	0.0958604812860389	0.3312393862903033
6.736000000000584	0.09619073984105403	0.3292764305424403
6.737000000000585	0.09651913466475139	0.3275119309934481
6.738000000000585	0.09684584885624928	0.3259151727647653
6.739000000000585	0.09717104315245	0.324472146390508
6.740000000000586	0.09749486327719487	0.323166835273515
6.741000000000586	0.09781744016438253	0.3219856761835622
6.742000000000586	0.09813889175628765	0.3209162491538252
6.743000000000587	0.09845932422273722	0.3199474293019459
6.744000000000587	0.09877883315818053	0.3190691907963401
6.745000000000587	0.09909750463410397	0.3182725135800489
6.746000000000588	0.09941541615244065	0.3175492786371473
6.747000000000588	0.09973263750208076	0.3168921789278958
6.748000000000588	0.1000492315301208	0.3162946379317427
6.749000000000589	0.1003652548358905	0.3157507366606243
6.750000000000589	0.1006807583956025	0.3152551478897948
6.751000000000589	0.1009957881245301	0.3148030769858502
6.75200000000059	0.1013103853829704	0.3143902086468784
6.75300000000059	0.1016245874316096	0.3140126589698579
6.75400000000059	0.1019384278413536	0.313666932310999
6.755000000000591	0.1022519368621746	0.3133498824601278
6.756000000000591	0.1025651417550741	0.3130586776976099
6.757000000000591	0.1028780670908496	0.3127907693455865
6.758000000000592	0.103190735018985	0.3125438634640837
6.759000000000592	0.103503165509652	0.3123158953775108
6.760000000000592	0.1038153765715121	0.3121050067485076
6.761000000000593	0.1041273844477383	0.3119095249444072
6.762000000000593	0.1044436786733847	0.3206776888588903
6.763000000000593	0.1047671907156655	0.3263451300160627
6.764000000000594	0.1050963705810575	0.3320133129511773
6.765000000000594	0.1054308700388935	0.3369842941385124
6.766000000000594	0.1057656390156116	0.332552349707287
6.767000000000595	0.1060973068924854	0.3307821066272836
6.768000000000595	0.106427012003561	0.3286268258339466
6.769000000000595	0.1067547360992209	0.3268200835901368
6.770000000000596	0.1070807234455622	0.325153334034631
6.771000000000596	0.1074051287671612	0.3236560403379599
6.772000000000596	0.1077281076387766	0.3223004396905019
6.773000000000597	0.1080497960441893	0.3210751130235214
6.774000000000597	0.1083703174233055	0.3199663917055668
6.775000000000597	0.1086897826545826	0.3189628215190916
6.776000000000598	0.1090082916289367	0.3180538816425979
6.777000000000598	0.1093259342688963	0.3172301561611289
6.778000000000598	0.1096427915451648	0.3164831573747083
6.779000000000599	0.1099589363667007	0.3158052495247686
6.780000000000599	0.1102744343879952	0.3151895594641961
6.781000000000599	0.1105893447340722	0.3146299014304311
6.7820000000006	0.1109037206533754	0.3141207080489534
6.7830000000006	0.1112176101052705	0.3136569685594363
6.7840000000006	0.1115310562888226	0.3132341731385393
6.785000000000601	0.1118440981186883	0.3128482628106
6.786000000000601	0.1121567706534225	0.3124955843622101
6.787000000000601	0.1124691054809532	0.3121728497665912
6.788000000000602	0.1127811310655094	0.3118770996652163
6.789000000000602	0.1130928730598573	0.3116056705013457
6.790000000000602	0.113404354586312	0.3113561649401879
6.791000000000603	0.1137155964896497	0.3111264252470478
6.792000000000603	0.114026617564728	0.3109145093276578
6.793000000000603	0.1143374347613449	0.3107186691644747
6.794000000000604	0.1146480633686125	0.3105373314093461
6.795000000000604	0.1149585171808931	0.310369079916909
6.796000000000604	0.1152688086471424	0.3102126400246485
6.797000000000605	0.1155789490053187	0.3100668644049493
6.798000000000605	0.1158934232843122	0.3188804647680706
6.799000000000605	0.1162151588944354	0.3245894983372385
6.800000000000606	0.1165426021896902	0.3302958127775886
6.801000000000606	0.1168709267699423	0.3263520649378097
6.802000000000606	0.1171966362380971	0.3250655988491787
6.803000000000607	0.1175208374822939	0.3233356229629572
6.804000000000607	0.1178434635136243	0.3219151793184347
6.805000000000607	0.1181647198387058	0.3205962158637282
6.806000000000608	0.1184847250195762	0.3194128958315396
6.807000000000608	0.1188036024016584	0.3183406227403407
6.808000000000608	0.1191214588803603	0.3173710931057511
6.809000000000609	0.1194383917337961	0.3164933758629719
6.810000000000609	0.1197544882876315	0.3156984972183287
6.811000000000609	0.1200698272343229	0.3149781645809293
6.81200000000061	0.1203844794152822	0.3143249684828361
6.81300000000061	0.1206985086260954	0.3137322267685307
6.81400000000061	0.1210119723159077	0.3131939287359145
6.815000000000611	0.1213249222231963	0.3127046637741259
6.816000000000611	0.1216374049463859	0.3122595624089546
6.817000000000611	0.1219494624577981	0.3118542419260859
6.818000000000612	0.1222611325661069	0.3114847577613662
6.819000000000612	0.1225724493325744	0.3111475596697164
6.820000000000612	0.122883443445657	0.310839452297727
6.821000000000613	0.1231941425581524	0.3105575596938478
6.822000000000613	0.1235045715906329	0.3102992933688424
6.823000000000613	0.1238147530045347	0.3100623235498728
6.824000000000614	0.1241247070479396	0.3098445533092548
6.825000000000614	0.1244344519767782	0.3096440952803153
6.826000000000614	0.1247440042539136	0.3094592507016682
6.827000000000615	0.1250533787283169	0.309288490557059
6.828000000000615	0.1253625887963257	0.3091304386012254
6.829000000000615	0.1256716465467768	0.3089838560831693
6.830000000000616	0.1259805628916264	0.3088476279971017
6.831000000000616	0.1262893476835082	0.3087207507082918
6.832000000000616	0.1265980098215367	0.3086023208163303
6.833000000000617	0.1269065573465299	0.308491525132066
6.834000000000617	0.1272149975267101	0.3083876316568481
6.835000000000617	0.1275278118158091	0.317239725949672
6.836000000000618	0.1278434495232633	0.314034457400028
6.837000000000618	0.1281574358593071	0.31393698962187
6.838000000000618	0.1284709786217421	0.3131473119625429
6.839000000000619	0.1287838563110519	0.3126068460156535
6.840000000000619	0.1290961966915625	0.3120726965096848
6.841000000000619	0.1294080330257621	0.3115987554091683
6.84200000000062	0.1297194157169687	0.3111654123427042
6.84300000000062	0.1300303850512587	0.3107720432378797
6.84400000000062	0.1303409785939543	0.3104138306687709
6.845000000000621	0.1306512298656155	0.3100875025532958
6.846000000000621	0.1309611691453103	0.3097898480023335
6.847000000000621	0.1312708236949232	0.3095180435491843
6.848000000000622	0.1315802180856703	0.3092695313345975
6.849000000000622	0.1318893744608096	0.3090420133112103
6.850000000000622	0.1321983127798679	0.308833420072424
6.851000000000623	0.1325070510364988	0.3086418892860793
6.852000000000623	0.132815605455042	0.3084657446631124
6.853000000000623	0.1331239906673047	0.3083034774346887
6.854000000000624	0.1334322198716971	0.3081537295803017
6.855000000000624	0.1337403049764456	0.3080152787583872
6.856000000000624	0.1340482567284878	0.3078870247375431
6.857000000000625	0.1343560848294781	0.3077679771862102
6.858000000000625	0.1346637980401921	0.3076572446829866
6.859000000000625	0.1349714042744925	0.3075540248260099
6.860000000000626	0.1352789106838976	0.3074575953313752
6.861000000000626	0.1355863237336934	0.3073673060217161
6.862000000000626	0.1358936492714359	0.3072825716159263
6.863000000000627	0.1362008925886021	0.3072028652399083
6.864000000000627	0.1365080584760773	0.307127712586246
6.865000000000627	0.1368151512740939	0.3070566866579109
6.866000000000628	0.1371221749171761	0.3069894030375954
6.867000000000628	0.1374291329745913	0.3069255156301133
6.868000000000628	0.1377360286867561	0.3068647128305601
6.869000000000629	0.1380428649980025	0.3068067140756557
6.870000000000629	0.1383496445860676	0.3067512667399532
6.871000000000629	0.1386563698886349	0.3066981433424266
6.87200000000063	0.1389585682462348	0.2976973944931059
6.87300000000063	0.1392577983228381	0.3007615929625914
6.87400000000063	0.1395585421426363	0.3007248750349152
6.875000000000631	0.1398595984770527	0.3013866210310505
6.876000000000631	0.140161194795886	0.301804841815084
6.877000000000631	0.1404632087658065	0.3022219216285797
6.878000000000632	0.1407656120697218	0.3025835083386079
6.879000000000632	0.1410683588124286	0.3029087979243802
6.880000000000632	0.1413714128221718	0.3031980412654234
6.881000000000633	0.1416747402932973	0.3034557196748845
6.882000000000633	0.1419783111454858	0.3036848024948967
6.883000000000633	0.1422820982521878	0.3038882279109087
6.884000000000634	0.1425860772448498	0.3040685737193259
6.885000000000634	0.1428902262120815	0.3042281764398748
6.886000000000634	0.1431945254600595	0.3043691346788155
6.887000000000635	0.1434989572891051	0.3044933381109518
6.888000000000635	0.1438035057945503	0.3046024870757528
6.889000000000635	0.1441081566870309	0.3046981118355134
6.890000000000636	0.144412897130873	0.3047815895023561
6.891000000000636	0.1447177155986097	0.3048541593738521
6.892000000000636	0.1450226017400555	0.3049169367097562
6.893000000000637	0.1453275462644703	0.3049709251373993
6.894000000000637	0.1456325408345086	0.3050170278149595
6.895000000000637	0.1459375779707739	0.3050560574788035
6.896000000000638	0.1462426509659178	0.3050887454859937
6.897000000000638	0.1465477538073301	0.3051157499525715
6.898000000000638	0.1468528811075592	0.3051376630780048
6.899000000000639	0.147158028041692	0.3051550177371942
6.900000000000639	0.1474631902909954	0.3051682934132769
6.901000000000639	0.1477683639921942	0.3051779215371517
6.90200000000064	0.1480735456918214	0.3051842902930503
6.90300000000064	0.1483787323051344	0.3051877489435528
6.90400000000064	0.148683921079139	0.3051886117221009
6.905000000000641	0.1489891095593122	0.3051871613362596
6.906000000000641	0.1492942955596527	0.3051836521206534
6.907000000000641	0.1495994771357265	0.3051783128746078
6.908000000000642	0.1499046525604088	0.3051713494160274
6.909000000000642	0.1502053454210506	0.2962132022835702
6.910000000000642	0.1504986361177856	0.2903670504454505
6.911000000000643	0.1507860853812793	0.284530358570062
6.912000000000643	0.1510725260429864	0.2883498508435171
6.913000000000643	0.1513614603435031	0.2895176265406723
6.914000000000644	0.1516517867092632	0.2911339759661699
6.915000000000644	0.1519435769674393	0.2924454057307597
6.916000000000644	0.1522366300207845	0.293659561444654
6.917000000000645	0.1525308313303964	0.2947419138509081
6.918000000000645	0.1528260612261514	0.2957167297833615
6.919000000000645	0.1531222161746622	0.29659201581824
6.920000000000646	0.1534192019776592	0.2973784355784588
6.921000000000646	0.1537169341351394	0.2980847219361252
6.922000000000646	0.1540153365513211	0.2987189504295247
6.923000000000647	0.1543143407751559	0.2992883349567246
6.924000000000647	0.1546138852155181	0.299799381438508
6.925000000000647	0.1549139144601891	0.3002579417445309
6.926000000000648	0.1552143786566167	0.3006692833159461
6.927000000000648	0.1555152329561799	0.3010381465543861
6.928000000000648	0.155816437013632	0.301368797789676
6.929000000000649	0.156117954536699	0.3016650766214286
6.930000000000649	0.1564197528806933	0.3019304386088068
6.931000000000649	0.1567218026836729	0.3021679936707354
6.93200000000065	0.157024077538083	0.3023805406512382
6.93300000000065	0.1573265536952341	0.3025705984269577
6.93400000000065	0.157629209799333	0.3027404339042466
6.935000000000651	0.1579320266481107	0.3028920872164718
6.936000000000651	0.1582349869773874	0.3030273944016095
6.937000000000651	0.1585380752671819	0.3031480078120771
6.938000000000652	0.1588412775672104	0.303255414483585
6.939000000000652	0.1591445813398348	0.3033509526671032
6.940000000000652	0.1594479753187178	0.303435826707633
6.941000000000653	0.1597514493816115	0.3035111204351015
6.942000000000653	0.1600549944358685	0.3035778092161682
6.943000000000653	0.1603586023154016	0.3036367708008505
6.944000000000654	0.1606622656879475	0.3036887950844878
6.945000000000654	0.1609659779716058	0.3037345928935091
6.946000000000654	0.1612652583787066	0.2948250592359395
6.947000000000655	0.1615571833660023	0.2890237818979305
6.948000000000655	0.1618433101091489	0.2832285935029188
6.949000000000655	0.1621239933531634	0.2781368048187761
6.950000000000656	0.1623998142037802	0.273503825633549
6.951000000000656	0.1626712304081314	0.269327529434403
6.952000000000656	0.1629431453275451	0.2745012538696004
6.953000000000657	0.1632188589097693	0.2769248403579267
6.954000000000657	0.1634971539385202	0.2796641369520558
6.955000000000657	0.1637779815497425	0.2819899955207751
6.956000000000658	0.1640610361662614	0.2841181389528117
6.957000000000658	0.1643461081715917	0.2860247653660505
6.958000000000658	0.1646329925769175	0.2877429319627151
6.959000000000659	0.1649215089890618	0.2892887727231246
6.960000000000659	0.1652114940440303	0.2906802119662705
6.961000000000659	0.1655028009805354	0.2919325307216494
6.96200000000066	0.165795297660602	0.2930596945281607
6.96300000000066	0.1660888651869375	0.2940742191605126
6.96400000000066	0.1663833965588757	0.2949873820502984
6.965000000000661	0.1666787954876442	0.295809329512109
6.966000000000661	0.166974975323877	0.2965491940067703
6.967000000000661	0.1672718580939331	0.2972151944892046
6.968000000000662	0.1675693736321933	0.2978147280185603
6.969000000000662	0.1678674588002262	0.298354451883128
6.970000000000662	0.1681660567840119	0.2988403575938088
6.971000000000663	0.1684651164614509	0.2992778374579863
6.972000000000663	0.1687645918331201	0.299671744501078
6.973000000000663	0.1690644415099538	0.3000264463946718
6.974000000000664	0.1693646282521567	0.3003458739921683
6.975000000000664	0.1696651185542263	0.3006335650107842
6.976000000000664	0.1699658822714726	0.3008927033453779
6.977000000000665	0.1702668922838862	0.3011261544508904
6.978000000000665	0.1705681241936204	0.3013364971865462
6.979000000000665	0.1708695560527242	0.3015260524756361
6.980000000000666	0.1711711681181033	0.3016969090993233
6.981000000000666	0.1714729426309844	0.3018509469110711
6.982000000000666	0.171774863618434	0.3019898577296291
6.983000000000667	0.1720769167147248	0.3021151641427222
6.984000000000667	0.1723746141195341	0.2932784917087675
6.985000000000667	0.1726650259708731	0.2875440854958072
6.986000000000668	0.1729497037500729	0.2818103697077911
6.987000000000668	0.1732289970698482	0.2767751875663597
6.988000000000668	0.1735034824094774	0.2721944280981025
6.989000000000669	0.1737736133449297	0.2680663961352862
6.990000000000669	0.1740398145951459	0.2643350729008404
6.991000000000669	0.1743024644710829	0.2609636613838568
6.99200000000067	0.1745619046237168	0.2579156387764475
6.99300000000067	0.1748229173133949	0.2641087294263839
6.99400000000067	0.1750886976376957	0.2674508896002291
6.995000000000671	0.1753579329682254	0.2710187285492788
6.996000000000671	0.17563048881984	0.2740919189586064
6.997000000000671	0.1759059824821096	0.2768943385318868
6.998000000000672	0.1761841349254027	0.2794094707602683
6.999000000000672	0.1764646786756437	0.2816769432203157
7.000000000000672	0.1767473770945973	0.2837187998956644
7.001000000000673	0.1770320161881665	0.2855582849918079
7.002000000000673	0.1773184036187773	0.2872154672653307
7.003000000000673	0.1776063662205644	0.288708621302095
7.004000000000674	0.1778957481619604	0.2900541410456565
7.005000000000674	0.1781864091923135	0.2912667943224758
7.006000000000674	0.1784782230887665	0.2923598688411778
7.007000000000675	0.1787710762522185	0.2933453243567666
7.008000000000675	0.1790648664452476	0.2942339244280834
7.009000000000675	0.1793595016558518	0.2950353562968966
7.010000000000676	0.1796548990749141	0.2957583384548044
7.011000000000676	0.1799509841758953	0.2964107175345125
7.012000000000676	0.1802476898865649	0.296999555491732
7.013000000000677	0.1805449558435574	0.297531208073957
7.014000000000677	0.1808427277214721	0.2980113954411058
7.015000000000677	0.181140956629065	0.2984452657244199
7.016000000000678	0.1814395985658195	0.2988374522293984
7.017000000000678	0.1817386139328619	0.2991921249184644
7.018000000000678	0.1820379670927838	0.2995130367453628
7.019000000000679	0.1823376259734841	0.2998035653561243
7.020000000000679	0.1826375617116251	0.3000667506199351
7.021000000000679	0.1829377483317446	0.3003053284069228
7.02200000000068	0.1832381624574559	0.3005217609881669
7.02300000000068	0.1835343081704791	0.291768519604582
7.02400000000068	0.1838232482941501	0.2861106102145975
7.025000000000681	0.1841065277179713	0.2804471418570017
7.026000000000681	0.1843844901134469	0.2754765741430656
7.027000000000681	0.1846577066042336	0.2709553508870519
7.028000000000682	0.1849266259377475	0.26688227626739
7.029000000000682	0.1851916684787746	0.2632017809556722
7.030000000000682	0.1854532086111126	0.2598774724818546
7.031000000000683	0.1857115844429121	0.2568731921618188
7.032000000000683	0.1859671001565952	0.2541572473551256
7.033000000000683	0.1862200297197426	0.2517009011353152
7.034000000000684	0.1864706198259724	0.2494783426100112
7.035000000000684	0.1867235675225045	0.2564160726724317
7.036000000000684	0.186981991139716	0.2604301628497769
7.037000000000685	0.1872445089645681	0.2646044721781156
7.038000000000685	0.1875109243213481	0.2682252116922867
7.039000000000685	0.1877807985188383	0.2715221402835717
7.040000000000686	0.1880538021342033	0.2744840354015414
7.041000000000686	0.1883296223293514	0.2771552890207092
7.042000000000686	0.1886079816282672	0.2795622331815402
7.043000000000687	0.1888886292727517	0.2817319713733329
7.044000000000687	0.18917133982748	0.2836880457570551
7.045000000000687	0.1894559103285985	0.2854518570271964
7.046000000000688	0.1897421581163838	0.2870426126706287
7.047000000000688	0.1900299187849211	0.2884776127479328
7.048000000000688	0.1903190443617404	0.2897724240234846
7.049000000000689	0.190609401663257	0.2909410574473359
7.050000000000689	0.1909008708162269	0.2919961226985924
7.051000000000689	0.1911933439266662	0.29294896857183
7.05200000000069	0.1914867238819755	0.2938098090005924
7.05300000000069	0.1917809232728287	0.2945878365596075
7.05400000000069	0.1920758634228777	0.2952913245965296
7.055000000000691	0.1923714735154854	0.2959277191555807
7.056000000000691	0.192667689807786	0.2965037217075687
7.057000000000691	0.1929644549233389	0.2970253636072278
7.058000000000692	0.1932617172155169	0.2974980731047518
7.059000000000692	0.1935594301945558	0.2979267356561995
7.060000000000692	0.1938575520118994	0.2983157482028604
7.061000000000693	0.1941560449961089	0.2986690680226888
7.062000000000693	0.1944504003541147	0.2900405118332941
7.063000000000693	0.1947376693125485	0.2844962962940196
7.064000000000694	0.1950193863143777	0.278936620113582
7.065000000000694	0.1952958856197871	0.2740609236502249
7.066000000000694	0.1955677298728455	0.2696265334331679
7.067000000000695	0.1958353601799842	0.2656330481272097
7.068000000000695	0.1960991900197891	0.2620256134844043
7.069000000000695	0.1963595875692073	0.2587684806497731
7.070000000000696	0.1966168853409954	0.2558260702352961
7.071000000000696	0.1968713824725357	0.253167211009458
7.072000000000696	0.1971233483817292	0.2507636353561568
7.073000000000697	0.1973730256583817	0.2485899548045534
7.074000000000697	0.1976206327661681	0.2466233056575198
7.075000000000697	0.1978663664494809	0.2448431131303142
7.076000000000698	0.1981104039058257	0.2432308583105525
7.077000000000698	0.1983529047394254	0.241769873612466
7.078000000000698	0.1985940127198554	0.2404451573883338
7.079000000000699	0.1988338573647222	0.2392432074030242
7.080000000000699	0.1990770302451772	0.2471016157751947
7.081000000000699	0.1993265547507479	0.2519464331890284
7.0820000000007	0.1995809637082323	0.2568705008177666
7.0830000000007	0.1998399835147216	0.261168113471937
7.0840000000007	0.2001031062314617	0.2650763055538324
7.085000000000701	0.2003699400998526	0.2685904025204284
7.086000000000701	0.2006401161666888	0.2717606896164941
7.087000000000701	0.2009133064394882	0.274618802885033
7.088000000000702	0.2011892146824271	0.2771966194777446
7.089000000000702	0.2014675745175738	0.279521977911405
7.090000000000702	0.2017481461200434	0.2816201456602291
7.091000000000703	0.2020307136425582	0.2835138103721097
7.092000000000703	0.2023150827978387	0.285223404311605
7.093000000000703	0.2026010787076781	0.2867673132855176
7.094000000000704	0.2028885439608805	0.2881620854407193
7.095000000000704	0.203177336866961	0.2894226139918828
7.096000000000704	0.2034673298840868	0.2905623029738158
7.097000000000705	0.2037584082043209	0.2915932160942887
7.098000000000705	0.2040504684803171	0.2925262107826484
7.099000000000705	0.2043434176793508	0.2933710588133215
7.100000000000706	0.2046371720519457	0.2941365548720408
7.101000000000706	0.2049316562036368	0.2948306142641938
7.102000000000706	0.2052268022595582	0.2954603608526602
7.103000000000707	0.2055180742314834	0.2870824612611056
7.104000000000707	0.2058024988581799	0.2817656968310375
7.105000000000707	0.2060815885312111	0.2764125745383847
7.106000000000708	0.2063556576522501	0.271724612240357
7.107000000000708	0.2066252509805095	0.2674610062721881
7.108000000000708	0.2068907935139123	0.2636230381812067
7.109000000000709	0.2071526842213066	0.2601573683706044
7.110000000000709	0.2074112782088512	0.2570296112281386
7.111000000000709	0.2076668962136261	0.2542054143407889
7.11200000000071	0.2079198267629936	0.2516547108109085
7.11300000000071	0.2081703297139826	0.2493502269790752
7.11400000000071	0.2084186390398151	0.2472674689914919
7.115000000000711	0.2086649654374983	0.2453843783622267
7.116000000000711	0.2089094986497369	0.2436811050523048
7.117000000000711	0.2091524095608866	0.2421397824760519
7.118000000000712	0.2093938520817595	0.2407443301970883
7.119000000000712	0.2096339648463409	0.2394802750573231
7.120000000000712	0.209872872738741	0.2383345905173018
7.121000000000713	0.2101106882674784	0.2372955519814308
7.122000000000713	0.2103475128023331	0.2363526066109133
7.123000000000713	0.2105834376875188	0.2354962561503017
7.124000000000714	0.2108185452435405	0.2347179514726375
7.125000000000714	0.2110529096688699	0.234009997669739
7.126000000000714	0.2112910727325539	0.2423152136163177
7.127000000000715	0.2115360129876502	0.2475643544750405
7.128000000000715	0.2117862228938089	0.2528544955237221
7.129000000000715	0.2120413925034082	0.2574837423343798
7.130000000000716	0.2123009811532471	0.2616925590634082
7.131000000000716	0.2125645676185846	0.2654793580146061
7.132000000000716	0.2128317564126186	0.2688972026628864
7.133000000000717	0.2131021956486275	0.2719802295261255
7.134000000000717	0.2133755675720375	0.2747625662509217
7.135000000000717	0.2136515864241746	0.2772740768667337
7.136000000000718	0.2139299949236857	0.2795418518762272
7.137000000000718	0.2142105614987386	0.2815902197196981
7.138000000000718	0.2144930776962881	0.2834410894414284
7.139000000000719	0.2147773558753385	0.285114176016296
7.140000000000719	0.2150632271246499	0.286627223908529
7.141000000000719	0.2153505393902298	0.2879962030842752
7.14200000000072	0.2156391557896866	0.2892354867202919
7.14300000000072	0.2159289530952438	0.2903580108174943
7.14400000000072	0.2162198203684281	0.2913754179342204
7.145000000000721	0.2165071828501873	0.2833484415042158
7.146000000000721	0.2167880323718142	0.2783495227603699
7.147000000000721	0.2170638498943117	0.2732844626429593
7.148000000000722	0.217334921518104	0.2688577436446675
7.149000000000722	0.2176017665175956	0.2648312303385368
7.150000000000722	0.2178647869407657	0.2612086057519359
7.151000000000723	0.2181243610879622	0.2579386916857838
7.152000000000723	0.2183808254502082	0.2549890478512815
7.153000000000723	0.2186344839975418	0.252327072691769
7.154000000000724	0.2188856101536328	0.249924275145366
7.155000000000724	0.2191344501688967	0.2477547998696649
7.156000000000724	0.2193812257573786	0.2457954295607892
7.157000000000725	0.2196261365696659	0.2440252546921299
7.158000000000725	0.2198693623935888	0.2424254593522826
7.159000000000725	0.2201110651410839	0.2409791077343542
7.160000000000726	0.2203513906348177	0.2396709571666248
7.161000000000726	0.2205904702165397	0.2384872885427429
7.162000000000726	0.2208284221945062	0.2374157540331552
7.163000000000727	0.2210653531461897	0.2364452399443056
7.164000000000727	0.2213013590907135	0.2355657433121485
7.165000000000727	0.2215365265440478	0.2347682608312213
7.166000000000728	0.2217709334686888	0.2340446888920528
7.167000000000728	0.2220046501283733	0.2333877336144936
7.168000000000728	0.2222377398573243	0.2327908298777722
7.169000000000729	0.222470259752575	0.2322480684475079
7.170000000000729	0.222702261297064	0.23175413039001
7.171000000000729	0.2229337909204231	0.2313042280451295
7.17200000000073	0.22316489050369	0.2308940519018106
7.17300000000073	0.2233955978335517	0.2305197227860727
7.17400000000073	0.2236259470111675	0.2301777488301797
7.175000000000731	0.2238559688201117	0.2298649867448795
7.176000000000731	0.2240901659386471	0.2385283520445059
7.177000000000731	0.2243314817210956	0.2441022873168808
7.178000000000732	0.2245783769315004	0.2496871866108027
7.179000000000732	0.2248305130795059	0.2545841424734762
7.180000000000732	0.2250873237968515	0.2590363074217051
7.181000000000733	0.2253483647077243	0.2630445133656838
7.182000000000733	0.2256132194729218	0.2666640015079316
7.183000000000733	0.2258815174222073	0.2699308684027034
7.184000000000734	0.2261529238795709	0.2728810058105856
7.185000000000734	0.2264271378408541	0.2755458655445787
7.186000000000734	0.2267038882876568	0.2779539671931944
7.187000000000735	0.2269829312687741	0.2801309254543554
7.188000000000735	0.227264047173775	0.28209980708428
7.189000000000735	0.2275470383041461	0.2838813690783682
7.190000000000736	0.227827251799962	0.2765445486893
7.191000000000736	0.2281016091850499	0.2721691701322047
7.192000000000736	0.228371528126837	0.2676676791615887
7.193000000000737	0.2286372377447986	0.2637505386739559
7.194000000000737	0.2288992060138266	0.2601849956910935
7.195000000000737	0.2291577887957648	0.2569795775255138
7.196000000000738	0.2294133228069463	0.2540874659166009
7.197000000000738	0.2296661070963701	0.2514801446014436
7.198000000000738	0.2299164119199222	0.2491285437276793
7.199000000000739	0.2301644803422867	0.2470073508479611
7.200000000000739	0.2304105312746231	0.2450935714533205
7.201000000000739	0.2306547618095575	0.2433665630700312
7.20200000000074	0.2308973494223919	0.241807733598376
7.20300000000074	0.2311384539272706	0.2404003528906168
7.20400000000074	0.2313782192439632	0.2391293624063353
7.205000000000741	0.2316167749864151	0.2379812090925276
7.206000000000741	0.2318542378928354	0.236943694578294
7.207000000000741	0.2320907131126805	0.236005839774315
7.208000000000742	0.2323262953649675	0.2351577629312944
7.209000000000742	0.2325610699807529	0.2343905699127952
7.210000000000742	0.232795113841367	0.2336962554357033
7.211000000000743	0.2330284962228278	0.2330676141878899
7.212000000000743	0.2332612795558165	0.2324981608337719
7.213000000000743	0.2334935201096577	0.2319820580193764
7.214000000000744	0.2337252686079044	0.2315140515768619
7.215000000000744	0.2339565707823673	0.2310894122085768
7.216000000000744	0.2341874678717437	0.230703883002694
7.217000000000745	0.2344179970703862	0.2303536321972698
7.218000000000745	0.2346481919321975	0.2300352106678814
7.219000000000745	0.2348780827341375	0.2297455136664881
7.220000000000746	0.2351076968033833	0.2294817463863941
7.221000000000746	0.2353370588117749	0.2292413929707024
7.222000000000746	0.2355661910408196	0.2290221886199115
7.223000000000747	0.2357951136201983	0.2288220944887412
7.224000000000747	0.2360238447424235	0.2286392750932654
7.225000000000747	0.2362524008560342	0.2284720779773199
7.226000000000748	0.2364807968394741	0.2283190154122596
7.227000000000748	0.2367090461575843	0.22817874792673
7.228000000000748	0.2369416358835965	0.2369998146669044
7.229000000000749	0.2371814953095033	0.2427181199685643
7.230000000000749	0.2374270725257556	0.2484353735494319
7.231000000000749	0.2376780176183306	0.2534538521469895
7.23200000000075	0.2379337539203297	0.2580177741390325
7.23300000000075	0.2381938277699155	0.2621289307996054
7.23400000000075	0.2384578144533025	0.2658434268474369
7.235000000000751	0.2387208608649062	0.2602483908915803
7.236000000000751	0.2389797072670069	0.2574434239585478
7.237000000000751	0.2392356084279831	0.2543579199609795
7.238000000000752	0.2394886467754619	0.2517178079651864
7.239000000000752	0.239739158258836	0.2493042014671929
7.240000000000753	0.2399873798943194	0.2471381209922942
7.241000000000753	0.2402335414195763	0.2451839889432698
7.242000000000753	0.2404778455840497	0.2434234065782953
7.243000000000754	0.2407204759556761	0.2418364096995174
7.244000000000754	0.2409615975616503	0.2404058810931572
7.245000000000754	0.2412013590611696	0.2391162020396597
7.246000000000755	0.2414398943019586	0.2379533683707495
7.247000000000755	0.2416773238208655	0.2369047625521255
7.248000000000755	0.2419137561694743	0.2359590316360442
7.249000000000756	0.2421492891133895	0.2351059566525595
7.250000000000756	0.2423840107100374	0.2343363402522541
7.251000000000756	0.242618000279079	0.2336419042872315
7.252000000000757	0.2428513292756865	0.2330151979582928
7.253000000000757	0.2430840620765197	0.2324495150663125
7.254000000000757	0.2433162566871001	0.2319388195587208
7.255000000000758	0.2435479653784522	0.2314776785162549
7.256000000000758	0.2437792352600832	0.2310612018422841
7.257000000000758	0.2440101087956656	0.2306849879828719
7.258000000000759	0.2442406242671555	0.230345075074895
7.259000000000759	0.244470816192501	0.2300378969793172
7.260000000000759	0.2447007157015813	0.2297602437111281
7.26100000000076	0.2449303508745555	0.2295092258262733
7.26200000000076	0.2451597470463779	0.2292822423698803
7.26300000000076	0.2453889270808644	0.2290769520296503
7.264000000000761	0.2456179116173549	0.2288912471738985
7.265000000000761	0.245846719292711	0.2287232304857812
7.266000000000761	0.2460753669411168	0.2285711939340885
7.267000000000762	0.2463038697739019	0.2284335998469477
7.268000000000762	0.246532241541384	0.2283090638781468
7.269000000000762	0.2467604946785297	0.2281963396768155
7.270000000000763	0.2469886404360516	0.228094305090129
7.271000000000763	0.2472166889983976	0.2280019497457319
7.272000000000763	0.2474446495899436	0.2279183638759104
7.273000000000764	0.2476725305705696	0.2278427282593389
7.274000000000764	0.2479003395216796	0.2277743051686423
7.275000000000764	0.2481280833236223	0.227712430223194
7.276000000000765	0.2483557682253716	0.2276565050566255
7.277000000000765	0.2485833999072415	0.2276059907175759
7.278000000000765	0.2488109835373317	0.2275604017303588
7.279000000000766	0.2490385238223301	0.227519300749554
7.280000000000766	0.2492660250532384	0.2274822937491313
7.281000000000766	0.2494934911465261	0.2274490256926548
7.282000000000767	0.2497164507999976	0.2184694313446129
7.283000000000767	0.2499319890422368	0.2126062315638528
7.284000000000767	0.2501461456779913	0.2157062236863558
7.285000000000768	0.2503622007047857	0.2164030064531788
7.286000000000768	0.2505791796438956	0.217554044842024
7.287000000000768	0.2507971869818126	0.2184598001941192
7.288000000000769	0.2510160714809897	0.2193083640660955
7.289000000000769	0.2512357583983958	0.220064633641588
7.290000000000769	0.2514561651869264	0.2207481036192169
7.29100000000077	0.251677221434392	0.2213635490849222
7.29200000000077	0.251898862860707	0.22191845913665
7.29300000000077	0.2521210319013307	0.2224187757403917
7.294000000000771	0.252343676736125	0.2228700457138751
7.295000000000771	0.2525667507893262	0.223277210968108
7.296000000000771	0.2527902121860378	0.2236447313083352
7.297000000000772	0.2530140232864428	0.2239766170720962
7.298000000000772	0.253238150260756	0.2242764779709035
7.299000000000772	0.2534625627081427	0.2245475621817104
7.300000000000773	0.2536872333133834	0.2247927927455347
7.301000000000773	0.2539121375379643	0.2250148000221903
7.302000000000773	0.2541372533420379	0.2252159509755361
7.303000000000774	0.2543625609341961	0.2253983755111998
7.304000000000774	0.2545880425462653	0.2255639901852735
7.305000000000774	0.254813682230625	0.2257145195409473
7.306000000000775	0.2550394656777964	0.2258515153117721
7.307000000000775	0.2552653800522734	0.2259763737045158
7.308000000000775	0.2554914138447734	0.2260903509537479
7.309000000000776	0.2557175567392638	0.2261945773209549
7.310000000000776	0.2559437994932888	0.2262900696937398
7.311000000000776	0.2561701338302645	0.2263777429250951
7.312000000000777	0.2563965523425475	0.2264584200387434
7.313000000000777	0.2566230484041968	0.2265328414139371
7.314000000000777	0.2568496160924633	0.2266016730517721
7.315000000000778	0.2570762501171308	0.2266655140148643
7.316000000000778	0.2573029457569254	0.2267249031230514
7.317000000000778	0.2575296988022858	0.2267803249795188
7.318000000000779	0.2577565055038581	0.2268322153943058
7.319000000000779	0.2579833625261434	0.2268809662654551
7.320000000000779	0.2582102669057817	0.2269269299720408
7.32100000000078	0.2584372160140105	0.2269704233278863
7.32200000000078	0.2586642075228779	0.227011731139905
7.32300000000078	0.2588912393748374	0.2270511094105988
7.324000000000781	0.2591183097553845	0.227088788220301
7.325000000000781	0.259345417068431	0.2271249743211883
7.326000000000781	0.2595725599141449	0.2271598534718838
7.327000000000782	0.2597997370690067	0.2271935925385943
7.328000000000782	0.2600269474678626	0.2272263413861259
7.329000000000782	0.2602541901877746	0.227258234579792
7.330000000000783	0.2604814644334857	0.2272893929171233
7.331000000000783	0.2607087695243427	0.2273199248064005
7.332000000000783	0.2609316300013265	0.2184001821157793
7.333000000000784	0.2611471271323032	0.2125932608265838
7.334000000000784	0.2613568224365183	0.2067965506879819
7.335000000000784	0.2615610745817977	0.2017069636842071
7.336000000000785	0.2617604682177261	0.1970795504900692
7.337000000000785	0.2619554642940317	0.1929118611878272
7.338000000000785	0.2621464941862846	0.189147197492925
7.339000000000786	0.2623339422164244	0.1857481506070619
7.340000000000786	0.2625181554650975	0.1826776468845924
7.341000000000786	0.2626994462178763	0.17990316995526
7.342000000000787	0.2628780957628159	0.1773952412729426
7.343000000000787	0.2630543574093395	0.1751273822263394
7.344000000000787	0.2632284593049541	0.1730757476901554
7.345000000000788	0.2634006069453759	0.171218879294226
7.346000000000788	0.2635754603210838	0.1784872080166286
7.347000000000788	0.2637561044388043	0.1828003413584367
7.348000000000789	0.2639411276214548	0.1872453212802404
7.349000000000789	0.2641303062527901	0.1911112229832729
7.350000000000789	0.2643231774219268	0.1946303828983456
7.35100000000079	0.2645193899348905	0.1977938979884377
7.35200000000079	0.2647186113858651	0.2006482475353509
7.35300000000079	0.2649205467139262	0.203221641898856
7.354000000000791	0.2651249293602445	0.2055428748008431
7.355000000000791	0.2653315196944613	0.2076370093580438
7.356000000000791	0.2655401020024729	0.20952681487308
7.357000000000792	0.2657504821743599	0.2112327303295122
7.358000000000792	0.2659624855238108	0.2127731638857455
7.359000000000792	0.2661759548505288	0.2141646793464246
7.360000000000793	0.2663907486901694	0.2154221847514846
7.361000000000793	0.2666067397408425	0.2165590969159768
7.362000000000793	0.2668238134465765	0.2175874908132801
7.363000000000794	0.2670418667225344	0.2185182336957088
7.364000000000794	0.2672608068076853	0.2193611058841222
7.365000000000794	0.2674805502322166	0.2201249094583152
7.366000000000795	0.2677010218882038	0.2208175660834371
7.367000000000795	0.2679221541932159	0.221446205052505
7.368000000000795	0.268143886337561	0.2220172425249841
7.369000000000796	0.2683661636068087	0.2225364528414317
7.370000000000796	0.268588936772062	0.2230090327066974
7.371000000000796	0.2688121615412024	0.2234396589547978
7.372000000000797	0.2690357980650128	0.2238325405373054
7.373000000000797	0.2692598104926888	0.2241914653128965
7.374000000000797	0.2694841665718005	0.2245198421579434
7.375000000000798	0.2697088372882588	0.2248207388660453
7.376000000000798	0.2699337965422876	0.2250969162576041
7.377000000000798	0.2701590208567984	0.22535085887844
7.378000000000799	0.2703844891149304	0.2255848026285427
7.379000000000799	0.2706101823238368	0.2258007596279442
7.380000000000799	0.2708360834020941	0.2260005405960011
7.3810000000008	0.2710621769883719	0.2261857749927446
7.3820000000008	0.2712884492692363	0.2263579291460923
7.3830000000008	0.2715148878241757	0.2265183225663337
7.384000000000801	0.2717414814861234	0.2266681426291642
7.385000000000801	0.2719637453347057	0.2178587122966122
7.386000000000801	0.272178752098837	0.2121540012763962
7.387000000000802	0.2723880555888873	0.206452185792117
7.388000000000802	0.27259200751103	0.2014508857823654
7.389000000000802	0.2727911862258163	0.1969057892060028
7.390000000000803	0.2729860469994249	0.1928150198260773
7.391000000000803	0.2731770160689371	0.1891223957953255
7.392000000000803	0.2733644731084822	0.1857909732331763
7.393000000000804	0.2735487609926311	0.1827840970436508
7.394000000000804	0.2737301881985654	0.1800696276744558
7.395000000000804	0.2739090325639887	0.1776184258384475
7.396000000000805	0.2740855442703308	0.1754043183797682
7.397000000000805	0.2742599486273495	0.1734037352049311
7.398000000000805	0.2744324485543533	0.1715954655938581
7.399000000000806	0.2746032268195369	0.1699604181149622
7.400000000000806	0.2747724480538297	0.1684814097389949
7.401000000000806	0.2749402605637551	0.1671429747440982
7.402000000000807	0.2751067979629095	0.165931193054595
7.403000000000807	0.2752721806403237	0.1648335356648036
7.404000000000807	0.275436517081986	0.1638387255406959
7.405000000000808	0.2755999050602195	0.1629366124262932
7.406000000000808	0.2757624327041254	0.1621180601706571
7.407000000000808	0.2759241794629871	0.1613748453218373
7.408000000000809	0.276085216973338	0.1606995658614764
7.409000000000809	0.2762456098393272	0.1600855590659101
7.410000000000809	0.2764054163350528	0.1595268275811376
7.41100000000081	0.2765646890366668	0.1590179728902721
7.41200000000081	0.2767234753912736	0.1585541354342241
7.41300000000081	0.2768818182289426	0.1581309407202963
7.414000000000811	0.2770397562235251	0.1577444508198981
7.415000000000811	0.2771973243073925	0.1573911207164702
7.416000000000811	0.2773590289259438	0.166017504564012
7.417000000000812	0.27752781685812	0.1715577211960874
7.418000000000812	0.2777021519850035	0.1771118730234082
7.419000000000812	0.2778816986560443	0.1819807898287118
7.420000000000813	0.2780658930930269	0.1864073873604568
7.421000000000813	0.2782542932851093	0.1903922841565358
7.422000000000813	0.2784464850552156	0.1939905291057028
7.423000000000814	0.2786420997123978	0.197238045402548
7.424000000000814	0.2788408043951037	0.2001705685082418
7.425000000000814	0.2790422997650097	0.202819409292092
7.426000000000815	0.2792463163355167	0.2052129602205591
7.427000000000815	0.2794526115663185	0.2073767213104657
7.428000000000815	0.2796609671487996	0.2093336558352464
7.429000000000816	0.279871186587819	0.211104427387451
7.430000000000816	0.2800830930190856	0.2127076339997941
7.431000000000816	0.2802965272463537	0.2141600136637803
7.432000000000817	0.2805113459745108	0.2154766305938364
7.433000000000817	0.280727420219454	0.2166710425407521
7.434000000000817	0.2809446338769556	0.2177554514548394
7.435000000000818	0.281162882434648	0.2187408390625224
7.436000000000818	0.2813820718128098	0.2196370888903378
7.437000000000818	0.2816021173210744	0.2204530960852746
7.438000000000819	0.2818229427194676	0.2211968662534009
7.439000000000819	0.2820444793733424	0.2218756044145531
7.440000000000819	0.2822666654928213	0.2224957950615792
7.44100000000082	0.2824894454482945	0.2230632742136553
7.44200000000082	0.2827127691543688	0.2235832942642749
7.44300000000082	0.2829365915154231	0.2240605823444395
7.444000000000821	0.2831563970453553	0.2155496472477735
7.445000000000821	0.2833692309337657	0.2101173256852388
7.446000000000821	0.2835766221754187	0.2046643743380968
7.447000000000822	0.2837789001124094	0.1998907357184685
7.448000000000822	0.2839766229477381	0.1955541882605
7.449000000000822	0.2841702277760681	0.1916547373139608
7.450000000000823	0.2843601244505554	0.1881378946178666
7.451000000000823	0.2845466778703928	0.1849682406769467
7.452000000000823	0.2847302175834625	0.1821104924990282
7.453000000000824	0.2849110400438368	0.179533745581678
7.454000000000824	0.2850894122394879	0.1772099723384614
7.455000000000824	0.2852655745583091	0.1751140002993973
7.456000000000825	0.2854397434672533	0.1732231601429324
7.457000000000825	0.2856121138986356	0.1715170519977807
7.458000000000825	0.2857828614040422	0.1699773143497312
7.459000000000826	0.2859521440912937	0.1685874212480483
7.460000000000826	0.2861201043681059	0.1673324984938244
7.461000000000826	0.2862868705112921	0.1661991585337415
7.462000000000827	0.2864525580790726	0.1651753517833623
7.463000000000827	0.2866172711821517	0.1642502328383184
7.464000000000827	0.2867811036276922	0.1634140400592839
7.465000000000828	0.2869441399488966	0.1626579871996894
7.466000000000828	0.2871064563316336	0.1619741658703197
7.467000000000828	0.2872681214484063	0.1613554577575065
7.468000000000829	0.2874291972089274	0.1607954556194584
7.469000000000829	0.2875897394356404	0.1602883921829395
7.470000000000829	0.2877497984716931	0.1598290761502583
7.47100000000083	0.2879094197281172	0.1594128346055372
7.47200000000083	0.2880686441762938	0.1590354611803357
7.47300000000083	0.2882275087911762	0.158693169402692
7.474000000000831	0.2883860469501944	0.1583825507112433
7.475000000000831	0.2885442887922723	0.1581005366679153
7.476000000000831	0.288702261540948	0.1578443649493266
7.477000000000832	0.2888599897951842	0.157611548739036
7.478000000000832	0.289017495791103	0.1573998491805481
7.479000000000832	0.2891747996375499	0.1572072505850038
7.480000000000833	0.2893319195281048	0.1570319381180848
7.481000000000833	0.2894888719318968	0.1568722777182138
7.482000000000833	0.2896456717653398	0.1567267980229189
7.483000000000834	0.289802332546699	0.1565941741025467
7.484000000000834	0.2899588665352043	0.1564732128205903
7.485000000000834	0.2901152848562555	0.1563628396579694
7.486000000000835	0.2902715976141111	0.1562620868548687
7.487000000000835	0.2904278139933115	0.1561700827383783
7.488000000000835	0.2905839423499636	0.1560860421173558
7.489000000000836	0.2907399902939001	0.1560092576377893
7.490000000000836	0.2908959647626271	0.1559390920026093
7.491000000000836	0.2910518720878796	0.1558749709695071
7.492000000000837	0.2912077180555261	0.1558163770489567
7.493000000000837	0.2913635079594846	0.1557628438324223
7.494000000000837	0.2915192466502524	0.1557139508877306
7.495000000000838	0.2916749385785845	0.155669319164894
7.496000000000838	0.2918305878348094	0.1556286068613369
7.497000000000838	0.2919861981842151	0.1555915057005876
7.498000000000839	0.2921462479801759	0.1645074832747338
7.499000000000839	0.292313658677778	0.1703132812840757
7.500000000000839	0.2924868713261283	0.1761113629482831
7.50100000000084	0.2926655296855734	0.1812046829960348
7.50200000000084	0.2928490514076081	0.1858380698467642
7.50300000000084	0.2930369777282502	0.1900138636603853
7.504000000000841	0.2932288793529356	0.1937886630029377
7.505000000000841	0.2934243739455324	0.1971997859951483
7.506000000000841	0.2936231163245945	0.2002842237474525
7.507000000000842	0.2938247960248806	0.2030744174283858
7.508000000000842	0.294029133506767	0.2055997769877543
7.509000000000842	0.2942314022623601	0.1989369726777906
7.510000000000843	0.2944284575194226	0.1951727995997298
7.511000000000843	0.2946216572697989	0.191225973863228
7.512000000000843	0.294811176914679	0.1878126025019809
7.513000000000844	0.294997436072478	0.1847050120144537
7.514000000000844	0.2951807470740892	0.1819163012619874
7.515000000000844	0.2953614074478519	0.1794037663316382
7.516000000000845	0.2955396809633959	0.177142593844209
7.517000000000845	0.2957158061149686	0.1751070465097858
7.518000000000845	0.2958899973715407	0.1732748111558304
7.519000000000846	0.2960624478978604	0.1716255925895079
7.520000000000846	0.296233331604483	0.1701411776909472
7.521000000000846	0.2964028050925156	0.1688051607486856
7.522000000000847	0.2965710093789661	0.1676027793346698
7.523000000000847	0.2967380714557911	0.1665207458269206
7.524000000000847	0.2969041056914845	0.1655471009702213
7.525000000000848	0.2970692150929009	0.1646710807833402
7.526000000000848	0.2972334924408015	0.1638829970997876
7.527000000000848	0.2973970213118741	0.16317412997341
7.528000000000849	0.2975598769985473	0.1625366308636612
7.529000000000849	0.2977221273368288	0.1619634354972571
7.530000000000849	0.2978838334513625	0.1614481854449084
7.53100000000085	0.2980450504259828	0.1609851575400423
7.53200000000085	0.2982058279072172	0.1605692003557114
7.53300000000085	0.2983662106474414	0.1601956770337719
7.534000000000851	0.2985262389937222	0.1598604138311315
7.535000000000851	0.2986859493277792	0.1595596538113538
7.536000000000851	0.2988453744619533	0.1592900151670851
7.537000000000852	0.2990045439955816	0.1590484537102225
7.538000000000852	0.2991634846357381	0.1588322291130501
7.539000000000852	0.2993222204859025	0.1586388745252457
7.540000000000853	0.2994807733057663	0.1584661692291721
7.541000000000853	0.2996391627450607	0.1583121140296251
7.542000000000853	0.2997974065540047	0.1581749091045924
7.543000000000854	0.2999555207727111	0.1580529340709231
7.544000000000854	0.3001135199016563	0.1579447300434158
7.545000000000854	0.3002714170551039	0.1578489834879864
7.546000000000855	0.3004292240991907	0.1577645116895036
7.547000000000855	0.3005869517762063	0.1576902496728303
7.548000000000855	0.3007446098164477	0.1576252384317462
7.549000000000856	0.3009022070388914	0.1575686143349672
7.550000000000856	0.3010597514418014	0.1575195995915492
7.551000000000856	0.3012172502842786	0.1574774936697397
7.552000000000857	0.3013747101596594	0.1574416655739324
7.553000000000857	0.3015321370615759	0.1574115468939136
7.554000000000857	0.3016895364434139	0.1573866255491726
7.555000000000858	0.3018469132718274	0.1573664401587689
7.556000000000858	0.3020042720749052	0.1573505749742009
7.557000000000858	0.3021616169855224	0.1573386553189763
7.558000000000859	0.3023189517803612	0.1573303434842131
7.559000000000859	0.3024762799150308	0.1573253350346702
7.560000000000859	0.3026336045556793	0.1573233554841623
7.56100000000086	0.3027909286074466	0.1573241573034223
7.56200000000086	0.3029482547400748	0.1573275172271663
7.56300000000086	0.3031055854109605	0.1573332338304404
7.564000000000861	0.3032629228859045	0.1573411253473221
7.565000000000861	0.3034202692577893	0.1573510277077394
7.566000000000861	0.3035776264633915	0.1573627927705982
7.567000000000862	0.3037349962985159	0.1573762867335843
7.568000000000862	0.3038923804316181	0.1573913887019755
7.569000000000862	0.3040497804160691	0.1574079894005603
7.570000000000863	0.304207197701194	0.1574259900143548
7.571000000000863	0.3043646336422118	0.1574453011452361
7.572000000000863	0.3045220895091816	0.1574658418729015
7.573000000000864	0.3046795664950586	0.1574875389097219
7.574000000000864	0.3048370657229463	0.1575103258400976
7.575000000000864	0.3049945882526262	0.1575341424358686
7.576000000000865	0.3051476602051288	0.1486091882138061
7.577000000000865	0.3052933642827134	0.1427984202712776
7.578000000000865	0.3054332633068957	0.1369991032136579
7.579000000000866	0.3055677171288562	0.1319080362788228
7.580000000000866	0.305697311474357	0.1272801685459702
7.581000000000866	0.3058225082727303	0.1231129585400939
7.582000000000867	0.3059437397921112	0.1193496254541258
7.583000000000867	0.3060613911685484	0.1159526860993794
7.584000000000867	0.306175810226068	0.1128849997594273
7.585000000000868	0.3062873099298462	0.110113989581602
7.586000000000868	0.306396172190025	0.1076101224676197
7.587000000000868	0.3065026508862321	0.1053468705919609
7.588000000000869	0.3066069746893679	0.1033003444199761
7.589000000000869	0.3067093495762955	0.1014490454972409
7.590000000000869	0.3068099610992979	0.09977362319512507
7.59100000000087	0.3069089764270389	0.09825666097207669
7.59200000000087	0.3070065461818218	0.0968824827113673
7.59300000000087	0.3071028060930319	0.09563697874930517
7.594000000000871	0.3071978784852641	0.09450744921952943
7.595000000000871	0.3072918736176382	0.09348246308309915
7.596000000000871	0.3073848908891893	0.09255173125047478
7.597000000000872	0.3074770199237248	0.09170599239253525
7.598000000000872	0.3075683415462016	0.09093691017014673
7.599000000000872	0.3076589286614706	0.09023698074082477
7.600000000000873	0.3077488470451535	0.08959944951468314
7.601000000000873	0.3078381560554362	0.08901823623476636
7.602000000000873	0.3079269092736898	0.08848786754932245
7.603000000000874	0.3080151550810337	0.08800341632682421
7.604000000000874	0.308107412058565	0.09651019289740177
7.605000000000874	0.308206637939783	0.1019411975876176
7.606000000000875	0.308311306497708	0.107395525922024
7.607000000000875	0.3084210910170383	0.1121731012354325
7.608000000000875	0.3085354357935614	0.1165160232297988
7.609000000000876	0.3086539061150689	0.1204241757578303
7.610000000000876	0.3087760944050453	0.1239519462500339
7.611000000000876	0.3089016379445951	0.1271346623482827
7.612000000000877	0.3090302092783225	0.1300075232773791
7.613000000000877	0.3091615139645154	0.1326013570562978
7.614000000000877	0.3092952869543588	0.1349441213499075
7.615000000000878	0.3094312897321502	0.1370609246185951
7.616000000000878	0.3095693076417813	0.138974377501274
7.617000000000878	0.3097091475054984	0.1407048259869541
7.618000000000879	0.3098506354745574	0.1422705820339387
7.619000000000879	0.3099936150963734	0.1436881259367692
7.620000000000879	0.3101379455745673	0.1449722897538343
7.62100000000088	0.3102835002031071	0.1461364220679278
7.62200000000088	0.3104301649570124	0.1471925363518049
7.62300000000088	0.3105778372239961	0.1481514444769191
7.624000000000881	0.3107264246629428	0.1490228768763463
7.625000000000881	0.3108758441765411	0.1498155906901477
7.626000000000881	0.3110260209866541	0.1505374670965101
7.627000000000882	0.3111768878021552	0.1511955989096887
7.628000000000882	0.311328384069982	0.1517963694181728
7.629000000000882	0.3114804553010862	0.1523455233390255
7.630000000000883	0.3116330524637904	0.1528482306767861
7.631000000000883	0.3117861314378112	0.1533091441964784
7.632000000000883	0.3119396525228818	0.1537324511493126
7.633000000000884	0.3120935799965135	0.1541219198258119
7.634000000000884	0.3122478817159837	0.1544809414536219
7.635000000000884	0.3124025287601256	0.1548125679055322
7.636000000000885	0.3125574951069423	0.1551195456366906
7.637000000000885	0.3127127573434595	0.1554043462280901
7.638000000000885	0.3128682944045959	0.1556691938756998
7.639000000000886	0.3130240873381478	0.1559160901306771
7.640000000000886	0.3131801190932768	0.1561468361655515
7.641000000000886	0.3133363743301507	0.1563630528137834
7.642000000000887	0.3134928392486221	0.1565661986053595
7.643000000000887	0.3136495014340402	0.1567575859988222
7.644000000000887	0.313806349718484	0.1569383959900878
7.645000000000888	0.313963374055873	0.1571096912603766
7.646000000000888	0.314120565409569	0.1572724280093417
7.647000000000888	0.3142779156512195	0.1574274666048776
7.648000000000889	0.3144354174697178	0.1575755811679402
7.649000000000889	0.3145930642892691	0.1577174681988771
7.650000000000889	0.3147508501956521	0.1578537543411176
7.65100000000089	0.3149087698698549	0.1579850033684849
7.65200000000089	0.3150668185283501	0.15811172247377
7.65300000000089	0.3152249918693431	0.1582343679284402
7.654000000000891	0.3153832860243981	0.1583533501763686
7.655000000000891	0.3155416975149021	0.1584690384181828
7.656000000000891	0.3157002232128847	0.158581764737171
7.657000000000892	0.3158588603057574	0.1586918278125893
7.658000000000892	0.3160176062645805	0.15879949626163
7.659000000000892	0.3161719839341668	0.1499552657021904
7.660000000000893	0.3163190730217511	0.1442223595362348
7.661000000000893	0.316460433606911	0.1384982822959704
7.662000000000893	0.3165964230269577	0.1334800494133892
7.663000000000894	0.3167276246992961	0.1289228047992683
7.664000000000894	0.31685449843012	0.1248241825834176
7.665000000000894	0.3169774745313791	0.1211275602583554
7.666000000000895	0.3170969363334493	0.117795597359298
7.667000000000895	0.3172132299903982	0.1147912818745853
7.668000000000895	0.3173266669198398	0.1120821530380857
7.669000000000896	0.3174375275947624	0.1096387824806312
7.670000000000896	0.317546064557258	0.1074347368831287
7.671000000000896	0.317652505230597	0.1054462120159252
7.672000000000897	0.317757054425177	0.103651786447297
7.673000000000897	0.3178598966001111	0.1020321791162401
7.674000000000897	0.3179611978971053	0.1005700363382565
7.675000000000898	0.3180611079713425	0.09924973881315202
7.676000000000898	0.3181597616391853	0.09805722825629887
7.677000000000898	0.3182572803611382	0.0969798512856761
7.678000000000899	0.3183537735765115	0.09600621894043242
7.679000000000899	0.3184493399046261	0.09512608024249593
7.680000000000899	0.3185440682259011	0.09433020840325888
7.6810000000009	0.3186380386548383	0.09361029840924941
7.6820000000009	0.3187313234157123	0.09295887484928858
7.6830000000009	0.3188239876306967	0.09236920895888698
7.684000000000901	0.3189160900291819	0.09183524396018239
7.685000000000901	0.319007683586166	0.09135152786785958
7.686000000000901	0.3190988160968111	0.09091315301445617
7.687000000000902	0.3191895306935482	0.09051570162311647
7.688000000000902	0.3192798663114768	0.09015519682304909
7.689000000000902	0.3193698581072283	0.08982805856341866
7.690000000000903	0.3194595378359485	0.08953106393582846
7.691000000000903	0.3195489341905852	0.08926131146453561
7.692000000000903	0.3196380731072521	0.08901618896762564
7.693000000000904	0.3197269780400609	0.08879334463205109
7.694000000000904	0.3198156702084744	0.08859066098114778
7.695000000000904	0.3199041688199282	0.08840623144538147
7.696000000000905	0.3199924912701957	0.08823833927600193
7.697000000000905	0.3200806533237199	0.08808543856731395
7.698000000000905	0.3201686692759169	0.08794613717670378
7.699000000000906	0.3202565520992532	0.08781918135264569
7.700000000000906	0.3203443135747198	0.08770344189989054
7.701000000000906	0.3204319644101628	0.08759790172811877
7.702000000000907	0.3205195143467856	0.08750164464571085
7.703000000000907	0.3206069722550049	0.08741384527412423
7.704000000000907	0.3206943462207253	0.08733375997081569
7.705000000000908	0.3207816436229909	0.08726071865985506
7.706000000000908	0.3208688712038757	0.08719411747946096
7.707000000000908	0.3209560351313895	0.08713341216476662
7.708000000000909	0.3210431410560968	0.08707811209229284
7.709000000000909	0.3211301941620783	0.08702777491995732
7.710000000000909	0.3212171992128009	0.08698200176306702
7.71100000000091	0.3213041605924036	0.08694043285269502
7.71200000000091	0.3213910823428603	0.0869027436282038
7.71300000000091	0.3214779681974291	0.08686864122050011
7.714000000000911	0.3215648216107621	0.0868378612869485
7.715000000000911	0.321651645786007	0.08681016516277752
7.716000000000911	0.3217384436992034	0.08678533729732965
7.717000000000912	0.3218252181212432	0.08676318294667033
7.718000000000912	0.3219119716376391	0.08674352609692042
7.719000000000912	0.3219987066663201	0.08672620759523976
7.720000000000913	0.3220854254736516	0.08671108346769674
7.721000000000913	0.3221721301888572	0.08669802340533532
7.722000000000913	0.3222588228170024	0.08668690940161988
7.723000000000914	0.3223455052506844	0.08667763452612001
7.724000000000914	0.3224321792805556	0.08667010182081145
7.725000000000914	0.3225188466047998	0.08666422330673149
7.726000000000915	0.3226055088376645	0.08665991908995348
7.727000000000915	0.322692167517143	0.0866571165569486
7.728000000000915	0.3227788241118932	0.08665574965039613
7.729000000000916	0.3228654800274676	0.08665575821739745
7.730000000000916	0.3229521366119248	0.08665708742285348
7.731000000000916	0.3230387951608831	0.08665968722148921
7.732000000000917	0.3231254569220725	0.08666351188266061
7.733000000000917	0.3232121230994361	0.08666851956266579
7.734000000000917	0.3232987948568239	0.08667467191981004
7.735000000000918	0.3233854733213223	0.08668193376794929
7.736000000000918	0.3234721595862529	0.08669027276466429
7.737000000000918	0.3235588547138766	0.08669965913060244
7.738000000000919	0.3236455597378302	0.08671006539687055
7.739000000000919	0.323732275665323	0.08672146617767344
7.740000000000919	0.3238190034791176	0.0867338379656739
7.74100000000092	0.3239057441393166	0.08674715894780179
7.74200000000092	0.3239924985849734	0.08676140883946763
7.74300000000092	0.3240792677355467	0.08677656873533998
7.744000000000921	0.3241660524922121	0.0867926209750305
7.745000000000921	0.3242528537390471	0.08680954902219581
7.746000000000921	0.3243396723440999	0.08682733735571464
7.747000000000922	0.3244265091603569	0.08684597137173261
7.748000000000922	0.3245133650266144	0.08686543729548814
7.749000000000922	0.3246002407682694	0.08688572210194113
7.750000000000923	0.3246871371980327	0.08690681344432447
7.751000000000923	0.3247740551165751	0.08692869958982585
7.752000000000923	0.3248609953131131	0.08695136936168717
7.753000000000924	0.3249479585659379	0.08697481208707949
7.754000000000924	0.3250349456428967	0.0869990175501764
7.755000000000924	0.3251219573018279	0.08702397594990553
7.756000000000925	0.3252089942909575	0.08704967786191094
7.757000000000925	0.325296057349258	0.0870761142043049
7.758000000000925	0.3253831472067762	0.08710327620683045
7.759000000000926	0.3254702645849304	0.08713115538309348
7.760000000000926	0.3255574101967817	0.08715974350555764
7.761000000000926	0.3256445847472821	0.08718903258302564
7.762000000000927	0.3257317889335004	0.08721901484035847
7.763000000000927	0.325819023444829	0.08724968270020865
7.764000000000927	0.3259062889631737	0.08728102876656628
7.765000000000928	0.3259935861631275	0.08731304580993664
7.766000000000928	0.3260809157121305	0.08734572675398604
7.767000000000928	0.326168278270617	0.08737906466350942
7.768000000000929	0.3262556744921511	0.08741305273358728
7.769000000000929	0.3263431050235526	0.08744768427981323
7.770000000000929	0.3264305705050122	0.08748295272948509
7.77100000000093	0.3265180715702003	0.0875188516136632
7.77200000000093	0.3266056088463662	0.08755537456000921
7.77300000000093	0.3266931829544323	0.08759251528632749
7.774000000000931	0.3267807945090807	0.08763026759473873
7.775000000000931	0.3268684441188351	0.08766862536642279
7.776000000000932	0.3269561323861378	0.08770758255687366
7.777000000000932	0.3270438599074213	0.08774713319161553
7.778000000000932	0.3271316272731769	0.08778727136233384
7.779000000000933	0.3272149601866501	0.07887824515527234
7.780000000000933	0.327290940977946	0.07308305440342462
7.781000000000933	0.3273611321369284	0.06729900210127551
7.782000000000934	0.3274258932195834	0.06222292198129025
7.783000000000934	0.3274858096892168	0.05760979410812819
7.784000000000934	0.3275413432421123	0.05345710483536923
7.785000000000935	0.3275929259397658	0.04970809834334212
7.786000000000935	0.3276409427352962	0.04632531387403899
7.787000000000935	0.3276857412910807	0.04327163084094211
7.788000000000936	0.3277276344297419	0.04051449045091217
7.789000000000936	0.3277669039359968	0.03802437580216487
7.790000000000936	0.3278038035794069	0.03577477358927957
7.791000000000937	0.3278385619345722	0.0337418072892786
7.792000000000937	0.3278713848943892	0.03190399010216549
7.793000000000937	0.3279024579382186	0.03024198183256567
7.794000000000938	0.3279319481716857	0.02873837527348128
7.795000000000938	0.3279600061628962	0.02737750265426461
7.796000000000938	0.3279867675949391	0.02614526176804154
7.797000000000939	0.3280123547531706	0.02502895940529867
7.798000000000939	0.3280368778637685	0.02401717046433932
7.799000000000939	0.32806043629844	0.02309961114559799
7.80000000000094	0.3280831196586633	0.02226702482775949
7.80100000000094	0.3281050087515126	0.02151107935592124
7.80200000000094	0.328126176467905	0.02082427460099119
7.803000000000941	0.32814668857303	0.02019985926309971
7.804000000000941	0.3281666044177414	0.01963175599464978
7.805000000000941	0.328185977578816	0.01911449401103588
7.806000000000942	0.3282048564351929	0.01864314844026701
7.807000000000942	0.3282232846865938	0.0182132857376034
7.808000000000942	0.3282413018202883	0.01782091455870598
7.809000000000943	0.3282589435311875	0.01746244154544779
7.810000000000943	0.3282762420999347	0.01713463153312128
7.811000000000943	0.3282932267331931	0.01683457173690224
7.812000000000944	0.3283099238699092	0.01655963951964484
7.813000000000944	0.3283263574569574	0.01630747338287496
7.814000000000944	0.3283425491972247	0.01607594685866199
7.815000000000945	0.3283585187728929	0.0158631450122815
7.816000000000945	0.3283742840463985	0.01566734329458986
7.817000000000945	0.3283898612413023	0.01548698850913957
7.818000000000946	0.3284052651050771	0.01532068168256148
7.819000000000946	0.3284205090556235	0.01516716264788725
7.820000000000946	0.3284356053131382	0.01502529616951814
7.821000000000947	0.3284505650188024	0.01489405945567546
7.822000000000947	0.3284653983416063	0.01477253091958481
7.823000000000947	0.3284801145744964	0.01465988006452063
7.824000000000948	0.3284947222209146	0.0145553583803251
7.825000000000948	0.3285092290726879	0.01445829115025412
7.826000000000948	0.3285236422801351	0.01436807007711766
7.827000000000949	0.3285379684151683	0.01428414664678514
7.828000000000949	0.3285522135280897	0.0142060261553193
7.829000000000949	0.3285663831987137	0.0141332623333759
7.83000000000095	0.3285804825823833	0.01406545250814266
7.83100000000095	0.3285945164513885	0.01400223324906352
7.83200000000095	0.3286084892322503	0.01394327644896987
7.833000000000951	0.32862240503928	0.01388828579707798
7.834000000000951	0.3286362677047884	0.01383699360466613
7.835000000000951	0.32865008080628	0.01378915794816346
7.836000000000952	0.328663847690932	0.01374456009790958
7.837000000000952	0.3286775714976317	0.01370300220401768
7.838000000000952	0.3286912551768144	0.01366430521363098
7.839000000000953	0.3287049015083237	0.0136283069964333
7.840000000000953	0.3287185131174901	0.0135948606575882
7.841000000000953	0.3287320924896079	0.01356383301936405
7.842000000000954	0.3287456419829685	0.01353510325457639
7.843000000000954	0.3287591638405962	0.01350856165666597
7.844000000000954	0.3287726602008153	0.01348410853274889
7.845000000000955	0.328786133106766	0.01346165320734168
7.846000000000955	0.3287995845149731	0.01344111312569399
7.847000000000955	0.3288130163030633	0.01342241304676794
7.848000000000956	0.3288264302767157	0.01340548431689985
7.849000000000956	0.3288398281759228	0.01339026421607577
7.850000000000956	0.3288532116806293	0.01337669536955985
7.851000000000957	0.328866582415813	0.01336472521834007
7.852000000000957	0.3288799419560623	0.01335430554250967
7.853000000000957	0.3288932918297005	0.01334539203229094
7.854000000000958	0.3289066335225029	0.01333794390193692
7.855000000000958	0.3289199684810478	0.01333192354222348
7.856000000000958	0.3289332981157354	0.01332729620767266
7.857000000000959	0.328946623803512	0.0133240297350343
7.858000000000959	0.3289599468903248	0.01332209428990005
7.859000000000959	0.3289732686933369	0.01332146213863671
7.86000000000096	0.3289865905029254	0.0133221074431069
7.86100000000096	0.3289999135844849	0.01332400607589848
7.86200000000096	0.3290132391800544	0.01332713545401176
7.863000000000961	0.3290265685097873	0.01333147438915892
7.864000000000961	0.3290399027732789	0.01333700295301441
7.865000000000961	0.3290532431507651	0.01334370235592117
7.866000000000962	0.329066590804207	0.01335155483770732
7.867000000000962	0.3290799468782713	0.01336054356940227
7.868000000000962	0.3290933125012168	0.01337065256476218
7.869000000000963	0.3291066887856975	0.01338186660062421
7.870000000000963	0.3291200768294903	0.01339417114520641
7.871000000000963	0.3291334777161533	0.01340755229355896
7.872000000000964	0.3291468925156242	0.01342199670945153
7.873000000000964	0.3291603222847627	0.01343749157305331
7.874000000000964	0.329173768067843	0.01345402453382638
7.875000000000965	0.3291872308970024	0.01347158366811126
7.876000000000965	0.3292007117926489	0.01349015744093539
7.877000000000965	0.3292142117638326	0.01350973467162223
7.878000000000966	0.3292277318085844	0.01353030450282116
7.879000000000966	0.3292412729142259	0.01355185637261601
7.880000000000966	0.3292548360576515	0.01357437998940438
7.881000000000967	0.3292684222055882	0.01359786530927082
7.882000000000967	0.3292820323148324	0.01362230251560453
7.883000000000967	0.3292956673324687	0.01364768200073702
7.884000000000968	0.3293093281960698	0.01367399434939802
7.885000000000968	0.3293230158338821	0.01370123032380768
7.886000000000968	0.3293367311649963	0.01372938085024156
7.887000000000969	0.3293504750995052	0.01375843700692114
7.888000000000969	0.3293642485386503	0.01378839001309746
7.889000000000969	0.329378052374958	0.0138192312192084
7.89000000000097	0.3293918874923662	0.01385095209800256
7.89100000000097	0.3294057547663428	0.01388354423653289
7.89200000000097	0.3294196550639962	0.01391699932893332
7.893000000000971	0.3294335892441793	0.01395130916990004
7.894000000000971	0.3294475581575868	0.01398646564880704
7.895000000000971	0.3294615626468476	0.01402246074439254
7.896000000000972	0.3294756035466117	0.01405928651995924
7.897000000000972	0.3294896816836322	0.01409693511903717
7.898000000000972	0.3295037978768442	0.01413539876146272
7.899000000000973	0.3295179529374388	0.01417466973983249
7.900000000000973	0.3295321476689345	0.01421474041629444
7.901000000000973	0.3295463828672454	0.0142556032196426
7.902000000000974	0.329560659320746	0.01429725064268519
7.903000000000974	0.3295749778103349	0.01433967523985864
7.904000000000974	0.3295893391094945	0.01438286962506322
7.905000000000975	0.32960374398435	0.01442682646969795
7.906000000000975	0.3296181931937258	0.01447153850087505
7.907000000000975	0.3296326874892004	0.01451699849979595
7.908000000000976	0.3296472276151599	0.01456319930027278
7.909000000000976	0.3296618143088496	0.01461013378738091
7.910000000000976	0.3296764483004253	0.01465779489622929
7.911000000000977	0.3296911303130018	0.01470617561083709
7.912000000000977	0.3297058610627024	0.01475526896310593
7.913000000000977	0.3297206412587054	0.01480506803187819
7.914000000000978	0.3297354716032911	0.01485556594207288
7.915000000000978	0.3297503527918872	0.01490675586389136
7.916000000000978	0.3297652855131142	0.01495863101208595
7.917000000000979	0.3297802704488288	0.01501118464528521
7.918000000000979	0.3297953082741684	0.01506441006537027
7.919000000000979	0.3298103996575932	0.0151183006168971
7.92000000000098	0.3298255452609294	0.01517284968656035
7.92100000000098	0.3298407457394105	0.01522805070269434
7.92200000000098	0.3298560017417189	0.01528389713480792
7.923000000000981	0.3298713139100269	0.0153403824931495
7.924000000000981	0.3298866828800373	0.01539750032829953
7.925000000000981	0.3299021092810231	0.01545524423078764
7.926000000000982	0.329917593735868	0.015513607830732
7.927000000000982	0.3299331368611054	0.01557258479749879
7.928000000000982	0.3299487392669572	0.01563216883937974
7.929000000000983	0.3299644015573731	0.01569235370328611
7.930000000000983	0.329980124330069	0.01575313317445732
7.931000000000983	0.3299959081765648	0.01581450107618303
7.932000000000984	0.3300117536822227	0.01587645126953719
7.933000000000984	0.3300276614262848	0.01593897765312306
7.934000000000984	0.3300436319819102	0.01600207416282798
7.935000000000985	0.3300596659162127	0.0160657347715872
7.936000000000985	0.3300757637902971	0.01612995348915566
7.937000000000985	0.3300919261592964	0.01619472436188715
7.938000000000986	0.3301081535724084	0.01626004147252008
7.939000000000986	0.3301244465729312	0.0163258989399693
7.940000000000986	0.3301408056983002	0.01639229091912332
7.941000000000987	0.3301572314801234	0.01645921160064656
7.942000000000987	0.3301737244442173	0.01652665521078609
7.943000000000987	0.3301902851106422	0.01659461601118247
7.944000000000988	0.3302069139937379	0.01666308829868437
7.945000000000988	0.3302236116021582	0.0167320664051666
7.946000000000988	0.3302403784389065	0.01680154469735124
7.947000000000989	0.3302572150013701	0.0168715175766317
7.948000000000989	0.330274121781355	0.01694197947889935
7.949000000000989	0.33029109926512	0.01701292487437254
7.95000000000099	0.3303081479334116	0.01708434826742793
7.95100000000099	0.3303252682614974	0.01715624419643378
7.95200000000099	0.3303424607192003	0.01722860723358513
7.953000000000991	0.3303597257709321	0.01730143198474079
7.954000000000991	0.3303770638757276	0.01737471308926187
7.955000000000991	0.3303944754872771	0.01744844521985186
7.956000000000992	0.3304119610539607	0.01752262308239812
7.957000000000992	0.3304295210188805	0.0175972414158146
7.958000000000992	0.330447155819894	0.0176722949918859
7.959000000000993	0.330464865889647	0.01774777861511241
7.960000000000993	0.330482651655606	0.01782368712255651
7.961000000000993	0.3305005135400907	0.01790001538368984
7.962000000000994	0.3305184519603065	0.01797675830024153
7.963000000000994	0.3305364673283763	0.01805391080604729
7.964000000000994	0.3305545600513732	0.01813146786689948
7.965000000000995	0.3305727305313518	0.01820942448039789
7.966000000000995	0.3305909791653799	0.01828777567580138
7.967000000000995	0.3306093063455707	0.01836651651388026
7.968000000000996	0.3306277124591137	0.01844564208676944
7.969000000000996	0.3306461978883059	0.01852514751782224
7.970000000000996	0.3306647630105835	0.01860502796146488
7.971000000000997	0.3306834081985525	0.01868527860305168
7.972000000000997	0.3307021338200195	0.01876589465872083
7.973000000000997	0.3307209402380226	0.01884687137525086
7.974000000000998	0.3307398278108621	0.01892820402991763
7.975000000000998	0.3307587968921306	0.019009887930352
7.976000000000998	0.3307778478307434	0.019091918414398
7.977000000000999	0.3307969809709687	0.01917429084997164
7.978000000000999	0.3308161966524575	0.01925700063492018
7.979000000000999	0.3308354952102737	0.01934004319688206
7.980000000001	0.3308548769749236	0.01942341399314729
7.981000000001	0.3308743422723855	0.0195071085105184
7.982000000001	0.3308938914241391	0.01959112226517185
7.983000000001001	0.3309135247471951	0.0196754508025201
7.984000000001001	0.3309332425541239	0.01976008969707403
7.985000000001001	0.3309530451530851	0.01984503455230594
7.986000000001002	0.3309729328478561	0.01993028100051307
7.987000000001002	0.3309929059378608	0.02001582470268155
7.988000000001002	0.3310129647181986	0.02010166134835088
7.989000000001003	0.3310331094796725	0.02018778665547893
7.990000000001003	0.3310533405088175	0.02027419637030732
7.991000000001003	0.3310736580879292	0.02036088626722738
7.992000000001004	0.3310940624950913	0.02044785214864656
7.993000000001004	0.3311145540042039	0.02053508984485527
7.994000000001004	0.3311351328850115	0.02062259521389423
7.995000000001005	0.33115579940313	0.0207103641414223
7.996000000001005	0.3311765538200751	0.02079839254058474
7.997000000001005	0.3311973963932892	0.02088667635188195
7.998000000001006	0.3312183273761686	0.02097521154303869
7.999000000001006	0.3312393470180911	0.02106399410887372
8.000000000001005	0.3312604555644428	0.02115302007116986
8.001000000001005	0.3312816532566448	0.0212422854785448
8.002000000001004	0.3313029403321804	0.02133178640632191
8.003000000001004	0.3313243170246213	0.02142151895640177
8.004000000001003	0.3313457835636544	0.02151147925713416
8.005000000001003	0.3313673401751082	0.02160166346319042
8.006000000001002	0.3313889870809787	0.02169206775543628
8.007000000001002	0.3314107244994561	0.02178268834080518
8.008000000001001	0.3314325526449503	0.021873521452172
8.009000000001	0.331454471728117	0.02196456334822721
8.010000000001	0.3314764819558835	0.02205581031335156
8.011000000000999	0.3314985835314743	0.02214725865749106
8.012000000000999	0.3315207766544363	0.02223890471603261
8.013000000000998	0.3315430615206647	0.02233074484967985
8.014000000000998	0.331565438322428	0.0224227754443296
8.015000000000997	0.3315879072483928	0.02251499291094872
8.016000000000997	0.3316104684836496	0.02260739368545134
8.017000000000996	0.3316331222097369	0.0226999742285766
8.018000000000995	0.3316558686046663	0.02279273102576677
8.019000000000995	0.3316787078429473	0.02288566058704589
8.020000000000994	0.3317016400956116	0.02297875944689873
8.021000000000994	0.3317246655302373	0.02307202416415028
8.022000000000993	0.3317477843109738	0.0231654513218456
8.023000000000993	0.3317709965985653	0.02325903752713019
8.024000000000992	0.3317943025503753	0.02335277941113069
8.025000000000992	0.3318177023204102	0.02344667362883609
8.026000000000991	0.3318411960593435	0.02354071685897932
8.02700000000099	0.331864783914539	0.02363490580391931
8.02800000000099	0.3318884660300747	0.02372923718952342
8.029000000000989	0.3319122425467661	0.02382370776505037
8.030000000000989	0.3319361136021897	0.02391831430303354
8.031000000000988	0.3319600793307061	0.02401305359916467
8.032000000000988	0.331984139863483	0.02410792247217812
8.033000000000987	0.3320082953285183	0.02420291776373536
8.034000000000987	0.332032545850663	0.02429803633831005
8.035000000000986	0.332056891551644	0.02439327508307342
8.036000000000985	0.3320813325500866	0.02448863090778018
8.037000000000985	0.332105868961537	0.02458410074465474
8.038000000000984	0.3321305008984849	0.02467968154827791
8.039000000000984	0.3321552284703856	0.02477537029547405
8.040000000000983	0.3321800517836825	0.02487116398519853
8.041000000000983	0.3322049709418286	0.02496705963842571
8.042000000000982	0.3322299860453091	0.02506305429803731
8.043000000000982	0.332255097191663	0.02515914502871113
8.044000000000981	0.3322803044755046	0.0252553289168103
8.04500000000098	0.3323056079885454	0.0253516030702728
8.04600000000098	0.3323310078196158	0.02544796461850151
8.047000000000979	0.332356504054686	0.02554441071225465
8.048000000000979	0.3323820967768877	0.02564093852353655
8.049000000000978	0.3324077860665352	0.02573754524548892
8.050000000000978	0.3324335720011463	0.02583422809228251
8.051000000000977	0.3324594546554635	0.02593098429900912
8.052000000000977	0.3324854341014749	0.02602781112157408
8.053000000000976	0.3325115104084347	0.02612470583658912
8.054000000000975	0.3325376836428842	0.02622166574126561
8.055000000000975	0.3325639538686719	0.02631868815330825
8.056000000000974	0.3325903211469744	0.02641577041080915
8.057000000000974	0.3326167855363164	0.02651290987214227
8.058000000000973	0.332643347092591	0.02661010391585833
8.059000000000973	0.3326700058690802	0.02670734994058008
8.060000000000972	0.3326967619164743	0.02680464536489794
8.061000000000972	0.3327236152828922	0.02690198762726611
8.062000000000971	0.3327505660139012	0.026999374185899
8.063000000000971	0.3327776141525364	0.02709680251866815
8.06400000000097	0.3328047597393209	0.02719427012299943
8.065000000000969	0.3328320028122847	0.02729177451577072
8.066000000000969	0.3328593434069844	0.02738931323320997
8.067000000000968	0.3328867815565225	0.0274868838307936
8.068000000000968	0.3329143172915665	0.02758448388314537
8.069000000000967	0.332941950640368	0.0276821109839356
8.070000000000967	0.3329696816287819	0.02777976274578073
8.071000000000966	0.3329975102802848	0.0278774368001434
8.072000000000966	0.3330254366159947	0.02797513079723276
8.073000000000965	0.3330534606546884	0.02807284240590529
8.074000000000964	0.3330815824128215	0.02817056931356596
8.075000000000964	0.3331098019045459	0.02826830922606974
8.076000000000963	0.3331381191417284	0.02836605986762359
8.077000000000963	0.3331665341339695	0.02846381898068869
8.078000000000962	0.3331950468886208	0.02856158432588321
8.079000000000962	0.333223657410804	0.02865935368188537
8.080000000000961	0.3332523657034281	0.02875712484533684
8.081000000000961	0.3332811717672078	0.02885489563074667
8.08200000000096	0.3333100756006812	0.02895266387039541
8.083000000000959	0.3333390772002275	0.02905042741423978
8.084000000000959	0.3333681765600848	0.02914818412981759
8.085000000000958	0.3333973736723671	0.02924593190215309
8.086000000000958	0.3334266685270825	0.02934366863366272
8.087000000000957	0.3334560611121499	0.02944139224406117
8.088000000000957	0.3334855514134166	0.02953910067026785
8.089000000000956	0.3335151394146755	0.02963679186631376
8.090000000000956	0.3335448250976819	0.02973446380324865
8.091000000000955	0.3335746084421706	0.02983211446904863
8.092000000000954	0.3336044894258728	0.02992974186852413
8.093000000000954	0.3336344680245329	0.03002734402322817
8.094000000000953	0.3336645442119252	0.0301249189713651
8.095000000000953	0.3336947179598705	0.0302224647676996
8.096000000000952	0.3337249892382525	0.03031997948346613
8.097000000000952	0.3337553580150344	0.03041746120627868
8.098000000000951	0.3337858242562751	0.03051490804004097
8.099000000000951	0.3338163879261456	0.03061231810485687
8.10000000000095	0.3338470489869449	0.03070968953694135
8.101000000000949	0.3338778073991163	0.03080702048853165
8.102000000000949	0.3339086631212634	0.0309043091277989
8.103000000000948	0.3339396161101657	0.03100155363876007
8.104000000000948	0.3339706663207948	0.03109875222119023
8.105000000000947	0.3339973388249414	0.0222461569447697
8.106000000000947	0.3340167153250709	0.01650677130266412
8.107000000000946	0.3340303576870479	0.01077790195062171
8.108000000000946	0.3340386248465287	0.005756386286975834
8.109000000000945	0.3340421016501543	0.001197208043128782
8.110000000000944	0.3340412491812111	-0.002902142761344493
8.111000000000944	0.3340364988918622	-0.00659841828272305
8.112000000000943	0.3340282351295552	-0.009929075619767063
8.113000000000943	0.334016804954653	-0.01293123170528157
8.114000000000942	0.3340025205914142	-0.01563744168545246
8.115000000000942	0.3339856632298352	-0.0180772188229537
8.116000000000941	0.3339664860483915	-0.02027707279289563
8.117000000000941	0.3339452170342231	-0.02226087649759011
8.11800000000094	0.3339220614963818	-0.02405011312675644
8.119000000000939	0.3338972043339886	-0.0256641192765356
8.120000000000939	0.3338708120760225	-0.02712029856631114
8.121000000000938	0.3338430347175247	-0.02843431519124082
8.122000000000938	0.3338140073720889	-0.02962026779527561
8.123000000000937	0.3337838517591326	-0.03069084603795923
8.124000000000937	0.3337526775424382	-0.03165747148430933
8.125000000000936	0.3337205835348474	-0.0325304244107962
8.126000000000936	0.3336876587824895	-0.03331895792947784
8.127000000000935	0.3336539835405914	-0.03403140070005703
8.128000000000934	0.3336196301517118	-0.03467524937067225
8.129000000000934	0.333584663836155	-0.03525725177464705
8.130000000000933	0.3335491434033491	-0.03578348180757715
8.131000000000933	0.3335131218920901	-0.03625940681672714
8.132000000000932	0.3334766471467659	-0.03668994825150419
8.133000000000932	0.3334397623359627	-0.03707953624890112
8.134000000000931	0.3334025064192144	-0.03743215876041166
8.135000000000931	0.3333649145670821	-0.03775140576627072
8.13600000000093	0.3333270185392296	-0.03804050906828685
8.137000000000929	0.3332888470246956	-0.03830237810340779
8.138000000000929	0.333250425948143	-0.03853963217594567
8.139000000000928	0.3332117787454875	-0.03875462946659584
8.140000000000928	0.3331729266119678	-0.03894949314057001
8.141000000000927	0.3331338887254127	-0.03912613484493208
8.142000000000927	0.3330946824471858	-0.03928627585621658
8.143000000000926	0.3330553235030399	-0.03943146611330131
8.144000000000926	0.3330158261458904	-0.03956310134700871
8.145000000000925	0.3329762033023148	-0.03968243849676319
8.146000000000925	0.3329364667044075	-0.03979060958559869
8.147000000000924	0.3328966270084521	-0.03988863420768153
8.148000000000923	0.3328566939017312	-0.03997743076709692
8.149000000000923	0.3328166761986596	-0.04005782659277277
8.150000000000922	0.3327765819273071	-0.04013056704192708
8.151000000000922	0.3327364184072746	-0.04019632369318646
8.152000000000921	0.3326961923197856	-0.04025570172040877
8.153000000000921	0.3326559097707726	-0.04030924652913929
8.15400000000092	0.3326155763476594	-0.04035744972943711
8.15500000000092	0.332575197170469	-0.04040075451143477
8.156000000000919	0.3325347769378242	-0.04043956048335762
8.157000000000918	0.332494319968353	-0.04047422802575711
8.158000000000918	0.3324538302379563	-0.04050508221033637
8.159000000000917	0.3324133114133538	-0.04053241632690899
8.160000000000917	0.3323727668822789	-0.04055649505767756
8.161000000000916	0.3323321997806573	-0.04057755733410003
8.162000000000916	0.3322916130170729	-0.04059581890808495
8.163000000000915	0.33225100929479	-0.04061147466608282
8.164000000000915	0.3322103911315772	-0.04062470071178378
8.165000000000914	0.3321697608775537	-0.04063565624056105
8.166000000000913	0.3321291207312534	-0.04064448522648548
8.167000000000913	0.3320884727540875	-0.04065131794065404
8.168000000000912	0.3320478188833639	-0.04065627231770087
8.169000000000912	0.3320071609440091	-0.04065945518567252
8.170000000000911	0.3319665006591214	-0.04066096337293105
8.171000000000911	0.3319258396594719	-0.04066088470438196
8.17200000000091	0.3318851794920603	-0.04065929889809472
8.17300000000091	0.3318445216278179	-0.04065627837227626
8.174000000000909	0.3318038674685447	-0.04065188897156238
8.175000000000908	0.3317632183531555	-0.0406461906206951
8.176000000000908	0.3317225755633065	-0.04063923791284731
8.177000000000907	0.3316819403284612	-0.04063108063913002
8.178000000000907	0.331641313830455	-0.04062176426516385
8.179000000000906	0.3316006972076056	-0.04061133036000833
8.180000000000906	0.331560091558417	-0.0405998169822132
8.181000000000905	0.3315194979449162	-0.04058725902727939
8.182000000000905	0.3314789173956595	-0.0405736885403888
8.183000000000904	0.3314383509084426	-0.04055913499787583
8.184000000000903	0.3313977994527425	-0.04054362556056656
8.185000000000903	0.3313572639719191	-0.04052718530179862
8.186000000000902	0.3313167453852001	-0.04050983741265387
8.187000000000902	0.3312762445894706	-0.04049160338668233
8.188000000000901	0.331235762460888	-0.04047250318616833
8.189000000000901	0.3311952998563382	-0.04045255539178462
8.1900000000009	0.3311548576147497	-0.04043177733729551
8.1910000000009	0.3311144365582799	-0.04041018523080419
8.192000000000899	0.3310740374933868	-0.04038779426388975
8.193000000000898	0.3310336612117954	-0.04036461870984485
8.194000000000898	0.3309933084913727	-0.04034067201210393
8.195000000000897	0.3309529800969173	-0.04031596686384298
8.196000000000897	0.3309126767808737	-0.0402905152796335
8.197000000000896	0.330872399283979	-0.04026432865994532
8.198000000000896	0.3308321483358479	-0.04023741784921329
8.199000000000895	0.3307919246555024	-0.04020979318811147
8.200000000000895	0.3307517289518522	-0.04018146456061392
8.201000000000894	0.3307115619241301	-0.0401524414363635
8.202000000000893	0.3306714242622876	-0.04012273290881785
8.203000000000893	0.3306313166473534	-0.04009234772959461
8.204000000000892	0.33059123975176	-0.04006129433939615
8.205000000000892	0.3305511942396408	-0.0400295808958557
8.206000000000891	0.3305111807671006	-0.03999721529861261
8.207000000000891	0.3304711999824622	-0.03996420521189404
8.20800000000089	0.3304312525264916	-0.0399305580848521
8.20900000000089	0.3303913390326043	-0.0398962811698811
8.210000000000889	0.3303514601270531	-0.03986138153911668
8.211000000000888	0.3303071415477239	-0.04877561220290318
8.212000000000888	0.3302554656582472	-0.0545759744535261
8.213000000000887	0.330197994980936	-0.06036516630411876
8.214000000000887	0.3301350891032754	-0.06544635492174503
8.215000000000886	0.3300673335192176	-0.07006456104527398
8.216000000000886	0.3299951899549333	-0.07422229903864581
8.217000000000885	0.3299190905011259	-0.07797632536218156
8.218000000000885	0.3298394201395163	-0.0813641013458018
8.219000000000884	0.3297565265605422	-0.08442274808648952
8.220000000000883	0.3296707226144041	-0.087184824832923
8.221000000000883	0.3295822901129659	-0.08967984889333537
8.222000000000882	0.3294914828525516	-0.09193433393572828
8.223000000000882	0.3293985294341812	-0.09397215680646545
8.224000000000881	0.329303635776865	-0.09581480459391561
8.225000000000881	0.329206987385805	-0.09748161775055274
8.22600000000088	0.3291087513922245	-0.09899000371254817
8.22700000000088	0.329009078389611	-0.1003556304547916
8.228000000000879	0.3289081040862419	-0.1015926003661466
8.229000000000879	0.32880595079249	-0.1027136068182597
8.230000000000878	0.3287027287593963	-0.1037300750572488
8.231000000000877	0.3285985373833947	-0.104652289011306
8.232000000000877	0.3284934662905689	-0.1054895054162941
8.233000000000876	0.3283875963124898	-0.1062500565291191
8.234000000000876	0.3282810003644752	-0.1069414425697044
8.235000000000875	0.3281737442360293	-0.1075704149188073
8.236000000000875	0.3280658873022442	-0.1081430509960662
8.237000000000874	0.3279574831640671	-0.1086648216502646
8.238000000000874	0.3278485802245465	-0.1091406518105864
8.239000000000873	0.3277392222074596	-0.1095749750727648
8.240000000000872	0.3276294486240832	-0.1099717828266355
8.241000000000872	0.3275192951932927	-0.1103346684709544
8.242000000000871	0.3274087942196572	-0.110666867206752
8.243000000000871	0.3272979749337309	-0.1109712918513723
8.24400000000087	0.327186863798321	-0.1112505650711277
8.24500000000087	0.3270754847841347	-0.1115070483907076
8.246000000000869	0.3269683344992351	-0.1027931222358694
8.247000000000869	0.3268683508982713	-0.09717370720458611
8.248000000000868	0.3267739899505741	-0.09154783663804435
8.249000000000867	0.3266849089146954	-0.0866139032280497
8.250000000000867	0.3266005376600353	-0.08212829173906326
8.251000000000866	0.3265204284877348	-0.07808975438041636
8.252000000000866	0.3264441621303498	-0.07444267621843148
8.253000000000865	0.3263713653441663	-0.071150624898478
8.254000000000865	0.3263017011984284	-0.06817740699346905
8.255000000000864	0.3262348667205385	-0.06549129974075446
8.256000000000864	0.3261705891807847	-0.06306354024377435
8.257000000000863	0.3261086231475204	-0.06086829537052432
8.258000000000862	0.3260487477371141	-0.05888230231387313
8.259000000000862	0.3259907641638313	-0.05708462816902597
8.260000000000861	0.325934493528501	-0.0554564327884949
8.261000000000861	0.325879774829874	-0.05398076054193649
8.26200000000086	0.3258264631744601	-0.05264235160267654
8.26300000000086	0.3257744281654793	-0.05142747242989913
8.264000000000859	0.3257235524528977	-0.05032376312158589
8.265000000000859	0.3256737304284669	-0.04932010005244718
8.266000000000858	0.3256248670512602	-0.04840647224301787
8.267000000000857	0.3255768767906588	-0.04757387009313023
8.268000000000857	0.3255296826750403	-0.04681418524174203
8.269000000000856	0.3254832154356012	-0.04612012044087874
8.270000000000856	0.325437412735799	-0.04548510844217846
8.271000000000855	0.3253922184778525	-0.04490323899480306
8.272000000000855	0.3253475821785938	-0.04436919314357211
8.273000000000854	0.3253034584077379	-0.04387818409729804
8.274000000000854	0.3252598062823264	-0.04342590401030164
8.275000000000853	0.32521658901173	-0.04300847608578935
8.276000000000852	0.3251737734881519	-0.04262241146890587
8.277000000000852	0.3251313299180836	-0.04226457045049406
8.278000000000851	0.3250892314906166	-0.04193212755049124
8.279000000000851	0.3250474540789257	-0.0416225400929979
8.28000000000085	0.3250059759716048	-0.04133351992385137
8.28100000000085	0.3249647776308726	-0.04106300795645375
8.282000000000849	0.3249238414749585	-0.04080915126302848
8.283000000000849	0.3248831516822524	-0.04057028245676255
8.284000000000848	0.3248426940150416	-0.04034490113574561
8.285000000000847	0.3248024556608757	-0.04013165718252618
8.286000000000847	0.3247624250897971	-0.03992933573372309
8.287000000000846	0.3247225919258505	-0.03973684365268661
8.288000000000846	0.3246829468314428	-0.03955319735490408
8.289000000000845	0.3246434814032699	-0.0393775118508756
8.290000000000845	0.324604188078652	-0.03920899088471258
8.291000000000844	0.3245650600512374	-0.03904691805888694
8.292000000000844	0.3245260911951375	-0.03889064884651566
8.293000000000843	0.3244828011152902	-0.04768934944008454
8.294000000000842	0.3244322666001404	-0.05337949243764851
8.295000000000842	0.3243760450992485	-0.05906329971584828
8.296000000000841	0.324314491579826	-0.06404350961315185
8.297000000000841	0.3242481873230932	-0.06856475661708109
8.29800000000084	0.3241775902095796	-0.07262920716134348
8.29900000000084	0.3241031288150334	-0.07629330426624585
8.300000000000839	0.3240251849041388	-0.07959422686419257
8.301000000000839	0.3239441032187258	-0.0825688415941703
8.302000000000838	0.3238601939022713	-0.08524947839370094
8.303000000000837	0.323773736277911	-0.08766544789328237
8.304000000000837	0.3236849818497326	-0.08984307745452078
8.305000000000836	0.3235941571036587	-0.09180607595284621
8.306000000000836	0.3235014660033219	-0.09357577900886094
8.307000000000835	0.3234070922425874	-0.09517139046137031
8.308000000000835	0.3233112012712708	-0.09661019450280833
8.309000000000834	0.323213942118678	-0.09790774789850476
8.310000000000834	0.3231154490346995	-0.09907805265975811
8.311000000000833	0.3230158429668229	-0.100133711530677
8.312000000000833	0.3229152328894442	-0.101086067906093
8.313000000000832	0.3228137170002535	-0.1019453317627624
8.314000000000831	0.3227113837969867	-0.1027206929961983
8.315000000000831	0.3226083130465068	-0.1034204234241499
8.31600000000083	0.3225045766569818	-0.1040519685896711
8.31700000000083	0.3224002394628493	-0.1046220303839164
8.318000000000829	0.3222953599312898	-0.1051366414066679
8.319000000000829	0.3221899907980565	-0.1056012318908252
8.320000000000828	0.3220841796397277	-0.1060206899344622
8.321000000000828	0.3219779693887379	-0.1063994157096925
8.322000000000827	0.3218713987969106	-0.1067413702506651
8.323000000000826	0.3217645028526425	-0.1070501193627745
8.324000000000826	0.3216573131563741	-0.107328873140967
8.325000000000825	0.3215498582585168	-0.1075805215362316
8.326000000000825	0.3214421639635934	-0.1078076663654572
8.327000000000824	0.3213342536039676	-0.1080126501203213
8.328000000000824	0.3212261482862057	-0.1081975818953054
8.329000000000823	0.321117867112807	-0.1083643607229251
8.330000000000823	0.321009427381765	-0.1085146965754538
8.331000000000822	0.3209008447661773	-0.1086501292664906
8.332000000000821	0.3207921334758986	-0.1087720454623874
8.333000000000821	0.3206833064030334	-0.1088816939925509
8.33400000000082	0.3205743752528835	-0.1089801996287299
8.33500000000082	0.3204653506618048	-0.1090685754863914
8.336000000000819	0.3203562423032837	-0.1091477341859756
8.337000000000819	0.3202470589834095	-0.1092184978980422
8.338000000000818	0.320137808726804	-0.1092816073839186
8.339000000000818	0.3200284988539626	-0.1093377301323005
8.340000000000817	0.3199191360508659	-0.1093874676822089
8.341000000000816	0.3198097264316337	-0.1094313622136689
8.342000000000816	0.3197002755949185	-0.1094699024793363
8.343000000000815	0.319590788674664	-0.1095035291429795
8.344000000000815	0.319481270385791	-0.1095326395841298
8.345000000000814	0.3193717250653205	-0.1095575922222824
8.346000000000814	0.3192621567093873	-0.109578710408696
8.347000000000813	0.3191525690065571	-0.1095962859290275
8.348000000000813	0.3190429653678163	-0.1096105821557209
8.349000000000812	0.3189333489535662	-0.1096218368851739
8.350000000000811	0.3188237226979225	-0.1096302648912044
8.351000000000811	0.3187140893305891	-0.109636060223187
8.35200000000081	0.3186044513965481	-0.1096393982743928
8.35300000000081	0.3184948112737855	-0.1096404376435117
8.354000000000809	0.3183851711892478	-0.1096393218100386
8.355000000000809	0.3182755332332073	-0.1096361806421385
8.356000000000808	0.3181658993721952	-0.1096311317537406
8.357000000000808	0.318056271460645	-0.1096242817259404
8.358000000000807	0.3179466512513754	-0.1096157272062769
8.359000000000806	0.31783704040503	-0.1096055558980999
8.360000000000806	0.3177274404985752	-0.1095938474510157
8.361000000000805	0.3176178530329541	-0.1095806742623051
8.362000000000805	0.317508279439978	-0.1095661021982158
8.363000000000804	0.3173942462071909	-0.1184999372022637
8.364000000000804	0.3172728363977981	-0.12431922782391
8.365000000000803	0.3171456131887555	-0.1301267147552061
8.366000000000803	0.3170129367815578	-0.1352256037312183
8.367000000000802	0.3168753932474523	-0.1398609503561018
8.368000000000801	0.3167334448567044	-0.1440353005268526
8.369000000000801	0.3165875242140788	-0.1478054392372295
8.3700000000008	0.3164380167881736	-0.1512088536505002
8.3710000000008	0.3162852707316861	-0.1542826882664065
8.372000000000799	0.3161295993347666	-0.1570595235483414
8.373000000000799	0.3159712848289993	-0.1595688960494798
8.374000000000798	0.3158150562934072	-0.1528875909675369
8.375000000000798	0.3156640609619876	-0.1491025072438912
8.376000000000797	0.3155169432054342	-0.1451324557079586
8.377000000000796	0.31537352989446	-0.1416936299131712
8.378000000000796	0.3152334035997315	-0.1385584354849796
8.379000000000795	0.3150962541036388	-0.1357400437510293
8.380000000000795	0.3149617859216609	-0.1331958172617903
8.381000000000794	0.3148297372642269	-0.1309010036911115
8.382000000000794	0.3146998715585335	-0.1288299219251176
8.383000000000793	0.3145719762030755	-0.1269603105704892
8.384000000000793	0.3144458598507731	-0.1252719222490837
8.385000000000792	0.3143213503627117	-0.1237465880803729
8.386000000000791	0.3141982928667981	-0.1223679433672471
8.387000000000791	0.3140765480354778	-0.1211212637864294
8.38800000000079	0.3139559905294558	-0.1199932971950926
8.38900000000079	0.3138365075986049	-0.1189721174471783
8.390000000000789	0.3137179978223983	-0.118046991530754
8.391000000000789	0.3136003699763988	-0.117208260315951
8.392000000000788	0.3134835420120793	-0.1164472311470808
8.393000000000788	0.3133674401386703	-0.1157560811958261
8.394000000000787	0.3132519979968241	-0.1151277704740746
8.395000000000786	0.3131371559149172	-0.114555963546759
8.396000000000786	0.3130228602397253	-0.1140349590731183
8.397000000000785	0.3129090627340342	-0.1135596263939345
8.398000000000785	0.312795720034493	-0.1131253484600463
8.399000000000784	0.3126827931636852	-0.1127279704680356
8.400000000000784	0.3125702470909962	-0.1123637536323641
8.401000000000783	0.3124580503373972	-0.1120293335803146
8.402000000000783	0.3123461746197539	-0.1117216829074558
8.403000000000782	0.3122345945307078	-0.1114380774775794
8.404000000000782	0.3121232872505723	-0.1111760660926589
8.405000000000781	0.3120122322880425	-0.1109334431958306
8.40600000000078	0.3119014112468374	-0.1107082243040924
8.40700000000078	0.311790807615681	-0.1104986238977491
8.408000000000779	0.311680406579288	-0.1103030355209284
8.409000000000779	0.311570194848255	-0.1101200138720618
8.410000000000778	0.3114601605059645	-0.1099482586853323
8.411000000000778	0.311350292870803	-0.1097866002239923
8.412000000000777	0.3112405823721588	-0.1096339862243656
8.413000000000777	0.3111310204388249	-0.1094894701454632
8.414000000000776	0.3110215993985629	-0.1093522005936524
8.415000000000775	0.3109123123877151	-0.1092214118048742
8.416000000000775	0.310803153269857	-0.1090964150786525
8.417000000000774	0.3106941165625891	-0.1089765910687172
8.418000000000774	0.3105851973716511	-0.1088613828445794
8.419000000000773	0.3104763913316288	-0.1087502896469624
8.420000000000773	0.3103676945525924	-0.1086428612677046
8.421000000000772	0.3102591035720748	-0.1085386929916852
8.422000000000772	0.3101506153118541	-0.1084374210445716
8.423000000000771	0.3100422270390615	-0.1083387184958058
8.42400000000077	0.3099339363311812	-0.1082422915713055
8.42500000000077	0.3098212661632321	-0.1170976222117687
8.426000000000769	0.3097012963939797	-0.1228414668133029
8.427000000000769	0.3095755872736293	-0.1285763028861082
8.428000000000768	0.3094444963270611	-0.1336050990645382
8.429000000000768	0.3093086071742734	-0.1381726973246217
8.430000000000767	0.3091683798373478	-0.1422814510619302
8.431000000000767	0.3090242448558589	-0.1459879717837393
8.432000000000766	0.3088765857981444	-0.1493295902813017
8.433000000000765	0.3087257490653109	-0.1523433100863518
8.434000000000765	0.3085720463299539	-0.1550615845588728
8.435000000000764	0.3084157583269672	-0.1575138356277516
8.436000000000764	0.3082571378663535	-0.1597264910404905
8.437000000000763	0.3080964126444756	-0.1617233502363335
8.438000000000763	0.3079337877492623	-0.1635258305589728
8.439000000000762	0.3077694479211303	-0.1651532096127949
8.440000000000762	0.3076035595862623	-0.1666228381931912
8.441000000000761	0.3074362726869519	-0.1679503332212162
8.44200000000076	0.3072677223288224	-0.1691497510605069
8.44300000000076	0.3070980302633543	-0.1702337435835816
8.444000000000759	0.3069273062221587	-0.1712136986112602
8.445000000000759	0.3067556491178314	-0.1720998663132215
8.446000000000758	0.3065831481247261	-0.1729014729672504
8.447000000000758	0.3064098836516566	-0.1736268233428918
8.448000000000757	0.3062359282173336	-0.1742833928466732
8.449000000000757	0.3060613472382646	-0.1748779104528392
8.450000000000756	0.3058861997378678	-0.1754164333410225
8.451000000000755	0.3057105389846814	-0.1759044140701641
8.452000000000755	0.3055344130667572	-0.1763467610350565
8.453000000000754	0.3053578654086199	-0.1767478928772489
8.454000000000754	0.3051809352365367	-0.177111787454878
8.455000000000753	0.3050036579972646	-0.177442025915532
8.456000000000753	0.3048260657349295	-0.1777418323618462
8.457000000000752	0.304652662311529	-0.1690643637286136
8.458000000000752	0.3044863921975102	-0.1634752403332074
8.459000000000751	0.3043257172132265	-0.1578741252247506
8.46000000000075	0.304170299870073	-0.1529599777757817
8.46100000000075	0.304019574751968	-0.148489692711256
8.462000000000749	0.3038730983901357	-0.1444624811517008
8.463000000000749	0.3037304553112758	-0.1408231411305466
8.464000000000748	0.3035912756735253	-0.1375356119105434
8.465000000000748	0.3034552255949693	-0.1345640344672801
8.466000000000747	0.303322004834195	-0.1318769869475879
8.467000000000747	0.3031913431068374	-0.1294459772205692
8.468000000000746	0.3030629971693957	-0.1272454157905099
8.469000000000745	0.302936748094956	-0.1252522590702079
8.470000000000745	0.302812398846269	-0.1234457714001566
8.471000000000744	0.3026897720852914	-0.1218072901010695
8.472000000000744	0.3025687082033338	-0.1203200192115256
8.473000000000743	0.3024490635478055	-0.1189688425545264
8.474000000000743	0.302330708826386	-0.1177401558217213
8.475000000000742	0.302213527670755	-0.1166217153681842
8.476000000000742	0.3020974153439601	-0.1156025021480037
8.477000000000741	0.3019822775770458	-0.1146725992512766
8.47800000000074	0.3018680295220242	-0.1138230816886929
8.47900000000074	0.3017545948095495	-0.113045917197368
8.480000000000739	0.301641904700827	-0.1123338769661924
8.481000000000739	0.3015254224430345	-0.1206302010776135
8.482000000000738	0.3014021740971638	-0.1258660276902688
8.483000000000738	0.3012736714531222	-0.1311387776630789
8.484000000000737	0.3011402283794289	-0.1357468684138915
8.485000000000737	0.3010023891635023	-0.1399310455930074
8.486000000000736	0.300860578386474	-0.1436899756733691
8.487000000000736	0.3007151946496665	-0.1470769517033031
8.488000000000735	0.3005665927358205	-0.1501263176334235
8.489000000000734	0.3004150930980629	-0.1528723886122604
8.490000000000734	0.3002609840150911	-0.1553451982292369
8.491000000000733	0.3001045251267988	-0.1575719903950019
8.492000000000733	0.2999459502174223	-0.1595772324168466
8.493000000000732	0.2997854698200904	-0.1613829591149575
8.494000000000732	0.2996232735360003	-0.1630089994539344
8.495000000000731	0.2994595321279107	-0.1644732012759604
8.496000000000731	0.2992943994027323	-0.1657916283703424
8.49700000000073	0.2991280139062547	-0.1669787391334716
8.498000000000729	0.2989605004483067	-0.1680475470385122
8.499000000000729	0.2987919714754307	-0.1690097651391901
8.500000000000728	0.2986225283062874	-0.1698759361029523
8.501000000000728	0.2984522622435272	-0.1706555492458849
8.502000000000727	0.2982812555744779	-0.1713571458628847
8.503000000000727	0.298109582471769	-0.1719884140251412
8.504000000000726	0.2979373098038983	-0.1725562738978031
8.505000000000726	0.2977644978647461	-0.1730669545259096
8.506000000000725	0.2975912010301428	-0.1735260629417364
8.507000000000724	0.2974174683487848	-0.1739386463614208
8.508000000000724	0.2972433440740628	-0.1743092481619373
8.509000000000723	0.2970688681427125	-0.1746419582603897
8.510000000000723	0.2968940766056044	-0.1749404584553872
8.511000000000722	0.2967190020154593	-0.1752080632342979
8.512000000000722	0.2965436737757973	-0.1754477564997905
8.513000000000721	0.2963681184549957	-0.1756622246237382
8.514000000000721	0.2961923600689463	-0.1758538861957458
8.51500000000072	0.2960164203354516	-0.1760249187968406
8.516000000000719	0.2958403189031847	-0.1761772830958091
8.517000000000719	0.2956640735577598	-0.1763127445359163
8.518000000000718	0.295487700407198	-0.1764328928529686
8.519000000000718	0.2953112140488526	-0.1765391596415869
8.520000000000717	0.2951346277196452	-0.1766328341648683
8.521000000000717	0.2949579534312837	-0.1767150775830983
8.522000000000716	0.294781202091962	-0.1767869357596082
8.523000000000716	0.2946043836158946	-0.1768493507860632
8.524000000000715	0.2944275070219021	-0.1769031713552384
8.525000000000714	0.2942505805221425	-0.1769491620965339
8.526000000000714	0.2940736116019739	-0.1769880119779554
8.527000000000713	0.2938966070918348	-0.1770203418679131
8.528000000000713	0.2937195732319411	-0.1770467113408579
8.529000000000712	0.2935469906117963	-0.1681178790956578
8.530000000000712	0.293381782707594	-0.1622973071934601
8.531000000000711	0.2932223923958877	-0.1564827159813457
8.532000000000711	0.2930684650899899	-0.1513713161216409
8.53300000000071	0.2929149450558737	-0.1556681739251844
8.534000000000709	0.2927584566361176	-0.1573080761944836
8.535000000000709	0.2926001336823082	-0.1593372350939425
8.536000000000708	0.2924399539627046	-0.1610216007602312
8.537000000000708	0.2922781582108681	-0.1625692934432848
8.538000000000707	0.2921148980228673	-0.163950467542191
8.539000000000707	0.2919503262079539	-0.165192542296884
8.540000000000706	0.2917845763104885	-0.166306628177088
8.541000000000706	0.2916177696238224	-0.1673061166853545
8.542000000000705	0.2914500151428286	-0.1682022132298151
8.543000000000704	0.2912814111109078	-0.1690052153065004
8.544000000000704	0.2911120460149334	-0.1697243384368565
8.545000000000703	0.290941999580031	-0.1703678905625156
8.546000000000703	0.2907713436400563	-0.1709433462517595
8.547000000000702	0.2906001429272353	-0.1714574341690792
8.548000000000702	0.2904284557812931	-0.1719162106277246
8.549000000000701	0.2902563347880615	-0.172325127079309
8.550000000000701	0.2900838273541331	-0.1726890905314426
8.5510000000007	0.2899109762240775	-0.1730125180043566
8.552000000000699	0.2897378199459349	-0.1732993855216939
8.553000000000699	0.2895643932901643	-0.1735532722072775
8.554000000000698	0.2893907276267015	-0.1737773999709533
8.555000000000698	0.2892168512643152	-0.1739746692261768
8.556000000000697	0.2890427897560305	-0.1741476910357752
8.557000000000697	0.2888685661740147	-0.1742988160431653
8.558000000000696	0.2886942013569783	-0.1744301605104595
8.559000000000696	0.2885197141328393	-0.1745436297527748
8.560000000000695	0.2883451215191251	-0.174640939229125
8.561000000000694	0.2881704389033384	-0.1747236335242374
8.562000000000694	0.2879956802052897	-0.1747931034322022
8.563000000000693	0.2878208580232003	-0.174850601331771
8.564000000000693	0.2876459837651998	-0.1748972550241397
8.565000000000692	0.2874710677676758	-0.174934080186968
8.566000000000692	0.2872961194017943	-0.1749619915830108
8.567000000000691	0.2871211471693703	-0.1749818131479019
8.568000000000691	0.2869461587891556	-0.1749942870691729
8.56900000000069	0.2867711612745019	-0.1750000819573864
8.57000000000069	0.2865961610032605	-0.1749998002001692
8.571000000000689	0.2864211637806961	-0.174993984580858
8.572000000000688	0.2862461748961128	-0.1749831242352949
8.573000000000688	0.2860711991738213	-0.1749676600129582
8.574000000000687	0.2858962410190126	-0.1749479893019953
8.575000000000687	0.2857213044590483	-0.1749244703717668
8.576000000000686	0.2855463931806251	-0.1748974262811513
8.577000000000686	0.2853715105632269	-0.1748671483960347
8.578000000000685	0.2851966597092348	-0.1748338995550651
8.579000000000685	0.2850218434710297	-0.1747979169188473
8.580000000000684	0.2848470644753884	-0.1747594145342327
8.581000000000683	0.2846723251454435	-0.1747185856421952
8.582000000000683	0.2844976277204505	-0.1746756047549334
8.583000000000682	0.2843184993923266	-0.1835803751394592
8.584000000000682	0.2841320238369255	-0.1893700315302355
8.585000000000681	0.2839397647621259	-0.1951473920575867
8.586000000000681	0.2837420828268075	-0.2002157320475503
8.58700000000068	0.2835395644935497	-0.2048201696273858
8.58800000000068	0.283332672364604	-0.2089633068583616
8.589000000000679	0.2831218393234178	-0.2127019791758601
8.590000000000678	0.2829074510694039	-0.216073719035144
8.591000000000678	0.2826898559430985	-0.2191157115938919
8.592000000000677	0.2824738422651683	-0.212910828207328
8.593000000000677	0.2822626106290472	-0.2095516459916694
8.594000000000676	0.2820548533954639	-0.2059620362106775
8.595000000000676	0.2818504406115863	-0.2028627591703999
8.596000000000675	0.2816489936877113	-0.2000303273673627
8.597000000000675	0.2814502373439838	-0.1974816089987241
8.598000000000674	0.2812539075217483	-0.1951772935107538
8.599000000000673	0.2810597706967652	-0.1930956227402657
8.600000000000673	0.2808676157171541	-0.1912136102163943
8.601000000000672	0.2806772528424617	-0.1895114196364254
8.602000000000672	0.2804885112828661	-0.1879709861122218
8.603000000000671	0.2803012373833863	-0.1865761049140279
8.604000000000671	0.2801152928899613	-0.1853121789903162
8.60500000000067	0.2799305534138479	-0.1841660748091355
8.60600000000067	0.2797469070433524	-0.1831259718504928
8.607000000000669	0.2795642530959493	-0.182181232339879
8.608000000000668	0.2793825009948029	-0.1813222827111059
8.609000000000668	0.2792015692577361	-0.180540507247179
8.610000000000667	0.2790213845872816	-0.1798281522760522
8.611000000000667	0.2788418810517376	-0.1791782399670952
8.612000000000666	0.2786629993481186	-0.1785844907428746
8.613000000000666	0.2784846861388154	-0.1780412534510466
8.614000000000665	0.2783068934545916	-0.1775434425187659
8.615000000000665	0.2781295781572832	-0.1770864813917545
8.616000000000664	0.277952701456232	-0.1766662516294636
8.617000000000663	0.2777762284730781	-0.1762790470907447
8.618000000000663	0.277600127850076	-0.1759215327009697
8.619000000000662	0.2774243713975825	-0.1755907073424588
8.620000000000662	0.2772489337767979	-0.1752838704558819
8.621000000000661	0.2770737922142374	-0.1749985919815376
8.622000000000661	0.2768989262447565	-0.1747326853065204
8.62300000000066	0.2767243174802779	-0.1744841829171876
8.62400000000066	0.2765499494016485	-0.1742513144863949
8.625000000000659	0.2763758071713127	-0.1740324871520244
8.626000000000658	0.2762018774647221	-0.1738262677676739
8.627000000000658	0.2760281483186068	-0.1736313669282935
8.628000000000657	0.2758546089944217	-0.173446624593272
8.629000000000657	0.2756767749742176	-0.182220742677313
8.630000000000656	0.2754917193655179	-0.187889774213509
8.631000000000656	0.2753009963355957	-0.1935555636303287
8.632000000000655	0.27510495792782	-0.1985205097581344
8.633000000000655	0.2749041828220155	-0.2030289417132951
8.634000000000654	0.2746991265873218	-0.207082751283572
8.635000000000653	0.2744902157489169	-0.2107381344950884
8.636000000000653	0.2742778302554655	-0.2140320481723873
8.637000000000652	0.2740623132436861	-0.2170011592437969
8.638000000000652	0.2738439734415762	-0.2196776180931816
8.639000000000651	0.2736230889272748	-0.222090573938157
8.640000000000651	0.2733999101131222	-0.2242662090535927
8.64100000000065	0.2731746625310335	-0.226228101921135
8.64200000000065	0.2729475493144155	-0.2279974709906605
8.643000000000649	0.2727187534381283	-0.2295934148303818
8.644000000000648	0.2724884397328975	-0.2310331230716246
8.645000000000648	0.2722567566986815	-0.2323320675564963
8.646000000000647	0.2720238381366089	-0.2335041740465083
8.647000000000647	0.2717898046177525	-0.2345619768414002
8.648000000000646	0.2715547648050259	-0.2355167579158292
8.649000000000646	0.2713232915241199	-0.2274289266586938
8.650000000000645	0.2710983913186597	-0.2223706318806724
8.651000000000645	0.2708785818799879	-0.217247412324702
8.652000000000644	0.270663576008578	-0.2127635155143873
8.653000000000644	0.2704528535536536	-0.2086805955430957
8.654000000000643	0.270246011790322	-0.2050021469938341
8.655000000000642	0.2700426719198541	-0.2016768230474615
8.656000000000642	0.2698424971125463	-0.1986720326304165
8.657000000000641	0.2696451832024419	-0.1959550394465235
8.658000000000641	0.2694504566974734	-0.193497232128816
8.65900000000064	0.26925807139264	-0.1912726480146461
8.66000000000064	0.2690678057207906	-0.1892579741602619
8.661000000000639	0.268879460268618	-0.1874322159056342
8.662000000000639	0.2686928555659801	-0.1857764816559854
8.663000000000638	0.2685078300900615	-0.1842737684204258
8.664000000000637	0.2683242384706789	-0.1829087739870975
8.665000000000637	0.2681419498746685	-0.1816677265834827
8.666000000000636	0.267960846551935	-0.1805382318950043
8.667000000000636	0.267780822526873	-0.1795091353007417
8.668000000000635	0.2676017824206551	-0.1785703979058679
8.669000000000635	0.2674236403912916	-0.1777129849658056
8.670000000000634	0.2672463191796872	-0.1769287654692598
8.671000000000634	0.2670697492510933	-0.1762104217626553
8.672000000000633	0.2668938680224184	-0.1755513682122308
8.673000000000632	0.2667141442855954	-0.18389542344547
8.674000000000632	0.2665276090974109	-0.189174245052641
8.675000000000631	0.266335778750186	-0.1944857213944265
8.676000000000631	0.2661389711706844	-0.1991286906775926
8.67700000000063	0.2659377343048073	-0.2033442772939055
8.67800000000063	0.2657324960323456	-0.2071314886166947
8.679000000000629	0.2655236579294079	-0.2105439245373992
8.680000000000629	0.2653115774620025	-0.2136162051983554
8.681000000000628	0.2650965775041241	-0.2163828943535807
8.682000000000627	0.2648789485191451	-0.2188742493704046
8.683000000000627	0.2646589521190278	-0.221117715592568
8.684000000000626	0.2644368238686983	-0.2231379416501195
8.685000000000626	0.2642127759097015	-0.2249571255866898
8.686000000000625	0.2639869992965713	-0.2265952433009179
8.687000000000625	0.2637596661057982	-0.2280702749085321
8.688000000000624	0.2635309313323484	-0.229398403277902
8.689000000000624	0.2633009345969248	-0.2305941940094031
8.690000000000623	0.2630698016824089	-0.2316707570925647
8.691000000000622	0.2628376459166883	-0.2326398924785655
8.692000000000622	0.2626045694172	-0.2335122210752257
8.693000000000621	0.2623706642110251	-0.2342973026475702
8.694000000000621	0.2621360132429797	-0.2350037419270781
8.69500000000062	0.2619006912829001	-0.2356392841103309
8.69600000000062	0.2616647657422051	-0.2362109008077263
8.697000000000619	0.261428297408807	-0.23672486739735
8.698000000000619	0.2611913411085353	-0.2371868326434651
8.699000000000618	0.2609539463004239	-0.2376018813531657
8.700000000000617	0.2607161576124734	-0.237974590767375
8.701000000000617	0.2604780153238424	-0.2383090813127572
8.702000000000616	0.2602440306800227	-0.2296593168921539
8.703000000000616	0.2600171547675602	-0.2240916455675158
8.704000000000615	0.2597958553315101	-0.2185063852160569
8.705000000000615	0.2595798001859965	-0.2136030843838911
8.706000000000614	0.2593684286580272	-0.2091391678888271
8.707000000000614	0.2591613015184117	-0.2051143237703281
8.708000000000613	0.2589580070804435	-0.2014737791253818
8.709000000000612	0.258758178881325	-0.1981818592109851
8.710000000000612	0.2585614860515935	-0.1952030522352768
8.711000000000611	0.2583676310324982	-0.1925062486927503
8.712000000000611	0.2581763459256866	-0.1900632374044203
8.71300000000061	0.2579873896068465	-0.1878486815709556
8.71400000000061	0.257800545028271	-0.1858397648722066
8.715000000000609	0.2576156168160934	-0.1840159560299671
8.716000000000609	0.2574279542203783	-0.191308521510564
8.717000000000608	0.257234480680765	-0.1956378216841944
8.718000000000607	0.2570366156049371	-0.2000915771942599
8.719000000000607	0.256834589694439	-0.2039594751542803
8.720000000000606	0.2566288723635909	-0.2074744038074296
8.721000000000606	0.2564198207850383	-0.21062795783376
8.722000000000605	0.256207772869896	-0.2134670655407887
8.723000000000605	0.2559930287572747	-0.2160203424862891
8.724000000000604	0.2557758596987164	-0.2183169481397214
8.725000000000604	0.2555565096693001	-0.2203822758545222
8.726000000000603	0.2553351984135949	-0.22223939320477
8.727000000000602	0.2551121237881007	-0.2239090086712896
8.728000000000602	0.2548874639691633	-0.2254097740075107
8.729000000000601	0.2546613794151768	-0.2267584732956168
8.730000000000601	0.2544340146388007	-0.2279702138618751
8.7310000000006	0.2542054998004024	-0.2290585929101108
8.7320000000006	0.2539759521425483	-0.2300358487892019
8.733000000000599	0.2537454772809531	-0.2309129968095424
8.734000000000599	0.2535141703663626	-0.231699951558922
8.735000000000598	0.253282117130246	-0.2324056369665635
8.736000000000598	0.2530493948259254	-0.2330380853658259
8.737000000000597	0.2528160730755951	-0.2336045266493801
8.738000000000596	0.2525822146326441	-0.2341114685091895
8.739000000000596	0.2523478760677504	-0.2345647686524234
8.740000000000595	0.252113108386369	-0.2349696997958073
8.741000000000595	0.2518779575844767	-0.2353310081605426
8.742000000000594	0.2516424651487455	-0.2356529661177462
8.743000000000594	0.2514066685067032	-0.2359394195693569
8.744000000000593	0.2511706014318819	-0.2361938305909614
8.745000000000593	0.2509342944084557	-0.2364193158103505
8.746000000000592	0.2506977749594188	-0.2366186809482308
8.747000000000591	0.2504610679419499	-0.2367944519048782
8.748000000000591	0.2502241958132441	-0.2369489027381389
8.74900000000059	0.2499871788697656	-0.2370840808436425
8.75000000000059	0.2497500354625793	-0.2372018296170081
8.751000000000589	0.2495127821911532	-0.2373038088498427
8.752000000000589	0.2492754340777844	-0.2373915130861538
8.753000000000588	0.2490424796057604	-0.2285165428562051
8.754000000000588	0.2488168493445251	-0.222743119381056
8.755000000000587	0.2485969925425969	-0.216969646206331
8.756000000000586	0.2483825603362788	-0.2118939487987049
8.757000000000586	0.248168502130602	-0.2162216463053447
8.758000000000585	0.2479514468828696	-0.2178880214364563
8.759000000000585	0.2477325325884269	-0.2199397325905067
8.760000000000584	0.2475117407353681	-0.22164313146155
8.761000000000584	0.2472893153956454	-0.2232066996408834
8.762000000000583	0.2470654111604708	-0.2246009166767552
8.763000000000583	0.2468401835253757	-0.2258534943851594
8.764000000000582	0.2466137684430815	-0.2269758064965498
8.765000000000581	0.2463862893652303	-0.2279814813907183
8.766000000000581	0.2461578572199803	-0.2288819376082352
8.76700000000058	0.2459285719815694	-0.2296876644075741
8.76800000000058	0.2456985236855617	-0.2304080498399501
8.769000000000579	0.2454677934418975	-0.2310515570676764
8.770000000000579	0.2452364543218151	-0.2316258003018514
8.771000000000578	0.2450045721622897	-0.232137633830016
8.772000000000578	0.2447722062884811	-0.2325932269709881
8.773000000000577	0.2445394101643274	-0.2329981328265198
8.774000000000576	0.2443062319779868	-0.2333573498347773
8.775000000000576	0.2440727151687627	-0.2336753772492217
8.776000000000575	0.2438388989013338	-0.2339562650494302
8.777000000000575	0.2436048184925663	-0.2342036588658888
8.778000000000574	0.2433705057956487	-0.2344208404110552
8.779000000000574	0.2431359895458155	-0.2346107638676409
8.780000000000573	0.2429012956715037	-0.2347760886379971
8.781000000000573	0.2426664475743959	-0.2349192088185931
8.782000000000572	0.2424314663814634	-0.2350422797270538
8.783000000000571	0.2421963711718082	-0.2351472417765056
8.784000000000571	0.2419611791808243	-0.2352358419625003
8.78500000000057	0.2417259059839469	-0.2353096532012584
8.78600000000057	0.2414905656620294	-0.2353700917341007
8.787000000000569	0.241255170950187	-0.2354184327914496
8.788000000000569	0.2410197333717584	-0.2354558246904427
8.789000000000568	0.2407842633588762	-0.2354833015227979
8.790000000000568	0.2405487703609823	-0.2355017945739059
8.791000000000567	0.2403132629424963	-0.2355121426000251
8.792000000000566	0.2400777488707196	-0.2355151010777717
8.793000000000566	0.2398422351949535	-0.2355113505286735
8.794000000000565	0.2396067283177077	-0.2355015040112813
8.795000000000565	0.2393712340587924	-0.2354861138640834
8.796000000000564	0.239135757713004	-0.2354656777741417
8.797000000000564	0.2388958292208938	-0.2443903894395436
8.798000000000563	0.2386485347318555	-0.250197643421388
8.799000000000563	0.2383954401805893	-0.2559904916672308
8.800000000000562	0.2381369082306405	-0.2610724199410586
8.801000000000561	0.2378780020304951	-0.2567389905675426
8.802000000000561	0.2376221040531604	-0.2550559857586879
8.80300000000056	0.2373680867212671	-0.2529777068149859
8.80400000000056	0.2371159780523589	-0.2512386670271065
8.805000000000559	0.2368655426577581	-0.2496311645399145
8.806000000000559	0.236616633888156	-0.2481854228100275
8.807000000000558	0.2363691035214506	-0.2468743639610969
8.808000000000558	0.2361228222754925	-0.2456871860364874
8.809000000000557	0.2358776728254146	-0.2446107764739307
8.810000000000556	0.2356335498791991	-0.2436341821826962
8.811000000000556	0.2353903586559672	-0.2427473340162583
8.812000000000555	0.2351480139138066	-0.241941223224307
8.813000000000555	0.2349064389754954	-0.2412077292085908
8.814000000000554	0.2346655648764843	-0.2405395472520436
8.815000000000554	0.2344253295918775	-0.2399301027912921
8.816000000000553	0.2341856773422698	-0.2393734794320017
8.817000000000553	0.2339465579686159	-0.2388643528704126
8.818000000000552	0.2337079263697124	-0.2383979317457648
8.819000000000552	0.2334697419959105	-0.2379699043267609
8.820000000000551	0.233231968393467	-0.2375763905495847
8.82100000000055	0.232994572794461	-0.2372138988470925
8.82200000000055	0.2327575257477232	-0.2368792872963656
8.823000000000549	0.2325208007866743	-0.2365697286512101
8.824000000000549	0.2322843741303833	-0.2362826788715033
8.825000000000548	0.232048224414523	-0.2360158487996023
8.826000000000548	0.2318123324492321	-0.2357671786691342
8.827000000000547	0.2315766810011948	-0.2355348151629212
8.828000000000547	0.2313412545975153	-0.2353170907651296
8.829000000000546	0.2311060393492074	-0.2351125051782196
8.830000000000545	0.2308710227923385	-0.2349197085982147
8.831000000000545	0.2306361937450617	-0.2347374866624592
8.832000000000544	0.2304015421789477	-0.2345647469026146
8.833000000000544	0.2301670591031867	-0.2344005065523707
8.834000000000543	0.2299327364603725	-0.2342438815743998
8.835000000000543	0.2296985670327109	-0.234094076784629
8.836000000000542	0.2294600694764782	-0.2429001220876572
8.837000000000542	0.2292143197626157	-0.2485983642105949
8.838000000000541	0.228962874642901	-0.2542909119182919
8.83900000000054	0.2287060884940394	-0.2592804019841397
8.84000000000054	0.2284445421031346	-0.2638113777064918
8.841000000000539	0.2281786929431115	-0.2678859236720602
8.842000000000539	0.2279089692597561	-0.2715604094608078
8.843000000000538	0.2276357525574458	-0.2748719481306892
8.844000000000538	0.2273593873801718	-0.2778573472550666
8.845000000000537	0.2270801837295728	-0.2805488838333315
8.846000000000537	0.2268028957182535	-0.2740260759696382
8.847000000000536	0.2265306930492221	-0.2703782186833483
8.848000000000535	0.2262622402774826	-0.2665262956958955
8.849000000000535	0.2259973823960625	-0.2631884517630627
8.850000000000534	0.2257357182438827	-0.2601388493980621
8.851000000000534	0.225476952202794	-0.2573922406330791
8.852000000000533	0.2252208018861475	-0.2549074104844392
8.853000000000533	0.2249670172510262	-0.2526608865967185
8.854000000000532	0.2247153722554204	-0.2506281396024502
8.855000000000532	0.2244656637345741	-0.24878794444873
8.856000000000531	0.2242177087937473	-0.2471209862346751
8.85700000000053	0.2239713428606249	-0.2456099350808276
8.85800000000053	0.223726417832775	-0.2442391811636223
8.859000000000529	0.2234828004352876	-0.2429946793194981
8.860000000000529	0.2232403707364224	-0.2418637884238665
8.861000000000528	0.2229990208132513	-0.240835132022539
8.862000000000528	0.2227586535503505	-0.2398984716026825
8.863000000000527	0.2225191815587228	-0.2390445928609957
8.864000000000527	0.2222805262028064	-0.2382652032640369
8.865000000000526	0.2220426167247904	-0.2375528398728062
8.866000000000525	0.2218053894565009	-0.2369007863798293
8.867000000000525	0.2215687871101008	-0.2363029984438206
8.868000000000524	0.2213327581397213	-0.2357540364905855
8.869000000000524	0.221097256166934	-0.2352490052339308
8.870000000000523	0.2208622394636772	-0.2347834992444835
8.871000000000523	0.220627670486892	-0.2343535539616508
8.872000000000522	0.2203935154596976	-0.2339556016044
8.873000000000522	0.2201597439944513	-0.2335864314909768
8.874000000000521	0.21992185387239	-0.2421928993753848
8.87500000000052	0.2196769022550733	-0.2477093948422832
8.87600000000052	0.2194264289442679	-0.2532362651006403
8.877000000000519	0.2191707730402061	-0.2580745614016587
8.878000000000519	0.2189105015598294	-0.2624673999510153
8.879000000000518	0.2186460595617017	-0.2664155808301481
8.880000000000518	0.2183778640975909	-0.2699743174428284
8.881000000000517	0.2181062865762861	-0.2731796821675129
8.882000000000517	0.2178316624348977	-0.2760675458455835
8.883000000000516	0.2175542934581405	-0.278669342297713
8.884000000000515	0.2172744514616485	-0.2810135757502078
8.885000000000515	0.2169923812080413	-0.2831258479018182
8.886000000000514	0.2167083031311025	-0.2850292146322267
8.887000000000514	0.2164224157626215	-0.286744423966563
8.888000000000513	0.2161348979227855	-0.2882901510082584
8.889000000000513	0.2158503855710871	-0.2807334591705097
8.890000000000512	0.2155719420626966	-0.276152487645608
8.891000000000512	0.2152981362095373	-0.271458166465278
8.892000000000511	0.2150287268109965	-0.2673595952422548
8.89300000000051	0.2147632351057445	-0.2636227948841489
8.89400000000051	0.2145012956098909	-0.2602551900402414
8.895000000000509	0.2142425630321714	-0.2572089708852473
8.896000000000509	0.2139867306902312	-0.2544547295746642
8.897000000000508	0.2137335215414217	-0.2519625946535046
8.898000000000508	0.2134826864954128	-0.2497065330473106
8.899000000000507	0.213234001299591	-0.2476629024925258
8.900000000000507	0.2129872641348417	-0.2458104783407952
8.901000000000506	0.2127422933520421	-0.2441301453345316
8.902000000000506	0.2124989254598308	-0.2426047032781004
8.903000000000505	0.2122570133073727	-0.2412186713771395
8.904000000000504	0.2120164244504067	-0.2399581173343117
8.905000000000504	0.2117770396803017	-0.238810502238155
8.906000000000503	0.2115387517003057	-0.2377645412873658
8.907000000000503	0.2113014639341481	-0.2368100783616264
8.908000000000502	0.2110650894537896	-0.2359379731556367
8.909000000000502	0.2108295500143977	-0.2351399995947043
8.910000000000501	0.2105903003047298	-0.2433584993885884
8.911000000000501	0.2103443586824136	-0.2485237990998314
8.9120000000005	0.2100932300052401	-0.2537325890970107
8.913000000000499	0.2098372219035238	-0.258282629359915
8.914000000000499	0.209576873051061	-0.2624140738341317
8.915000000000498	0.2093126029774801	-0.2661250564519923
8.916000000000498	0.2090448057385169	-0.2694683909684376
8.917000000000497	0.2087738320266564	-0.2724779899638288
8.918000000000497	0.2084999986145733	-0.2751877803475708
8.919000000000496	0.2082235904693426	-0.2776274462883269
8.920000000000496	0.2079448642511869	-0.2798239172128225
8.921000000000495	0.2076640510634333	-0.281801377387868
8.922000000000494	0.2073813590271914	-0.2835816068925398
8.923000000000494	0.2070969755736453	-0.2851842054200157
8.924000000000493	0.2068110695133498	-0.2866268144640187
8.925000000000493	0.2065237928970446	-0.2879253120962914
8.926000000000492	0.2062352826907813	-0.2890939895636861
8.927000000000492	0.2059456622834445	-0.290145709901263
8.928000000000491	0.2056550428435496	-0.2910920507651373
8.929000000000491	0.2053635245403597	-0.2919434329617852
8.93000000000049	0.2050711976428964	-0.2927092361294878
8.931000000000489	0.2047826183901401	-0.2844481579139575
8.932000000000489	0.2045007783641787	-0.2792308084316456
8.933000000000488	0.20422418175653	-0.2739613414232407
8.934000000000488	0.2039525291837419	-0.2693427576952854
8.935000000000487	0.2036852894955906	-0.2651355890915092
8.936000000000487	0.2034220500339822	-0.261342319964497
8.937000000000486	0.2031624230268095	-0.2579106940835718
8.938000000000486	0.2029060635350366	-0.254807301701433
8.939000000000485	0.2026526600612182	-0.2519986695131646
8.940000000000484	0.2024019324820596	-0.249455522642481
8.941000000000484	0.202153628591769	-0.2471513010678173
8.942000000000483	0.2019075213899968	-0.2450621540227806
8.943000000000483	0.2016634065412699	-0.2431666026082559
8.944000000000482	0.2014211001134077	-0.2414453192164787
8.945000000000482	0.2011804365358688	-0.2398809082479573
8.946000000000481	0.2009412667638209	-0.2384577139470677
8.947000000000481	0.200698981744338	-0.2461113910641626
8.94800000000048	0.2004505424461818	-0.250766247522408
8.949000000000479	0.2001974020560776	-0.2555135567880293
8.950000000000479	0.1999398216793947	-0.2596462035113392
8.951000000000478	0.1996782980966169	-0.2633999537222602
8.952000000000478	0.1994132131126465	-0.2667689921109431
8.953000000000477	0.1991449268103393	-0.2698025779966169
8.954000000000477	0.198873759286079	-0.2725314248502588
8.955000000000476	0.1985999997556573	-0.2749865802660422
8.956000000000476	0.1983239083646787	-0.277195136912602
8.957000000000475	0.1980457194138832	-0.2791816917507784
8.958000000000474	0.1977656438630191	-0.2809683297126865
8.959000000000474	0.1974838716840473	-0.282574941361237
8.960000000000473	0.1972005739541035	-0.2840194257105781
8.961000000000473	0.1969159047453992	-0.2853178935292848
8.962000000000472	0.1966300028245796	-0.2864848451229028
8.963000000000472	0.1963429931825385	-0.2875333316356037
8.964000000000471	0.1960549884111588	-0.2884750998973889
8.965000000000471	0.195766089942407	-0.2893207228676348
8.96600000000047	0.1954763891635169	-0.290079717014025
8.967000000000469	0.19518596842066	-0.2907606479586583
8.968000000000469	0.1948949019222528	-0.2913712255582854
8.969000000000468	0.1946032565519371	-0.2919183894768442
8.970000000000468	0.194311092600267	-0.2924083862006691
8.971000000000467	0.1940184644232308	-0.2928468383522065
8.972000000000467	0.1937298959159917	-0.2842890622130019
8.973000000000466	0.193448349529035	-0.2788026248329106
8.974000000000466	0.1931723032132382	-0.2732889410672096
8.975000000000465	0.1929014339465254	-0.2684485465952012
8.976000000000464	0.1926351892819877	-0.264039754517629
8.977000000000464	0.1923731373727205	-0.2600630521901096
8.978000000000463	0.1921148731550208	-0.2564643859570345
8.979000000000463	0.1918600361058777	-0.2532087282615163
8.980000000000462	0.191608300680856	-0.250261149643401
8.981000000000462	0.1913593740930849	-0.2475910645606089
8.982000000000461	0.1911085178373317	-0.2541204781084805
8.983000000000461	0.1908525763708565	-0.2577614663164289
8.98400000000046	0.1905928979959228	-0.2615942805423407
8.98500000000046	0.1903296494028525	-0.2649018887484771
8.986000000000459	0.1900632423784256	-0.2679111310028749
8.987000000000458	0.1897939822134727	-0.2706081587257538
8.988000000000458	0.1895221601084802	-0.2730350011301528
8.989000000000457	0.189248034146126	-0.2752158644935013
8.990000000000457	0.188971837710398	-0.2771759398220112
8.991000000000456	0.188693780678921	-0.278937048745851
8.992000000000456	0.1884140520920062	-0.280519044181342
8.993000000000455	0.1881328221558789	-0.2819397413112997
8.994000000000455	0.1878502441453006	-0.2832151878153821
8.995000000000454	0.1875664560910082	-0.2843598240043577
8.996000000000453	0.1872815823046428	-0.2853866477057173
8.997000000000453	0.1869957347496327	-0.2863073574704061
8.998000000000452	0.1867090142753804	-0.2871324827562464
8.999000000000452	0.1864215117279373	-0.2878715007687348
9.000000000000451	0.1861333089496393	-0.2885329416988216
9.001000000000451	0.185844479678776	-0.2891244834166553
9.00200000000045	0.1855550903592986	-0.2896530367010223
9.00300000000045	0.1852652008695599	-0.2901248219445831
9.004000000000449	0.1849748651781842	-0.2905454381889074
9.005000000000448	0.1846841319343537	-0.2909199252559346
9.006000000000448	0.18439304499907	-0.2912528196663148
9.007000000000447	0.1841016439232933	-0.2915482049659207
9.008000000000447	0.1838099643782708	-0.2918097570197166
9.009000000000446	0.1835180385428363	-0.2920407847762518
9.010000000000446	0.1832258954519831	-0.2922442669557125
9.011000000000445	0.1829335613105832	-0.29242288506918
9.012000000000445	0.1826455346567874	-0.2836293083496462
9.013000000000444	0.1823647550986871	-0.2779287216550274
9.014000000000443	0.1820896800078943	-0.2722203957478563
9.015000000000443	0.1818199678200269	-0.2672029364993556
9.016000000000442	0.1815550493792514	-0.2626329200602089
9.017000000000442	0.1812900028988599	-0.2674590151860649
9.018000000000441	0.1810214914970519	-0.2695627494355177
9.019000000000441	0.1807507043411648	-0.2720105144866896
9.02000000000044	0.1804776638573415	-0.2740693965358158
9.02100000000044	0.1802026522300254	-0.2759527937912714
9.022000000000439	0.1799258580240194	-0.2776345469628178
9.023000000000438	0.1796474673824253	-0.2791456587346957
9.024000000000438	0.1793676438124652	-0.2805003980938485
9.025000000000437	0.1790865355615087	-0.2817150156994612
9.026000000000437	0.178804275864379	-0.282803285927721
9.027000000000436	0.1785209847634427	-0.2837778192640316
9.028000000000436	0.178236770347384	-0.2846499125417425
9.029000000000435	0.1779517299659154	-0.2854297468296546
9.030000000000435	0.1776659512980717	-0.2861264823765917
9.031000000000434	0.1773795133199148	-0.2867483648465727
9.032000000000433	0.1770924871739113	-0.287302815735079
9.033000000000433	0.1768049369517667	-0.2877965150423302
9.034000000000432	0.1765169203988807	-0.2882354753546345
9.035000000000432	0.1762284895483856	-0.2886251085987473
9.036000000000431	0.1759396912917774	-0.2889702861005199
9.037000000000431	0.1756505678924887	-0.2892753926427596
9.03800000000043	0.1753611574481077	-0.2895443751160449
9.03900000000043	0.1750714943063774	-0.2897807863047837
9.040000000000429	0.1747816094395996	-0.2899878242945954
9.041000000000428	0.1744915307816007	-0.2901683679389834
9.042000000000428	0.174201283531004	-0.2903250087793453
9.043000000000427	0.173910890424179	-0.2904600797729922
9.044000000000427	0.173620371980898	-0.2905756811483765
9.045000000000426	0.1733297467254305	-0.2906737036748068
9.046000000000426	0.1730390313855313	-0.2907558496052021
9.047000000000425	0.1727482410715334	-0.2908236515245808
9.048000000000425	0.1724573894375338	-0.2908784893137125
9.049000000000424	0.1721664888264649	-0.2909216054164146
9.050000000000423	0.1718755504006609	-0.2909541185801312
9.051000000000423	0.1715801093783404	-0.2999267809401607
9.052000000000422	0.171281731538041	-0.2968277430952903
9.053000000000422	0.1709849053314197	-0.2968235195393074
9.054000000000421	0.1706884353389777	-0.2961153160585768
9.055000000000421	0.1703925542825643	-0.2956456497065729
9.05600000000042	0.1700971445791739	-0.2951726117816299
9.05700000000042	0.1698021822100675	-0.29475098281489
9.058000000000419	0.1695076251712115	-0.2943619527948316
9.059000000000418	0.1692134408151469	-0.2940056186194679
9.060000000000418	0.1689195985299246	-0.2936778123793249
9.061000000000417	0.1686260711309957	-0.2933758471967675
9.062000000000417	0.1683328341190397	-0.2930970395029089
9.063000000000416	0.1680398655106482	-0.2928390410521032
9.064000000000416	0.1677471455613053	-0.2925997223135196
9.065000000000415	0.1674546565472275	-0.2923771713614917
9.066000000000415	0.1671623825612346	-0.2921696669217301
9.067000000000414	0.1668703093309836	-0.2919756606006171
9.068000000000414	0.1665784240548951	-0.2917937592699365
9.069000000000413	0.1662867152546123	-0.2916227096184889
9.070000000000412	0.1659951726421855	-0.2914613841472405
9.071000000000412	0.1657037870005496	-0.291308768590296
9.072000000000411	0.1654125500759547	-0.2911639505874569
9.073000000000411	0.165121454481156	-0.2910261094911203
9.07400000000041	0.1648304936082891	-0.2908945071921051
9.07500000000041	0.1645396615504588	-0.2907684798630071
9.076000000000409	0.1642489530311734	-0.2906474305272069
9.077000000000409	0.1639583633408375	-0.2905308223709961
9.078000000000408	0.1636678882795982	-0.2904181727245019
9.079000000000407	0.1633775241059104	-0.2903090476445314
9.080000000000407	0.163087267490247	-0.2902030570391443
9.081000000000406	0.1627971154734421	-0.2900998502797812
9.082000000000406	0.1625070654292017	-0.2899991122521897
9.083000000000405	0.1622171150303668	-0.2899005598022715
9.084000000000405	0.161927262218552	-0.2898039385373559
9.085000000000404	0.1616330302958071	-0.298658764606949
9.086000000000404	0.1613314994178233	-0.3044018206205251
9.087000000000403	0.1610242301071608	-0.3101356076247918
9.088000000000402	0.1607115801385983	-0.3151631154672217
9.089000000000402	0.160398608242906	-0.3107794605725636
9.090000000000401	0.1600886928979776	-0.3090500257481839
9.091000000000401	0.1597807029106801	-0.3069287527279611
9.0920000000004	0.1594746630244875	-0.3051498310531993
9.0930000000004	0.1591703348842714	-0.3035052673651253
9.094000000000399	0.1588675691512693	-0.3020250226361741
9.095000000000399	0.1585662151633509	-0.3006817826246136
9.096000000000398	0.1582661414229511	-0.2994645325158694
9.097000000000397	0.1579672285920671	-0.2983599680471407
9.098000000000397	0.1576693695477257	-0.2973569634694841
9.099000000000396	0.1573724678421817	-0.2964452941169076
9.100000000000396	0.157076436714464	-0.2956158111451561
9.101000000000395	0.1567811981014446	-0.2948602677456474
9.102000000000395	0.156486681772631	-0.2941712454868786
9.103000000000394	0.1561928245452752	-0.2935420673379787
9.104000000000394	0.1558995695795266	-0.2929667245599928
9.105000000000393	0.1556068657436838	-0.2924398096157572
9.106000000000392	0.1553146670430206	-0.2919564561118262
9.107000000000392	0.1550229321057078	-0.2915122846654827
9.108000000000391	0.1547316237201514	-0.2911033542052459
9.109000000000391	0.1544407084185978	-0.2907261181363002
9.11000000000039	0.1541501561023814	-0.2903773848906576
9.11100000000039	0.1538599397046496	-0.2900542824220033
9.112000000000389	0.1535700348868178	-0.2897542262511504
9.113000000000389	0.1532804197653813	-0.289474890706943
9.114000000000388	0.1529910746660486	-0.2892141830430884
9.115000000000387	0.1527019819024632	-0.2889702201433168
9.116000000000387	0.1524131255770559	-0.2887413075560397
9.117000000000386	0.1521244914018145	-0.2885259206255539
9.118000000000386	0.1518360665369782	-0.2883226875101386
9.119000000000385	0.1515433645648624	-0.2970801185025193
9.120000000000385	0.1512434568771462	-0.3027340906374849
9.121000000000384	0.1509378960927378	-0.3083862898481476
9.122000000000384	0.1506270328571653	-0.3133389722876505
9.123000000000383	0.1503114445879916	-0.3178363386157644
9.124000000000382	0.1499915857141432	-0.3218801649669153
9.125000000000382	0.1496678817304761	-0.3255265432363276
9.126000000000381	0.1493451865352758	-0.3198625918960254
9.127000000000381	0.1490267606670015	-0.3169879059319872
9.12800000000038	0.1487113501631709	-0.313831874680453
9.12900000000038	0.1483988734060332	-0.3111204239020519
9.130000000000379	0.148088995258795	-0.3086346649356299
9.131000000000379	0.1477814795194884	-0.3063956171748068
9.132000000000378	0.1474760972653687	-0.3043677028089713
9.133000000000377	0.1471726465617156	-0.3025325237039603
9.134000000000377	0.1468709446543413	-0.3008701170034457
9.135000000000376	0.1465708273281309	-0.2993633674906048
9.136000000000376	0.1462721467336781	-0.2979966590277763
9.137000000000375	0.145974769830207	-0.2967559905501422
9.138000000000375	0.1456785768844829	-0.2956287480914537
9.139000000000374	0.1453834601447606	-0.2946035826854029
9.140000000000374	0.1450893226411095	-0.2936702797108269
9.141000000000373	0.1447960771072662	-0.2928196464930584
9.142000000000372	0.1445036450099132	-0.2920434098477203
9.143000000000372	0.1442119556751311	-0.2913341241944697
9.144000000000371	0.1439209455021818	-0.2906850887783225
9.145000000000371	0.1436305572559218	-0.2900902731891278
9.14600000000037	0.1433407394299758	-0.2895442503240471
9.14700000000037	0.1430514456735934	-0.2890421360550677
9.148000000000369	0.142762634275824	-0.2885795349294651
9.149000000000369	0.1424742677012746	-0.2881524913003123
9.150000000000368	0.1421863121722952	-0.2877574453439329
9.151000000000368	0.1418987372929461	-0.2873911934756282
9.152000000000367	0.1416070408295819	-0.2960005972768893
9.153000000000366	0.141308279924345	-0.3015200496606415
9.154000000000366	0.1410039943565831	-0.3070499007597114
9.155000000000365	0.140694523201317	-0.311891204420337
9.156000000000365	0.1403804334478399	-0.3162870791388691
9.157000000000364	0.1400621701249091	-0.3202383270160243
9.158000000000364	0.139740150252588	-0.323800163230346
9.159000000000363	0.139414745206295	-0.3270086617154408
9.160000000000363	0.1390862903883123	-0.3298996946704301
9.161000000000362	0.1387550875472565	-0.3325046970963447
9.162000000000361	0.1384214084615619	-0.3348521742404782
9.163000000000361	0.138089972736684	-0.3280179841436001
9.16400000000036	0.1377639190112917	-0.3240881961810013
9.16500000000036	0.1374418838486594	-0.3199808742253307
9.166000000000359	0.1371236870220059	-0.3164115391254086
9.167000000000359	0.136808904643763	-0.3131519906558729
9.168000000000358	0.1364972206138649	-0.3102148544577372
9.169000000000358	0.1361883340839471	-0.3075570015461623
9.170000000000357	0.1358819783677661	-0.3051532367974358
9.171000000000356	0.1355779124167124	-0.302977480166125
9.172000000000356	0.1352759195326689	-0.301007110808643
9.173000000000355	0.1349758046136287	-0.2992215574316417
9.174000000000355	0.1346773920736756	-0.2976023592228213
9.175000000000354	0.134380523871255	-0.2961328883402585
9.176000000000354	0.1340850577595425	-0.2947981832259811
9.177000000000353	0.1337908657055491	-0.2935847778234192
9.178000000000353	0.1334978324688733	-0.2924805530634659
9.179000000000352	0.1332058543221913	-0.2914746019045928
9.180000000000351	0.132914837899797	-0.2905571081932642
9.181000000000351	0.1326246991612655	-0.2897192375572728
9.18200000000035	0.1323353624587575	-0.288953039230023
9.18300000000035	0.1320467596975938	-0.2882513576873397
9.184000000000349	0.1317588295807741	-0.2876077531218792
9.185000000000349	0.1314670420480678	-0.2959661743742263
9.186000000000348	0.1311684291822822	-0.3012583926176113
9.187000000000348	0.1308645081941454	-0.3065823983280686
9.188000000000347	0.1305555978317767	-0.3112371215734434
9.189000000000346	0.1302422467752063	-0.3154637693617363
9.190000000000346	0.129924883559889	-0.3192614233669153
9.191000000000345	0.1296039103470377	-0.3226837502965029
9.192000000000345	0.1292796851243138	-0.3257654303735947
9.193000000000344	0.128952531230313	-0.3285410813715958
9.194000000000344	0.1286227395417153	-0.3310410092224761
9.195000000000343	0.1282905720376784	-0.3332927029257972
9.196000000000343	0.1279562646088754	-0.3353208503499376
9.197000000000342	0.127620029685346	-0.3371476848015544
9.198000000000341	0.1272820585766435	-0.3387932138649724
9.199000000000341	0.1269469984651737	-0.3313257016384827
9.20000000000034	0.1266179227875117	-0.32682436954658
9.20100000000034	0.1262934094087532	-0.3222011215821917
9.202000000000339	0.1259732252563107	-0.3181659337578295
9.203000000000339	0.1256568988643589	-0.3144856156063136
9.204000000000338	0.12534407129539	-0.311168301398532
9.205000000000338	0.1250344031304507	-0.3081668198303396
9.206000000000337	0.1247275929529709	-0.3054523375883598
9.207000000000336	0.1244233684403502	-0.3029955001586784
9.208000000000336	0.1241214847312811	-0.3007707395776497
9.209000000000335	0.1238217213603847	-0.2987548320460952
9.210000000000335	0.1235238798983072	-0.2969269293990185
9.211000000000334	0.1232277817280941	-0.2952682550800296
9.212000000000334	0.1229332660688528	-0.2937619135914865
9.213000000000333	0.1226401881908199	-0.2923926982348626
9.214000000000333	0.1223484178104809	-0.2911469232674309
9.215000000000332	0.1220578376457896	-0.2900122715459406
9.216000000000331	0.1217683421159642	-0.288977657730237
9.217000000000331	0.1214753612903142	-0.2969828495455126
9.21800000000033	0.1211758913533847	-0.3019558549084648
9.21900000000033	0.1208714171927973	-0.3069912772766241
9.220000000000329	0.1205622284512776	-0.3113849983172803
9.221000000000329	0.1202488475994909	-0.3153754813935128
9.222000000000328	0.1199316795700365	-0.3189593388149807
9.223000000000328	0.1196111052672145	-0.3221880147777197
9.224000000000327	0.1192874635332046	-0.3250941891612158
9.225000000000326	0.1189610604614929	-0.3277106793466725
9.226000000000326	0.1186321713940663	-0.3300661708304485
9.227000000000325	0.1183010443148477	-0.3321866941377467
9.228000000000325	0.1179679025048696	-0.3340956244280364
9.229000000000324	0.1176329470316479	-0.3358140134882927
9.230000000000324	0.1172963589646984	-0.3373608054537848
9.231000000000323	0.1169583013757354	-0.3387530517215793
9.232000000000323	0.116618921137298	-0.3400060991823675
9.233000000000322	0.1162783505419063	-0.3411337609264768
9.234000000000322	0.1159411836401701	-0.3331987251180256
9.235000000000321	0.1156104460338659	-0.3282751951337492
9.23600000000032	0.1152846725205061	-0.3232705585779638
9.23700000000032	0.1149635912505421	-0.3188907266307168
9.238000000000319	0.1146466958428342	-0.3148988503776488
9.239000000000319	0.1143335959201389	-0.3112997713935091
9.240000000000318	0.1140239237518822	-0.3080433548533579
9.241000000000318	0.1137173524252697	-0.3050981001814606
9.242000000000317	0.1134135866554285	-0.30243225223446
9.243000000000317	0.1131123608994269	-0.3000180823892917
9.244000000000316	0.112813436062939	-0.2978304221607596
9.245000000000315	0.1125165969351653	-0.2958466730742953
9.246000000000315	0.1122216497805489	-0.2940464832031216
9.247000000000314	0.1119284201962452	-0.2924115391248579
9.248000000000314	0.1116367511776158	-0.2909253579177051
9.249000000000313	0.1113465013787306	-0.2895731051473641
9.250000000000313	0.1110530686654762	-0.2972911741753624
9.251000000000312	0.1107534202247473	-0.3020045357571103
9.252000000000312	0.1104490148318795	-0.3068050598152245
9.253000000000311	0.110140118614214	-0.3109861677529593
9.25400000000031	0.1098272328643299	-0.3147841086117708
9.25500000000031	0.1095107434403911	-0.3181935017286196
9.256000000000309	0.1091910140656314	-0.3212639975410926
9.257000000000309	0.1088683681052797	-0.3240266614634019
9.258000000000308	0.1085430977096568	-0.3265128577756505
9.259000000000308	0.1082154656580745	-0.328749964101177
9.260000000000307	0.1078857086143029	-0.3307628337977591
9.261000000000307	0.1075540396575736	-0.3325737824927999
9.262000000000306	0.1072206506601996	-0.3342029083133543
9.263000000000305	0.1068857144025125	-0.3356682970200272
9.264000000000305	0.1065493864825408	-0.3369862273922752
9.265000000000304	0.1062118070331651	-0.3381713508848542
9.266000000000304	0.1058731022679529	-0.3392368546159876
9.267000000000303	0.1055333858723142	-0.3401946077324357
9.268000000000303	0.1051927602555717	-0.3410552932191193
9.269000000000302	0.1048557925587699	-0.3328787821135845
9.270000000000302	0.1045254841503564	-0.3277367424493282
9.271000000000301	0.1042003480031277	-0.3225342799356625
9.2720000000003	0.1038800926106716	-0.3179752519574501
9.2730000000003	0.1035641938861375	-0.3138209610963901
9.274000000000299	0.1032522455026976	-0.3100745851855566
9.275000000000299	0.1029438653607952	-0.3066844919448301
9.276000000000298	0.102638713601282	-0.3036178330015182
9.277000000000298	0.1023364832733846	-0.3008416401080968
9.278000000000297	0.1020368983207652	-0.2983270927612288
9.279000000000297	0.1017397101730231	-0.2960480396973326
9.280000000000296	0.1014446950769684	-0.2939809978555313
9.281000000000295	0.1011516515950553	-0.2921048190959848
9.282000000000295	0.1008559234979498	-0.2993502176989917
9.283000000000294	0.1005544292730007	-0.3036370521800412
9.284000000000294	0.10024858385258	-0.3080525915753871
9.285000000000293	0.099938613891979	-0.3118861163596305
9.286000000000293	0.09962498514564946	-0.3153701486730053
9.287000000000292	0.09930805147423205	-0.3184959535599478
9.288000000000292	0.09898814779005952	-0.3213101625177223
9.289000000000291	0.09866557151549762	-0.3238411238364816
9.29000000000029	0.09834059143931548	-0.326117756307461
9.29100000000029	0.09801344930253048	-0.3281652365370383
9.292000000000289	0.09768436282162694	-0.3300064368910633
9.293000000000289	0.09735352801053469	-0.331661890027836
9.294000000000288	0.09702112137012686	-0.3331500893261524
9.295000000000288	0.09668730183384712	-0.3344876761974193
9.296000000000287	0.09635221252500765	-0.3356896294313521
9.297000000000287	0.09601598233680358	-0.3367694304167782
9.298000000000286	0.09567872735471855	-0.3377392131377285
9.299000000000285	0.09534055213659591	-0.3386098988456355
9.300000000000285	0.09500155086473058	-0.3393913173453754
9.301000000000284	0.09466180838274903	-0.3400923161324491
9.302000000000284	0.0943214011288062	-0.3407208586215157
9.303000000000283	0.09398039797546581	-0.3412841125508132
9.304000000000283	0.09364333586653664	-0.3328387851916659
9.305000000000282	0.09331318897877965	-0.3274536972496523
9.306000000000282	0.09298844579830386	-0.3220313917547472
9.307000000000281	0.0926687927666057	-0.3172734195937555
9.30800000000028	0.09235368593596292	-0.3129390074145786
9.30900000000028	0.09204270109086003	-0.3090294646245365
9.310000000000279	0.09173544001810278	-0.3054914772754252
9.311000000000279	0.09143154834253607	-0.3022906834087405
9.312000000000278	0.09113070603533066	-0.2993927524655721
9.313000000000278	0.09083262525633345	-0.2967676377785539
9.314000000000277	0.09053257193529037	-0.303337828797764
9.315000000000277	0.09022739450534205	-0.3070158354815896
9.316000000000276	0.08991844483259315	-0.310882299586492
9.317000000000276	0.08960589280034535	-0.314220540331447
9.318000000000275	0.089290153054726	-0.3172577138052429
9.319000000000274	0.08897153344574323	-0.319980255739217
9.320000000000274	0.08865032746301872	-0.3224304511188092
9.321000000000273	0.08832679523543334	-0.3246327363096575
9.322000000000273	0.08800117197464678	-0.3266125092908865
9.323000000000272	0.08767366918938289	-0.3283917778623344
9.324000000000272	0.08734447737424267	-0.3299905623875871
9.325000000000271	0.08701376803071791	-0.3314268286470796
9.326000000000271	0.08668169558582024	-0.3327167597539299
9.32700000000027	0.08634839909392614	-0.3338749178051459
9.328000000000269	0.0860140037746706	-0.3349144101324856
9.329000000000269	0.08567862239549739	-0.3358470337379144
9.330000000000268	0.08534235651634665	-0.3366834065828819
9.331000000000268	0.08500529760977954	-0.337433085424391
9.332000000000267	0.08466752806911788	-0.3381046719485218
9.333000000000267	0.08432912211576694	-0.3387059082703481
9.334000000000266	0.08399014661581053	-0.3392437628889334
9.335000000000266	0.08365066181494929	-0.3397245080455672
9.336000000000265	0.08331072199994846	-0.3401537893465019
9.337000000000264	0.08297037609394382	-0.3405366884233437
9.338000000000264	0.08263414307315226	-0.3319280350067897
9.339000000000263	0.08230498093038256	-0.326394960064414
9.340000000000263	0.08198136357307677	-0.3208384857829549
9.341000000000262	0.08166296430891104	-0.3159587942092412
9.342000000000262	0.08134922735678302	-0.3115138799551328
9.343000000000261	0.08103971783827375	-0.3075039435156797
9.344000000000261	0.08073402793079409	-0.3038746728422167
9.34500000000026	0.08043179459803088	-0.3005908076067673
9.346000000000259	0.08012821512255874	-0.306566952952658
9.347000000000259	0.07982007638163141	-0.3097093206098687
9.348000000000258	0.07950867476855519	-0.3130926844256008
9.349000000000258	0.07919413024346902	-0.3159951322745365
9.350000000000257	0.07887681250539202	-0.3186390995010323
9.351000000000257	0.07855698894041976	-0.3210067762067561
9.352000000000256	0.07823491660804359	-0.3231366254580492
9.353000000000256	0.07791082283778375	-0.3250496440143316
9.354000000000255	0.07758491330963257	-0.3267681340871534
9.355000000000254	0.07725737294166189	-0.3283113172246372
9.356000000000254	0.07692836828480289	-0.3296967060880127
9.357000000000253	0.07659804927923526	-0.3309400094538643
9.358000000000253	0.07626655093485259	-0.3320553790594496
9.359000000000252	0.07593399481876001	-0.3330555486916308
9.360000000000252	0.07560049040025504	-0.3339519801313898
9.361000000000251	0.07526613625975595	-0.3347549893136507
9.362000000000251	0.07493102117722927	-0.3354738611684674
9.36300000000025	0.07459522511168026	-0.3361169526538171
9.364000000000249	0.07425882008272139	-0.3366917855661757
9.365000000000249	0.07392187096398077	-0.3372051300497822
9.366000000000248	0.07358443619717407	-0.3376630797600463
9.367000000000248	0.07324656843477174	-0.3380711195093569
9.368000000000247	0.07290831511840234	-0.3384341861486332
9.369000000000247	0.07256971899941843	-0.3387567233606491
9.370000000000246	0.07223081860740853	-0.3390427309740527
9.371000000000246	0.07189164867186085	-0.3392958093459872
9.372000000000245	0.07155671538258782	-0.330569455015886
9.373000000000244	0.0712289652125063	-0.3249295991169407
9.374000000000244	0.07090686168904115	-0.3192761839102511
9.375000000000243	0.07059006876582294	-0.314308419433127
9.376000000000243	0.07027802223115197	-0.3097834254133403
9.377000000000242	0.06997027960719135	-0.3057006148749807
9.378000000000242	0.069661951339147	-0.3109547112564939
9.379000000000241	0.06934974996976001	-0.3134468023347372
9.380000000000241	0.06903490402158741	-0.3162438584225885
9.38100000000024	0.06871747259850319	-0.3186177419842512
9.382000000000239	0.06839777055716284	-0.3207850859962996
9.383000000000239	0.06807601592866962	-0.3227229082066707
9.384000000000238	0.06775242133753367	-0.3244650040325232
9.385000000000238	0.06742717411104746	-0.3260281723929299
9.386000000000237	0.067100443915356	-0.3274309365943508
9.387000000000237	0.06677238324458837	-0.3286891172948974
9.388000000000236	0.066443129456644	-0.3298171662364019
9.389000000000236	0.06611280620657865	-0.3308280373106731
9.390000000000235	0.06578152483634364	-0.3317334027864292
9.391000000000234	0.06544938560063569	-0.3325437648606782
9.392000000000234	0.06511647877639284	-0.3332685768146909
9.393000000000233	0.06478288565978645	-0.3339163468653219
9.394000000000233	0.06444867946390571	-0.3344947329282511
9.395000000000232	0.06411392612657918	-0.3350106275806996
9.396000000000232	0.06377868503744077	-0.335470234608918
9.397000000000231	0.06344300969228586	-0.3358791378806766
9.398000000000231	0.06310694828199573	-0.3362423633355763
9.39900000000023	0.06277054422257175	-0.3365644347750701
9.40000000000023	0.06243383663216884	-0.3368494240738062
9.401000000000229	0.062096860760428	-0.3371009963697648
9.402000000000228	0.06175964837487817	-0.3373224507354094
9.403000000000228	0.06142222810870045	-0.3375167567817259
9.404000000000227	0.06108462577371832	-0.3376865876018667
9.405000000000227	0.06074686464209137	-0.3378343494204392
9.406000000000226	0.06041344058076023	-0.3290124640132016
9.407000000000226	0.06008729076078202	-0.3232858952522021
9.408000000000225	0.05976687032665059	-0.3175537147927038
9.409000000000225	0.05944736079526314	-0.3214640933171219
9.410000000000224	0.05912527290058908	-0.3227104312169539
9.411000000000223	0.05880171995453193	-0.3243941903058874
9.412000000000223	0.05847664075503539	-0.3257629320777406
9.413000000000222	0.05815024602206954	-0.3270252520538856
9.414000000000222	0.05782265901458281	-0.3281474764127724
9.415000000000221	0.05749400730982387	-0.3291546423924844
9.416000000000221	0.05716440161616428	-0.3300554504429737
9.41700000000022	0.0568339426474227	-0.3308611891808063
9.41800000000022	0.05650272082515378	-0.3315811544770909
9.419000000000219	0.05617081763158933	-0.3322239290713375
9.420000000000218	0.05583830642213609	-0.3327971838422477
9.421000000000218	0.05550525325789698	-0.333307836490115
9.422000000000217	0.05517171762962911	-0.3337621099805023
9.423000000000217	0.05483775311563561	-0.3341656062326354
9.424000000000216	0.05450340797228898	-0.33452336716758
9.425000000000216	0.05416872566589988	-0.3348399309692328
9.426000000000215	0.05383374535130241	-0.3351193823898689
9.427000000000215	0.05349850230260789	-0.3353653981074666
9.428000000000214	0.05316302830087951	-0.3355812875267284
9.429000000000213	0.05282735198304313	-0.3357700295051519
9.430000000000213	0.05249149915590912	-0.3359343054052155
9.431000000000212	0.05215549307879418	-0.3360765288416744
9.432000000000212	0.0518193547178834	-0.3361988724540554
9.433000000000211	0.05148310297515826	-0.3363032920019294
9.434000000000211	0.05114675489443414	-0.3363915480506607
9.43500000000021	0.05081032584679626	-0.3364652254885903
9.43600000000021	0.05047382969749434	-0.3365257510925094
9.437000000000209	0.05013727895614993	-0.3365744093365939
9.438000000000208	0.04980068491194532	-0.3366123566204536
9.439000000000208	0.04946853263620835	-0.3276908898309054
9.440000000000207	0.04914374957302244	-0.3218739604511603
9.441000000000207	0.0488203072207954	-0.3250094731606388
9.442000000000206	0.0484949358349387	-0.3257320201108066
9.443000000000206	0.04816861920326691	-0.3268999610564943
9.444000000000205	0.04784126129788952	-0.3278145634103341
9.445000000000205	0.04751302104882484	-0.3286646449438506
9.446000000000204	0.04718398020128978	-0.3294157571850237
9.447000000000203	0.04685422768257427	-0.3300879844881539
9.448000000000203	0.04652383972450711	-0.3306866333712839
9.449000000000202	0.0461928859215827	-0.3312196719591178
9.450000000000202	0.04586142869730706	-0.3316934740755637
9.451000000000201	0.04552952432015233	-0.3321139759402619
9.452000000000201	0.04519722344392059	-0.3324864706516952
9.4530000000002	0.04486457168755693	-0.3328157348055616
9.4540000000002	0.04453161013361636	-0.3331060645685162
9.455000000000199	0.04419837578272683	-0.3333613276119736
9.456000000000198	0.0438649019611481	-0.3335850049864981
9.457000000000198	0.04353121868794164	-0.3337802300250665
9.458000000000197	0.04319735300533446	-0.3339498230519874
9.459000000000197	0.0428633292760713	-0.3340963226969295
9.460000000000196	0.042529169451028	-0.3342220140585585
9.461000000000196	0.04219489331006696	-0.3343289540565669
9.462000000000195	0.04186051867880872	-0.3344189942473209
9.463000000000195	0.04152606162372846	-0.3344938013582472
9.464000000000194	0.04119153662774484	-0.334554875768715
9.465000000000193	0.04085695674825199	-0.3346035681428554
9.466000000000193	0.04052233375935024	-0.3346410943991034
9.467000000000192	0.04018767827985573	-0.3346685491827932
9.468000000000192	0.03985299988851115	-0.334686917991503
9.469000000000191	0.03951830722767721	-0.3346970880878725
9.470000000000191	0.03918360809665702	-0.334699858321147
9.47100000000019	0.03884890953568997	-0.334695947966575
9.47200000000019	0.03851421790154811	-0.334686004680874
9.473000000000189	0.03817953893557487	-0.3346706116621582
9.474000000000188	0.03784487782492182	-0.3346502940938808
9.475000000000188	0.03751023925766363	-0.3346255249443904
9.476000000000187	0.03717562747240349	-0.3345967301865403
9.477000000000187	0.03684104630291987	-0.3345642934953441
9.478000000000186	0.03650649921835047	-0.3345285604758744
9.479000000000186	0.03617198935935968	-0.3344898424683792
9.480000000000185	0.03583751957069119	-0.3344484199728953
9.481000000000185	0.03550309243046714	-0.3344045457314078
9.482000000000184	0.03516871027655925	-0.3343584475018018
9.483000000000184	0.03483437523032473	-0.3343103305544274
9.484000000000183	0.03450008921797032	-0.3342603799190155
9.485000000000182	0.03416585398978192	-0.3342087624069104
9.486000000000182	0.03383167113743294	-0.3341556284310871
9.487000000000181	0.0334975421095637	-0.3341011136441745
9.488000000000181	0.03316346822580472	-0.3340453404126847
9.48900000000018	0.03282945068939941	-0.3339884191438271
9.49000000000018	0.03249549059856634	-0.3339304494796485
9.491000000000179	0.03216158895672707	-0.3338715213717678
9.492000000000179	0.03182774668171297	-0.3338117160486447
9.493000000000178	0.03149396461405307	-0.3337511068861293
9.494000000000177	0.031160243524435	-0.3336897601909649
9.495000000000177	0.03082658412042146	-0.3336277359059479
9.496000000000176	0.03049298705249692	-0.3335650882445799
9.497000000000176	0.03015945291951128	-0.3335018662622618
9.498000000000175	0.02982598227358096	-0.333438114370377
9.499000000000175	0.02949257562450159	-0.3333738727989733
9.500000000000174	0.02915923344372111	-0.3333091780131845
9.501000000000174	0.02882595616791735	-0.3332440630880179
9.502000000000173	0.02849274420221945	-0.33317855804567
9.503000000000172	0.02815959792310894	-0.3331126901591189
9.504000000000172	0.02782651768103227	-0.3330464842253648
9.505000000000171	0.02748902892184867	-0.3419297070250079
9.506000000000171	0.02714868858883064	-0.3387496206684319
9.50700000000017	0.0268099771417237	-0.3386719415959329
9.50800000000017	0.02647169192723816	-0.3378971570896707
9.509000000000169	0.02613405911620232	-0.3373671372501822
9.510000000000169	0.02579695518932954	-0.3368393908316822
9.511000000000168	0.02546035074516433	-0.3363681737877716
9.512000000000167	0.02512419889544848	-0.3359342037014659
9.513000000000167	0.02478846255742723	-0.3355371520214492
9.514000000000166	0.02445310708817468	-0.335172467650914
9.515000000000166	0.02411810163633465	-0.3348371185621
9.516000000000165	0.02378341836381283	-0.3345281102709
9.517000000000165	0.02344903224393649	-0.3342428144292685
9.518000000000164	0.02311492075516203	-0.3339788491369133
9.519000000000164	0.02278106363656745	-0.3337340750597435
9.520000000000163	0.02244744266001	-0.3335065659813628
9.521000000000162	0.02211404142701607	-0.3332945887871119
9.522000000000162	0.02178084518549705	-0.3330965838280629
9.523000000000161	0.02144784066491687	-0.3329111476539677
9.524000000000161	0.02111501592791378	-0.3327370173715991
9.52500000000016	0.0207823602367692	-0.3325730565925916
9.52600000000016	0.02044986393322926	-0.3324182427801747
9.527000000000159	0.0201175183303461	-0.3322716558628231
9.528000000000159	0.01978531561513658	-0.3321324679861531
9.529000000000158	0.01945324876097649	-0.3319999342897362
9.530000000000157	0.01912131144875689	-0.3318733846062134
9.531000000000157	0.01878949799592634	-0.3317522159905117
9.532000000000156	0.01845780329263029	-0.3316358859961446
9.533000000000156	0.01812622274423806	-0.3315239066238897
9.534000000000155	0.01779475221961854	-0.3314158388756062
9.535000000000155	0.01746338800458986	-0.3313112878526769
9.536000000000154	0.0171321267600254	-0.3312098983446138
9.537000000000154	0.01679649060324767	-0.3400610950640959
9.538000000000153	0.01645355859309486	-0.3458015763905374
9.539000000000152	0.01610936511642811	-0.3425840231226002
9.540000000000152	0.01576718524654278	-0.3417743707404196
9.541000000000151	0.01542604002279372	-0.3405147349124331
9.542000000000151	0.01508602984831578	-0.3395042766556786
9.54300000000015	0.01474699976105259	-0.3385545643311771
9.54400000000015	0.01440887161665156	-0.3377003944724126
9.545000000000149	0.01407155975775873	-0.3369219965191185
9.546000000000149	0.01373499092410873	-0.3362143469031059
9.547000000000148	0.01339909822370186	-0.3355697326862976
9.548000000000147	0.01306382169283489	-0.3349820102410527
9.549000000000147	0.01272910730388916	-0.3344454510492348
9.550000000000146	0.01239490644633857	-0.333954949465152
9.551000000000146	0.01206117536617451	-0.3335058981186441
9.552000000000145	0.01172787468475654	-0.333094153660668
9.553000000000145	0.01139496895993867	-0.332715986466905
9.554000000000144	0.01106242629254419	-0.332368040237054
9.555000000000144	0.0107302179718294	-0.3320472944178963
9.556000000000143	0.01039831815649354	-0.3317510306880874
9.557000000000142	0.01006670358756616	-0.3314768027184823
9.558000000000142	0.009735353330012781	-0.3312224089754311
9.559000000000141	0.009404248540179835	-0.330985868239003
9.560000000000141	0.009073372256496719	-0.3307653975705828
9.56100000000014	0.008742709211108849	-0.3305593924834164
9.56200000000014	0.008412245660348672	-0.330366409096184
9.563000000000139	0.008081969232160839	-0.3301851480712026
9.564000000000139	0.00775186878878609	-0.3300144401588208
9.565000000000138	0.007421934303178008	-0.3298532331873782
9.566000000000138	0.00709215674777932	-0.329700580354177
9.567000000000137	0.006762527994421797	-0.3295556296873615
9.568000000000136	0.00643304072423739	-0.329417614561617
9.569000000000136	0.006099213465677429	-0.3382355893632468
9.570000000000135	0.005758122040552203	-0.3439459191139262
9.571000000000135	0.005411323034506805	-0.3496507287486121
9.572000000000134	0.005063645523706975	-0.3457029251643812
9.573000000000134	0.004718588343133813	-0.3444100786006968
9.574000000000133	0.004375046827431473	-0.3426716013828444
9.575000000000133	0.004033089994492855	-0.3412407193050486
9.576000000000132	0.00369251419197821	-0.339909545965749
9.577000000000131	0.003353202554626198	-0.3387123939510857
9.578000000000131	0.003015033291771036	-0.3376248014644214
9.57900000000013	0.002677900934678789	-0.336638586502898
9.58000000000013	0.002341709516369578	-0.3357429275986391
9.581000000000129	0.002006372918064062	-0.3349289498571797
9.582000000000129	0.001671813560107514	-0.3341884499573448
9.583000000000128	0.00133796162895422	-0.3335140990328337
9.584000000000128	0.001004754280183659	-0.3328992877269701
9.585000000000127	0.0006721349465296353	-0.3323380711124727
9.586000000000126	0.000340052708780285	-0.331825098030177
9.587000000000126	8.461731170726909e-06	-0.3313555527652763
9.588000000000125	-0.0003226792471577932	-0.3309251012383196
9.589000000000125	-0.0006534073697447864	-0.3305298429064668
9.590000000000124	-0.0009837560746623472	-0.3301662673923014
9.591000000000124	-0.001313755465174564	-0.3298312154703449
9.592000000000123	-0.001643432643331476	-0.3295218439497826
9.593000000000123	-0.0019728120102022	-0.3292355940702089
9.594000000000122	-0.002301915536083798	-0.3289701630574817
9.595000000000121	-0.002630763003688196	-0.3287234785240787
9.596000000000121	-0.002959372227009391	-0.3284936754294031
9.59700000000012	-0.003287759248302903	-0.3282790753440697
9.59800000000012	-0.003615938515366267	-0.3280781677877673
9.599000000000119	-0.003943923041090463	-0.3278895934333403
9.600000000000119	-0.004271724547055194	-0.3277121289904683
9.601000000000118	-0.004603828473665571	-0.3364944178016114
9.602000000000118	-0.004943162577452552	-0.3421724549037085
9.603000000000117	-0.005288173499604559	-0.3478480322025562
9.604000000000116	-0.005638509955291719	-0.3528235010270598
9.605000000000116	-0.005989119097056721	-0.3483934032882824
9.606000000000115	-0.006336627785266431	-0.3466226061157924
9.607000000000115	-0.006682172061379629	-0.3444645868257682
9.608000000000114	-0.00702573158885255	-0.3426531166458547
9.609000000000114	-0.007367548732187543	-0.3409798254072361
9.610000000000113	-0.007707776481384522	-0.3394743346254401
9.611000000000113	-0.008046568827163909	-0.3381090242220167
9.612000000000112	-0.008384060304972924	-0.3368726038055479
9.613000000000111	-0.008720373028736685	-0.3357515207721097
9.614000000000111	-0.009055616661265781	-0.3347344255455511
9.61500000000011	-0.009389889977346848	-0.3338108916969509
9.61600000000011	-0.009723281873158829	-0.3329715884787056
9.617000000000109	-0.01005587237407112	-0.332208105054219
9.618000000000109	-0.0103877335168341	-0.3315128750534678
9.619000000000108	-0.0107189301497554	-0.3308790879892828
9.620000000000108	-0.01104952065130655	-0.3303006147020713
9.621000000000107	-0.0113795575772558	-0.3297719389677742
9.622000000000106	-0.0117090882429899	-0.3292880962680529
9.623000000000106	-0.01203815524762706	-0.3288446186027206
9.624000000000105	-0.01236679694571171	-0.3284374848411185
9.625000000000105	-0.01269504787174047	-0.3280630760333144
9.626000000000104	-0.01302293912223432	-0.3277181351914474
9.627000000000104	-0.01335049869960275	-0.3273997310926282
9.628000000000103	-0.01367775182162075	-0.327105225701633
9.629000000000103	-0.01400472119995716	-0.3268322448513138
9.630000000000102	-0.01433142729084949	-0.3265786518549769
9.631000000000101	-0.01465788852071034	-0.3263425237575276
9.632000000000101	-0.01498412148917247	-0.3261221299615059
9.6330000000001	-0.01531461603273131	-0.3348656571948755
9.6340000000001	-0.01565230387021027	-0.3405086895145694
9.635000000000099	-0.01599563521463957	-0.3461526489047801
9.636000000000099	-0.01634426200158483	-0.3510995537253094
9.637000000000098	-0.01669760916854533	-0.3555933903764681
9.638000000000098	-0.017050749557088	-0.3506859977111795
9.639000000000097	-0.01740034139740167	-0.3484963078840997
9.640000000000096	-0.01774756940604615	-0.3459583436786263
9.641000000000096	-0.01809245195242622	-0.3438053925888548
9.642000000000095	-0.01843526751960232	-0.3418243934089092
9.643000000000095	-0.01877620129148201	-0.3400418094059339
9.644000000000094	-0.0191154363193854	-0.3384269121462299
9.645000000000094	-0.01945313327962457	-0.3369656801355319
9.646000000000093	-0.01978943782410871	-0.3356420861213248
9.647000000000093	-0.02012448080476614	-0.3344425574527055
9.648000000000092	-0.02045838007303552	-0.333354665852345
9.649000000000092	-0.02079124170009631	-0.3323672791255188
9.650000000000091	-0.02112316117488647	-0.3314703650255929
9.65100000000009	-0.0214542244573692	-0.3306548978871479
9.65200000000009	-0.02178450893270839	-0.3299127538107435
9.653000000000089	-0.02211408426846715	-0.3292366215245995
9.654000000000089	-0.02244301318647544	-0.328619920861483
9.655000000000088	-0.02277135215741282	-0.3280567297125145
9.656000000000088	-0.02309915202595679	-0.3275417182044599
9.657000000000087	-0.02342645857340934	-0.3270700894795778
9.658000000000087	-0.02375331302406196	-0.3266375263924172
9.659000000000086	-0.02407975250092291	-0.3262401435382065
9.660000000000085	-0.02440581043587142	-0.3258744440780909
9.661000000000085	-0.02473151693879565	-0.325537280881929
9.662000000000084	-0.02505689912981639	-0.3252258215567947
9.663000000000084	-0.02538198143828761	-0.3249375169726372
9.664000000000083	-0.02570678587189647	-0.3246700729353786
9.665000000000083	-0.02603133225885264	-0.3244214246927053
9.666000000000082	-0.026360113346763	-0.3331394582017075
9.667000000000082	-0.02669606347982583	-0.3387594868170649
9.668000000000081	-0.02703763523926196	-0.3443826888537006
9.66900000000008	-0.02738448269732205	-0.3493108633314606
9.67000000000008	-0.02773603271979849	-0.3537877992073695
9.671000000000079	-0.02808735988895903	-0.3488651575894484
9.672000000000079	-0.02843512400679938	-0.3466617105914337
9.673000000000078	-0.02878051120962545	-0.3441113369209162
9.674000000000078	-0.02912354114969727	-0.3419471943655712
9.675000000000077	-0.02946449346968996	-0.339956104945618
9.676000000000077	-0.02980355440217149	-0.3381644267938066
9.677000000000076	-0.0301409079472256	-0.3365413368177989
9.678000000000075	-0.03047671563998345	-0.3350727282930752
9.679000000000075	-0.03081112391018571	-0.3337424972226119
9.680000000000074	-0.03114426431466626	-0.3325370018483654
9.681000000000074	-0.03147625534409895	-0.3314437516596935
9.682000000000073	-0.03180720364975831	-0.3304515584151952
9.683000000000073	-0.03213720524741471	-0.3295503393897246
9.684000000000072	-0.03246634657589088	-0.3287310234508879
9.685000000000072	-0.03279470545599852	-0.3279854457428421
9.686000000000071	-0.03312235195202187	-0.3273062580971046
9.68700000000007	-0.03344934914744224	-0.3266868471036565
9.68800000000007	-0.03377575384299205	-0.3261212606995395
9.689000000000069	-0.03410161718492751	-0.3256041420174602
9.690000000000069	-0.03442698523046736	-0.325130669869817
9.691000000000068	-0.03475189945668886	-0.3246965051792578
9.692000000000068	-0.03507639721853331	-0.3242977427674525
9.693000000000067	-0.03540051216101071	-0.3239308679646741
9.694000000000067	-0.0357242745901834	-0.3235927175585046
9.695000000000066	-0.03604771180705096	-0.323280444647653
9.696000000000065	-0.03637084840804616	-0.3229914870104005
9.697000000000065	-0.03669370655548083	-0.3227235386362021
9.698000000000064	-0.03701630622094679	-0.3224745241041331
9.699000000000064	-0.03734314028528408	-0.3311923197481975
9.700000000000063	-0.03767714321678977	-0.3368122302755159
9.701000000000063	-0.03801676771255574	-0.3424354261869658
9.702000000000062	-0.03836166795326357	-0.3473636994378244
9.703000000000062	-0.03871127090640956	-0.3518408325954194
9.704000000000061	-0.03906512613078462	-0.3558682251996097
9.70500000000006	-0.03941833688042196	-0.3505518856724992
9.70600000000006	-0.03976760920251646	-0.3479913856141412
9.707000000000059	-0.04011416575073935	-0.3451203486231729
9.708000000000059	-0.04045806032452446	-0.3426674472207078
9.709000000000058	-0.04079960298455647	-0.3404165303801364
9.710000000000058	-0.04113900742405088	-0.3383910145685141
9.711000000000057	-0.04147648234236365	-0.3365574956193804
9.712000000000057	-0.04181221151354893	-0.3348995271935897
9.713000000000056	-0.04214636138569068	-0.3333989037580289
9.714000000000055	-0.04247908153696633	-0.3320400910991194
9.715000000000055	-0.04281050668166926	-0.3308088957207383
9.716000000000054	-0.04314075807680434	-0.3296925965949584
9.717000000000054	-0.04346994488771304	-0.328679731470411
9.718000000000053	-0.04379816539221751	-0.3277599876026786
9.719000000000053	-0.04412550807057853	-0.3269240826519207
9.720000000000052	-0.04445205258490044	-0.3261636626797972
9.721000000000052	-0.04477787066098449	-0.3254712090496538
9.722000000000051	-0.04510302688189925	-0.3248399549608965
9.72300000000005	-0.04542757940221804	-0.3242638102488921
9.72400000000005	-0.04575158059082626	-0.3237372937251364
9.725000000000049	-0.04607507760944915	-0.3232554722783439
9.726000000000049	-0.04639811293332621	-0.3228139060666958
9.727000000000048	-0.04672072481981789	-0.3224085991905489
9.728000000000048	-0.0470429477301514	-0.3220359552979549
9.729000000000047	-0.04736481270899161	-0.3216927376296097
9.730000000000047	-0.04768634772605457	-0.3213760330593158
9.731000000000046	-0.0480075779835595	-0.3210832197303986
9.732000000000046	-0.04833300107384721	-0.329761682169727
9.733000000000045	-0.04866555570951484	-0.3353462824892505
9.734000000000044	-0.04900369841147767	-0.3409377928251562
9.735000000000044	-0.04934708680577737	-0.3458376465744712
9.736000000000043	-0.04969515096462478	-0.3502893035724759
9.737000000000043	-0.05004744324491438	-0.3542938728706155
9.738000000000042	-0.05039906942279936	-0.3489571014046689
9.739000000000042	-0.05074673781913322	-0.3463783253421046
9.740000000000041	-0.05109167313756435	-0.3434909563607635
9.741000000000041	-0.05143393102616462	-0.3410234762229337
9.74200000000004	-0.05177382321302019	-0.3387595621888434
9.743000000000039	-0.05211156489560528	-0.3367224761537412
9.744000000000039	-0.05244736613067618	-0.3348786748067386
9.745000000000038	-0.05278141191748512	-0.3332115865490836
9.746000000000038	-0.05311386981030253	-0.3317028930845669
9.747000000000037	-0.0534448903863526	-0.3303369586835421
9.748000000000037	-0.05377460926252038	-0.3290994984563118
9.749000000000036	-0.05410314851156396	-0.3279777090917818
9.750000000000036	-0.05443061803639444	-0.3269600542549468
9.751000000000035	-0.05475711678200971	-0.3260361544974902
9.752000000000034	-0.05508273383246324	-0.3251966674175953
9.753000000000034	-0.05540754939657892	-0.324433184992834
9.754000000000033	-0.0557316356954835	-0.3237381398827195
9.755000000000033	-0.05605505776128832	-0.3231047214252097
9.756000000000032	-0.05637787415592709	-0.3225267999525235
9.757000000000032	-0.0567001376181037	-0.3219988586956304
9.758000000000031	-0.05702189564554656	-0.32151593249323
9.759000000000031	-0.05734319101903704	-0.3210735526310985
9.76000000000003	-0.05766406227403505	-0.3206676971971866
9.761000000000029	-0.05798454412514185	-0.3202947464012866
9.762000000000029	-0.05830466784811648	-0.3199514423627151
9.763000000000028	-0.05862446162369048	-0.3196348529192335
9.764000000000028	-0.05894395084700089	-0.3193423390550766
9.765000000000027	-0.05926763328699713	-0.3280212698480941
9.766000000000027	-0.05959844781823584	-0.3336064935577893
9.767000000000026	-0.05993485111042515	-0.3391987698291437
9.768000000000026	-0.06027650092651886	-0.344099520791796
9.769000000000025	-0.06062282746492376	-0.3485521961155378
9.770000000000024	-0.06097338319906052	-0.3525578956780512
9.771000000000024	-0.06132774889379401	-0.356172102378855
9.772000000000023	-0.06168107633191322	-0.3504813865563632
9.773000000000023	-0.0620301101357584	-0.3475848507190143
9.774000000000022	-0.06237610896064694	-0.344411440588655
9.775000000000022	-0.06271915869550589	-0.3416866822676204
9.776000000000021	-0.06305959836843521	-0.3391913270055432
9.777000000000021	-0.06339766773042359	-0.3369460697201478
9.77800000000002	-0.06373359894478783	-0.3349150401798225
9.779000000000019	-0.06406759690882373	-0.3330795766811928
9.780000000000019	-0.06439984708870893	-0.331419478767767
9.781000000000018	-0.06473051618563475	-0.3299174169970597
9.782000000000018	-0.06505975433137672	-0.3285575820451158
9.783000000000017	-0.06538769666536226	-0.327325798598531
9.784000000000017	-0.06571446485375128	-0.3262092954886442
9.785000000000016	-0.06604016843168306	-0.3251965818904965
9.786000000000016	-0.06636490601752881	-0.3242773151358332
9.787000000000015	-0.06668876640416174	-0.3234421869354444
9.788000000000014	-0.06701182954148932	-0.322682819681826
9.789000000000014	-0.06733416742063508	-0.3219916734458792
9.790000000000013	-0.06765584486972658	-0.3213619621928754
9.791000000000013	-0.06797692027009847	-0.3207875783970853
9.792000000000012	-0.06829744620087685	-0.3202630251898802
9.793000000000012	-0.06861747001910476	-0.3197833552942882
9.794000000000011	-0.06893703438185524	-0.3193441160657782
9.795000000000011	-0.06925617771613311	-0.3189413000290445
9.79600000000001	-0.06957493464178659	-0.3185713003610939
9.797000000000009	-0.06989333635212769	-0.3182308708260287
9.798000000000009	-0.07021141095649069	-0.3179170897163512
9.799000000000008	-0.07053365866945834	-0.3265770716877443
9.800000000000008	-0.07086302056955703	-0.3321454360914449
9.801000000000007	-0.07119795531299647	-0.3377227365323653
9.802000000000007	-0.07153812245347976	-0.3426102096797966
9.803000000000006	-0.07188295380396377	-0.3470511382654773
9.804000000000006	-0.07223200329381572	-0.3510464718990887
9.805000000000005	-0.07258037812015541	-0.3457018139225795
9.806000000000004	-0.07292478788827005	-0.3431163710400093
9.807000000000004	-0.07326645846321274	-0.3402234383593293
9.808000000000003	-0.07360544654369702	-0.337751392680715
9.809000000000003	-0.07394206480871092	-0.3354838167487842
9.810000000000002	-0.07427652931681621	-0.3334438873455617
9.811000000000002	-0.07460905090497451	-0.331597984509346
9.812000000000001	-0.07493981527980076	-0.3299294676070647
9.813000000000001	-0.07526899063732127	-0.3284199561633309
9.814	-0.07559672813742178	-0.3270537584392487
9.815	-0.07592316392641625	-0.3258165390890988
9.815999999999999	-0.0762484205585346	-0.3246954493439589
9.816999999999998	-0.07657260837495128	-0.3236789119096551
9.817999999999998	-0.0768958267199928	-0.322756510427776
9.818999999999997	-0.07721816504195338	-0.3219188692308557
9.819999999999997	-0.07753970388227205	-0.3211575503110921
9.820999999999996	-0.07786051576618158	-0.320464959295144
9.821999999999996	-0.07818066600419522	-0.3198342611456533
9.822999999999995	-0.07850021341346927	-0.3192593042115732
9.823999999999995	-0.07881921096702345	-0.318734551893719
9.824999999999994	-0.07913770637804084	-0.3182550211386987
9.825999999999993	-0.07945574262573767	-0.3178162270847146
9.826999999999993	-0.07977335842864625	-0.3174141332424684
9.827999999999992	-0.08009058867056974	-0.3170451066580531
9.828999999999992	-0.08040746478394165	-0.3167058775595369
9.829999999999991	-0.08072401509484936	-0.3163935030388924
9.830999999999991	-0.08104026513355561	-0.3161053343657323
9.83199999999999	-0.08135623791396779	-0.3158389875696717
9.83299999999999	-0.08167195418516052	-0.3155923169644546
9.833999999999989	-0.0819919075386774	-0.3243131356379771
9.834999999999988	-0.08231903309356919	-0.3299366916285605
9.835999999999988	-0.08265178414382411	-0.3355641043446211
9.836999999999987	-0.08298981541842765	-0.3404971196617027
9.837999999999987	-0.0833325543893582	-0.3449794785808838
9.838999999999986	-0.08367507619942038	-0.340062798814705
9.839999999999986	-0.08401404116964326	-0.3378658128835066
9.840999999999985	-0.08435063591765637	-0.3353223637240458
9.841999999999985	-0.08468488054300392	-0.3331655768017572
9.842999999999984	-0.08501705510487258	-0.3311822449173
9.843999999999983	-0.08534734622451962	-0.3293986997775736
9.844999999999983	-0.08567593826554973	-0.3277840943794056
9.845999999999982	-0.0860029931038364	-0.326324300351774
9.846999999999982	-0.08632865748923547	-0.3250031940898153
9.847999999999981	-0.08665306328000602	-0.3238071160632052
9.848999999999981	-0.08697632925130118	-0.3227235596417731
9.84999999999998	-0.08729856232349939	-0.3217413219528075
9.85099999999998	-0.0876198587675137	-0.3208503069799787
9.851999999999979	-0.08794030526462179	-0.3200414315065473
9.852999999999978	-0.0882599798665494	-0.3193065196791938
9.853999999999978	-0.08857895285798685	-0.3186382133108515
9.854999999999977	-0.08889728753324376	-0.3180298898546218
9.855999999999977	-0.08921504089514115	-0.3174755889048991
9.856999999999976	-0.08953226428403892	-0.3169699459672414
9.857999999999976	-0.08984900394395469	-0.3165081328715345
9.858999999999975	-0.09016530153207253	-0.3160858041387663
9.859999999999975	-0.09048119457730062	-0.3156990487123913
9.860999999999974	-0.09079671689297354	-0.3153443465162388
9.861999999999973	-0.09111189894828436	-0.3150185293567098
9.862999999999973	-0.09142676820257398	-0.3147187457347324
9.863999999999972	-0.09174134940619151	-0.3144424291765271
9.864999999999972	-0.09205566487126901	-0.3141872697312934
9.865999999999971	-0.0923697347154189	-0.3139511883191271
9.866999999999971	-0.0926835770810618	-0.3137323136441474
9.86799999999997	-0.09300168321376168	-0.3224787057684605
9.86899999999997	-0.09332698612127666	-0.3281258351235967
9.869999999999969	-0.09365793719758059	-0.3337750212635869
9.870999999999968	-0.09399418946177579	-0.3387281901844823
9.871999999999968	-0.0943351688470678	-0.3432292449859177
9.872999999999967	-0.09467594911146847	-0.3383299492246776
9.873999999999967	-0.09501318932969369	-0.3361491665413461
9.874999999999966	-0.09534807499760936	-0.3336208578683889
9.875999999999966	-0.0956806252050894	-0.3314782548573521
9.876999999999965	-0.09601111910252143	-0.3295082458658788
9.877999999999965	-0.09633974249313806	-0.3277372485918943
9.878999999999964	-0.09666667900420585	-0.3261344934139556
9.879999999999963	-0.09699208984876791	-0.3246859215945123
9.880999999999963	-0.09731612117999668	-0.3233754721888368
9.881999999999962	-0.09763890431899015	-0.3221895420508347
9.882999999999962	-0.09796055755730064	-0.3211156752863438
9.883999999999961	-0.09828118737990021	-0.3201427146753535
9.884999999999961	-0.09860088966566093	-0.3192606052793493
9.88599999999996	-0.09891975074283872	-0.3184603008420989
9.88699999999996	-0.09923784834524545	-0.3177336587653004
9.887999999999959	-0.09955525247124516	-0.3170733507820508
9.888999999999958	-0.09987202615724086	-0.3164727812643325
9.889999999999958	-0.1001882261737153	-0.3159260140243502
9.890999999999957	-0.1005039036516926	-0.3154277063545931
9.891999999999957	-0.1008191046465478	-0.3149730496841687
9.892999999999956	-0.1011338706454369	-0.3145577161644307
9.893999999999956	-0.1014482390239849	-0.3141778105973091
9.894999999999955	-0.1017622434573041	-0.3138298271704886
9.895999999999955	-0.1020759142899117	-0.3135106105191459
9.896999999999954	-0.1023892788686559	-0.3132173206814932
9.897999999999954	-0.1027023618423492	-0.3129474015587697
9.898999999999953	-0.1030151854314391	-0.3126985525292326
9.899999999999952	-0.103327769670712	-0.3124687029007482
9.900999999999952	-0.1036401326277265	-0.312255988918123
9.901999999999951	-0.1039522905994047	-0.3120587330697008
9.902999999999951	-0.1042642582889633	-0.3118754254633009
9.90399999999995	-0.104580523846103	-0.3206544514568874
9.90499999999995	-0.1049040174918252	-0.3263315743917181
9.905999999999949	-0.1052331881116197	-0.3320083774358372
9.906999999999949	-0.1055676864665321	-0.3369870238304402
9.907999999999948	-0.1059024615761406	-0.3325618857918588
9.908999999999947	-0.1062341420061398	-0.3307976767637207
9.909999999999947	-0.1065638653571452	-0.3286477355053458
9.910999999999946	-0.1068916127200408	-0.3268457083184637
9.911999999999946	-0.1072176277679606	-0.3251831123742502
9.912999999999945	-0.1075420646923975	-0.3236894675698068
9.913999999999945	-0.1078650785889158	-0.3223370621468482
9.914999999999944	-0.1081868050105998	-0.3211145229802698
9.915999999999944	-0.1085073670103041	-0.3200082227853236
9.916999999999943	-0.1088268751187127	-0.3190067445539385
9.917999999999942	-0.1091454289143162	-0.3180996009505938
9.918999999999942	-0.1094631180390281	-0.3172774061951688
9.919999999999941	-0.1097800232115635	-0.3165316997065031
9.920999999999941	-0.1100962171146544	-0.3158548701304338
9.92199999999994	-0.1104117651997486	-0.3152400662812889
9.92299999999994	-0.1107267264096883	-0.3146811221592907
9.923999999999939	-0.1110411538295094	-0.3141724881739149
9.924999999999939	-0.1113550952720632	-0.3137091695679293
9.925999999999938	-0.111668593805102	-0.3132866709182847
9.926999999999937	-0.1119816882256489	-0.3129009462070937
9.927999999999937	-0.1122944134869338	-0.3125483538804656
9.928999999999936	-0.112606801082635	-0.3122256164027151
9.929999999999936	-0.1129188793926974	-0.3119297838548333
9.930999999999935	-0.113230673994569	-0.3116582011731883
9.931999999999935	-0.1135422079433143	-0.3114084786643342
9.932999999999934	-0.1138535020237168	-0.3111784654683428
9.933999999999934	-0.1141645749771713	-0.3109662256757997
9.934999999999933	-0.1144754437058875	-0.3107700168330995
9.935999999999932	-0.1147861234566734	-0.310588270597211
9.936999999999932	-0.1150966279863411	-0.310419575324965
9.937999999999931	-0.115406969710572	-0.3102626604034123
9.938999999999931	-0.115717159837896	-0.3101163821471453
9.93999999999993	-0.1160316833712339	-0.318929455542564
9.94099999999993	-0.1163534676980411	-0.3246379407611945
9.941999999999929	-0.1166809591522621	-0.3303436881192513
9.942999999999929	-0.1170093313162227	-0.3263993568484963
9.943999999999928	-0.1173350877775496	-0.3251122931204234
9.944999999999927	-0.1176593354111356	-0.3233817073101506
9.945999999999927	-0.1179820072166523	-0.3219606431860635
9.946999999999926	-0.1183033086909383	-0.3206410502501289
9.947999999999926	-0.1186233583877281	-0.3194570931311717
9.948999999999925	-0.118942279645466	-0.318384176601844
9.949999999999925	-0.1192601793537717	-0.3174139983042037
9.950999999999924	-0.1195771547860402	-0.3165356281849295
9.951999999999924	-0.1198932932641779	-0.3157400933583677
9.952999999999923	-0.1202086734777432	-0.3150191020485421
9.953999999999922	-0.1205233662660229	-0.314365245518645
9.954999999999922	-0.1208374354231716	-0.3137718422688871
9.955999999999921	-0.1211509383975247	-0.3132328821850453
9.956999999999921	-0.1214639269273071	-0.3127429551830729
9.95799999999992	-0.1217764476111905	-0.3122971922606269
9.95899999999992	-0.1220885424221906	-0.311891211125814
9.959999999999919	-0.1224002491700756	-0.3115210675924086
9.960999999999919	-0.1227116019175599	-0.3111832117532216
9.961999999999918	-0.123022631354872	-0.3108744485567076
9.962999999999917	-0.1233333651368673	-0.3105919023207636
9.963999999999917	-0.1236438281864307	-0.3103329847964323
9.964999999999916	-0.1239540429675382	-0.3100953664249114
9.965999999999916	-0.1242640297310136	-0.3098769504689393
9.966999999999915	-0.1245738067357092	-0.3096758497310219
9.967999999999915	-0.1248833904475695	-0.3094903655998393
9.968999999999914	-0.1251927957187887	-0.3093189691920094
9.969999999999914	-0.1255020359490521	-0.3091602843796738
9.970999999999913	-0.1258111232306552	-0.3090130725153253
9.971999999999912	-0.1261200684791099	-0.3088762186841499
9.972999999999912	-0.1264288815506909	-0.3087487193311351
9.973999999999911	-0.1267375713482284	-0.3086296711254661
9.974999999999911	-0.1270461459163211	-0.3085182609384816
9.97599999999991	-0.1273546125270286	-0.3084137568238333
9.97699999999991	-0.1276674526379684	-0.3172652443860681
9.977999999999909	-0.1279831155625063	-0.3140593730553305
9.978999999999909	-0.1282971265148423	-0.3139613064776357
9.979999999999908	-0.1286106932967731	-0.3131710340271076
9.980999999999908	-0.1289235944128014	-0.3126299773193225
9.981999999999907	-0.1292359576312924	-0.3120952411004508
9.982999999999906	-0.1295478162187892	-0.3116207173488496
9.983999999999906	-0.129859220582677	-0.3111867957034805
9.984999999999905	-0.1301702110131079	-0.3107928520991803
9.985999999999905	-0.1304808250794857	-0.3104340691144817
9.986999999999904	-0.1307910963064552	-0.310107174669252
9.987999999999904	-0.1311010549771703	-0.3098089578740701
9.988999999999903	-0.1314107283575997	-0.3095365952599193
9.989999999999903	-0.1317201410230408	-0.3092875289634227
9.990999999999902	-0.1320293151208277	-0.3090594609314706
9.991999999999901	-0.1323382706145571	-0.3088503217502657
9.992999999999901	-0.1326470255019444	-0.3086582490791502
9.9939999999999	-0.132955596011382	-0.3084815666193995
9.9949999999999	-0.1332639967787201	-0.3083187655914781
9.995999999999899	-0.1335722410064001	-0.3081684879632504
9.996999999999899	-0.1338803406066678	-0.3080295113806935
9.997999999999898	-0.1341883063304677	-0.3079007355992082
9.998999999999898	-0.134496147883447	-0.3077811702733794
9.999999999999897	-0.1348038740303603	-0.3076699239673639
