time,ref.q_ref,sensor_ref.U_q,sensor_state.U_q,pid.I_out,pid.u,drive.torque,Pendulum.alpha,Pendulum.omega,Pendulum.q,Pendulum.wall_hit
s,rad,V,V,-,-,m·N,rad/s²,rad/s,rad,-
0.0,0.0,1.4941176470588236,1.4941176470588236,0.0,0.0,-0.0,0.0,0.0,0.0,False
0.0,0.0,1.4941176470588236,1.4941176470588236,0.0,0.0,-0.0,-0.0,0.0,0.0,False
0.001,0.0005483111301320963,1.4941176470588236,1.4941176470588236,0.0,0.0,0.0,0.0,0.0,0.0,False
0.002,0.001096620907360985,1.4941176470588236,1.4941176470588236,0.0,0.0,0.0,0.0,0.0,0.0,False
0.003,0.0016449279787867964,1.4941176470588236,1.4941176470588236,0.0,0.0,0.0,0.0,0.0,0.0,False
0.004,0.002193230991516338,1.4941176470588236,1.4941176470588236,0.0,0.0,0.0,0.0,0.0,0.0,False
0.005,0.0027415285926664303,1.4941176470588236,1.4941176470588236,0.0,0.0,0.0,0.0,0.0,0.0,False
0.006,0.0032898194293672473,1.4941176470588236,1.4941176470588236,0.0,0.0,0.0,0.0,0.0,0.0,False
0.007,0.0038381021487656542,1.4941176470588236,1.4941176470588236,0.0,0.0,0.0,0.0,0.0,0.0,False
0.008,0.004386375398028544,1.4941176470588236,1.4941176470588236,0.0,0.0,0.0,0.0,0.0,0.0,False
0.009000000000000001,0.004934637824346175,1.4941176470588236,1.4941176470588236,0.0,0.0,0.0,0.0,0.0,0.0,False
0.010000000000000002,0.005482888074935513,1.4941176470588236,1.4941176470588236,0.0,0.0,0.0,0.0,0.0,0.0,False
0.011000000000000003,0.0060311247970435645,1.5058823529411764,1.4941176470588236,5.882352941176455e-05,1.0,115.57525070383126,0.0,0.0,0.0,False
0.012000000000000004,0.006579346637950715,1.5058823529411764,1.4941176470588236,0.0001176470588235291,1.0,148.66308671359707,6.1149427496548405,0.006114969197995534,2.7517387839330365e-06,False
0.013000000000000005,0.00712755224497407,1.5058823529411764,1.4941176470588236,0.00017647058823529367,0.9770588235294081,155.3894166425126,7.8654627826728465,0.013980510081129036,1.2406211393415635e-05,False
0.014000000000000005,0.007675740265470789,1.5058823529411764,1.4941176470588236,0.0002352941176470582,0.891882352941173,147.35034762267182,8.221114905471614,0.022201761325388186,3.0086303207362483e-05,False
0.015000000000000006,0.008223909346841425,1.5058823529411764,1.4941176470588236,0.00029411764705882274,0.8152823529411732,136.07018215470595,7.795438286645776,0.02999739337394377,5.579612633301484e-05,False
0.016000000000000007,0.008772058136533267,1.5058823529411764,1.4941176470588236,0.0003529411764705873,0.7464011764705852,124.76005054892481,7.198179622979588,0.037195820371681856,8.903284740543377e-05,False
0.017000000000000008,0.009320185282043657,1.5058823529411764,1.4941176470588236,0.0004117647058823518,0.6844669411764679,114.26023880009835,6.599244664135696,0.04379536171112171,0.00012919850445395335,False
0.01800000000000001,0.009868289430923357,1.5058823529411764,1.4941176470588236,0.00047058823529411636,0.6287849529411739,104.70984668411658,6.0430997560857715,0.04983880331096463,0.0001757134648546242,False
0.01900000000000001,0.010416369230779864,1.5058823529411764,1.4941176470588236,0.0005294117647058809,0.5787299870588212,96.10266198168854,5.537111531135624,0.055376298062508725,0.00022804419708931722,False
0.02000000000000001,0.010964423329280755,1.5058823529411764,1.4941176470588236,0.0005882352941176455,0.5337393412941154,88.34893762657026,5.08095764390136,0.06045767687180887,0.0002857071776919328,False
0.02100000000000001,0.011512450374157022,1.5058823529411764,1.4941176470588236,0.0006470588235294101,0.49330658363529206,81.37754494464073,4.669895372946527,0.06512802826218393,0.00034826658008202556,False
0.022000000000000013,0.012060449013206413,1.5058823529411764,1.4941176470588236,0.0007058823529411747,0.45697592527176284,75.1134119503974,4.300166509819969,0.06942868285727408,0.00041532997519474205,False
0.023000000000000013,0.012608417894296753,1.5058823529411764,1.4941176470588236,0.0007647058823529393,0.4243371562739983,69.47913700067737,3.96780369083473,0.07339700419781078,0.000486544479444535,False
0.024000000000000014,0.013156355665369306,1.5058823529411764,1.4941176470588236,0.0008235294117647039,0.3950210877054219,64.41693965366672,3.66871582670767,0.07706626498688818,0.0005615927319482831,False
0.025000000000000015,0.013704260974442089,1.5058823529411764,1.4941176470588236,0.0008823529411764685,0.36869544952311484,59.86913413465611,3.3998495495513867,0.08046668478635757,0.000640189270647057,False
0.026000000000000016,0.014252132469613219,1.5058823529411764,1.4941176470588236,0.000941176470588233,0.3450611986884504,55.782860724918145,3.1581561221323367,0.08362543462549242,0.0007220774812354761,False
0.027000000000000017,0.01479996879906424,1.5058823529411764,1.4941176470588236,0.0009999999999999976,0.32384919646666405,52.11286386431176,2.940841809699407,0.08656689198259769,0.0008070266633676694,False
0.028000000000000018,0.015347768611063475,1.5058823529411764,1.4941176470588236,0.0010588235294117622,0.3048172179964681,48.81726896567319,2.7455149010468727,0.08931304279015637,0.0008948294180057749,False
0.02900000000000002,0.015895530553969337,1.5058823529411764,1.4941176470588236,0.0011176470588235268,0.2877472609027037,45.85894304854037,2.5699622939909013,0.09188366002738409,0.0009852993362382601,False
0.03000000000000002,0.016443253276233687,1.5058823529411764,1.4941176470588236,0.0011764705882352914,0.27244312304772744,43.20348168378416,2.4122215127581903,0.09429655433177116,0.0010782688990995633,False
0.03100000000000002,0.01699093542640515,1.5176470588235293,1.4941176470588236,0.0012941176470588206,1.0,126.49347643367405,2.2704742239718247,0.09656771812795659,0.001173587580084301,False
0.03200000000000002,0.01753857565313247,1.5176470588235293,1.4941176470588236,0.0014117647058823498,1.0,150.30332884264425,6.675965178921978,0.1032444083056695,0.001273159916098166,False
0.03300000000000002,0.018086172605167823,1.5176470588235293,1.4941176470588236,0.001529411764705879,1.0,157.01734501981738,7.934322298791785,0.11117950917578326,0.0013799752348650632,False
0.03400000000000002,0.018633724931370166,1.5176470588235293,1.4941176470588236,0.0016470588235294082,1.0,158.81657826850685,8.28804856589657,0.11946839504424958,0.0014948848664845125,False
0.035000000000000024,0.019181231280708564,1.5176470588235293,1.4941176470588236,0.0017647058823529373,1.0,159.2056922281767,8.381629057041382,0.12785092156020136,0.0016181255312669996,False
0.036000000000000025,0.019728690302265532,1.5176470588235293,1.4941176470588236,0.0018823529411764665,0.9553550810497219,154.0268955739347,8.400491473018985,0.13625237100027515,0.0017497572469534247,False
0.037000000000000026,0.020276100645240346,1.5176470588235293,1.4941176470588236,0.0019999999999999957,0.8864078082388671,144.44730393697571,8.124652439513381,0.1443780407766985,0.0018896663201964019,False
0.03800000000000003,0.020823460958952406,1.5176470588235293,1.4941176470588236,0.002117647058823525,0.8244729097679216,134.428413579671,7.615867945559067,0.15199498243342346,0.002037472144128096,False
0.03900000000000003,0.021370769892844546,1.5176470588235293,1.4941176470588236,0.002235294117647054,0.7688491482028941,125.01258305002254,7.083743872360245,0.1590798526229412,0.0021926554855622384,False
0.04000000000000003,0.021918026096486385,1.5176470588235293,1.4941176470588236,0.0023529411764705833,0.7189054098531926,116.43088096414799,6.583437225507971,0.1656644650736193,0.00235469858864781,False
0.04100000000000003,0.022465228219577638,1.5176470588235293,1.4941176470588236,0.0024705882352941124,0.6740736923972851,108.69136182594617,6.127179927194794,0.17179286571825267,0.002523121015793842,False
0.04200000000000003,0.023012374911951457,1.5176470588235293,1.4941176470588236,0.0025882352941176416,0.6338427937457916,101.73221687227169,5.715403850920047,0.17750953268251057,0.0026974865698767684,False
0.04300000000000003,0.023559464823577778,1.5176470588235293,1.4941176470588236,0.002705882352941171,0.5977526320182712,95.48031592546768,5.344843906133942,0.18285567930801291,0.0028774020627925475,False
0.04400000000000003,0.02410649660456662,1.5176470588235293,1.4941176470588236,0.0028235294117647,0.5653891335223266,89.86867600015927,5.011635479428894,0.187868654603345,0.0030625137808717876,False
0.04500000000000003,0.024653468905171453,1.5176470588235293,1.4941176470588236,0.002941176470588229,0.5363796319347998,84.83150830823243,4.712238730979618,0.1925822679911875,0.003252503766678877,False
0.046000000000000034,0.025200380375792485,1.5176470588235293,1.4941176470588236,0.0030588235294117584,0.5103887275648492,80.31636611332671,4.443176582213861,0.19702685204432574,0.0034470863076534845,False
0.047000000000000035,0.025747229666980044,1.5176470588235293,1.4941176470588236,0.0031764705882352876,0.48711456069071707,76.26288002035126,4.201677488882136,0.20122996799796028,0.003646004776737751,False
0.048000000000000036,0.026294015429437847,1.5176470588235293,1.4941176470588236,0.0032941176470588167,0.4662854575628216,72.62976991231237,3.984550383838849,0.2052159862050189,0.003849028672240416,False
0.04900000000000004,0.02684073631402639,1.5176470588235293,1.4941176470588236,0.003411764705882346,0.4476569118065393,69.37871001240502,3.789613889315289,0.2090070958068985,0.004055950881303365,False
0.05000000000000004,0.02738739097176624,1.5176470588235293,1.4941176470588236,0.003529411764705875,0.43100886768470875,66.46374857614741,3.6148426600584047,0.2126234607509319,0.004266585568895669,False
0.05100000000000004,0.027933978053841364,1.5294117647058822,1.4941176470588236,0.0037058823529411687,1.0,131.33348564339443,3.4578076180257034,0.21608281604125343,0.004480765970930042,False
0.05200000000000004,0.028480496211602483,1.5294117647058822,1.4941176470588236,0.0038823529411764622,1.0,149.8511978754037,6.887132245132355,0.22297153572658582,0.004699948947456061,False
0.05300000000000004,0.029026944096570355,1.5294117647058822,1.4941176470588236,0.004058823529411756,1.0,155.0470485195115,7.863918386482965,0.230837095434229,0.004926460229548357,False
0.05400000000000004,0.029573320360439154,1.5294117647058822,1.4941176470588236,0.00423529411764705,1.0,156.41336459764435,8.135752555518877,0.2389745471842075,0.0051609594313895505,False
0.05500000000000004,0.030119623655079763,1.5294117647058822,1.4941176470588236,0.004411764705882343,1.0,156.67942591473903,8.204862562163495,0.24718116789696817,0.00540362721984245,False
0.05600000000000004,0.0306658526325431,1.5294117647058822,1.5058823529411764,0.004529411764705872,-0.06775648693700516,33.22296167369928,8.215651495620518,0.25539863674535107,0.0056545065195471285,False
0.057000000000000044,0.031212005945063476,1.5294117647058822,1.5058823529411764,0.004647058823529401,-0.031745544125657624,1.9149917042689593,1.680327740728156,0.257080812806104,0.005910662412404148,False
0.058000000000000045,0.031758082245061874,1.5294117647058822,1.5058823529411764,0.00476470588235293,0.0007819514633786856,-3.3143242827944266,0.020482696267701793,0.25710314876656803,0.0061677535543773684,False
0.059000000000000045,0.03230408018514931,1.5294117647058822,1.5058823529411764,0.004882352941176458,0.030174344552334788,-1.4146293145053237,-0.259563703182919,0.2568454372744025,0.006424741010859959,False
0.060000000000000046,0.03284999841813015,1.5294117647058822,1.5058823529411764,0.004999999999999987,0.05674514539121888,2.2041653877067486,-0.1624179659094267,0.25668487007888524,0.006681514470546777,False
0.06100000000000005,0.0333958355970054,1.5294117647058822,1.5058823529411764,0.005117647058823516,0.0807765132050382,6.0201180459292285,0.025684737156004868,0.25671240523935474,0.006938212009005536,False
0.06200000000000005,0.0339415903749761,1.5294117647058822,1.5058823529411764,0.005235294117647045,0.10252239129629907,9.625471806315364,0.2242173581445895,0.2569384740746559,0.007195026422893585,False
0.06300000000000004,0.03448726140544659,1.5294117647058822,1.5058823529411764,0.0053529411764705725,0.12221132863725732,12.929700495507177,0.4116033258209464,0.2573519313142614,0.007452151230723846,False
0.06400000000000004,0.035032847342027836,1.5294117647058822,1.5058823529411764,0.005470588235294101,0.14004901930294342,15.9309459399139,0.5830506229976476,0.25793683956937913,0.00770976664927137,False
0.06500000000000004,0.03557834683854078,1.5294117647058822,1.5058823529411764,0.00558823529411763,0.15622058796088412,18.650297877380858,0.7384587832218373,0.2586771608694347,0.007968036912643339,False
0.06600000000000004,0.03612375854901964,1.5294117647058822,1.5058823529411764,0.005705882352941159,0.1708926468118543,21.11299047326427,0.8789416962988132,0.25955797102285694,0.008227110718160045,False
0.06700000000000005,0.03666908112771523,1.5294117647058822,1.5058823529411764,0.0058235294117646875,0.18421514683655119,23.344497640826425,1.0058327175872581,0.2605656790916089,0.008487122438898742,False
0.06800000000000005,0.037214313229098316,1.5294117647058822,1.5058823529411764,0.005941176470588216,0.196323043917602,25.367213840860384,1.1204780574896764,0.261688040255899,0.008748193462737742,False
0.06900000000000005,0.03775945350786286,1.5294117647058822,1.5058823529411764,0.006058823529411745,0.20733779834937124,27.20016559617118,1.2240611489705884,0.26291399304574214,0.009010433465230241,False
0.07000000000000005,0.03830450061892944,1.5294117647058822,1.5058823529411764,0.006176470588235274,0.21736872439678712,28.866240230358382,1.3175873695970517,0.26423348129332275,0.009273941512833913,False
0.07100000000000005,0.03884945321744848,1.5411764705882354,1.5058823529411764,0.006352941176470568,1.0,119.77716967908621,1.402266492989996,0.26563765853717924,0.009538807160196115,False
0.07200000000000005,0.039394309958803615,1.5411764705882354,1.5058823529411764,0.006529411764705863,1.0,145.78131660897037,6.208760979781005,0.27184836117276734,0.009807239924824797,False
0.07300000000000005,0.039939069498615,1.5411764705882354,1.5058823529411764,0.006705882352941157,1.0,153.13099781959667,7.581008605871814,0.2794313621328268,0.010082500933643098,False
0.07400000000000005,0.04048373049274262,1.5411764705882354,1.5058823529411764,0.0068823529411764514,1.0,155.11827123018006,7.966164190055836,0.2873995749976455,0.010365518297143403,False
0.07500000000000005,0.04102829159728962,1.5411764705882354,1.5058823529411764,0.007058823529411746,1.0,155.56479622087392,8.06749475712582,0.2954691762986264,0.01065654950696326,False
0.07600000000000005,0.04157275146860561,1.5411764705882354,1.5058823529411764,0.00723529411764704,1.0,155.56863461339802,8.087199897562352,0.30355854098622675,0.010955659220340757,False
0.07700000000000005,0.042117108763289966,1.5411764705882354,1.5058823529411764,0.007411764705882335,0.9516455314477121,149.85642815504366,8.083376920242664,0.3116441409826267,0.011262856613038568,False
0.07800000000000006,0.0426613621381952,1.5411764705882354,1.5058823529411764,0.007588235294117629,0.9009515665382349,142.24608362734688,7.777019189046154,0.31942344019756497,0.011578001778989842,False
0.07900000000000006,0.04320551025043019,1.5411764705882354,1.5058823529411764,0.007764705882352924,0.8555034687079408,134.68796162213332,7.3701332027573665,0.3267959077324646,0.011900743178133976,False
0.08000000000000006,0.04374955175736358,1.5411764705882354,1.5058823529411764,0.007941176470588219,0.8147766512489116,127.70341852845014,6.965916040475124,0.3337642094895147,0.012230675178008065,False
0.08100000000000006,0.044293485316627,1.5411764705882354,1.5058823529411764,0.008117647058823514,0.7782989861240208,121.38724510616352,6.591957302904202,0.3403586011101456,0.012567407227448873,False
0.08200000000000006,0.044837309586118514,1.5411764705882354,1.5058823529411764,0.00829411764705881,0.7456455580998539,115.7015206560947,6.253276974681571,0.3466143584602211,0.012910581290070467,False
0.08300000000000006,0.045381023224005765,1.5411764705882354,1.5058823529411764,0.008470588235294105,0.7164339434663389,110.59741706129745,5.947872950312096,0.35256475554572064,0.013259873704553102,False
0.08400000000000006,0.045924624888729386,1.5411764705882354,1.5058823529411764,0.0086470588235294,0.6903199608844112,106.02969125316112,5.673165602134325,0.35824048697364436,0.013614992922888338,False
0.08500000000000006,0.04646811323900634,1.5411764705882354,1.5058823529411764,0.008823529411764695,0.6669938471489114,101.93558615105941,5.426764595889216,0.363669857227639,0.013975677016151381,False
0.08600000000000006,0.04701148693383313,1.5411764705882354,1.5058823529411764,0.00899999999999999,0.646176815375197,98.27480414179706,5.2053525958929425,0.36887785364533415,0.014341690867214535,False
0.08700000000000006,0.047554744632489196,1.5411764705882354,1.5058823529411764,0.009176470588235286,0.6276179573670894,95.00496500792407,5.006800261055463,0.37388733439416116,0.014712823388187243,False
0.08800000000000006,0.04809788499454015,1.5411764705882354,1.5058823529411764,0.009352941176470581,0.6110914557480275,92.07800892813901,4.828867775296237,0.3787189179805363,0.01508888534152267,False
0.08900000000000007,0.04864090667984115,1.5411764705882354,1.5058823529411764,0.009529411764705877,0.5963940748791072,89.46718412848408,4.669014564776376,0.38339068247465624,0.015469706965005284,False
0.09000000000000007,0.04918380834854018,1.5411764705882354,1.5058823529411764,0.009705882352941172,0.5833429026853144,87.14169523986853,4.525827216024255,0.3879192926574264,0.015855135938528504,False
0.09100000000000007,0.04972658866108131,1.5411764705882354,1.5058823529411764,0.009882352941176467,0.5717733182991357,85.067107563115,4.397678163944003,0.39231978585772215,0.016245035874430564,False
0.09200000000000007,0.0502692462782081,1.5529411764705883,1.5176470588235293,0.010058823529411762,0.5615371629398104,83.2225041191012,4.282747103570447,0.39660537919995364,0.016639284603302006,False
0.09300000000000007,0.050811779860966806,1.5529411764705883,1.5176470588235293,0.010235294117647058,0.5525010937046533,81.58418001514407,4.179928773244617,0.40078818463734295,0.017037772675544585,False
0.09400000000000007,0.05135418807070977,1.5529411764705883,1.5176470588235293,0.010411764705882353,0.5445451019812471,80.1323404683439,4.087970254090829,0.40487906128610135,0.017440402189749158,False
0.09500000000000007,0.05189646956909863,1.5529411764705883,1.5176470588235293,0.010588235294117648,0.5375611800184165,78.84703822473323,4.005825371392448,0.40888782216145014,0.01784708563288863,False
0.09600000000000007,0.05243862301810772,1.5529411764705883,1.5176470588235293,0.010764705882352944,0.531452120840104,77.70995552131372,3.932439760985078,0.4128232259805964,0.018257744830527188,False
0.09700000000000007,0.052980647080027275,1.5529411764705883,1.5176470588235293,0.010941176470588239,0.5261304381678581,76.7092721199087,3.866845164518792,0.41669306326131916,0.018672309931265514,False
0.09800000000000007,0.0535225404174668,1.5529411764705883,1.5176470588235293,0.011117647058823534,0.5215173943510725,75.83056414089691,3.80841700325698,0.42050449999608924,0.019090718593193848,False
0.09900000000000007,0.05406430169335837,1.5529411764705883,1.5176470588235293,0.01129411764705883,0.5175421255042005,75.06056545398644,3.7563928528498844,0.4242639398013569,0.019512915297333087,False
0.10000000000000007,0.05460592957095988,1.5529411764705883,1.5176470588235293,0.011470588235294125,0.5141408541302511,74.38922912536577,3.710071464647788,0.42797708508802024,0.019938850612784716,False
0.10100000000000008,0.055147422713858404,1.5529411764705883,1.5176470588235293,0.01164705882352942,0.5112561804819323,73.80670501359876,3.668921843136217,0.43164910731024186,0.0203684805721365,False
0.10200000000000008,0.055688779785973405,1.5529411764705883,1.5176470588235293,0.011823529411764715,0.5088364447866801,73.30365034858573,3.632423340250419,0.4352846573091146,0.020801766145159852,False
0.10300000000000008,0.05622999945156015,1.5529411764705883,1.5176470588235293,0.01200000000000001,0.5068351532491884,72.87276849122019,3.6000820944854075,0.43888789209558404,0.021238672730248518,False
0.10400000000000008,0.05677108037521292,1.5529411764705883,1.5176470588235293,0.012176470588235306,0.5052104614536811,72.50605624780022,3.571512451070904,0.44246258305409064,0.021679169709279605,False
0.10500000000000008,0.057312021221868306,1.5529411764705883,1.5176470588235293,0.012352941176470601,0.50392470942596,72.19781320029168,3.546291325218138,0.4460120785096087,0.022123230045141776,False
0.10600000000000008,0.057852820656808544,1.5529411764705883,1.5176470588235293,0.012529411764705897,0.5029440031892465,71.94150148627521,3.5241174278074947,0.44953942552079246,0.0225708299134823,False
0.10700000000000008,0.058393477345664774,1.5529411764705883,1.5176470588235293,0.012705882352941192,0.5022378381644397,71.73248849727248,3.5046451234830553,0.4530473255313749,0.02302194838148355,False
0.10800000000000008,0.0589339899544204,1.5529411764705883,1.5176470588235293,0.012882352941176487,0.5017787602303483,71.56554173031553,3.4876295482018906,0.45653823513942504,0.023476567107593868,False
0.10900000000000008,0.05947435714941426,1.5529411764705883,1.5176470588235293,0.013058823529411782,0.5015420606779016,71.43666386311136,3.4727940675627003,0.4600143343250864,0.023934670082384146,False
0.11000000000000008,0.06001457759734403,1.5529411764705883,1.5176470588235293,0.013235294117647078,0.5015055016689354,71.34246523574303,3.459927372164133,0.4634775917738649,0.024396243381325088,False
0.11100000000000008,0.06055464996526945,1.5529411764705883,1.5176470588235293,0.013411764705882373,0.5016490691491005,71.2786764073686,3.4488502787774715,0.46692979700141624,0.024861274967948523,False
0.11200000000000009,0.06109457292061564,1.5647058823529412,1.5176470588235293,0.013647058823529432,1.0,128.80450252534948,3.4393370337318,0.4703725137816105,0.025329754493719946,False
0.11300000000000009,0.061634345131176375,1.5647058823529412,1.5176470588235293,0.013882352941176491,1.0,145.22032849724178,6.4767737069844635,0.4768527051370067,0.02580304360485909,False
0.11400000000000009,0.06217396526511739,1.5647058823529412,1.5176470588235293,0.01411764705882355,1.0,149.82026807043778,7.339028668637005,0.48419520183755865,0.026283200952130135,False
0.11500000000000009,0.06271343199097965,1.5647058823529412,1.5176470588235293,0.01435294117647061,1.0,151.02445463936635,7.576018572684845,0.4917747423333656,0.026770807473842126,False
0.11600000000000009,0.06325274397768263,1.5647058823529412,1.5176470588235293,0.01458823529411767,1.0,151.2528091828635,7.633242790175248,0.4994115618658235,0.02726601931982699,False
0.11700000000000009,0.06379189989452762,1.5647058823529412,1.5294117647058822,0.014764705882352964,0.07474326648708125,44.26357597150138,7.638736645220844,0.5070539302584798,0.027768870490581073,False
0.11800000000000009,0.06433089841120097,1.5647058823529412,1.5294117647058822,0.01494117647058826,0.11909246925013786,18.642524055764493,1.9713812220968456,0.5090289737435749,0.028276813739321945,False
0.11900000000000009,0.06486973819777744,1.5647058823529412,1.5294117647058822,0.015117647058823555,0.15918322232512425,15.911097643285103,0.6091226995253425,0.5096417669952218,0.02878611902048076,False
0.12000000000000009,0.06540841792472343,1.5647058823529412,1.5294117647058822,0.01529411764705885,0.19544137068084694,19.3104296081026,0.457925893568928,0.5101033671487734,0.02929596905858597,False
0.1210000000000001,0.06594693626290024,1.5647058823529412,1.5294117647058822,0.015470588235294146,0.22825017478923298,24.068449042053757,0.6310948319456126,0.5107381402603465,0.02980635862524139,False
0.1220000000000001,0.06648529188356742,1.5647058823529412,1.5294117647058822,0.01564705882352944,0.2579545690750158,28.853859389388102,0.876140999424085,0.511617965116409,0.030317493239077023,False
0.1230000000000001,0.06702348345838598,1.5647058823529412,1.5294117647058822,0.015823529411764736,0.28486499452045566,33.320756244247114,1.122623519262995,0.5127442798399603,0.030829618599257994,False
0.1240000000000001,0.06756150965942172,1.5647058823529412,1.5294117647058822,0.01600000000000003,0.3092608480095868,37.40171257718054,1.352237784420139,0.5141002178780644,0.03134297360596188,False
0.12500000000000008,0.06809936915914845,1.5647058823529412,1.5294117647058822,0.016176470588235323,0.33139358673803965,41.10742458428221,1.5614134085635594,0.5156653421543722,0.031857778686058,False
0.12600000000000008,0.06863706063045134,1.5647058823529412,1.5294117647058822,0.01635294117647062,0.3514895221818832,44.467020456843855,1.7507136970449875,0.5174197787529549,0.032374234082739636,False
0.12700000000000009,0.06917458274663014,1.5647058823529412,1.5294117647058822,0.016529411764705914,0.3697523346695776,47.51252121548166,1.9216774263852758,0.5193451923977551,0.032892520857651285,False
0.12800000000000009,0.06971193418140247,1.5647058823529412,1.5294117647058822,0.01670588235294121,0.3863653364967373,50.27209140844186,2.075996660416616,0.5214249397516529,0.03341280249851479,False
0.1290000000000001,0.07024911360890705,1.5647058823529412,1.5294117647058822,0.016882352941176505,0.4014935087294169,52.77939886751244,2.2151596300458554,0.5236438655948555,0.033935226519350305,False
0.1300000000000001,0.07078611970370707,1.5647058823529412,1.5294117647058822,0.0170588235294118,0.4152853343270637,55.059313420859404,2.3409459279967115,0.5259885941987008,0.034459926079713564,False
0.1310000000000001,0.07132295114079334,1.5647058823529412,1.5294117647058822,0.017235294117647095,0.4278744479531814,57.12921226879302,2.454669820456568,0.5284470640099346,0.034987021554796736,False
0.1320000000000001,0.0718596065955877,1.5647058823529412,1.5294117647058822,0.01741176470588239,0.4393811208049221,59.01458421340252,2.557249298405153,0.5310081313832621,0.03551662167128459,False
0.1330000000000001,0.07239608474394613,1.576470588235294,1.5294117647058822,0.01764705882352945,1.0,124.31015115591607,2.650031668302138,0.5336619999053014,0.03604882461845952,False
0.1340000000000001,0.07293238426216213,1.576470588235294,1.5294117647058822,0.01788235294117651,1.0,142.96141520720602,6.09773341935513,0.5397636041245161,0.036585232919567105,False
0.1350000000000001,0.07346850382696996,1.576470588235294,1.5294117647058822,0.018117647058823568,1.0,148.20793437377193,7.077443017178713,0.5468449660537589,0.037128183722868635,False
0.1360000000000001,0.07400444211554788,1.576470588235294,1.5294117647058822,0.018352941176470627,1.0,149.60242013112878,7.34782585716428,0.5541967629230422,0.03767833759157912,False
0.1370000000000001,0.07454019780552147,1.576470588235294,1.5294117647058822,0.018588235294117687,1.0,149.887872240948,7.414304669606233,0.5616150917671446,0.038235873204507664,False
0.1380000000000001,0.07507576957496677,1.576470588235294,1.5294117647058822,0.018823529411764746,1.0,149.85561264142672,7.4220084992718185,0.5690411778238595,0.038800830645031904,False
0.1390000000000001,0.07561115610241372,1.576470588235294,1.5411764705882354,0.01900000000000004,0.0048839089406765845,34.72105271392741,7.412805459273523,0.5764581142015167,0.03937321006226353,False
0.1400000000000001,0.07614635606684926,1.576470588235294,1.5411764705882354,0.019176470588235336,0.06045434157602045,8.0685543041771,1.3135859472358378,0.577775858037759,0.03995026178459287,False
0.1410000000000001,0.0766813681477207,1.576470588235294,1.5411764705882354,0.019352941176470632,0.1106442015360655,6.2176961472550865,-0.1041388700277993,0.5776758803250436,0.04052799327685806,False
0.1420000000000001,0.07721619102493889,1.576470588235294,1.5411764705882354,0.019529411764705927,0.15599154608834132,10.931855184598476,-0.2096299048269404,0.5774704103038619,0.04110557731970352,False
0.1430000000000001,0.07775082337888158,1.576470588235294,1.5411764705882354,0.019705882352941222,0.19698062677362488,17.022017068963777,0.032229447608465286,0.577506799101399,0.04168306472886395,False
0.1440000000000001,0.07828526389039656,1.576470588235294,1.5411764705882354,0.019882352941176518,0.23404726997861544,23.04905026322343,0.34688967987142233,0.5778578496526399,0.04226073012477134,False
0.1450000000000001,0.078819511240805,1.576470588235294,1.5411764705882354,0.020058823529411813,0.26758371945134224,28.645098719637694,0.6582035854261374,0.5785202178811111,0.042838886664683266,False
0.1460000000000001,0.07935356411190467,1.576470588235294,1.5411764705882354,0.020235294117647108,0.2979429945650314,33.74604808873065,0.9467043045186736,0.579471092742155,0.043417835401633055,False
0.1470000000000001,0.07988742118597318,1.576470588235294,1.5411764705882354,0.020411764705882404,0.32544281275558706,38.37001163455682,1.2089959867169284,0.5806842671615048,0.04399785304936994,False
0.1480000000000001,0.0804210811457713,1.576470588235294,1.5411764705882354,0.0205882352941177,0.35036911971532236,42.556128625741536,1.4460337059099588,0.5821344889539645,0.044579190544241004,False
0.1490000000000001,0.08095454267454612,1.576470588235294,1.5411764705882354,0.020764705882352994,0.3729792665673193,46.345396921917754,1.6598853211197946,0.5837985736202429,0.04516207450084041,False
0.1500000000000001,0.08148780445603435,1.576470588235294,1.5411764705882354,0.02094117647058829,0.3935048693223522,49.77692654648031,1.852717318828949,0.5856555029897449,0.045746709324086775,False
0.1510000000000001,0.08202086517446554,1.576470588235294,1.5411764705882354,0.021117647058823585,0.41215438239011704,52.88633888652339,2.02659656520337,0.5876863256154391,0.046333279330731926,False
0.1520000000000001,0.08255372351456537,1.576470588235294,1.5411764705882354,0.02129411764705888,0.42911541473934084,55.70563074583052,2.183405583256568,0.5898739724448039,0.046921950733138464,False
0.1530000000000001,0.08308637816155885,1.576470588235294,1.5411764705882354,0.021470588235294175,0.444556814441877,58.261910975159154,2.324835336482434,0.5922030652730463,0.04751287343548024,False
0.1540000000000001,0.08361882780117358,1.588235294117647,1.5411764705882354,0.021705882352941235,1.0,123.15613682063552,2.4523183645075823,0.5946596583303039,0.048106182608306014,False
0.1550000000000001,0.08415107111964303,1.588235294117647,1.5411764705882354,0.021941176470588294,1.0,141.6964095639487,5.877991886944183,0.6005419572743873,0.048703489945952916,False
0.1560000000000001,0.08468310680370968,1.588235294117647,1.5411764705882354,0.022176470588235353,1.0,146.9136168058889,6.851038437873617,0.6073973491988939,0.0493071174811395,False
0.1570000000000001,0.08521493354062841,1.588235294117647,1.5529411764705883,0.02235294117647065,0.20876990242590432,56.855314166822474,7.119082925363388,0.6145208359951093,0.04991772105844277,False
0.1580000000000001,0.0857465500181696,1.588235294117647,1.5529411764705883,0.022529411764705944,0.247304676889196,35.41681786720577,2.3461240807519976,0.6168713944793659,0.0505333003104128,False
0.1590000000000001,0.08627795492462241,1.588235294117647,1.5529411764705883,0.02270588235294124,0.28216244449439387,33.27233841002295,1.2037514580938689,0.6180795921902142,0.051150716060543264,False
0.16000000000000011,0.0868091469487981,1.588235294117647,1.5529411764705883,0.022882352941176534,0.3137109059273077,36.28624689402966,1.082192444614259,0.6191662389194709,0.05176928531167396,False
0.16100000000000012,0.08734012478003314,1.588235294117647,1.5529411764705883,0.02305882352941183,0.342280991805165,40.434304646832125,1.233544075542088,0.62040424561281,0.052389009322735124,False
0.16200000000000012,0.08787088710819248,1.588235294117647,1.5529411764705883,0.023235294117647125,0.3681705396834719,44.59531432565879,1.4448853029434932,0.6218536032128349,0.053010066449803966,False
0.16300000000000012,0.08840143262367291,1.588235294117647,1.5529411764705883,0.02341176470588242,0.3916476033621835,48.477736799595974,1.6568918550159846,0.6235149785657558,0.05363266834409606,False
0.16400000000000012,0.08893176001740603,1.588235294117647,1.5529411764705883,0.023588235294117715,0.41295343126125955,52.02279501704153,1.854135985375941,0.6253736107093393,0.05425702038115339,False
0.16500000000000012,0.0894618679808618,1.588235294117647,1.5529411764705883,0.02376470588235301,0.4323051469586628,55.247654409251254,2.0335053842799615,0.6274116262516916,0.054883311774945105,False
0.16600000000000012,0.08999175520605143,1.588235294117647,1.5529411764705883,0.023941176470588306,0.449898161674561,58.17377613103673,2.19590601695363,0.6296120576411923,0.05551171427365759,False
0.16700000000000012,0.0905214203855309,1.588235294117647,1.5529411764705883,0.0241176470588236,0.46590834550710475,60.82868261358752,2.3424713471002865,0.631959070672489,0.05614238316791359,False
0.16800000000000012,0.09105086221240406,1.588235294117647,1.5529411764705883,0.024294117647058897,0.4804939815446295,63.23720828122231,2.474655733909252,0.6344382853915401,0.05677545856852708,False
0.16900000000000012,0.09158007938032581,1.588235294117647,1.5529411764705883,0.024470588235294192,0.49379752456663706,65.42782016932792,2.5937714974149246,0.6370366340663258,0.05741106679684293,False
0.17000000000000012,0.09210907058350538,1.588235294117647,1.5529411764705883,0.024647058823529487,0.5059471838746792,67.41699006047916,2.7013233181769407,0.6397425535576592,0.05804932178352727,False
0.17100000000000012,0.09263783451670958,1.588235294117647,1.5529411764705883,0.024823529411764782,0.5170583478401526,69.23137123207411,2.798181365594437,0.6425453508161252,0.05869032628763531,False
0.17200000000000013,0.09316636987526598,1.588235294117647,1.5529411764705883,0.025000000000000078,0.5272348659973138,70.88226053091502,2.8857546343831766,0.6454357417159944,0.059334173009177565,False
0.17300000000000013,0.09369467535506609,1.588235294117647,1.5529411764705883,0.025176470588235373,0.5365702029269942,72.39107899718128,2.964639743072225,0.6484050386856761,0.05998094563247837,False
0.17400000000000013,0.0942227496525687,1.588235294117647,1.5529411764705883,0.02535294117647067,0.5451484767519422,73.76811421498347,3.035969079100548,0.6514456864832424,0.060630719663829914,False
0.17500000000000013,0.09475059146480293,1.6,1.5647058823529412,0.025529411764705964,0.5530453937826528,75.02917125460178,3.1002860650341533,0.6545506732371662,0.061283563298791206,False
0.17600000000000013,0.09527819948937159,1.6,1.5647058823529412,0.02570588235294126,0.5603290896985056,76.18350668189824,3.1584261355644054,0.657713822463624,0.06193953809696695,False
0.17700000000000013,0.09580557242445437,1.6,1.5647058823529412,0.025882352941176554,0.5670608866110081,77.24304425538145,3.2108783282899935,0.660929446673924,0.06259869966151935,False
0.17800000000000013,0.09633270896881092,1.6,1.5647058823529412,0.02605882352941185,0.5732959744204955,78.21884474317454,3.2582728704236676,0.6641924885682526,0.06326109819170107,False
0.17900000000000013,0.09685960782178425,1.6,1.5647058823529412,0.026235294117647145,0.5790840240372696,79.11705844350858,3.301194392114177,0.667498475442953,0.06392677909252797,False
0.18000000000000013,0.0973862676833038,1.6,1.5647058823529412,0.02641176470588244,0.5844697392806013,79.94606091380858,3.339967771952039,0.6708432594420538,0.06459578344248905,False
0.18100000000000013,0.09791268725388871,1.6,1.5647058823529412,0.026588235294117735,0.5894933535878357,80.71268075258932,3.3750356767971255,0.6742231353483885,0.06526814837140041,False
0.18200000000000013,0.09843886523465106,1.6,1.5647058823529412,0.02676470588235303,0.594191077052582,81.4231106935377,3.406758971919992,0.67763475878484,0.06594390746623521,False
0.18300000000000013,0.09896480032729896,1.6,1.5647058823529412,0.026941176470588326,0.5985954987590886,82.08349062025258,3.435464921613906,0.6810751126158172,0.06662309111684471,False
0.18400000000000014,0.09949049123413985,1.6,1.5647058823529412,0.02711764705882362,0.6027359488831802,82.69817896418739,3.461478031693308,0.6845415041911205,0.06730572684195982,False
0.18500000000000014,0.10001593665808367,1.6,1.5647058823529412,0.027294117647058917,0.6066388245830974,83.27210572138974,3.485028587076676,0.6880314711269744,0.06799183957127833,False
0.18600000000000014,0.10054113530264608,1.6,1.5647058823529412,0.027470588235294212,0.6103278833012586,83.80923681110671,3.5063771445166423,0.6915428115796521,0.06868145188935473,False
0.18700000000000014,0.10106608587195165,1.6,1.5647058823529412,0.027647058823529507,0.6138245067358388,84.31326559189715,3.525733280134748,0.6950735332664982,0.0693745842732,False
0.18800000000000014,0.10159078707073699,1.6,1.5647058823529412,0.027823529411764802,0.6171479384151962,84.78697175964783,3.543292174236411,0.6986218390715603,0.0700712552953653,False
0.18900000000000014,0.10211523760435409,1.6,1.5647058823529412,0.028000000000000098,0.6203154975148533,85.23480559105035,3.559200688932537,0.7021860787285893,0.07077148179736639,False
0.19000000000000014,0.10263943617877334,1.6,1.5647058823529412,0.028176470588235393,0.6233427712927796,85.65827109854608,3.5736940956116556,0.705764837231757,0.07147527907631826,False
0.19100000000000014,0.10316338150058695,1.6,1.576470588235294,0.028294117647058924,-0.5508150352482586,-49.97884874707226,3.5868517998099683,0.709356778970823,0.07218266105005655,False
0.19200000000000014,0.10368707227701186,1.6,1.576470588235294,0.028411764705882456,-0.4427335317234321,-76.37315963354402,-3.5988334902387393,0.7057630299862412,0.0728904014054432,False
0.19300000000000014,0.10421050721589316,1.6,1.576470588235294,0.028529411764705987,-0.34534253149226524,-72.61812168881416,-5.004527835557889,0.7007635544941726,0.07359391543039571,False
0.19400000000000014,0.10473368502570717,1.6,1.576470588235294,0.02864705882352952,-0.2575729842253913,-61.321850283115474,-4.814983521248577,0.6959535879319654,0.07429251525352595,False
0.19500000000000015,0.10525660441556461,1.6,1.576470588235294,0.02876470588235305,-0.17846274462638131,-48.870913717957734,-4.226379693507524,0.6917321928994721,0.07498656996231065,False
0.19600000000000015,0.10577926409521393,1.611764705882353,1.576470588235294,0.028941176470588345,1.0,90.95995212800736,-3.576631786421459,0.6881605179729726,0.07567669564580022,False
0.19700000000000015,0.10630166277504431,1.611764705882353,1.576470588235294,0.02911764705882364,1.0,131.04681982906845,3.812673172644242,0.6919781539411394,0.07636657484356288,False
0.19800000000000015,0.10682379916608893,1.611764705882353,1.576470588235294,0.029294117647058936,0.992205953285012,141.56251101675872,5.924554305682394,0.6979077073251321,0.07706122204511809,False
0.19900000000000015,0.10734567198002813,1.611764705882353,1.576470588235294,0.02947058823529423,0.9593382991329817,140.68348501396773,6.47177183279286,0.7043845229417202,0.0777620450746501,False
0.20000000000000015,0.10786727992919265,1.611764705882353,1.576470588235294,0.029647058823529526,0.9299338809843898,136.93503979087632,6.416021691274143,0.710805634445379,0.07846931985986447,False
0.20100000000000015,0.10838862172656671,1.611764705882353,1.576470588235294,0.02982352941176482,0.9036463752388921,132.72919513965115,6.2083710919361215,0.717019140312796,0.07918292234083571,False
0.20200000000000015,0.10890969608579128,1.611764705882353,1.576470588235294,0.030000000000000117,0.8801640906561792,128.71370527473889,5.976440628142349,0.7230007590727697,0.07990263398502978,False
0.20300000000000015,0.10943050172116711,1.611764705882353,1.576470588235294,0.030176470588235412,0.8592065051199735,125.05003740135146,5.754505361005259,0.7287604842886748,0.08062822740219558,False
0.20400000000000015,0.10995103734765813,1.611764705882353,1.576470588235294,0.030352941176470707,0.8405211487256236,121.75553111888891,5.551111178002388,0.7343168555201902,0.08135948904135823,False
0.20500000000000015,0.11047130168089439,1.611764705882353,1.576470588235294,0.030529411764706003,0.8238807985589438,118.79934896256066,5.367178061392937,0.7396893324465867,0.08209622430517675,False
0.20600000000000016,0.11099129343717541,1.611764705882353,1.576470588235294,0.030705882352941298,0.8090809539971676,116.16000520625472,5.201076744981532,0.7448957456138657,0.08283825732289973,False
0.20700000000000016,0.11151101133347317,1.611764705882353,1.588235294117647,0.03082352941176483,-0.3811212590496037,-22.233824721097605,5.051672527896175,0.7499527909904794,0.08358542954378066,False
0.20800000000000016,0.11203045408743548,1.611764705882353,1.588235294117647,0.03094117647058836,-0.2874797213799371,-51.10888710550979,-2.280397392890693,0.747677770834085,0.08433435938278674,False
0.20900000000000016,0.11254962041738889,1.611764705882353,1.588235294117647,0.031058823529411892,-0.2030846904184136,-49.58625632830697,-3.817892013768592,0.74386523274983,0.08508032231540412,False
0.21000000000000016,0.11306850904234218,1.611764705882353,1.588235294117647,0.031176470588235423,-0.12701151549421885,-40.2995191556934,-3.7470230266432565,0.7401235362353978,0.08582250458451574,False
0.21100000000000016,0.11358711868198922,1.611764705882353,1.588235294117647,0.03129411764705895,-0.05842801100362019,-29.656333321601384,-3.26531575928343,0.7368635218523097,0.08656116191019776,False
0.21200000000000016,0.11410544805671229,1.611764705882353,1.588235294117647,0.03141176470588248,0.0034147900967419764,-19.411550445722185,-2.711800126057801,0.7341570017367247,0.08729680829059294,False
0.21300000000000016,0.11462349588758512,1.611764705882353,1.588235294117647,0.03152941176470601,0.05919095814589159,-9.990547392830722,-2.1793307959787667,0.7319829334704797,0.0880299877514679,False
0.21400000000000016,0.11514126089637627,1.611764705882353,1.588235294117647,0.031647058823529535,0.10950715644894977,-1.4445422059454822,-1.690420758939811,0.7302977613964856,0.0887612131451811,False
0.21500000000000016,0.11565874180555201,1.611764705882353,1.588235294117647,0.03176470588235306,0.1549093819805257,6.275470491994328,-1.2477860240352594,0.729055213523236,0.0894909525460352,False
0.21600000000000016,0.11617593733827963,1.611764705882353,1.588235294117647,0.03188235294117659,0.1958890320177674,13.241060215727233,-0.8488392822556674,0.7282116048463464,0.09021962892043672,False
0.21700000000000016,0.11669284621843058,1.6235294117647059,1.588235294117647,0.03205882352941188,1.0,108.18372884928769,-0.48979882770341676,0.7277270317692509,0.09094762325137576,False
0.21800000000000017,0.11720946717058357,1.6235294117647059,1.588235294117647,0.032235294117647174,1.0,135.37220174490452,4.524004398356702,0.7322562796869517,0.09167738923027105,False
0.21900000000000017,0.11772579892002778,1.6235294117647059,1.588235294117647,0.032411764705882466,1.0,143.08521048735682,5.952929402079782,0.7382144909200086,0.09241232749601529,False
0.22000000000000017,0.11824184019276594,1.6235294117647059,1.588235294117647,0.03258823529411776,1.0,145.20238166743994,6.351346305709752,0.7445711631759364,0.0931534032869853,False
0.22100000000000017,0.11875758971551749,1.6235294117647059,1.588235294117647,0.03276470588235305,1.0,145.71093154170384,6.45360977980879,0.7510301445974648,0.09390088179616786,False
0.22200000000000017,0.11927304621572175,1.6235294117647059,1.6,0.03288235294117658,-0.059858549876641784,23.263746889385704,6.470678909334679,0.7575062411946711,0.0946548269955046,False
0.22300000000000017,0.11978820842154105,1.6235294117647059,1.6,0.033000000000000106,0.003715540405140119,-4.542653725851883,-0.017770993176965854,0.7574939060358166,0.09541232850126745,False
0.22400000000000017,0.12030307506186388,1.6235294117647059,1.6,0.033117647058823634,0.0610498687175675,-5.876260053415972,-1.4988556311229384,0.7560004793796394,0.09616915117998762,False
0.22500000000000017,0.12081764486630799,1.6235294117647059,1.6,0.03323529411764716,0.11276841125757539,-0.2575462289073143,-1.5792687172123538,0.7544266281795374,0.0969244442393055,False
0.22600000000000017,0.12133191656522349,1.6235294117647059,1.6,0.03335294117647069,0.15943274660240614,6.768609096248773,-1.2918214567283988,0.7531402137879142,0.09767829279235749,False
0.22700000000000017,0.12184588888969611,1.6235294117647059,1.6,0.03347058823529422,0.2015482954715772,13.667532501307063,-0.929892396942101,0.7522157203857928,0.0984310177941747,False
0.22800000000000017,0.12235956057155026,1.6235294117647059,1.6,0.033588235294117745,0.2395699365126549,20.051292987280434,-0.5746843569608049,0.7516464295192058,0.09918297814282873,False
0.22900000000000018,0.12287293034335209,1.6235294117647059,1.6,0.03370588235294127,0.2739070605084482,25.85624491970828,-0.24672687349677289,0.7514050930601868,0.09993451677956769,False
0.23000000000000018,0.12338599693841275,1.6235294117647059,1.6,0.0338235294117648,0.3049281191634857,31.1072565620311,0.05060852961612352,0.7514610911462821,0.10068594788020037,False
0.23100000000000018,0.1238987590907914,1.6235294117647059,1.6,0.03394117647058833,0.33296471901184316,35.8502434568996,0.3186339091920742,0.7517851157572385,0.10143755559096951,False
0.23200000000000018,0.12441121553529838,1.6235294117647059,1.6,0.03405882352941186,0.3583153059341882,40.13291271415939,0.5597752830002667,0.7523502846902274,0.10218959584168501,False
0.23300000000000018,0.1249233650074984,1.6235294117647059,1.6,0.034176470588235384,0.38124848122312216,44.001089836237554,0.7765537956811741,0.7531322367045853,0.1029422988143589,False
0.23400000000000018,0.12543520624371354,1.6235294117647059,1.6,0.03429411764705891,0.40200598604198634,47.495715804460346,0.9713913421086482,0.7541090322897551,0.1036958714195159,False
0.23500000000000018,0.12594673798102643,1.6235294117647059,1.6,0.03441176470588244,0.42080538743778784,50.649743031951076,1.1464516558717448,0.755260895520307,0.10445049960176073,False
0.23600000000000018,0.12645795895728332,1.6235294117647059,1.6,0.03452941176470597,0.4378424957528325,53.5080112124978,1.3034760512216628,0.7565697916503425,0.10520635031328286,False
0.23700000000000018,0.1269688679110973,1.6235294117647059,1.611764705882353,0.03458823529411773,-0.7237652832342114,-79.94637444650411,1.4448350092484876,0.7580200562955661,0.10596357353817022,False
0.23800000000000018,0.1274794635818513,1.6235294117647059,1.611764705882353,0.034647058823529496,-0.6044475784402018,-104.38412911112403,-5.625958162856491,0.7523995073173236,0.10671906516002504,False
0.23900000000000018,0.12798974470970131,1.6352941176470588,1.611764705882353,0.034764705882353024,0.680056002933226,37.162996703524996,-6.928701298906221,0.7454761688808051,0.10746834997097694,False
0.24000000000000019,0.12849971003557933,1.6352941176470588,1.611764705882353,0.03488235294117655,0.6715209908751976,76.80600442922197,0.5507080624218214,0.7460322219172069,0.10821407716536369,False
0.2410000000000002,0.12900935830119659,1.6352941176470588,1.611764705882353,0.03500000000000008,0.6639571270817954,87.27269313390323,2.638446797311808,0.748676026215834,0.10896129990228529,False
0.2420000000000002,0.12951868824904667,1.6352941176470588,1.611764705882353,0.03511764705882361,0.6572672967265569,89.45552534279152,3.1824568442743573,0.7518638614050916,0.1097114112604161,False
0.2430000000000002,0.13002769862240862,1.6352941176470588,1.611764705882353,0.035235294117647135,0.6513640964656658,89.34953171502552,3.2881344241717,0.7551573970230998,0.110464758022334,False
0.2440000000000002,0.13053638816534985,1.6352941176470588,1.611764705882353,0.03535294117647066,0.6461688632896876,88.66809949588074,3.272670372049689,0.7584354916654623,0.11122139137489592,False
0.2450000000000002,0.13104475562272955,1.6352941176470588,1.611764705882353,0.03547058823529419,0.6416108004901305,87.89674499811517,3.2267188066901094,0.7616676575682296,0.11198128215760142,False
0.2460000000000002,0.13155279974020148,1.6352941176470588,1.611764705882353,0.03558823529411772,0.6376261910293529,87.16517872136546,3.1759685865987564,0.76484909571796,0.11274438228210205,False
0.2470000000000002,0.13206051926421736,1.6352941176470588,1.611764705882353,0.03570588235294125,0.6341576895734764,86.50599383604194,3.127283238517253,0.7679818706230918,0.11351064194961856,False
0.2480000000000002,0.13256791294202971,1.6352941176470588,1.611764705882353,0.035823529411764775,0.631153685322011,85.92186767739756,3.082387864769776,0.7710697719166053,0.11428001420218921,False
0.2490000000000002,0.13307497952169506,1.6352941176470588,1.611764705882353,0.0359411764705883,0.6285677285545157,85.40824305491265,3.041424698517027,0.774116731492404,0.11505245593550675,False
0.25000000000000017,0.13358171775207703,1.6352941176470588,1.611764705882353,0.03605882352941183,0.6263580145225935,84.96008860999856,3.0041531511089965,0.7771264406828685,0.11582792786890926,False
0.25100000000000017,0.1340881263828494,1.6352941176470588,1.6235294117647059,0.036117647058823595,-0.5525719045767205,-51.470477856116545,2.9703074996088605,0.7801023251227278,0.11660639429350717,False
0.25200000000000017,0.13459420416449924,1.6352941176470588,1.6235294117647059,0.03617647058823536,-0.4488441258837542,-78.58546044175966,-4.258236327133538,0.7758496554813019,0.11738458375322283,False
0.25300000000000017,0.13509994984832993,1.6352941176470588,1.6235294117647059,0.03623529411764712,-0.35543030153067307,-75.48622729440618,-5.7029297362875475,0.7701522552729416,0.11815787040927837,False
0.25400000000000017,0.13560536218646424,1.6352941176470588,1.6235294117647059,0.036294117647058886,-0.27129903608348804,-64.78778471227187,-5.548942977756683,0.7646088011969198,0.1189255289347579,False
0.25500000000000017,0.13611043993184752,1.6352941176470588,1.6235294117647059,0.03635294117647065,-0.19552207365160967,-52.88172386395243,-4.992819333235574,0.7596214329756567,0.11968789423900794,False
0.25600000000000017,0.13661518183825055,1.6352941176470588,1.6235294117647059,0.036411764705882414,-0.12726398393350755,-41.50810207819006,-4.372739558649643,0.7552541110004358,0.12044555119068487,False
0.2570000000000002,0.13711958666027296,1.6352941176470588,1.6235294117647059,0.03647058823529418,-0.06577287965780373,-31.077097848437813,-3.780776379425822,0.7514787229979896,0.1211991071861661,False
0.2580000000000002,0.13762365315334593,1.6352941176470588,1.6235294117647059,0.03652941176470594,-0.01037206228025854,-21.629607666429628,-3.2386393754665703,0.7482454468192815,0.12194913174007205,False
0.2590000000000002,0.13812738007373548,1.6352941176470588,1.6235294117647059,0.036588235294117706,0.039547496888943864,-13.105606883866846,-2.7484990966647342,0.745502289398197,0.12269614356790678,False
0.2600000000000002,0.13863076617854558,1.6470588235294117,1.6235294117647059,0.036705882352941234,1.0,100.38159252742477,-2.307185789333337,0.7432004270626772,0.12344061081828088,False
0.2610000000000002,0.13913381022572097,1.6470588235294117,1.6235294117647059,0.03682352941176476,1.0,132.9063139208923,3.687628293821085,0.7468933875818992,0.1241854738766334,False
0.2620000000000002,0.13963651097405053,1.6470588235294117,1.6235294117647059,0.03694117647058829,1.0,142.16131934727048,5.398735972379379,0.7522974890396815,0.12493479991354967,False
0.2630000000000002,0.14013886718317012,1.6470588235294117,1.6235294117647059,0.03705882352941182,1.0,144.72778890634999,5.878592501295925,0.758181487228061,0.1256897460113802,False
0.2640000000000002,0.14064087761356575,1.6470588235294117,1.6235294117647059,0.037176470588235346,1.0,145.37226059598487,6.004488526243333,0.7641914235413754,0.12645063278584376,False
0.2650000000000002,0.14114254102657653,1.6470588235294117,1.6235294117647059,0.03729411764705887,0.9975098071765074,145.1769303470687,6.02861611714213,0.770225529993947,0.1272175403795608,False
0.2660000000000002,0.1416438561843979,1.6470588235294117,1.6352941176470588,0.03735294117647064,-0.21729999707055087,4.625879218242343,6.008233227255982,0.7762392960709554,0.1279904729329434,False
0.2670000000000002,0.14214482185008454,1.6470588235294117,1.6352941176470588,0.0374117647058824,-0.14586411501055463,-27.447388040544425,-1.4382736759138055,0.7748065657443393,0.12876606833219378,False
0.2680000000000002,0.14264543678755348,1.6470588235294117,1.6352941176470588,0.037470588235294165,-0.08151299762714628,-29.169762381728784,-3.1452925028629393,0.7716667984711036,0.12953946283213968,False
0.2690000000000002,0.14314569976158711,1.6470588235294117,1.6352941176470588,0.03752941176470593,-0.023538168452666847,-22.91403663516114,-3.2464314610314746,0.7684258688078682,0.1303096720382437,False
0.2700000000000002,0.14364560953783623,1.6470588235294117,1.6352941176470588,0.03758823529411769,0.02869800133377648,-15.035947425619286,-2.925415331434213,0.7655059329332911,0.1310767847584693,False
0.2710000000000002,0.14414516488282322,1.6470588235294117,1.6352941176470588,0.03764705882352946,0.07576937767098724,-7.295236129956063,-2.518524895313411,0.7629928678192845,0.13184116063162388,False
0.2720000000000002,0.14464436456394494,1.6470588235294117,1.6352941176470588,0.03770588235294122,0.11819243990388861,-0.13729868871072712,-2.1188716776640475,0.7608794391261662,0.13260320327344863,False
0.2730000000000002,0.14514320734947578,1.6470588235294117,1.6352941176470588,0.037764705882352985,0.15643201944291163,6.364094368271471,-1.7500261774175232,0.7591348418614716,0.13336329845853317,False
0.2740000000000002,0.14564169200857072,1.6470588235294117,1.6352941176470588,0.03782352941176475,0.1909064645574439,12.236736810070575,-1.4158961143942292,0.757724363075033,0.13412179939785893,False
0.2750000000000002,0.1461398173112684,1.6470588235294117,1.6352941176470588,0.03788235294117651,0.2219922886899349,17.532287741046982,-1.115015091922572,0.7566147559706982,0.13487902524918963,False
0.2760000000000002,0.14663758202849428,1.6470588235294117,1.6352941176470588,0.03794117647058828,0.2500283539385884,22.3060166215887,-0.8446536032323055,0.75577550303243,0.1356352631516344,False
0.2770000000000002,0.14713498493206326,1.6470588235294117,1.6352941176470588,0.03800000000000004,0.2753196361917884,26.608758923349093,-0.6018907402872983,0.7551790074459905,0.13639077104107059,False
0.2780000000000002,0.14763202479468318,1.6470588235294117,1.6352941176470588,0.038058823529411805,0.2981406137490802,30.487400745521565,-0.3840398493031308,0.7548003588646397,0.13714578046544315,False
0.2790000000000002,0.1481287003899576,1.6470588235294117,1.6352941176470588,0.03811764705882357,0.3187383170800545,33.98411730492479,-0.1886229239715011,0.7546171247800343,0.13790049917735184,False
0.2800000000000002,0.14862501049238883,1.6470588235294117,1.6470588235294117,0.03811764705882357,-0.8397237499220644,-98.90135355192007,-0.013410927096982897,0.7546091015698194,0.13865511349986356,False
0.2810000000000002,0.14912095387738106,1.6470588235294117,1.6470588235294117,0.03811764705882357,-0.7176337278710343,-122.83343176201856,-7.054011119985229,0.7475604473853957,0.1394065515121173,False
0.2820000000000002,0.14961652932124328,1.6470588235294117,1.6470588235294117,0.03811764705882357,-0.6077527080251073,-116.87638737460514,-8.329888878410229,0.7392358591014472,0.1401503666916635,False
0.2830000000000002,0.15011173560119234,1.6588235294117646,1.6470588235294117,0.03817647058823533,0.6681990333656347,32.42548649941855,-8.024253757920155,0.7312168472774659,0.14088599478346775,False
0.2840000000000002,0.15060657149535597,1.6588235294117646,1.6470588235294117,0.038235294117647096,0.651908541793777,73.4092153675007,-0.13431830844992917,0.7310877469133196,0.14161715431831695,False
0.2850000000000002,0.15110103578277578,1.6588235294117646,1.6470588235294117,0.03829411764705886,0.637305922908517,83.45670414524503,2.024595084803507,0.7331175677200792,0.14234915626803352,False
0.2860000000000002,0.15159512724341032,1.6588235294117646,1.6470588235294117,0.038352941176470624,0.6242223894411947,84.79083432877874,2.5466724592063157,0.7356694820699178,0.14308342298296503,False
0.2870000000000002,0.15208884465813802,1.6588235294117646,1.6470588235294117,0.03841176470588239,0.6125060328500164,83.77877357657214,2.6077016996298017,0.7382824435718945,0.14382026908613882,False
0.2880000000000002,0.15258218680876023,1.6588235294117646,1.6470588235294117,0.03847058823529415,0.6020201354473677,82.23711306347613,2.5445636624135983,0.7408322848436374,0.14455969974939575,False
0.2890000000000002,0.15307515247800418,1.6588235294117646,1.6470588235294117,0.038529411764705916,0.5926416513143955,80.67253541548368,2.4533734921493418,0.7432909531730232,0.14530163922870437,False
0.2900000000000002,0.15356774044952623,1.6588235294117646,1.6470588235294117,0.03858823529411768,0.5842598391241323,79.21909622466784,2.3609404997944172,0.745657205073708,0.14604599579145403,False
0.2910000000000002,0.15405994950791438,1.6588235294117646,1.6470588235294117,0.038647058823529444,0.5767750316823073,77.90089240968598,2.2743586215268694,0.7479368910172228,0.14679267965383058,False
0.2920000000000002,0.1545517784386918,1.6588235294117646,1.6470588235294117,0.03870588235294121,0.5700975285140765,76.71756245481333,2.1949038989086977,0.7501371375640407,0.14754160745673828,False
0.2930000000000002,0.15504322602831944,1.6588235294117646,1.6470588235294117,0.03876470588235297,0.5641465991920807,75.657208984311,2.1225582079039116,0.7522650532015211,0.14829270295951655,False
0.2940000000000002,0.15553429106419925,1.6588235294117646,1.6470588235294117,0.038823529411764736,0.558849586331696,74.70844423123322,2.056692984084249,0.7543271179007535,0.1490458967471672,False
0.2950000000000002,0.15602497233467708,1.6588235294117646,1.6588235294117646,0.038823529411764736,-0.6229177252426458,-62.17833440467326,1.996706545190097,0.7563292099943372,0.1498011256139326,False
0.2960000000000002,0.15651526862904566,1.6588235294117646,1.6588235294117646,0.038823529411764736,-0.5218024233066164,-89.7110983616712,-5.255616071864887,0.7510789621126586,0.1505550930187498,False
0.2970000000000002,0.1570051787375476,1.6588235294117646,1.6588235294117646,0.038823529411764736,-0.4307986515641899,-86.99436683870425,-6.722041979495444,0.744362244025257,0.15130315025776123,False
0.2980000000000002,0.15749470145137845,1.6588235294117646,1.6588235294117646,0.038823529411764736,-0.3488952569960061,-76.6477960197945,-6.587907927855804,0.7377796120969696,0.1520445511102439,False
0.2990000000000002,0.15798383556268955,1.6588235294117646,1.6588235294117646,0.038823529411764736,-0.2751822018846408,-65.06478052447592,-6.050002962133693,0.7317348399363885,0.1527796113607987,False
0.3000000000000002,0.1584725798645911,1.6588235294117646,1.6588235294117646,0.038823529411764736,-0.20884045228441195,-53.987828076885094,-5.446603005009793,0.7262934266587332,0.1535088983443998,False
0.3010000000000002,0.15896093315115514,1.6588235294117646,1.6588235294117646,0.038823529411764736,-0.14913287764420594,-43.83236252506966,-4.86991019513074,0.721428669311241,0.15423300340423635,False
0.3020000000000002,0.15944889421741848,1.6588235294117646,1.6588235294117646,0.038823529411764736,-0.09539606046802061,-34.63901707717903,-4.341911422595093,0.7170918777650587,0.15495248128627723,False
0.3030000000000002,0.15993646185938565,1.6588235294117646,1.6588235294117646,0.038823529411764736,-0.04703292500945373,-26.350848737362256,-3.8647631078147766,0.7132322051132477,0.1556678370757592,False
0.3040000000000002,0.16042363487403202,1.6588235294117646,1.6588235294117646,0.038823529411764736,-0.003506103096743568,-18.888471618148046,-3.4354583615224437,0.7098018109873709,0.15637952636390107,False
0.3050000000000002,0.1609104120593066,1.6705882352941177,1.6588235294117646,0.0388823529411765,1.0,99.28198604229769,-3.049802264520184,0.7067570496141001,0.1570879587890715,False
0.3060000000000002,0.16139679221413503,1.6705882352941177,1.6588235294117646,0.038941176470588264,1.0,133.1598872337348,3.193319285690792,0.7099554142167476,0.15779615585888832,False
0.3070000000000002,0.1618827741384226,1.6705882352941177,1.6588235294117646,0.03900000000000003,1.0,142.8088031465226,4.976549474404676,0.7149370388213953,0.15850835376440017,False
0.3080000000000002,0.16236835663305738,1.6705882352941177,1.6588235294117646,0.03905882352941179,1.0,145.49463255441756,5.4777802938679905,0.7204199312632411,0.1592257588704895,False
0.3090000000000002,0.16285353849991266,1.6705882352941177,1.6588235294117646,0.039117647058823556,0.9721982694177103,142.96654664130668,5.610530046413686,0.7260356124536362,0.1599487066297791,False
0.3100000000000002,0.16333831854185052,1.6705882352941177,1.6588235294117646,0.03917647058823532,0.9264490307112336,136.86989578921217,5.467345667836197,0.7315081480117128,0.1606772056605675,False
0.3110000000000002,0.16382269556272433,1.6705882352941177,1.6705882352941177,0.03917647058823532,-0.2917252841246134,-5.75158365362439,5.135284095298502,0.7366486589020579,0.1614110278214206,False
0.3120000000000002,0.164306668367382,1.6705882352941177,1.6705882352941177,0.03917647058823532,-0.2233762851239167,-38.761226937089475,-2.4202003160217775,0.7342336890750654,0.16214659052900826,False
0.3130000000000002,0.1647902357616687,1.6705882352941177,1.6705882352941177,0.03917647058823532,-0.16186218602328967,-41.06447476071843,-4.176182020550208,0.730062712241755,0.16287894806019537,False
0.3140000000000002,0.16527339655242998,1.6705882352941177,1.6705882352941177,0.03917647058823532,-0.10649949683272535,-35.26110034512949,-4.307461113773509,0.7257604254635662,0.163607075520474,False
0.3150000000000002,0.16575614954751464,1.6705882352941177,1.6705882352941177,0.03917647058823532,-0.056673076561217436,-27.774655275548685,-4.009771349939167,0.7217557985022481,0.16433103463633622,False
0.3160000000000002,0.16623849355577758,1.6705882352941177,1.6705882352941177,0.03917647058823532,-0.011829298316860318,-20.386788877486815,-3.6229812387528315,0.7181379342096643,0.16505116316423896,False
0.3170000000000002,0.16672042738708295,1.6705882352941177,1.6705882352941177,0.03917647058823532,0.02853010210306102,-13.551440831643257,-3.2413611683455037,0.7149016652797376,0.16576784554197457,False
0.3180000000000002,0.16720194985230696,1.6705882352941177,1.6705882352941177,0.03917647058823532,0.06485356248099032,-7.346540067857741,-2.8889334379400045,0.7120178019666994,0.1664814502299155,False
0.31900000000000023,0.16768305976334075,1.6705882352941177,1.6705882352941177,0.03917647058823532,0.09754467682112664,-1.7474230380922349,-2.569825564849744,0.7094530267811772,0.1671923146411708,False
0.32000000000000023,0.16816375593309346,1.6705882352941177,1.6705882352941177,0.03917647058823532,0.12696667972724934,3.2955663065416516,-2.28273656898149,0.7071753229815478,0.1679007434566614,False
0.32100000000000023,0.16864403717549506,1.6705882352941177,1.6705882352941177,0.03917647058823532,0.15344648234275976,7.834881083766219,-2.0250427400552486,0.705155297319144,0.1686070105211053,False
0.32200000000000023,0.16912390230549934,1.6705882352941177,1.6705882352941177,0.03917647058823532,0.17727830469671912,11.919976600173065,-1.7939720122194642,0.7033663284132259,0.1693113615332822,False
0.32300000000000023,0.1696033501390868,1.6705882352941177,1.6705882352941177,0.03917647058823532,0.19872694481528255,15.596030685819429,-1.5869106008487845,0.701784408488889,0.1700140167466862,False
0.32400000000000023,0.17008237949326754,1.6705882352941177,1.6705882352941177,0.03917647058823532,0.21803072092198963,18.903874577440586,-1.4014707410838285,0.7003879173750047,0.17071517348143364,False
0.32500000000000023,0.1705609891860843,1.6705882352941177,1.6705882352941177,0.03917647058823532,0.23540411941802597,21.880524842999467,-1.2354943744082982,0.6991573928139505,0.1714150084085085,False
0.32600000000000023,0.1710391780366152,1.6705882352941177,1.6823529411764706,0.039117647058823556,-0.9260186454649488,-111.48040077419,-1.0870250318653985,0.6980753288866013,0.1721136796169695,False
0.32700000000000023,0.1715169448649768,1.6705882352941177,1.6823529411764706,0.03905882352941179,-0.8066520750361008,-135.84638028809306,-8.151993667419507,0.6899282579351566,0.172808089504089,False
0.32800000000000024,0.17199428849232695,1.6823529411764706,1.6823529411764706,0.03905882352941179,0.47777783834985815,5.751898932934977,-9.45002746663499,0.6804830892118756,0.17349376816693976,False
0.32900000000000024,0.1724712077408677,1.6823529411764706,1.6823529411764706,0.03905882352941179,0.46905887804428414,45.42685156142614,-1.9669674725935349,0.6785209447196002,0.17417336901501243,False
0.33000000000000024,0.1729477014338482,1.6823529411764706,1.6823529411764706,0.03905882352941179,0.4612118137692675,55.908398284212346,0.12343852182262623,0.6786492006198753,0.174851948397484,False
0.33100000000000024,0.1734237683955676,1.6823529411764706,1.6823529411764706,0.03905882352941179,0.4541494559217525,58.09104020533826,0.6692448387621658,0.6793232654940268,0.17553090165017646,False
0.33200000000000024,0.17389940745137808,1.6823529411764706,1.6823529411764706,0.03905882352941179,0.44779333385898906,57.971205520979254,0.7759555735424574,0.6801040457603196,0.17621057699034554,False
0.33300000000000024,0.17437461742768745,1.6823529411764706,1.6823529411764706,0.03905882352941179,0.4420728240025019,57.2653088818175,0.7608354921504253,0.680869710836996,0.17689102630968268,False
0.33400000000000024,0.17484939715196243,1.6823529411764706,1.6823529411764706,0.03905882352941179,0.4369243651316635,56.45527682648476,0.7146988770626469,0.6815892439468412,0.17757222053541857,False
0.33500000000000024,0.17532374545273122,1.6823529411764706,1.6823529411764706,0.03905882352941179,0.432290752147909,55.67700457571504,0.6630446470311879,0.6822571271199882,0.17825411105244796,False
0.33600000000000024,0.17579766115958648,1.6823529411764706,1.6823529411764706,0.03905882352941179,0.42812050046252986,54.9618527826369,0.6130635553830622,0.6828750331315172,0.17893664696352804,False
0.33700000000000024,0.17627114310318837,1.6823529411764706,1.6823529411764706,0.03905882352941179,0.42436727394568863,54.31396977680663,0.5664154973827189,0.6834462946708638,0.1796197797911551,False
0.33800000000000024,0.17674419011526726,1.6823529411764706,1.6823529411764706,0.03905882352941179,0.4209893700805316,53.729476522789305,0.5233205450776865,0.6839744645242369,0.18030346448956203,False
0.33900000000000025,0.17721680102862666,1.6823529411764706,1.6823529411764706,0.03905882352941179,0.41794925660189025,53.20279554734318,0.4835740052303832,0.6844628908090742,0.18098765947367076,False
0.34000000000000025,0.17768897467714612,1.6823529411764706,1.6823529411764706,0.03905882352941179,0.41521315447111296,52.72848454236649,0.4468812801424785,0.6849146270677349,0.18167232637396524,False
0.34100000000000025,0.17816070989578411,1.6823529411764706,1.6823529411764706,0.03905882352941179,0.4127506625534134,52.301070459918826,0.4129548856569377,0.6853324393789691,0.18235742974511643,False
0.34200000000000025,0.17863200552058087,1.6823529411764706,1.6941176470588235,0.03900000000000003,-0.7665244037019234,-84.12280369506531,0.3815056770157401,0.6857188046952621,0.18304293677777,False
0.34300000000000025,0.17910286038866124,1.6823529411764706,1.6941176470588235,0.038941176470588264,-0.6632249045082017,-111.24602431347489,-6.845351456358959,0.6788782842682626,0.18372557807440046,False
0.34400000000000025,0.17957327333823775,1.6823529411764706,1.6941176470588235,0.0388823529411765,-0.5703141787632635,-108.16772574036787,-8.289115240252155,0.6705939448324761,0.1844007291240726,False
0.34500000000000025,0.18004324320861312,1.6823529411764706,1.6941176470588235,0.038823529411764736,-0.4867533491222312,-97.50060512785508,-8.134837860320875,0.6624638241337706,0.18506766522391088,False
0.34600000000000025,0.1805127688401835,1.6823529411764706,1.6941176470588235,0.03876470588235297,-0.41160742597471384,-85.63674004605159,-7.578940401465249,0.6548895450704174,0.1857267213232941,False
0.34700000000000025,0.18098184907444098,1.6823529411764706,1.6941176470588235,0.03870588235294121,-0.34403491867135993,-74.3137765585421,-6.959629291987247,0.6479345255184159,0.18637848180252226,False
0.34800000000000025,0.18145048275397668,1.6823529411764706,1.6941176470588235,0.038647058823529444,-0.2832784856277532,-63.94682755771184,-6.368849606438818,0.6415702383355043,0.18702355308454102,False
0.34900000000000025,0.18191866872248375,1.6823529411764706,1.6941176470588235,0.03858823529411768,-0.22865651941791895,-54.564378817835404,-5.828571923123485,0.6357461855035896,0.1876625031782198,False
0.35000000000000026,0.18238640582475968,1.6823529411764706,1.6941176470588235,0.038529411764705916,-0.17955557335847994,-46.11363324754774,-5.3403100772393355,0.6304103548033981,0.1882958489129647,False
0.35100000000000026,0.18285369290670977,1.6823529411764706,1.6941176470588235,0.03847058823529415,-0.13542354543439647,-38.514628475695204,-4.901276646607601,0.6255135210796461,0.1889240563600871,False
0.35200000000000026,0.18332052881534952,1.6941176470588235,1.6941176470588235,0.03847058823529415,1.0,94.96599084136973,-4.50724630734166,0.621010684168819,0.18954754426693857,False
0.35300000000000026,0.1837869123988078,1.6941176470588235,1.6941176470588235,0.03847058823529415,1.0,133.2496938261656,2.547081011131621,0.6235621721366126,0.1901697037812104,False
0.35400000000000026,0.18425284250632942,1.6941176470588235,1.6941176470588235,0.03847058823529415,0.9489432942018508,138.2702027499817,4.564584637062618,0.6281311898283813,0.19079532267531243,False
0.35500000000000026,0.18471831798827823,1.6941176470588235,1.6941176470588235,0.03847058823529415,0.89251955301696,133.1156351521447,4.822104352679437,0.63295776012706,0.19142562649065875,False
0.35600000000000026,0.1851833376961397,1.6941176470588235,1.6941176470588235,0.03847058823529415,0.8417381859505582,125.70249530878098,4.541210771117928,0.637503469257984,0.19206063049370037,False
0.35700000000000026,0.18564790048252397,1.6941176470588235,1.6941176470588235,0.03847058823529415,0.7960349555907964,118.22225102852337,4.140763087359693,0.6416487606102886,0.1927000000224437,False
0.35800000000000026,0.18611200520116847,1.6941176470588235,1.6941176470588235,0.03847058823529415,0.7549020482670109,111.26321266446644,3.7367150165676595,0.6453900309357631,0.19334333303721998,False
0.35900000000000026,0.18657565070694102,1.6941176470588235,1.6941176470588235,0.03847058823529415,0.7178824316756038,104.93564110068867,3.3601985706629596,0.6487548091060514,0.19399023790457576,False
0.36000000000000026,0.18703883585584236,1.6941176470588235,1.7058823529411764,0.03841176470588239,-0.4924940467860698,-36.81816209930511,3.017052219515698,0.6517764626834124,0.1946403531473719,False
0.36100000000000027,0.18750155950500919,1.6941176470588235,1.7058823529411764,0.038352941176470624,-0.41718581857805104,-68.74272943732711,-4.491364186831095,0.6472896887739966,0.19529011125130735,False
0.36200000000000027,0.18796382051271693,1.6941176470588235,1.7058823529411764,0.03829411764705886,-0.3494672367202457,-69.98632901199905,-6.188749493704983,0.6411054900429345,0.1959346187345961,False
0.36300000000000027,0.1884256177383825,1.6941176470588235,1.7058823529411764,0.038235294117647096,-0.28857933657763285,-63.210410987824645,-6.262752405273889,0.6348472437843967,0.19657290869108937,False
0.36400000000000027,0.18888695004256714,1.6941176470588235,1.7058823529411764,0.03817647058823533,-0.23383904997869293,-54.8472831774136,-5.912370662484549,0.6289393359441796,0.1972050980470389,False
0.36500000000000027,0.18934781628697928,1.6941176470588235,1.7058823529411764,0.03811764705882357,-0.18463161556905874,-46.67492130927352,-5.47793669242446,0.6234658215965497,0.1978315749660557,False
0.36600000000000027,0.1898082153344772,1.6941176470588235,1.7058823529411764,0.038058823529411805,-0.14040374812979983,-39.139179867789885,-5.053527082263678,0.6184166794222515,0.198452769332497,False
0.36700000000000027,0.19026814604907208,1.6941176470588235,1.7058823529411764,0.03800000000000004,-0.10065749096387855,-32.310407518787834,-4.662736857499665,0.6137582929041401,0.19906909039154083,False
0.36800000000000027,0.19072760729593055,1.6941176470588235,1.7058823529411764,0.03794117647058828,-0.06494468304396116,-26.156355164351034,-4.30929292463894,0.6094533183638126,0.1996809120945881,False
0.36900000000000027,0.1911865979413777,1.6941176470588235,1.7058823529411764,0.03788235294117651,-0.03286197944544739,-20.620007934276558,-3.991493365878472,0.6054661137827689,0.20028857181506912,False
0.3700000000000003,0.19164511685289973,1.6941176470588235,1.7058823529411764,0.03782352941176475,-0.004046369736196639,-15.643323505676358,-3.7063254869856217,0.6017640495965851,0.20089237263996357,False
0.3710000000000003,0.19210316289914683,1.6941176470588235,1.7058823529411764,0.037764705882352985,0.02182885547271727,-11.170914386009146,-3.4507218289552015,0.5983175634813495,0.20149258640691123,False
0.3720000000000003,0.19256073494993586,1.6941176470588235,1.7058823529411764,0.03770588235294122,0.045057734631327936,-7.152728750756964,-3.221755033005502,0.5951000202746455,0.2020894567084207,False
0.3730000000000003,0.19301783187625332,1.6941176470588235,1.7058823529411764,0.03764705882352946,0.06590490234466587,-3.54344016461508,-3.016779717384019,0.5920874300181224,0.2026832016921526,False
0.3740000000000003,0.19347445255025797,1.6941176470588235,1.7058823529411764,0.03758823529411769,0.08460852975725822,-0.30196670720317287,-2.8334002208045894,0.5892581982547577,0.20327401659376035,False
0.3750000000000003,0.1939305958452837,1.6941176470588235,1.7058823529411764,0.03752941176470593,0.10138297089917964,2.6083661057978467,-2.669445189473054,0.5865929017374258,0.20386207603146278,False
0.3760000000000003,0.1943862606358422,1.7058823529411764,1.7058823529411764,0.03752941176470593,1.0,107.34069945651909,-2.5229762237773645,0.5840740554891444,0.20444753607243327,False
0.3770000000000003,0.19484144579762594,1.7058823529411764,1.7058823529411764,0.03752941176470593,1.0,137.36309087067366,3.0108011868728073,0.5870889918064924,0.20503296746891153,False
0.3780000000000003,0.19529615020751082,1.7058823529411764,1.7176470588235293,0.037470588235294165,-0.05803416715567368,23.628492453867313,4.591698291923156,0.5916848526938989,0.20562212522154907,False
0.3790000000000003,0.19575037274355886,1.7058823529411764,1.7176470588235293,0.0374117647058824,-0.02711310338128263,-5.428641416083464,-1.4334762222660495,0.5902555454746956,0.20621316751166285,False
0.3800000000000003,0.19620411228502113,1.7058823529411764,1.7176470588235293,0.03735294117647064,0.0006570304862575996,-10.517265115235144,-2.978416804598454,0.5872812805343186,0.20680208526133892,False
0.3810000000000003,0.19665736771234044,1.7058823529411764,1.7176470588235293,0.03729411764705887,0.025591327437631955,-9.044632549701825,-3.255165170946767,0.584030244562808,0.20738790419576933,False
0.3820000000000003,0.19711013790715404,1.7058823529411764,1.7176470588235293,0.03723529411764711,0.04797337116445706,-5.986133648775568,-3.184721370816522,0.5808496292505815,0.20797050378003865,False
0.3830000000000003,0.19756242175229646,1.7058823529411764,1.7176470588235293,0.037176470588235346,0.06805838698918792,-2.740154217972888,-3.0303300490776954,0.5778233829780366,0.20854999221168846,False
0.3840000000000003,0.19801421813180237,1.7058823529411764,1.7176470588235293,0.03711764705882358,0.08607607770203393,0.31816991280677176,-2.865980544404429,0.574961465065399,0.209126528341621,False
0.3850000000000003,0.19846552593090905,1.7058823529411764,1.7176470588235293,0.03705882352941182,0.1022331758141836,3.105214603666131,-2.711523004950622,0.5722539846704362,0.2097002720474877,False
0.3860000000000003,0.19891634403605932,1.7058823529411764,1.7176470588235293,0.037000000000000054,0.11671574058570645,5.618678711714569,-2.5713838136928326,0.5696866244789467,0.210271371324173,False
0.3870000000000003,0.1993666713349044,1.7058823529411764,1.7176470588235293,0.03694117647058829,0.12969122535066535,7.877457420775144,-2.445686444493544,0.5672449436009275,0.21083995979362286,False
0.3880000000000003,0.19981650671630644,1.7058823529411764,1.7176470588235293,0.036882352941176526,0.14131033810971666,9.904650449968623,-2.333432713196999,0.5649154992325277,0.21140615708601684,False
0.3890000000000003,0.20026584907034126,1.7058823529411764,1.7176470588235293,0.03682352941176476,0.151708716063451,11.722773813114724,-2.233401811662996,0.5626860692880696,0.2119700699380403,False
0.3900000000000003,0.20071469728830138,1.7058823529411764,1.7176470588235293,0.036764705882353,0.1610084326924002,13.352464992187434,-2.144403664679509,0.5605456216756461,0.21253179339977754,False
0.3910000000000003,0.20116305026269837,1.7058823529411764,1.7176470588235293,0.036705882352941234,0.1693193541290426,14.812588942158582,-2.0653474527926488,0.5584842150493778,0.21309141198004541,False
0.3920000000000003,0.20161090688726593,1.7058823529411764,1.7176470588235293,0.03664705882352947,0.17674035989260897,16.12010782263064,-1.9952360172031531,0.5564929051560912,0.21364900069499657,False
0.3930000000000003,0.20205826605696225,1.7058823529411764,1.7176470588235293,0.036588235294117706,0.18336044155040696,17.28907444694215,-1.9331727644089447,0.5545636442766595,0.21420462601996154,False
0.3940000000000003,0.2025051266679731,1.7058823529411764,1.7176470588235293,0.03652941176470594,0.1892596915130135,18.33641801777941,-1.8784149325358674,0.5526891274000759,0.2147583467167624,False
0.3950000000000003,0.20295148761771434,1.7058823529411764,1.7176470588235293,0.03647058823529418,0.1945101929499476,19.27157216210741,-1.8300674839050213,0.5508629445051635,0.215310214644948,False
0.3960000000000003,0.2033973478048347,1.7058823529411764,1.7176470588235293,0.036411764705882414,0.19917682071377643,20.106703259485684,-1.7876318852668058,0.5490791840608019,0.21586027547836018,False
0.3970000000000003,0.2038427061292185,1.7058823529411764,1.7294117647058824,0.036294117647058886,-0.9737408613576191,-115.18620904616081,-1.7504649437434021,0.5473325776897031,0.21640856926872276,False
0.3980000000000003,0.20428756149198832,1.7058823529411764,1.7294117647058824,0.03617647058823536,-0.8647785399277395,-141.29932621860985,-8.915641456251565,0.5384207517817688,0.21695189209898208,False
0.3990000000000003,0.20473191279550776,1.7058823529411764,1.7294117647058824,0.03605882352941183,-0.7668300976996711,-137.32264304461413,-10.304093866282498,0.5281204044161886,0.21748567825861295,False
0.4000000000000003,0.2051757589433842,1.7176470588235293,1.7294117647058824,0.03600000000000007,0.49826467677617386,10.194081191428339,-10.10039153908795,0.5180236873043199,0.2180092556936376,False
0.4010000000000003,0.20561909884047136,1.7176470588235293,1.7294117647058824,0.0359411764705883,0.4720852679220858,49.55582608636629,-2.302034334376227,0.5157252888473132,0.21852624564751563,False
0.4020000000000003,0.20606193139287213,1.7176470588235293,1.7294117647058824,0.03588235294117654,0.44846497642399463,58.130045589866455,-0.22603808974324496,0.5155028788098797,0.2190418713961134,False
0.4030000000000003,0.2065042555079412,1.7176470588235293,1.7294117647058824,0.035823529411764775,0.42714789054630103,58.12453998263198,0.22101990470183033,0.5157275266727508,0.2195574759106204,False
0.4040000000000003,0.2069460700942878,1.7176470588235293,1.7294117647058824,0.03576470588235301,0.4079036897269649,55.89520384679903,0.21413056375780595,0.5159452863283366,0.22007330197346853,False
0.4050000000000003,0.20738737406177832,1.7176470588235293,1.7294117647058824,0.03570588235294125,0.39052508546015063,53.247663233057516,0.08957911498922254,0.5160384951222844,0.22058928974819894,False
0.4060000000000003,0.2078281663215391,1.7176470588235293,1.7294117647058824,0.03564705882352948,0.37482551809060605,50.67191560061655,-0.05709872733804746,0.5159850256903775,0.22110530472649514,False
0.4070000000000003,0.2082684457859591,1.7176470588235293,1.7294117647058824,0.03558823529411772,0.3606370839286043,48.29539892298728,-0.19997579881232433,0.5157886777870507,0.22162120193986742,False
0.4080000000000003,0.20870821136869244,1.7176470588235293,1.7294117647058824,0.035529411764705955,0.34780866965339063,46.135547536488126,-0.3323077077997917,0.5154599956140169,0.22213684325458885,False
0.4090000000000003,0.20914746198466133,1.7176470588235293,1.7294117647058824,0.03547058823529419,0.3362042732762868,44.181282976776416,-0.4531703935324142,0.5150104475122363,0.22265210149700837,False
0.4100000000000003,0.2095861965500585,1.7176470588235293,1.7294117647058824,0.03541176470588243,0.3257014930074815,42.41477307413822,-0.5631485249403796,0.5144509172323078,0.22316686069876207,False
0.4110000000000003,0.21002441398235006,1.7176470588235293,1.7294117647058824,0.03535294117647066,0.316190167236145,40.819680372855984,-0.6631842375886455,0.5137913464621726,0.22368101535131973,False
0.4120000000000003,0.21046211320027802,1.7176470588235293,1.7294117647058824,0.0352941176470589,0.30757115051253037,39.37604393570391,-0.7541407058341608,0.5130408137819937,0.22419446949945065,False
0.4130000000000003,0.21089929312386305,1.7176470588235293,1.7294117647058824,0.035235294117647135,0.2997552119318654,38.07084158997307,-0.837072929579685,0.5122073428316968,0.22470713579179036,False
0.4140000000000003,0.2113359526744072,1.7176470588235293,1.7294117647058824,0.03517647058823537,0.29266204367985515,36.8904418227246,-0.9126688842482784,0.5112982693295522,0.22521893459105768,False
0.4150000000000003,0.2117720907744964,1.7176470588235293,1.7294117647058824,0.03511764705882361,0.2862193687236342,35.821951792199684,-0.981648874941283,0.5103202087374953,0.22572979327158207,False
0.4160000000000003,0.2122077063480033,1.7176470588235293,1.7294117647058824,0.035058823529411844,0.2803621377336237,34.85489172463648,-1.0446942053833272,0.5092790952575792,0.22623964551659448,False
0.4170000000000003,0.21264279832008964,1.7176470588235293,1.7294117647058824,0.03500000000000008,0.2750318063132023,33.97751288762863,-1.1023585791328958,0.5081803094278692,0.22674843069438524,False
0.4180000000000003,0.21307736561720939,1.7176470588235293,1.7294117647058824,0.034941176470588316,0.27017568450541146,33.183167563000744,-1.155262904682043,0.507028610913314,0.22725609327439533,False
0.4190000000000003,0.21351140716711084,1.7176470588235293,1.7411764705882353,0.03482352941176479,-0.9113124721804198,-103.57871661940224,-1.2037582597121197,0.5058284083333122,0.22776258232776503,False
0.4200000000000003,0.21394492189883968,1.7176470588235293,1.7411764705882353,0.03470588235294126,-0.8100635779035542,-131.01004165340558,-8.446111704801643,0.49738581295184375,0.22826461209741603,False
0.4210000000000003,0.21437790874274137,1.7176470588235293,1.7411764705882353,0.03458823529411773,-0.7190572201131986,-128.21614409267204,-9.903770253224607,0.4874854931991224,0.22875754328615147,False
0.4220000000000003,0.2148103666304639,1.7176470588235293,1.7411764705882353,0.034470588235294204,-0.6372691451607024,-117.81145841597507,-9.76211416582558,0.47772676023571803,0.22924063785876417,False
0.4230000000000003,0.21524229449496046,1.7176470588235293,1.7411764705882353,0.034352941176470676,-0.5637775247622792,-106.18823278943209,-9.217656258818604,0.4685124185939071,0.2297142186644051,False
0.4240000000000003,0.21567369127049196,1.7176470588235293,1.7411764705882353,0.03423529411764715,-0.4977527134625218,-95.08791536644132,-8.608611782823806,0.45990705895660383,0.23017885916080671,False
0.4250000000000003,0.21610455589262972,1.7176470588235293,1.7411764705882353,0.03411764705882362,-0.4384480303515637,-84.92375004926586,-8.027126784938924,0.45188312602281283,0.23063515593072048,False
0.4260000000000003,0.2165348872982581,1.7294117647058824,1.7411764705882353,0.03405882352941186,0.7918673609189048,60.303630612133034,-7.495072782122985,0.44439119268708854,0.23108366815924633,False
0.4270000000000003,0.21696468442557723,1.7294117647058824,1.7411764705882353,0.03400000000000009,0.7343865071799555,95.35500829154557,0.18310218583671756,0.4445774137469825,0.23152814361921215,False
0.4280000000000003,0.21739394621410535,1.7294117647058824,1.7411764705882353,0.03394117647058833,0.6825949152854893,99.39867056016043,2.031955110228501,0.44661249649315354,0.23197363728892184,False
0.4290000000000003,0.21782267160468163,1.7294117647058824,1.7411764705882353,0.033882352941176565,0.6359236590510581,95.1303702227018,2.240192153804518,0.4488558311054354,0.2324212597568972,False
0.4300000000000003,0.2182508595394689,1.7294117647058824,1.7411764705882353,0.0338235294117648,0.5938607049106582,89.01282663315064,2.008624326261799,0.45086761231705774,0.23287102136266746,False
0.4310000000000003,0.21867850896195595,1.7294117647058824,1.7411764705882353,0.03376470588235304,0.5559452226548868,82.84882964595542,1.6791916104171907,0.4525499731986091,0.23332264651242812,False
0.43200000000000033,0.21910561881696028,1.7294117647058824,1.7411764705882353,0.03370588235294127,0.5217624650952806,77.10760016047065,1.347282160715553,0.4539004346910192,0.2337758046699243,False
0.43300000000000033,0.21953218805063082,1.7294117647058824,1.7411764705882353,0.03364705882352951,0.4909391597622232,71.8809222350356,1.0377261282668817,0.4549413479743818,0.23423017399345755,False
0.43400000000000033,0.21995821561045045,1.7294117647058824,1.7411764705882353,0.033588235294117745,0.4631393614330598,67.15559559509637,0.7553835181005928,0.4556999244119159,0.23468545717961764,False
0.43500000000000033,0.2203837004452384,1.7294117647058824,1.7411764705882353,0.03352941176470598,0.4380607194074011,62.89539747621847,0.4995593675503489,0.45620268059288943,0.23514138382373775,False
0.43600000000000033,0.2208086415051532,1.7294117647058824,1.7411764705882353,0.03347058823529422,0.41543111805489646,59.0501116726296,0.26834028700664575,0.45647421989558634,0.23559770917682266,False
0.43700000000000033,0.22123303774169503,1.7294117647058824,1.7411764705882353,0.03341176470588245,0.39500565330823056,55.584025810324796,0.059072207257218776,0.45653649179108885,0.23605421189902193,False
0.43800000000000033,0.2216568881077084,1.7294117647058824,1.7411764705882353,0.03335294117647069,0.37656391150681934,52.46128348528094,-0.1301318267758669,0.4564095589419547,0.23651069175091485,False
0.43900000000000033,0.22208019155738462,1.7294117647058824,1.7411764705882353,0.033294117647058925,0.3599075203561376,49.64271173265905,-0.3011666365282397,0.45611158932252865,0.23696696770315387,False
0.44000000000000034,0.22250294704626447,1.7294117647058824,1.7411764705882353,0.03323529411764716,0.3448579447911122,47.101043590324785,-0.45610274016753327,0.45565868050812636,0.2374228759627046,False
0.44100000000000034,0.2229251535312409,1.7294117647058824,1.7411764705882353,0.0331764705882354,0.33125450325317773,44.80966322750988,-0.5963809180625262,0.45506548940091146,0.2378782681858213,False
0.44200000000000034,0.22334680997056128,1.7294117647058824,1.7411764705882353,0.033117647058823634,0.3189525823396247,42.74095262574113,-0.7234076792790142,0.4543452664911944,0.23833301005279026,False
0.44300000000000034,0.22376791532383034,1.7294117647058824,1.7529411764705882,0.033000000000000106,-0.8692367935413923,-95.16681264465933,-0.8386427188387034,0.4535098026613482,0.23878697983757746,False
0.44400000000000034,0.22418846855201244,1.7294117647058824,1.7529411764705882,0.03288235294117658,-0.7740189965401939,-123.63013160626123,-8.1409424394423,0.44537200222465595,0.23923682810306288,False
0.44500000000000034,0.22460846861743428,1.7294117647058824,1.7529411764705882,0.03276470588235305,-0.6884406262979387,-121.76321244220652,-9.652525592774634,0.4357225549550045,0.23967785831780183,False
0.44600000000000034,0.22502791448378753,1.7294117647058824,1.7529411764705882,0.03264705882352952,-0.6115377401387327,-112.1914862814494,-9.55924119587626,0.4261663245804166,0.24010928102272847,False
0.44700000000000034,0.2254468051161311,1.7294117647058824,1.7529411764705882,0.032529411764705994,-0.542442789654271,-101.31836047578169,-9.058183286299293,0.41711108699973914,0.24053137293416457,False
0.44800000000000034,0.2258651394808941,1.7294117647058824,1.7529411764705882,0.032411764705882466,-0.480374981277079,-90.8927226507996,-8.48815698757279,0.4086258144184425,0.2409446660829546,False
0.44900000000000034,0.226282916545878,1.7294117647058824,1.7529411764705882,0.03229411764705894,-0.4246316007964297,-81.3349125653165,-7.9417014662745755,0.4006869399676734,0.24134971982959813,False
0.45000000000000034,0.22670013528025948,1.7294117647058824,1.7529411764705882,0.03217647058823541,-0.3745802054226689,-72.69185815254734,-7.441063228671821,0.3932486500120995,0.2417470599566468,False
0.45100000000000035,0.2271167946545927,1.7294117647058824,1.7529411764705882,0.03205882352941188,-0.3296515966451075,-64.91384821821644,-6.988731308997597,0.3862626415494058,0.24213716531275228,False
0.45200000000000035,0.2275328936408121,1.7411764705882353,1.7529411764705882,0.03200000000000012,0.8877253277252815,78.12290156409716,-6.582081052992695,0.37968323590305275,0.24252046762446075,False
0.45300000000000035,0.22794843121223493,1.7411764705882353,1.7529411764705882,0.031941176470588355,0.8185998537762829,111.18406784064243,0.9810239543198519,0.3806669207264862,0.24290059391746574,False
0.45400000000000035,0.2283634063435633,1.7411764705882353,1.7529411764705882,0.03188235294117659,0.7563281036927723,113.43972973099275,2.725401276421988,0.3833949968259177,0.24328248887309542,False
0.45500000000000035,0.2287778180108875,1.7411764705882353,1.7529411764705882,0.03182352941176483,0.7002247050882013,107.55662471114816,2.839853173317482,0.38623754413337313,0.243667163419741,False
0.45600000000000035,0.22919166519168793,1.7411764705882353,1.7529411764705882,0.03176470588235306,0.6496728228146753,99.98621101963099,2.5236566224717287,0.3887639131883897,0.24405453823629172,False
0.45700000000000035,0.22960494686483773,1.7411764705882353,1.7529411764705882,0.0317058823529413,0.60411730523909,92.51511293777817,2.1181568100389176,0.39088479813739796,0.24444425695649097,False
0.45800000000000035,0.2300176620106055,1.7411764705882353,1.7529411764705882,0.031647058823529535,0.5630585158916517,85.60100220013594,1.7178874974250848,0.39260542666130643,0.24483591644826516,False
0.45900000000000035,0.23042980961065765,1.7411764705882353,1.7529411764705882,0.03158823529411777,0.5260467819495456,79.31447958636338,1.3470685981920176,0.39395524649383024,0.24522912970626118,False
0.46000000000000035,0.23084138864806095,1.7411764705882353,1.7529411764705882,0.03152941176470601,0.4926773978722382,73.63986441922971,1.0094400647103074,0.3949674455436785,0.2456235408559711,False
0.46100000000000035,0.231252398107285,1.7411764705882353,1.7529411764705882,0.03147058823529424,0.4625861286732498,68.52011098957001,0.7041763589501078,0.3956743864110544,0.2460188268394413,False
0.46200000000000035,0.23166283697420487,1.7411764705882353,1.7529411764705882,0.03141176470588248,0.4354451628647485,63.90691082269527,0.4282629618698804,0.3961054173915882,0.24641469560491433,False
0.46300000000000036,0.23207270423610338,1.7411764705882353,1.7529411764705882,0.031352941176470715,0.4109594701076855,59.749394681862114,0.17914727349535522,0.3962873343761723,0.24681088330037584,False
0.46400000000000036,0.23248199888167392,1.7411764705882353,1.7529411764705882,0.03129411764705895,0.388863523096917,56.00285380366206,-0.045859120166507235,0.39624424501844097,0.24720715166002277,False
0.46500000000000036,0.2328907199010225,1.7411764705882353,1.7529411764705882,0.031235294117647187,0.3689183472578137,52.62788810807195,-0.24911898223704745,0.39599789436813576,0.24760328546255833,False
0.46600000000000036,0.23329886628567076,1.7411764705882353,1.7529411764705882,0.031176470588235423,0.35090886547320893,49.58207756498402,-0.43271446382223583,0.3955679454677103,0.24799909029485429,False
0.46700000000000036,0.23370643702855803,1.7411764705882353,1.7529411764705882,0.03111764705882366,0.33464150833765294,46.83744256047424,-0.5988877367532468,0.39497181931631653,0.24839439039792496,False
0.46800000000000036,0.23411343112404398,1.7411764705882353,1.7529411764705882,0.031058823529411896,0.31994206338624087,44.36116499829726,-0.7491171576455568,0.39422545867249426,0.24878902676859344,False
0.46900000000000036,0.23451984756791117,1.7411764705882353,1.7529411764705882,0.03100000000000013,0.3066537394005581,42.127737940577596,-0.8851372761065573,0.3933430718497205,0.24918285556595693,False
0.47000000000000036,0.2349256853573674,1.7411764705882353,1.7647058823529411,0.030882352941176604,-0.8824233992453756,-95.92633108172792,-1.008295988652599,0.39233751935895306,0.24957574655092948,False
0.47100000000000036,0.2353309434910483,1.7411764705882353,1.7647058823529411,0.030764705882353076,-0.7880045887326024,-124.52096772404977,-8.317543263025794,0.38402268166471804,0.2499643428009118,False
0.47200000000000036,0.2357356209690197,1.7411764705882353,1.7647058823529411,0.030647058823529548,-0.7031453063299298,-122.77150803791423,-9.835279225805797,0.3741900433107684,0.25034394119351605,False
0.47300000000000036,0.23613971679278006,1.7411764705882353,1.7647058823529411,0.03052941176470602,-0.6268895992263485,-113.30588675961755,-9.747412518598804,0.36444520311366935,0.25071374644663535,False
0.47400000000000037,0.23654322996526328,1.7411764705882353,1.7647058823529411,0.030411764705882492,-0.5583771098919486,-102.52809219814101,-9.251169564793075,0.35519653966295506,0.25107403012905777,False
0.47500000000000037,0.2369461594908406,1.7411764705882353,1.7647058823529411,0.030294117647058964,-0.4968335165498123,-92.18736090458206,-8.685386147133876,0.3465135971959483,0.25142531971298804,False
0.47600000000000037,0.2373485043753235,1.7411764705882353,1.7647058823529411,0.030176470588235436,-0.44156192960071305,-82.70857431715002,-8.142619821315316,0.33837336249033584,0.2517681705640451,False
0.47700000000000037,0.237750263625966,1.7411764705882353,1.7647058823529411,0.03005882352941191,-0.39193514840534743,-74.1305600024099,-7.645357324452882,0.33073033533015217,0.2521031049154447,False
0.47800000000000037,0.23815143625146704,1.7411764705882353,1.7647058823529411,0.02994117647058838,-0.3473886923883418,-66.40862804919286,-7.195659050979258,0.3235369547772283,0.2524305985728131,False
0.47900000000000037,0.23855202126197309,1.7529411764705882,1.7647058823529411,0.029882352941176617,0.8696442944975471,76.571878543503,-6.79116597077635,0.3167480186000656,0.25275108084220677,False
0.48000000000000037,0.2389520176690804,1.7529411764705882,1.7647058823529411,0.029823529411764853,0.8002092768124985,109.58422974897363,0.7697755611363003,0.31752000805168995,0.25306817658798747,False
0.48100000000000037,0.23935142448583763,1.7529411764705882,1.7647058823529411,0.02976470588235309,0.737658937366543,111.79426936482817,2.512385050808769,0.32003461949499556,0.2533868285046266,False
0.4820000000000004,0.23975024072674814,1.7529411764705882,1.7647058823529411,0.029705882352941325,0.6813048083357711,105.87538709498442,2.62524072371311,0.3226621044462432,0.2537080458284394,False
0.4830000000000004,0.24014846540777257,1.7529411764705882,1.7647058823529411,0.02964705882352956,0.6305272686786647,98.2725431574014,2.3079715329064467,0.3249723370238732,0.25403174787622446,False
0.4840000000000004,0.24054609754633105,1.7529411764705882,1.7647058823529411,0.029588235294117797,0.5847686594578573,90.7720815317441,1.9015788592035525,0.32687619115403543,0.2543575772885049,False
0.4850000000000004,0.2409431361613058,1.7529411764705882,1.7647058823529411,0.029529411764706033,0.5435270876297189,83.82855845510332,1.5005816289034755,0.328379059463895,0.2546851301130918,False
0.4860000000000004,0.24133958027304356,1.7529411764705882,1.7647058823529411,0.02947058823529427,0.5063508494549824,77.52083342444102,1.1290349124973267,0.32951038979033526,0.2550140186152839,False
0.4870000000000004,0.24173542890335784,1.7529411764705882,1.7647058823529411,0.029411764705882505,0.47283341156830794,71.8263224050301,0.7911156171135019,0.3303038071011417,0.25534388638795813,False
0.4880000000000004,0.24213068107553148,1.7529411764705882,1.7647058823529411,0.02935294117647074,0.442608893940889,66.68826947847332,0.48563294602518964,0.3307917457977321,0.25567441011323927,False
0.4890000000000004,0.24252533581431912,1.7529411764705882,1.7647058823529411,0.029294117647058977,0.4153480045468003,62.059172895055745,0.20958770444107638,0.33100364130113047,0.25600529755814516,False
0.4900000000000004,0.24291939214594932,1.7529411764705882,1.7647058823529411,0.029235294117647213,0.39075438056270867,57.88832975321408,-0.03953003313949212,0.33096641930230564,0.2563362847957658,False
0.4910000000000004,0.2433128490981273,1.7529411764705882,1.7647058823529411,0.02917647058823545,0.3685612954476146,54.12997685948028,-0.26439988939507963,0.330704326046703,0.256667133619159,False
0.4920000000000004,0.2437057057000372,1.7529411764705882,1.7647058823529411,0.029117647058823685,0.348528695314618,50.74276947208539,-0.4674404262545192,0.33023918937733043,0.2569976289793713,False
0.4930000000000004,0.24409796098234435,1.7529411764705882,1.7647058823529411,0.02905882352941192,0.33044053166550935,47.689735974216006,-0.6508366946394446,0.32959065222981504,0.25732757667210593,False
0.4940000000000004,0.2444896139771978,1.7529411764705882,1.7647058823529411,0.029000000000000158,0.3141023608518999,44.93748909254567,-0.8165426061719517,0.32877640375737655,0.2576568012568195,False
0.4950000000000004,0.24488066371823278,1.7529411764705882,1.7647058823529411,0.028941176470588394,0.29933918359023937,42.457470025276955,-0.9663226430828133,0.3278123687473367,0.257985144188175,False
0.4960000000000004,0.24527110924057288,1.7529411764705882,1.7647058823529411,0.02888235294117663,0.2859935005253334,40.219420726258754,-1.1016860115591933,0.32671296288588214,0.258312462166543,False
0.4970000000000004,0.24566094958083262,1.7529411764705882,1.7647058823529411,0.028823529411764866,0.27392356223750614,38.20198682925158,-1.224231997387858,0.3254910026675246,0.2586386255883589,False
0.4980000000000004,0.2460501837771197,1.7529411764705882,1.7647058823529411,0.028764705882353102,0.26300179424904985,36.37847388141818,-1.3350889574584273,0.32415817631478167,0.2589635171588428,False
0.4990000000000004,0.2464388108690375,1.7529411764705882,1.7647058823529411,0.028705882352941338,0.25311337953002744,34.735833694764096,-1.435667928200723,0.32272476108955456,0.2592870306365172,False
0.5000000000000003,0.24682682989768714,1.7529411764705882,1.7647058823529411,0.028647058823529577,0.24415498275349606,33.25048746517769,-1.5266580616006418,0.32120034517072604,0.25960906974708914,False
0.5010000000000003,0.2472142399056704,1.7529411764705882,1.7647058823529411,0.028588235294117813,0.2360336021252054,31.911451747061882,-1.609305789480249,0.319593270367162,0.2599295472435878,False
0.5020000000000003,0.24760103993709148,1.7529411764705882,1.7647058823529411,0.02852941176470605,0.22866553603033216,30.700284720864573,-1.684191237689612,0.31791129841775895,0.26024838395982813,False
0.5030000000000003,0.24798722903755985,1.7529411764705882,1.7647058823529411,0.028470588235294286,0.22197545301553437,29.606983937551767,-1.7522892407621005,0.31616121627704513,0.2605655080527189,False
0.5040000000000003,0.24837280625419225,1.7529411764705882,1.776470588235294,0.028352941176470758,-0.9611632687566027,-107.42200103501757,-1.8141281972261687,0.3143492825462386,0.26088085422837126,False
0.5050000000000003,0.24875777063561522,1.7529411764705882,1.776470588235294,0.02823529411764723,-0.8613998830574128,-135.0925235095473,-9.0681329200082,0.3052833009789996,0.2611911241438147,False
0.5060000000000003,0.24914212123196744,1.7529411764705882,1.776470588235294,0.028117647058823702,-0.7717304829869652,-132.5183600974147,-10.53595982420029,0.2947494230660168,0.26149166751422526,False
0.5070000000000003,0.24952585709490202,1.7647058823529411,1.776470588235294,0.028058823529411938,0.4859131535470215,13.740392099694608,-10.403435670801553,0.2843479963463291,0.26178173659878773,False
0.5080000000000003,0.24990897727758885,1.7647058823529411,1.776470588235294,0.028000000000000174,0.45302772054526064,51.971197182762126,-2.6686059215911597,0.2816813591132239,0.26206488490424396,False
0.5090000000000003,0.250291480834717,1.7647058823529411,1.776470588235294,0.02794117647058841,0.4233720073142643,59.529749016895884,-0.6494116626796286,0.281033905859274,0.26234627520329395,False
0.5100000000000003,0.25067336682249686,1.7647058823529411,1.776470588235294,0.027882352941176646,0.39662304187695563,58.61247135459864,-0.2530515345885946,0.28078280973381575,0.26262719640926496,False
0.5110000000000003,0.25105463429866276,1.7647058823529411,1.776470588235294,0.027823529411764882,0.3724901494539662,55.56731775970945,-0.30513590381183603,0.28047962712607405,0.26290784307988757,False
0.5120000000000003,0.2514352823224752,1.7647058823529411,1.776470588235294,0.02776470588235312,0.35071172274386386,52.182667653450046,-0.4697991628569974,0.2800117783138223,0.2631881124677028,False
0.5130000000000003,0.25181530995472295,1.7647058823529411,1.776470588235294,0.027705882352941354,0.33105231517536016,48.94627426255299,-0.6524176378636568,0.27936130686055044,0.26346783182593053,False
0.5140000000000003,0.25219471625772555,1.7647058823529411,1.776470588235294,0.02764705882352959,0.31330002483429487,45.97807194982308,-0.8271824953353101,0.2785360651464162,0.2637468220653138,False
0.5150000000000003,0.2525735002953358,1.7647058823529411,1.776470588235294,0.027588235294117826,0.29726413999792434,43.28819239575199,-0.9877459912881793,0.2775502533770801,0.2640249148055075,False
0.5160000000000003,0.25295166113294165,1.7647058823529411,1.776470588235294,0.027529411764706063,0.2827730201157792,40.85816313688358,-1.1335701226948407,0.27641860986263145,0.2643019561085349,False
0.5170000000000003,0.2533291978374688,1.7647058823529411,1.776470588235294,0.0274705882352943,0.26967218869243686,38.66705798988859,-1.265630486602899,0.2751548974148979,0.26457780633577005,False
0.5180000000000003,0.25370610947738303,1.7647058823529411,1.776470588235294,0.027411764705882535,0.25782261688201696,36.68843985723565,-1.3850326724140671,0.2737717733477234,0.26485233911393846,False
0.5190000000000003,0.2540823951226923,1.7647058823529411,1.776470588235294,0.02735294117647077,0.24709917872322723,34.90393413809936,-1.4931739994767077,0.27228049773807683,0.2651254400983359,False
0.5200000000000004,0.2544580538449492,1.7647058823529411,1.776470588235294,0.027294117647059007,0.23738926085090473,33.29503429712325,-1.5910253452572787,0.2706913598599608,0.26539700576748465,False
0.5210000000000004,0.25483308471725313,1.7647058823529411,1.776470588235294,0.027235294117647243,0.22859151123640273,31.841039630434608,-1.6795646926879453,0.2690136710721342,0.2656669424491301,False
0.5220000000000004,0.2552074868142527,1.7647058823529411,1.776470588235294,0.02717647058823548,0.22061471305393907,30.528991404151597,-1.7598862279668332,0.26725564860753237,0.2659351652900286,False
0.5230000000000004,0.2555812592121481,1.7647058823529411,1.776470588235294,0.027117647058823715,0.21337677116031017,29.343493377217115,-1.8326746171785426,0.2654248250874557,0.2662015973461027,False
0.5240000000000004,0.2559544009886929,1.7647058823529411,1.776470588235294,0.02705882352941195,0.20680379992663234,28.272667158583957,-1.898743583514013,0.26352791945914206,0.2664661688397505,False
0.5250000000000004,0.2563269112231969,1.7647058823529411,1.776470588235294,0.027000000000000187,0.2008293022869105,27.304884499120654,-1.9587208056056162,0.26157102303542323,0.2667288164298884,False
0.5260000000000004,0.25669878899652826,1.7647058823529411,1.776470588235294,0.026941176470588423,0.19539343088174915,26.429530148527014,-2.013220801024433,0.2595596126514597,0.2669894825902372,False
0.5270000000000004,0.2570700333911154,1.7647058823529411,1.776470588235294,0.02688235294117666,0.1904423230876921,25.63784271853024,-2.062804556738443,0.25749860419127796,0.26724811501892987,False
0.5280000000000004,0.2574406434909497,1.7647058823529411,1.776470588235294,0.026823529411764895,0.18592750254362897,24.921074694942583,-2.1079350332643894,0.2553924506107168,0.26750466612167095,False
0.5290000000000004,0.25781061838158764,1.7647058823529411,1.776470588235294,0.02676470588235313,0.18180534052456038,24.27250380202873,-2.149074510843583,0.2532451426144737,0.2677590925491122,False
0.5300000000000004,0.25817995715015285,1.7647058823529411,1.776470588235294,0.026705882352941367,0.178036571177987,23.683746791977846,-2.186578164772547,0.2510603157582718,0.26801135478279703,False
0.5310000000000004,0.2585486588853388,1.7647058823529411,1.776470588235294,0.026647058823529603,0.17458585523665912,23.1500345898231,-2.22088909435896,0.24884116252200264,0.2682614167404441,False
0.5320000000000004,0.25891672267741045,1.7647058823529411,1.776470588235294,0.02658823529411784,0.1714213873600523,22.665678045829083,-2.25225921538997,0.2465906234909547,0.2685092454189026,False
0.5330000000000004,0.25928414761820706,1.7647058823529411,1.776470588235294,0.026529411764706076,0.16851454274169436,22.2259271582867,-2.2809891594722522,0.2443113386380318,0.2687548106203345,False
0.5340000000000004,0.25965093280114415,1.7647058823529411,1.776470588235294,0.02647058823529431,0.1658395590557604,21.825877160023737,-2.3073299007560237,0.24200569697931965,0.2689980846739465,False
0.5350000000000004,0.26001707732121565,1.7647058823529411,1.776470588235294,0.026411764705882548,0.16337325020900817,21.461726785039385,-2.3315406306479707,0.2396758283550439,0.2692390421813349,False
0.5360000000000004,0.2603825802749964,1.7647058823529411,1.776470588235294,0.026352941176470784,0.1610947487175194,21.129983212294917,-2.353822181141864,0.2373236617874196,0.2694776597835702,False
0.5370000000000004,0.26074744076064416,1.776470588235294,1.776470588235294,0.026352941176470784,1.0,118.02800300438382,-2.3743590880469267,0.23495094177550235,0.2697139159677115,False
0.5380000000000004,0.26111165787790197,1.776470588235294,1.776470588235294,0.026352941176470784,1.0,145.8051904802453,2.7494412221925706,0.23770202684109387,0.2699501051437727,False
0.5390000000000004,0.26147523072810036,1.776470588235294,1.776470588235294,0.026352941176470784,1.0,153.71514200101961,4.21607981426101,0.2419197756164269,0.27018970540703113,False
0.5400000000000004,0.2618381584141594,1.776470588235294,1.776470588235294,0.026352941176470784,1.0,155.91444935687946,4.631506033574382,0.24655298153051594,0.27043371037932884,False
0.5410000000000004,0.2622004400405911,1.776470588235294,1.776470588235294,0.026352941176470784,0.9672062969937352,152.68304726140164,4.744728441870195,0.2512994423922524,0.2706823995271246,False
0.5420000000000004,0.26256207471350157,1.776470588235294,1.776470588235294,0.026352941176470784,0.8968386084708325,143.55217120943624,4.57055833938532,0.25587176527292027,0.27093575677854537,False
0.5430000000000004,0.26292306154059325,1.776470588235294,1.776470588235294,0.026352941176470784,0.83350768880022,133.5487160749868,4.084197818568975,0.25995775723691505,0.2711934675084765,False
0.5440000000000004,0.263283399631167,1.776470588235294,1.776470588235294,0.026352941176470784,0.7765098610966686,124.03440803345987,3.5516216182609943,0.2635111990282672,0.2714550245868092,False
0.5450000000000004,0.26364308809612436,1.776470588235294,1.788235294117647,0.02629411764705902,-0.45184700736593486,-20.71242866661835,3.044883989354795,0.26655792562210157,0.2717199070885648,False
0.5460000000000004,0.2640021260479698,1.776470588235294,1.788235294117647,0.026235294117647256,-0.392721130158753,-55.36423007958593,-4.616875403782952,0.2619428819216006,0.2719843885202427,False
0.5470000000000004,0.26436051260081295,1.776470588235294,1.788235294117647,0.026176470588235492,-0.3395666642017009,-59.07005889980981,-6.453540132364755,0.25549113366377585,0.2722434283855774,False
0.5480000000000004,0.26471824687037054,1.776470588235294,1.788235294117647,0.026117647058823728,-0.2917864683697658,-54.509784063327906,-6.652799479202016,0.24884008030805121,0.2724959268085387,False
0.5490000000000004,0.2650753279739688,1.776470588235294,1.788235294117647,0.026058823529411964,-0.2488431156504359,-48.138586564533966,-6.41462416161899,0.24242715696679387,0.2727418813298053,False
0.5500000000000004,0.26543175503054567,1.776470588235294,1.788235294117647,0.0260000000000002,-0.2102529217324509,-41.7558022579985,-6.080555357754037,0.23634825918788618,0.27298157323267774,False
0.5510000000000004,0.26578752716065285,1.776470588235294,1.788235294117647,0.025941176470588436,-0.17558057073567615,-35.82771674227237,-5.745798486165487,0.23060407736901262,0.2732153368537466,False
0.5520000000000004,0.26614264348645783,1.776470588235294,1.788235294117647,0.025882352941176672,-0.14443427836799058,-30.442447041885444,-5.435028385693794,0.22517062697024995,0.2734434961162686,False
0.5530000000000004,0.26649710313174657,1.776470588235294,1.788235294117647,0.025823529411764908,-0.11646143876648532,-25.584051922794004,-5.15291101780197,0.22001925730357932,0.27366634885916713,False
0.5540000000000004,0.26685090522192495,1.776470588235294,1.788235294117647,0.025764705882353144,-0.09134470665454232,-21.21109061284478,-4.898606360480777,0.2151221575069909,0.2738841646485692,False
0.5550000000000004,0.26720404888402155,1.776470588235294,1.788235294117647,0.02570588235294138,-0.06879847128320543,-17.278021336211783,-4.669924895360136,0.2104537060523775,0.27409718622491225,False
0.5560000000000004,0.26755653324668954,1.776470588235294,1.788235294117647,0.025647058823529616,-0.0485656829784141,-13.741874578837836,-4.464459813225041,0.20599068805255402,0.27430563179006834,False
0.5570000000000004,0.26790835744020874,1.776470588235294,1.788235294117647,0.025588235294117852,-0.030414997033513594,-10.563785100459599,-4.279940119989382,0.2017121594623301,0.2745096973528778,False
0.5580000000000004,0.26825952059648794,1.776470588235294,1.788235294117647,0.02552941176470609,-0.014138203212514903,-7.706096289433364,-4.114311721551855,0.1975992301934385,0.2747095589023955,False
0.5590000000000004,0.26861002184906696,1.776470588235294,1.788235294117647,0.025470588235294325,0.00045208769697217127,-5.138431783068733,-3.9655842435538418,0.19363500040883008,0.274905374433182,False
0.5600000000000004,0.2689598603331188,1.776470588235294,1.788235294117647,0.02541176470588256,0.01352452598609881,-2.8315262751342356,-3.832152298158498,0.18980417554840318,0.2750972857623188,False
0.5610000000000004,0.2693090351854518,1.776470588235294,1.788235294117647,0.025352941176470797,0.025230896916900933,-0.7591277006422761,-3.71246909781479,0.18609300773965048,0.275285420108321,False
0.5620000000000004,0.26965754554451166,1.776470588235294,1.788235294117647,0.025294117647059033,0.035707807225211184,1.1021558994678742,-3.605147116751744,0.18248913654598098,0.27546989156616397,False
0.5630000000000004,0.2700053905503838,1.776470588235294,1.788235294117647,0.02523529411764727,0.04507820297327856,2.77346331366018,-3.508950005429781,0.17898143779951453,0.27565080242669476,False
0.5640000000000004,0.2703525693447952,1.776470588235294,1.788235294117647,0.025176470588235505,0.05345273561712747,4.273794418878267,-3.422760493124144,0.17555990453037404,0.27582824435932063,False
0.5650000000000004,0.2706990810711166,1.776470588235294,1.788235294117647,0.02511764705882374,0.06093099146717976,5.620288086187192,-3.3455743560756117,0.17221553392702232,0.27600229947834015,False
0.5660000000000004,0.271044924874365,1.776470588235294,1.788235294117647,0.025058823529411977,0.06760259820281507,6.827876290049334,-3.2764857259058635,0.16894022898745747,0.27617304130284553,False
0.5670000000000004,0.271390099901205,1.776470588235294,1.788235294117647,0.025000000000000213,0.07354822073547498,7.911587893632742,-3.214705401167928,0.16572668185809708,0.27634053561003574,False
0.5680000000000004,0.2717346052999515,1.788235294117647,1.788235294117647,0.025000000000000213,1.0,115.34628510219665,-3.159438966222862,0.1625683790534808,0.2765048412267147,False
0.5690000000000004,0.27207844022057187,1.788235294117647,1.788235294117647,0.025000000000000213,1.0,146.1523402905031,2.5227666915924,0.16509228359459793,0.2766685455329656,False
0.5700000000000004,0.2724216038146875,1.788235294117647,1.788235294117647,0.025000000000000213,1.0,154.93222998994938,4.15058134696942,0.1692440270117263,0.27683550627454634,False
0.5710000000000004,0.2727640952355763,1.788235294117647,1.788235294117647,0.025000000000000213,0.9833005758598367,155.45223529248173,4.612957247141472,0.17385817698471723,0.2770068268469967,False
0.5720000000000004,0.2731059136381748,1.788235294117647,1.788235294117647,0.025000000000000213,0.9099705182738532,147.06794771199597,4.638252154859986,0.1784976539043602,0.2771827729713467,False
0.5730000000000004,0.27344705817908016,1.788235294117647,1.788235294117647,0.025000000000000213,0.843973466446468,136.9565578209579,4.1923733799482905,0.18269128229872145,0.27736315794541033,False
0.5740000000000004,0.27378752801655193,1.788235294117647,1.788235294117647,0.025000000000000213,0.7845761198018213,127.13205273318403,3.6550655347592174,0.18634762962153367,0.277547494775514,False
0.5750000000000004,0.27412732231051473,1.788235294117647,1.788235294117647,0.025000000000000213,0.7311185078216393,118.084729973911,3.132893494917271,0.18948182801218805,0.2777352529894958,False
0.5760000000000004,0.27446644022255995,1.788235294117647,1.788235294117647,0.025000000000000213,0.6830066570394755,109.88632991468556,2.651804800601606,0.19213495736377875,0.27792592892384926,False
0.5770000000000004,0.2748048809159478,1.788235294117647,1.788235294117647,0.025000000000000213,0.6397059913355281,102.49449739104627,2.2156009824641045,0.1943518994013054,0.27811906170582934,False
0.5780000000000004,0.2751426435556096,1.788235294117647,1.788235294117647,0.025000000000000213,0.6007353922019755,95.83920058672678,1.8220463285329427,0.19617530044023565,0.2783142343385278,False
0.5790000000000004,0.27547972730814946,1.788235294117647,1.788235294117647,0.025000000000000213,0.5656618529817781,89.85219919818199,1.4674402634392243,0.19764410650145914,0.27851107080626214,False
0.5800000000000004,0.2758161313418469,1.788235294117647,1.788235294117647,0.025000000000000213,0.5340956676836005,84.47096254204412,1.1481765277511702,0.19879365760190815,0.278709232416708,False
0.5810000000000004,0.27615185482665827,1.788235294117647,1.788235294117647,0.025000000000000213,0.5056861009152406,79.62560281542692,0.8609505252265768,0.19965598939395027,0.2789084143306294,False
0.5820000000000004,0.27648689693421935,1.788235294117647,1.788235294117647,0.025000000000000213,0.4801174908237167,75.27021943617738,0.6020680177405067,0.20025944349892977,0.2791083420821607,False
0.5830000000000004,0.2768212568378469,1.788235294117647,1.788235294117647,0.025000000000000213,0.45710574174134533,71.35631913509577,0.3691035645652472,0.20062993628418924,0.27930876845572145,False
0.5840000000000004,0.2771549337125413,1.788235294117647,1.788235294117647,0.025000000000000213,0.4363951675672109,67.8348873998549,0.1594942356424456,0.20079082135631346,0.2795094709988825,False
0.5850000000000004,0.2774879267349879,1.788235294117647,1.788235294117647,0.025000000000000213,0.41775565081049004,64.6698307855334,-0.029350757722400984,0.200762861684575,0.2797102494470577,False
0.5860000000000004,0.2778202350835595,1.788235294117647,1.788235294117647,0.025000000000000213,0.40098008572944127,61.82494572830209,-0.19933881389847039,0.2005649129761101,0.27991092344038276,False
0.5870000000000004,0.27815185793831837,1.788235294117647,1.788235294117647,0.025000000000000213,0.38588207715649736,59.26894396960186,-0.3523833847250978,0.20021391760917165,0.28011133061372173,False
0.5880000000000004,0.278482794481018,1.788235294117647,1.788235294117647,0.025000000000000213,0.3722938694408478,56.972518282663,-0.4901380623101977,0.1997251644806508,0.28031132480026716,False
0.5890000000000004,0.2788130438951055,1.788235294117647,1.788235294117647,0.025000000000000213,0.36006448249676315,54.9086585520349,-0.6141518084144358,0.19911239362537347,0.2805107744251357,False
0.5900000000000004,0.27914260536572305,1.788235294117647,1.788235294117647,0.025000000000000213,0.34905803424708715,53.056994545643064,-0.7258522121053939,0.19838791757854007,0.2807095610111177,False
0.5910000000000004,0.2794714780797107,1.788235294117647,1.788235294117647,0.025000000000000213,0.33915223082237855,51.391700003126566,-0.8263157016990649,0.1975629725280227,0.28090757790919496,False
0.5920000000000004,0.27979966122560757,1.788235294117647,1.788235294117647,0.025000000000000213,0.3302370077401409,49.89703678900963,-0.9169075129392702,0.19664742949825845,0.28110472909222467,False
0.5930000000000004,0.2801271539936544,1.788235294117647,1.788235294117647,0.025000000000000213,0.32221330696612704,48.55733830169462,-0.9984592481318605,0.19565032797642865,0.2813009280299065,False
0.5940000000000004,0.2804539555757954,1.788235294117647,1.788235294117647,0.025000000000000213,0.3149919762695146,47.35411647577714,-1.0717988341555424,0.19457987958212317,0.2814960968588962,False
0.5950000000000004,0.28078006516568016,1.788235294117647,1.788235294117647,0.025000000000000213,0.3084927786425633,46.274441807761775,-1.1379035769709263,0.1934433186818871,0.28169016548771314,False
0.5960000000000004,0.28110548195866564,1.788235294117647,1.788235294117647,0.025000000000000213,0.3026435007783072,45.30657307435807,-1.197456771601479,0.19224719639459684,0.28188307075178903,False
0.5970000000000004,0.2814302051518182,1.788235294117647,1.788235294117647,0.025000000000000213,0.29737915070047666,44.43992775866623,-1.2510789213937321,0.19099744337865257,0.28207475575847407,False
0.5980000000000004,0.28175423394391574,1.788235294117647,1.788235294117647,0.025000000000000213,0.2926412356304292,43.66422773230259,-1.299329295252456,0.18969943106236542,0.282265169294129,False
0.5990000000000004,0.28207756753544944,1.788235294117647,1.788235294117647,0.025000000000000213,0.2883771120673865,42.9682371047384,-1.342751121832982,0.18835798768039036,0.2824542652721112,False
0.6000000000000004,0.2824002051286257,1.788235294117647,1.788235294117647,0.025000000000000213,0.28453940086064805,42.34602797878943,-1.3819383616124024,0.1869773475379224,0.2826420021667492,False
0.6010000000000004,0.28272214592736833,1.788235294117647,1.8,0.02494117647058845,-0.8959733627548462,-94.24904997051752,-1.4172041857028828,0.18556143179710718,0.28282834254576655,False
0.6020000000000004,0.2830433891373205,1.8,1.8,0.02494117647058845,0.3832710323441858,14.516615378096583,-8.64660890306501,0.17691607144395172,0.2830100137544845,False
0.6030000000000004,0.2833639339658465,1.8,1.8,0.02494117647058845,0.3698851055803557,44.2407259778795,-2.894128990230168,0.1740231549888651,0.28318562819600646,False
0.6040000000000004,0.28368377962203384,1.8,1.8,0.02494117647058845,0.35783777149290863,51.40309781532255,-1.3236364600796644,0.17270071750160165,0.28335905643424836,False
0.6050000000000004,0.2840029253166951,1.8,1.8,0.02494117647058845,0.34699517081420617,52.22015462154923,-0.9468498862735626,0.17175505893994106,0.283531331784294,False
0.6060000000000004,0.28432137026237003,1.8,1.8,0.02494117647058845,0.337236830203374,51.340755397525506,-0.9057762426631735,0.1708504675882999,0.2837026799550489,False
0.6070000000000004,0.28463911367332745,1.8,1.8,0.02494117647058845,0.32845432365362504,50.08816426819378,-0.9544487418195648,0.1698971972163879,0.28387310162792506,False
0.6080000000000004,0.2849561547655669,1.8,1.8,0.02494117647058845,0.320550067758851,48.83058200905236,-1.022853989482011,0.16887551465785272,0.2840425392439185,False
0.6090000000000004,0.28527249275682126,1.8,1.8,0.02494117647058845,0.3134362374535543,47.664120059203626,-1.0915099654004257,0.1677851687110107,0.28421092427773115,False
0.6100000000000004,0.28558812686655777,1.8,1.8,0.02494117647058845,0.30703379017878735,46.60699217293689,-1.1553306683584588,0.16663099419485866,0.28437819024157396,False
0.6110000000000004,0.28590305631598073,1.8,1.8,0.02494117647058845,0.30127158763149703,45.656138435752034,-1.213351657486372,0.16541879040680066,0.2845442759164979,False
0.6120000000000004,0.286217280328033,1.8,1.8,0.02494117647058845,0.2960856053389358,44.803727302445616,-1.2657341340803028,0.16415419548247132,0.2847091258103343,False
0.6130000000000004,0.2865307981273981,1.8,1.8,0.02494117647058845,0.29141822127563066,44.039304672093735,-1.3128918306682404,0.16284243386233033,0.2848726898828932,False
0.6140000000000004,0.286843608940502,1.8,1.8,0.02494117647058845,0.287217575618656,43.35506003103292,-1.355377299447462,0.16148817746854466,0.2850349230697969,False
0.6150000000000004,0.2871557119955151,1.8,1.8,0.02494117647058845,0.2834369945273789,42.74315173372684,-1.393603279391798,0.16009568551496126,0.2851957847928757,False
0.6160000000000004,0.2874671065223542,1.8,1.8,0.02494117647058845,0.2800344715452294,42.196164086614445,-1.4279842079330873,0.15866880280577877,0.285355238546694,False
0.6170000000000004,0.2877777917526842,1.8,1.8,0.02494117647058845,0.2769722008612949,41.70754453319211,-1.458912031982459,0.15721098222328794,0.2855132514942591,False
0.6180000000000004,0.28808776691992016,1.8,1.8,0.02494117647058845,0.2742161572457539,41.27172107617969,-1.4867330721921612,0.155725330351602,0.28566979409563,False
0.6190000000000004,0.2883970312592293,1.8,1.8,0.02494117647058845,0.27173571799176693,40.88311946531162,-1.5117418061857,0.1542146593174999,0.28582483978494694,False
0.6200000000000004,0.28870558400753243,1.8,1.8,0.02494117647058845,0.2695033226631787,40.537097481630525,-1.5342328645224743,0.15268148663544748,0.28597836467590443,False
0.6210000000000004,0.2890134244035064,1.8,1.8,0.02494117647058845,0.26749416686744926,40.229513517196324,-1.5544515951518767,0.15112808448836992,0.2861303472893146,False
0.6220000000000004,0.2893205516875857,1.8,1.8,0.02494117647058845,0.2656859266512928,39.95625223062524,-1.5726168865159194,0.14955650618556812,0.2862807683196817,False
0.6230000000000004,0.2896269651019641,1.8,1.8,0.02494117647058845,0.264058510456752,39.714516151888134,-1.588946261921312,0.14796858752634215,0.2864296104169418,False
0.6240000000000004,0.2899326638905972,1.8,1.8,0.02494117647058845,0.2625938358816652,39.500273353246634,-1.6035875395864878,0.1463660165038611,0.28657685800031935,False
0.6250000000000004,0.29023764729920337,1.8,1.8,0.02494117647058845,0.2612756287640871,39.31137251791839,-1.6167538717604006,0.14475026796983662,0.2867224970811201,False
0.6260000000000004,0.2905419145752666,1.8,1.8,0.02494117647058845,0.26008924235826686,39.14489239414528,-1.6285589272203846,0.14312270311693046,0.28686651509435607,False
0.6270000000000004,0.29084546496803754,1.8,1.8,0.02494117647058845,0.25902149459302864,38.99887448911855,-1.6391571275235823,0.14148452872501766,0.287008900766748,False
0.6280000000000004,0.29114829772853573,1.8,1.8,0.02494117647058845,0.2580605216043142,38.87122936904328,-1.6486519701288855,0.139836848084426,0.28714964398522713,False
0.6290000000000004,0.2914504121095515,1.8,1.8,0.02494117647058845,0.25719564591447125,38.76004412074127,-1.657153893697568,0.1381806540539874,0.28728873569032204,False
0.6300000000000004,0.2917518073656476,1.8,1.8,0.02494117647058845,0.2564172577936126,38.6638817076469,-1.6647640092477765,0.13651683838795464,0.28742616776992397,False
0.6310000000000004,0.2920524827531612,1.8,1.8,0.02494117647058845,0.25571670848483974,38.580927745709424,-1.671558260376361,0.1348462169028263,0.28756193296950744,False
0.6320000000000005,0.29235243753020573,1.8,1.8,0.02494117647058845,0.25508621410694426,38.50996934473353,-1.6776325654807602,0.1331695095019372,0.28769602480720335,False
0.6330000000000005,0.2926516709566725,1.8,1.8,0.02494117647058845,0.25451876916683824,38.44991295852203,-1.6830510271479457,0.13148737199073648,0.28782843749220255,False
0.6340000000000005,0.29295018229423286,1.8,1.8,0.02494117647058845,0.2540080687207429,38.399522491738004,-1.687871441482083,0.12980040238285226,0.28795916586349557,False
0.6350000000000005,0.29324797080633974,1.8,1.8,0.02494117647058845,0.25354843831925705,38.35792256642468,-1.692159153855548,0.12810913335039165,0.2880882053286838,False
0.6360000000000005,0.2935450357582296,1.8,1.8,0.02494117647058845,0.2531347709579198,38.324227246448686,-1.695960430831394,0.12641405130237693,0.2882155518072224,False
0.6370000000000005,0.2938413764169241,1.811764705882353,1.8,0.025000000000000213,1.0,124.65988791157051,-1.699322103421033,0.12471559581997396,0.28834120168390404,False
0.6380000000000005,0.2941369920512323,1.811764705882353,1.8,0.025058823529411977,1.0,149.4034717314032,2.8670339461628647,0.12758350355153902,0.2884672079686774,False
0.6390000000000005,0.2944318819317518,1.811764705882353,1.8,0.02511764705882374,1.0,156.44283633509642,4.174567236763153,0.13175896978105928,0.2885966705660165,False
0.6400000000000005,0.2947260453308713,1.811764705882353,1.8,0.025176470588235505,1.0,158.39348242240737,4.545332291571517,0.13630523142135675,0.28873047549199665,False
0.6410000000000005,0.2950194815227718,1.811764705882353,1.8,0.02523529411764727,1.0,158.88219956512944,4.646800367331373,0.14095299293540192,0.288868872359309,False
0.6420000000000005,0.29531218978342866,1.811764705882353,1.8,0.025294117647059033,0.9977914993420577,158.6947224429847,4.6708606902674985,0.14562484694681696,0.2890119278345805,False
0.6430000000000005,0.2956041693906133,1.811764705882353,1.8,0.025352941176470797,0.9356594082313814,151.3945319823689,4.659085657517925,0.1502849581136691,0.2891596498844141,False
0.6440000000000005,0.2958954196238952,1.811764705882353,1.8,0.02541176470588256,0.8797993497611845,142.77489074742536,4.2709273257186,0.15455694149121685,0.28931185739257137,False
0.6450000000000005,0.29618593976464325,1.811764705882353,1.8,0.025470588235294325,0.829584120667419,134.4343809962833,3.812907096683308,0.15837093220697085,0.2894681307916386,False
0.6460000000000005,0.2964757290960279,1.811764705882353,1.8,0.02552941176470609,0.7844492380124422,126.77129966435848,3.3696101447371984,0.16174165043116728,0.2896280187125613,False
0.6470000000000005,0.2967647869030227,1.811764705882353,1.8,0.025588235294117852,0.7438866671523745,119.8387276175365,2.962115361329777,0.1647048954150528,0.28979109399206615,False
0.6480000000000005,0.2970531124724064,1.811764705882353,1.8,0.025647058823529616,0.7074391769077254,113.59845248476611,2.593236110928378,0.16729928003379022,0.2899569665322998,False
0.6490000000000005,0.2973407050927643,1.811764705882353,1.8,0.02570588235294138,0.674695259216953,107.98814914694417,2.260955043504846,0.1695614000713387,0.29012528394063253,False
0.6500000000000005,0.2976275640544901,1.811764705882353,1.8,0.025764705882353144,0.6452845568246696,102.94800695838617,1.961978584224786,0.1715245579763811,0.2902957289382542,False
0.6510000000000005,0.2979136886497879,1.811764705882353,1.8,0.025823529411764908,0.6188737482010263,98.42215748571996,1.693145795612205,0.17321889547744113,0.2904680161265127,False
0.6520000000000005,0.29819907817267366,1.811764705882353,1.8,0.025882352941176672,0.5951628439691591,94.35660392724658,1.4515039564759886,0.17467160177815846,0.2906418889198779,False
0.6530000000000005,0.29848373191897715,1.811764705882353,1.8,0.025941176470588436,0.5738818536898903,90.71132395998879,1.234199046008493,0.17590701223765062,0.2908171166378207,False
0.6540000000000005,0.29876764918634346,1.811764705882353,1.8,0.0260000000000002,0.5547877859679602,87.44110070710121,1.039116125871704,0.1769473474362983,0.29099349198354507,False
0.6550000000000005,0.29905082927423515,1.811764705882353,1.8,0.026058823529411964,0.5376619485476349,84.5129135057541,0.8638651527172841,0.1778124380549565,0.2911708288054024,False
0.6560000000000005,0.29933327148393324,1.811764705882353,1.8,0.026117647058823728,0.5223075183987539,81.8857816289376,0.7067011339309467,0.1785203699118254,0.29134895999725663,False
0.6570000000000005,0.2996149751185398,1.811764705882353,1.8,0.026176470588235492,0.5085473547941728,79.53173292408611,0.5654577020778765,0.1790870625738055,0.2915277355639949,False
0.6580000000000005,0.2998959394829792,1.811764705882353,1.8,0.026235294117647256,0.4962220310794614,77.42342074907937,0.438656569391324,0.1795269574240318,0.29170702076490435,False
0.6590000000000005,0.3001761638839996,1.811764705882353,1.8,0.02629411764705902,0.48518806326563313,75.5395285284612,0.3248523698120825,0.17985305057348674,0.291886694650297,False
0.6600000000000005,0.3004556476301753,1.811764705882353,1.8,0.026352941176470784,0.47531631576259936,73.85268356369166,0.222918625405104,0.180077211740444,0.29206664875973243,False
0.6610000000000005,0.3007343900319079,1.811764705882353,1.8,0.026411764705882548,0.4664905665392807,72.34605298050069,0.13140829331075765,0.1802098636764188,0.29224678585136504,False
0.6620000000000005,0.3010123904014282,1.811764705882353,1.8,0.02647058823529431,0.45860621576770566,71.00163555035324,0.049431856902223126,0.18026053968470207,0.2924270187058595,False
0.6630000000000005,0.3012896480527979,1.811764705882353,1.8,0.026529411764706076,0.45156912360269996,69.8025049526624,-0.02396213148532178,0.1802378216829088,0.29260726920906954,False
0.6640000000000005,0.3015661623019114,1.811764705882353,1.8,0.02658823529411784,0.4452945641836065,68.73491423784148,-0.08966834999266796,0.1801493969661542,0.2927874674261952,False
0.6650000000000005,0.3018419324664972,1.811764705882353,1.8,0.026647058823529603,0.4397062842358343,67.78513720107057,-0.1484133517533787,0.180002226326568,0.29296755078281284,False
0.6660000000000005,0.30211695786611986,1.811764705882353,1.8,0.026705882352941367,0.43473565581225104,66.9411214662558,-0.20092267572934286,0.17980254506244325,0.2931474633388257,False
0.6670000000000005,0.3023912378221816,1.811764705882353,1.8,0.02676470588235313,0.43032091376043774,66.19157400032414,-0.24783337495319935,0.17955595145951295,0.2933271551027857,False
0.6680000000000005,0.30266477165792377,1.811764705882353,1.8,0.026823529411764895,0.4264064694432177,65.52841147227079,-0.28974239332880414,0.17926744689583862,0.2935065814129277,False
0.6690000000000005,0.3029375586984289,1.811764705882353,1.8,0.02688235294117666,0.4229422930871314,64.94261851699089,-0.3270769128689365,0.17894160560027522,0.29368570241665254,False
0.6700000000000005,0.3032095982706221,1.811764705882353,1.811764705882353,0.02688235294117666,-0.757175465633342,-71.61283133466056,-0.36031348344266734,0.17858252528145457,0.2938644826211604,False
0.6710000000000005,0.30348088970327275,1.811764705882353,1.811764705882353,0.02688235294117666,-0.654575566128831,-98.84279637569796,-7.587532474342686,0.1709961935102977,0.29403965147882244,False
0.6720000000000005,0.3037514323269962,1.811764705882353,1.811764705882353,0.02688235294117666,-0.5622356565747713,-95.84931825398898,-9.030338519688774,0.16196699732117478,0.2942065847072677,False
0.6730000000000005,0.3040212254742554,1.811764705882353,1.811764705882353,0.02688235294117666,-0.47912973797611735,-85.2485968843497,-8.873937875919653,0.1530941400776125,0.294364559082762,False
0.6740000000000005,0.30429026847936264,1.811764705882353,1.811764705882353,0.02688235294117666,-0.404334411237329,-73.43274386324268,-8.314936854792242,0.14478022491052922,0.2945139121159895,False
0.6750000000000005,0.3045585606784809,1.811764705882353,1.811764705882353,0.02688235294117666,-0.3370186171724193,-62.14253389816339,-7.691543512565209,0.13708964827099482,0.29465523172803587,False
0.6760000000000005,0.30482610140962607,1.811764705882353,1.811764705882353,0.02688235294117666,-0.27643440251400075,-51.78931735370003,-7.095868290820527,0.1299946962303628,0.2947891287867954,False
0.6770000000000005,0.30509289001266787,1.8235294117647058,1.811764705882353,0.026941176470588423,0.9551502142079836,93.62480599364764,-6.5496825556672995,0.12344588321159752,0.29491617664895403,False
0.6780000000000005,0.30535892582933194,1.8235294117647058,1.811764705882353,0.027000000000000187,0.8989293104342442,128.85737200729318,1.1424886790976418,0.12458922805865397,0.29504013716553634,False
0.6790000000000005,0.30562420820320135,1.8235294117647058,1.811764705882353,0.02705882352941195,0.8483893205672904,133.0849194950119,3.0050315993634307,0.12759513138664122,0.29516607918023097,False
0.6800000000000005,0.30588873647971826,1.8235294117647058,1.811764705882353,0.027117647058823715,0.8029621532164438,128.99977704724054,3.227088996941317,0.1308231137281129,0.2952951270370061,False
0.6810000000000005,0.3061525100061854,1.8235294117647058,1.811764705882353,0.02717647058823548,0.7621365261300937,123.06740016676807,3.009290533511904,0.13383331893098052,0.29542730487965424,False
0.6820000000000005,0.30641552813176776,1.8235294117647058,1.811764705882353,0.027235294117647243,0.7254522852817904,117.08338112349948,2.693720721847603,0.13652797373806436,0.29556235093280486,False
0.6830000000000005,0.30667779020749436,1.8235294117647058,1.811764705882353,0.027294117647059007,0.6924952920477291,111.51788649084604,2.375386652090134,0.13890431170145287,0.2956999484008328,False
0.6840000000000005,0.3069392955862596,1.8235294117647058,1.811764705882353,0.02735294117647077,0.6628928216664856,106.46272278837999,2.0791682696175116,0.14098444640279453,0.2958397889176855,False
0.6850000000000005,0.3072000436228249,1.8235294117647058,1.811764705882353,0.027411764705882535,0.6363094218527783,101.91080878202999,1.8099265366877482,0.14279535255890696,0.29598158841842814,False
0.6860000000000005,0.30746003367382035,1.8235294117647058,1.811764705882353,0.0274705882352943,0.6124431855498534,97.82204849594748,1.5672900200338553,0.14436363363809823,0.2961250896458085,False
0.6870000000000005,0.3077192650977465,1.8235294117647058,1.811764705882353,0.027529411764706063,0.5910223964066329,94.15079891458454,1.3491401851009648,0.14571377474906216,0.2962700609928075,False
0.6880000000000005,0.30797773725497546,1.8235294117647058,1.811764705882353,0.027588235294117826,0.5718025097071462,90.86100903244292,1.1530647148340096,0.1468678488425279,0.29641629425206806,False
0.6890000000000005,0.3082354495077529,1.8235294117647058,1.811764705882353,0.02764705882352959,0.5545634352070199,87.90574770014297,0.9771585301200929,0.14784602393464172,0.2965636024319855,False
0.6900000000000005,0.30849240122019944,1.8235294117647058,1.811764705882353,0.027705882352941354,0.5391070916863181,85.25871973281497,0.818940654376042,0.14866598719395546,0.2967118175926094,False
0.6910000000000005,0.3087485917583123,1.8235294117647058,1.811764705882353,0.02776470588235312,0.5252552060470982,82.88872664829204,0.6770217264584946,0.14934403654425446,0.29686078885601574,False
0.6920000000000005,0.30900402048996684,1.8235294117647058,1.811764705882353,0.027823529411764882,0.512847332501212,80.76428123793765,0.5497527610390369,0.14989482102969912,0.2970103809002246,False
0.6930000000000005,0.3092586867849179,1.8235294117647058,1.811764705882353,0.027882352941176646,0.5017390698393261,78.86386867231478,0.43546932203826527,0.15033132535262303,0.2971604723033609,False
0.6940000000000005,0.3095125900148019,1.8235294117647058,1.811764705882353,0.02794117647058841,0.49180045697304065,77.16447090805694,0.3330344460841677,0.15066539733693024,0.2973109541166695,False
0.6950000000000005,0.30976572955313775,1.8235294117647058,1.811764705882353,0.028000000000000174,0.48291452892279546,75.64581037131079,0.24123149430253008,0.15090766824441004,0.29746172869177806,False
0.6960000000000005,0.3100181047753289,1.8235294117647058,1.811764705882353,0.028058823529411938,0.4749760172069866,74.29075071847275,0.15898869611168076,0.1510676976352274,0.29761270852932087,False
0.6970000000000005,0.3102697150586644,1.8235294117647058,1.811764705882353,0.028117647058823702,0.4678901801921703,73.08191953469577,0.08540036561974759,0.1511541394458986,0.2977638152819712,False
0.6980000000000005,0.31052055978232107,1.8235294117647058,1.811764705882353,0.028176470588235466,0.46157175040824755,72.00296818084118,0.019548223193445454,0.15117472938924298,0.2979149788431468,False
0.6990000000000005,0.3107706383273644,1.8235294117647058,1.811764705882353,0.02823529411764723,0.4559439871321287,71.04475352640726,-0.03943193599090691,0.1511363390230763,0.2980661364531162,False
0.7000000000000005,0.31101995007675043,1.8235294117647058,1.811764705882353,0.028294117647058994,0.4509378237130336,70.19161365456779,-0.09202316352005781,0.15104535689905754,0.29821723200635963,False
0.7010000000000005,0.3112684944153272,1.8235294117647058,1.811764705882353,0.028352941176470758,0.4464911001652599,69.43437801598304,-0.1390534893862746,0.15090734357951863,0.29836821541332037,False
0.7020000000000005,0.3115162707298364,1.8235294117647058,1.811764705882353,0.02841176470588252,0.44254787250167515,68.76393189024962,-0.1810075584187352,0.1507273750183332,0.29851904192693557,False
0.7030000000000005,0.3117632784089144,1.8235294117647058,1.811764705882353,0.028470588235294286,0.4390577911338606,68.17195950604443,-0.21836712256152455,0.15051004545046623,0.2986696716593279,False
0.7040000000000005,0.3120095168430944,1.8235294117647058,1.811764705882353,0.02852941176470605,0.43597554143223927,67.64946324758647,-0.25157171726904276,0.150259509605312,0.29882006911908215,False
0.7050000000000005,0.31225498542480756,1.8235294117647058,1.811764705882353,0.028588235294117813,0.4332603402301919,67.18954785110527,-0.2810970031907477,0.1499794465783149,0.2989702027554811,False
0.7060000000000005,0.31249968354838453,1.8235294117647058,1.811764705882353,0.028647058823529577,0.430875482677761,66.78693197834244,-0.307307451588347,0.14967317101753408,0.2991200445329054,False
0.7070000000000005,0.31274361061005707,1.8235294117647058,1.811764705882353,0.02870588235294134,0.4287879344099851,66.4348730847697,-0.330482182432944,0.14934371847277067,0.29926956960479295,False
0.7080000000000005,0.31298676600795927,1.8235294117647058,1.811764705882353,0.028764705882353105,0.4269679644983984,66.12867733337407,-0.350977662821411,0.14899376804619516,0.29941875599973294,False
0.7090000000000005,0.3132291491421295,1.8235294117647058,1.811764705882353,0.02882352941176487,0.42538881510738213,65.86405218270932,-0.36904199684711075,0.14862575075333861,0.2995675843137804,False
0.7100000000000005,0.3134707594145114,1.8235294117647058,1.811764705882353,0.028882352941176633,0.4240264041848793,65.63639851261993,-0.38490208563618844,0.14824187072443498,0.29971603747190995,False
0.7110000000000005,0.31371159622895567,1.8235294117647058,1.811764705882353,0.028941176470588397,0.4228590578840385,65.44232915910914,-0.3988010773764158,0.1478440889557262,0.29986410049381834,False
0.7120000000000005,0.31395165899122135,1.8235294117647058,1.811764705882353,0.02900000000000016,0.4218672697426935,65.27848695852333,-0.41091802036302943,0.14743418740794165,0.3000117602796346,False
0.7130000000000005,0.3141909471089775,1.8235294117647058,1.811764705882353,0.029058823529411925,0.42103348394489487,65.14143593426365,-0.4214303969411372,0.1470137705710188,0.3001590054315882,False
0.7140000000000005,0.31442945999180444,1.8235294117647058,1.811764705882353,0.02911764705882369,0.42034190025628776,65.02851612347385,-0.4305198784648516,0.14658426127385232,0.3003058260746528,False
0.7150000000000005,0.3146671970511954,1.8235294117647058,1.811764705882353,0.029176470588235453,0.4197782984659532,64.93773116764065,-0.4383270951662343,0.14614694172433212,0.3004522136933529,False
0.7160000000000005,0.3149041577005578,1.8235294117647058,1.811764705882353,0.029235294117647217,0.4193298803840638,64.86660753772404,-0.44495758206516717,0.14570298860373054,0.3005981610069353,False
0.7170000000000005,0.3151403413552147,1.8235294117647058,1.811764705882353,0.02929411764705898,0.4189851276397752,64.81331714917098,-0.4505421348377472,0.14525344780521296,0.3007436618524744,False
0.7180000000000005,0.31537574743240654,1.8235294117647058,1.811764705882353,0.029352941176470745,0.4187336736993272,64.77589647872954,-0.4551774118538724,0.14479926857038283,0.30088871106944576,False
0.7190000000000005,0.3156103753512921,1.8235294117647058,1.811764705882353,0.02941176470588251,0.41856618868233575,64.75273678055387,-0.45896724872578887,0.14434129631134274,0.30103330439984394,False
0.7200000000000005,0.31584422453295047,1.8235294117647058,1.811764705882353,0.029470588235294273,0.41847427569645523,64.74269544337868,-0.46199672023423954,0.14388029137088731,0.3011774383927956,False
0.7210000000000005,0.3160772944003819,1.8352941176470587,1.811764705882353,0.0295882352941178,1.0,131.95703525789196,-0.4643262475959357,0.1434169536755821,0.3013211103305835,False
0.7220000000000005,0.3163095843785097,1.8352941176470587,1.811764705882353,0.02970588235294133,1.0,151.20681903216823,3.0901094491308694,0.1465080631237425,0.3014659184328737,False
0.7230000000000005,0.31654109389418156,1.8352941176470587,1.811764705882353,0.029823529411764856,1.0,156.6695161137328,4.106740852651618,0.15061582940561985,0.30161427514379185,False
0.7240000000000005,0.3167718223761705,1.8352941176470587,1.811764705882353,0.029941176470588384,1.0,158.17001147412861,4.393857409353576,0.15501074165565265,0.30176686884103004,False
0.7250000000000005,0.31700176925517726,1.8352941176470587,1.811764705882353,0.030058823529411912,1.0,158.5325435131673,4.471282222864335,0.15948310923677422,0.30192389230997907,False
0.7260000000000005,0.31723093396383045,1.8352941176470587,1.811764705882353,0.03017647058823544,1.0,158.56785523296708,4.488442493456258,0.1639726678857462,0.30208539588710587,False
0.7270000000000005,0.3174593159366892,1.8352941176470587,1.811764705882353,0.030294117647058968,1.0,158.5088005175391,4.488233769087898,0.16846204864948988,0.3022513889474594,False
0.7280000000000005,0.31768691461024345,1.8352941176470587,1.811764705882353,0.030411764705882496,1.0,158.42291129462484,4.482976171206521,0.17294620262757418,0.30242186904114615,False
0.7290000000000005,0.3179137294229163,1.8352941176470587,1.811764705882353,0.030529411764706024,0.9987485762954161,158.18462776179592,4.476242833898456,0.17742365403353447,0.3025968302772698,False
0.7300000000000005,0.31813975981506465,1.8352941176470587,1.811764705882353,0.03064705882352955,0.9541090127835214,152.89459247608812,4.461390643830765,0.18188628392986728,0.30277626229972554,False
0.7310000000000005,0.318365005228981,1.8352941176470587,1.811764705882353,0.03076470588235308,0.9140510526816398,146.67655238049326,4.179200864012792,0.18606675351599591,0.3029600299844168,False
0.7320000000000005,0.3185894651088947,1.8352941176470587,1.811764705882353,0.030882352941176607,0.8781165356487701,140.6790184462923,3.847860918106951,0.18991591047655831,0.30314782905217913,False
0.7330000000000005,0.31881313890097324,1.8352941176470587,1.811764705882353,0.031000000000000135,0.8458931173780107,135.17882370391644,3.528141539060947,0.19344537314223276,0.3033393334182982,False
0.7340000000000005,0.3190360260533238,1.8352941176470587,1.811764705882353,0.031117647058823663,0.817009687993151,130.21229945899023,3.234693563675018,0.19668141082133056,0.3035342352093481,False
0.7350000000000005,0.31925812601599457,1.8352941176470587,1.811764705882353,0.03123529411764719,0.7911322486056007,125.7487497286816,2.9694427664350056,0.1996522187857231,0.3037322536879225,False
0.7360000000000005,0.3194794382409759,1.8352941176470587,1.811764705882353,0.03135294117647072,0.7679602002156292,121.74955353791813,2.730768226227273,0.20238437157381464,0.303933135582586,False
0.7370000000000005,0.31969996218220187,1.8352941176470587,1.811764705882353,0.03147058823529425,0.7472230037234778,118.165117444333,2.516629396461548,0.20490240335214513,0.30413665327830053,False
0.7380000000000005,0.31991969729555164,1.8352941176470587,1.811764705882353,0.03158823529411778,0.7286771739393655,114.95571806382569,2.324404894862942,0.2072282270632351,0.30434260251466794,False
0.7390000000000005,0.3201386430388506,1.8352941176470587,1.811764705882353,0.031705882352941306,0.7121035741924875,112.08618102552275,2.1519952919868954,0.20938165636250483,0.3045507999995755,False
0.7400000000000005,0.32035679887187185,1.8352941176470587,1.811764705882353,0.031823529411764834,0.697304981479121,109.52039957133668,1.9975416046456116,0.2113806460510509,0.304761081418101,False
0.7410000000000005,0.32057416425633767,1.8352941176470587,1.8235294117647058,0.0318823529411766,-0.49295492843349265,-28.81015038809259,1.8591353036992702,0.21324124251667415,0.3049732995513549,False
0.7420000000000005,0.32079073865592045,1.8352941176470587,1.8235294117647058,0.03194117647058836,-0.3994241414724961,-57.63084971222428,-5.4624402808994486,0.20778024588870972,0.30518408356306626,False
0.7430000000000005,0.32100652153624454,1.8352941176470587,1.8235294117647058,0.032000000000000126,-0.31518760967818776,-56.062153243634796,-6.989874685038759,0.2007917709157642,0.3053887192066181,False
0.7440000000000005,0.321221512364887,1.8352941176470587,1.8235294117647058,0.03205882352941189,-0.23931590753389811,-46.74192319965025,-6.909347412332373,0.1938837754147225,0.3055864025837723,False
0.7450000000000006,0.32143571061137943,1.8352941176470587,1.8235294117647058,0.03211764705882365,-0.17097255207462567,-36.063374707120204,-6.418609986767832,0.1874664717924299,0.30577739876983745,False
0.7460000000000006,0.3216491157472089,1.8352941176470587,1.8235294117647058,0.03217647058823542,-0.1094047086318687,-25.791497663960214,-5.8559280154571764,0.18161180827241266,0.30596223083392976,False
0.7470000000000006,0.3218617272458194,1.8352941176470587,1.8235294117647058,0.03223529411764718,-0.05393482600397591,-16.349831636344646,-5.314692393435921,0.17629834229144298,0.30614145176757046,False
0.7480000000000006,0.32207354458261334,1.8352941176470587,1.8235294117647058,0.032294117647058945,-0.003953108109460424,-7.788448083881599,-4.817318732761095,0.17148221543336428,0.30631558303255196,False
0.7490000000000006,0.32228456723495236,1.8352941176470587,1.8235294117647058,0.03235294117647071,0.04108926152501517,-0.057554983878760034,-4.3664622312570005,0.16711691377087634,0.3064851010372245,False
0.7500000000000006,0.3224947946821591,1.8352941176470587,1.8235294117647058,0.03241176470588247,0.08168621772545501,6.914868123255053,-3.959493835001297,0.16315855212095473,0.3066504368588986,False
0.7510000000000006,0.3227042264055182,1.8352941176470587,1.8235294117647058,0.03247058823529424,0.11828230183526245,13.201484209263603,-3.592607875918459,0.1595670506820418,0.3068119794020797,False
0.7520000000000006,0.3229128618882778,1.8352941176470587,1.8235294117647058,0.032529411764706,0.15127760106350108,18.869664889233654,-3.261964210879021,0.1563061695354981,0.3069700792193793,False
0.7530000000000006,0.3231207006156504,1.8352941176470587,1.8235294117647058,0.032588235294117765,0.18103219389832748,23.981540890265396,-2.9640022237417827,0.15334322914393922,0.3071250522256257,False
0.7540000000000006,0.3233277420748148,1.8352941176470587,1.8235294117647058,0.03264705882352953,0.2078701509790831,28.592531648389674,-2.695438198174154,0.15064883347482863,0.3072771831336549,False
0.7550000000000006,0.32353398575491665,1.8352941176470587,1.8235294117647058,0.03270588235294129,0.2320831358811749,32.75049751165275,-2.4533431544614404,0.14819651528502642,0.3074267285781959,False
0.7560000000000006,0.32373943114707027,1.8352941176470587,1.8235294117647058,0.03276470588235306,0.25393364582246924,36.50579440069633,-2.235187740101828,0.14596233651211063,0.3075739198648401,False
0.7570000000000006,0.32394407774435946,1.8352941176470587,1.8235294117647058,0.03282352941176482,0.27365792829904584,39.89489642494448,-2.0383102795173467,0.1439250206154268,0.30771896555877737,False
0.7580000000000006,0.32414792504183915,1.8352941176470587,1.8235294117647058,0.032882352941176585,0.29146860605737657,42.95493342847557,-1.8607833153712152,0.14206521837314975,0.3078620538159293,False
0.7590000000000006,0.32435097253653644,1.8352941176470587,1.8235294117647058,0.03294117647058835,0.3075570395692861,45.71878187890384,-1.700644464904387,0.14036554282112876,0.30800335432599263,False
0.7600000000000006,0.3245532197274517,1.8352941176470587,1.8235294117647058,0.03300000000000011,0.3220954532594164,48.216343900652824,-1.5561561797384666,0.13881034443109413,0.3081430201735284,False
0.7610000000000006,0.32475466611556025,1.8352941176470587,1.8235294117647058,0.033058823529411877,0.3352388491099455,50.47461184149723,-1.4257380942887594,0.1373855539391803,0.3082811895046733,False
0.7620000000000006,0.324955311203813,1.8352941176470587,1.8235294117647058,0.03311764705882364,0.3471267289048334,52.51472811359347,-1.307963628528831,0.1360785285706147,0.30841798703820617,False
0.7630000000000006,0.3251551544971383,1.8352941176470587,1.8235294117647058,0.033176470588235404,0.35788464424964417,54.36472343455481,-1.2017155651805422,0.13487774268551514,0.30855352535282915,False
0.7640000000000006,0.3253541955024425,1.8352941176470587,1.8235294117647058,0.03323529411764717,0.36762559158938585,56.038792254808264,-1.1055120972860972,0.13377315237776566,0.3086879061683734,False
0.7650000000000006,0.3255524337286118,1.8352941176470587,1.8235294117647058,0.03329411764705893,0.37645126772456505,57.5538384709891,-1.0186033604573115,0.13275546353962467,0.30882122149816316,False
0.7660000000000006,0.3257498686865131,1.8352941176470587,1.8235294117647058,0.033352941176470696,0.38445319977563797,58.92914337518736,-0.9400960247960375,0.13181627533299156,0.3089535544633771,False
0.7670000000000006,0.3259464998889953,1.8352941176470587,1.8235294117647058,0.03341176470588246,0.39171376215101533,60.17650059475088,-0.8689708752771604,0.13094820608120075,0.30908498024297026,False
0.7680000000000006,0.32614232685089045,1.8352941176470587,1.8235294117647058,0.033470588235294224,0.39830709181826685,61.308365253532685,-0.8046047734134261,0.1301444971978631,0.30921556691460417,False
0.7690000000000006,0.32633734908901485,1.8352941176470587,1.8235294117647058,0.03352941176470599,0.4042999120482049,62.337030458880676,-0.7463395007245347,0.12939904827129306,0.30934537609352586,False
0.7700000000000006,0.32653156612217066,1.8352941176470587,1.8235294117647058,0.03358823529411775,0.4097522737845609,63.2732115546868,-0.6935253382307087,0.1287064085695024,0.3094744635869206,False
0.7710000000000006,0.3267249774711466,1.8352941176470587,1.8235294117647058,0.033647058823529516,0.41471822287669324,64.1261576118147,-0.6455959799628559,0.12806169363131567,0.30960288000605807,False
0.7720000000000006,0.3269175826587194,1.8352941176470587,1.8235294117647058,0.03370588235294128,0.41924640058902396,64.90390800001444,-0.6020626407559048,0.12746050774914225,0.30973067129768106,False
0.7730000000000006,0.3271093812096549,1.8470588235294116,1.8235294117647058,0.03382352941176481,1.0,132.2572581716382,-0.5625004870225578,0.12689888002049782,0.3098578792039828,False
0.7740000000000006,0.32730037265070927,1.8470588235294116,1.8235294117647058,0.033941176470588336,1.0,151.54852485406118,2.999501680092715,0.1298992652398498,0.30998612838926604,False
0.7750000000000006,0.3274905565106301,1.8470588235294116,1.8235294117647058,0.034058823529411864,1.0,157.02484926677616,4.01854068965337,0.1339187142265232,0.3101178365419678,False
0.7760000000000006,0.3276799323201576,1.8470588235294116,1.8235294117647058,0.03417647058823539,1.0,158.53020665306516,4.306592262471156,0.1382262435252172,0.3102536937840483,False
0.7770000000000006,0.3278684996120258,1.8470588235294116,1.8235294117647058,0.03429411764705892,1.0,158.89586173867343,4.384489547247655,0.14261169995600034,0.31039389362709807,False
0.7780000000000006,0.32805625792096366,1.8470588235294116,1.8235294117647058,0.03441176470588245,1.0,158.9328785016518,4.4020314960819364,0.14701472846517688,0.31053848683852986,False
0.7790000000000006,0.3282432067836962,1.8470588235294116,1.8235294117647058,0.034529411764705975,1.0,158.87571419581357,4.402130634596434,0.15141788628696154,0.3106874831411877,False
0.7800000000000006,0.32842934573894567,1.8470588235294116,1.8235294117647058,0.0346470588235295,1.0,158.79176314520905,4.397191912211943,0.1558161355362186,0.3108408803973334,False
0.7810000000000006,0.32861467432743274,1.8470588235294116,1.8235294117647058,0.03476470588235303,1.0,158.69982460513063,4.390781177488571,0.16020800415635306,0.3109986730359624,False
0.7820000000000006,0.3287991920918775,1.8470588235294116,1.8235294117647058,0.03488235294117656,0.9819636198000368,156.522483272553,4.383893172190298,0.16459301482640362,0.311160854461644,False
0.7830000000000006,0.32898289857700086,1.8470588235294116,1.8235294117647058,0.03500000000000009,0.9433554931141506,151.36899271208145,4.266614502448388,0.16886077637560096,0.3113273681403478,False
0.7840000000000006,0.3291657933295251,1.8470588235294116,1.8235294117647058,0.035117647058823614,0.9087258261556765,145.82610964221067,3.9918189602678122,0.1728537704736687,0.3114980259395181,False
0.7850000000000006,0.32934787589817577,1.8470588235294116,1.8235294117647058,0.03523529411764714,0.8776767729518736,140.5917164786201,3.6963729854353002,0.17655134471298653,0.3116725437978285,False
0.7860000000000006,0.3295291458336821,1.8470588235294116,1.8235294117647058,0.03535294117647067,0.8498502721272747,135.81744012353653,3.417204488262276,0.17996977460690514,0.3118506336191031,False
0.7870000000000006,0.32970960268877864,1.8470588235294116,1.8235294117647058,0.0354705882352942,0.8249240684439587,131.52065383814207,3.1623392601521774,0.18313336160523305,0.31203202719437106,False
0.7880000000000006,0.329889246018206,1.8470588235294116,1.8235294117647058,0.035588235294117726,0.802608132187798,127.65952574859777,2.932699548541299,0.1860673295760681,0.31221648103122496,False
0.7890000000000006,0.33006807537871213,1.8470588235294116,1.8235294117647058,0.035705882352941254,0.7826414366160772,124.20127505390631,2.726074809554766,0.18879469200788704,0.3124037758664797,False
0.7900000000000006,0.3302460903290534,1.8470588235294116,1.8235294117647058,0.03582352941176478,0.7647890576603518,121.1060880785283,2.540733105303647,0.19133673060230477,0.3125937146711578,False
0.7910000000000006,0.3304232904299955,1.8470588235294116,1.8235294117647058,0.03594117647058831,0.7488395636590226,118.33753393852292,2.3745701409643942,0.193712622903696,0.31278612075113343,False
0.7920000000000006,0.330599675244315,1.8470588235294116,1.8235294117647058,0.03605882352941184,0.7346026661166496,115.86293257057058,2.225660373263088,0.19593962103701687,0.31298083572340546,False
0.7930000000000006,0.33077524433679967,1.8470588235294116,1.8235294117647058,0.036176470588235365,0.7219071053873374,113.65425695780476,2.092276505499185,0.19803324994195967,0.31317771767988145,False
0.7940000000000006,0.3309499972742504,1.8470588235294116,1.8235294117647058,0.03629411764705889,0.7105987477897802,111.68249790855322,1.9729372436797703,0.20000755336480053,0.3133766395708869,False
0.7950000000000006,0.3311239336254816,1.8470588235294116,1.8235294117647058,0.03641176470588242,0.7005388730108022,109.92451534202824,1.8661091610209917,0.2018750417152113,0.31357748770050636,False
0.7960000000000006,0.3312970529613226,1.8470588235294116,1.8235294117647058,0.03652941176470595,0.6916026327685455,108.35936847539588,1.7705692105080582,0.2036470024367682,0.3137801603329111,False
0.7970000000000006,0.3314693548546187,1.8470588235294116,1.8235294117647058,0.03664705882352948,0.6836776636093379,106.96794320951925,1.6852105731465612,0.20533361622704327,0.31398456652169193,False
0.7980000000000006,0.33164083888023216,1.8470588235294116,1.8235294117647058,0.036764705882353005,0.6766628384248747,105.73382384901493,1.6090229565808634,0.20694405355703255,0.3141906250465451,False
0.7990000000000006,0.33181150461504305,1.8470588235294116,1.8235294117647058,0.03688235294117653,0.6704671428176814,104.6388974005859,1.541138728815803,0.2084866173251594,0.3143982634672393,False
0.8000000000000006,0.33198135163795073,1.8470588235294116,1.8235294117647058,0.03700000000000006,0.665008663830031,103.67110300045067,1.4806003570862936,0.2099686529501705,0.3146074172155841,False
0.8010000000000006,0.33215037952987453,1.8470588235294116,1.8235294117647058,0.03711764705882359,0.660213679799969,102.8171138819017,1.4267704330073598,0.21139686849025405,0.31481802878200255,False
0.8020000000000006,0.33231858787375496,1.8470588235294116,1.8235294117647058,0.037235294117647116,0.6560158412317368,102.06526632657713,1.3789444906418014,0.21277726758082927,0.31503004704799265,False
0.8030000000000006,0.3324859762545546,1.8470588235294116,1.8235294117647058,0.037352941176470644,0.6523554335791514,101.40597141537634,1.3365059828914145,0.2141152373489062,0.31524342662126476,False
0.8040000000000006,0.33265254425925933,1.8470588235294116,1.8235294117647058,0.03747058823529417,0.649178713750648,100.82922235796407,1.298948073942628,0.21541565812058458,0.3154581272686013,False
0.8050000000000006,0.3328182914768791,1.8470588235294116,1.8235294117647058,0.0375882352941177,0.6464373129638183,100.32745441005915,1.265741760851903,0.21668288125034907,0.3156741133990782,False
0.8060000000000006,0.3329832174984491,1.8470588235294116,1.8235294117647058,0.03770588235294123,0.644087699314495,99.89305258328442,1.2364871949886203,0.21792085827227903,0.31589135359321113,False
0.8070000000000006,0.33314732191703084,1.8470588235294116,1.8352941176470587,0.03776470588235299,-0.5349681294404796,-36.52046696358096,1.2107818222981006,0.21913313819186464,0.31610982020191575,False
0.8080000000000006,0.333310604327713,1.8470588235294116,1.8352941176470587,0.037823529411764756,-0.431353669437608,-63.616900903390594,-6.009426390619521,0.21312518841745623,0.31632624998543957,False
0.8090000000000006,0.3334730643276123,1.8470588235294116,1.8352941176470587,0.03788235294117652,-0.3380418319056121,-60.49720385283955,-7.445686398408567,0.20568093147044433,0.31653602547418147,False
0.8100000000000006,0.33363470151587504,1.8470588235294116,1.8352941176470587,0.037941176470588284,-0.2540023545974036,-49.77658885024128,-7.283147088235602,0.1983991634107522,0.31673842981837846,False
0.8110000000000006,0.33379551549367736,1.8470588235294116,1.8352941176470587,0.03800000000000005,-0.17830800149060438,-37.847084714595155,-6.7183626039625395,0.1916821321884938,0.3169338065188292,False
0.8120000000000006,0.3339555058642269,1.8470588235294116,1.8352941176470587,0.03805882352941181,-0.11012426016507329,-26.44806064020259,-6.0895366423083495,0.18559388342124075,0.3171227491335071,False
0.8130000000000006,0.33411467223276325,1.8470588235294116,1.8352941176470587,0.038117647058823576,-0.04870006944268368,-15.991871180900786,-5.488705294278881,0.1801064266946923,0.31730587384981623,False
0.8140000000000006,0.33427301420655914,1.8470588235294116,1.8352941176470587,0.03817647058823534,0.006640525736878941,-6.518008549598668,-4.9376930697461106,0.17516994680207745,0.31748375904355225,False
0.8150000000000006,0.3344305313949217,1.8470588235294116,1.8352941176470587,0.0382352941176471,0.05650588492789696,2.03334534184604,-4.438596045554047,0.17073253210894027,0.31765693233185893,False
0.8160000000000006,0.3345872234091927,1.8470588235294116,1.8352941176470587,0.03829411764705887,0.10144353172922498,9.74344777302849,-3.9882552526689556,0.16674542960641042,0.31782587084157515,False
0.8170000000000006,0.3347430898627503,1.8470588235294116,1.8352941176470587,0.03835294117647063,0.14194623737983192,16.693198871952177,-3.5823768099696633,0.16316417984972367,0.3179910048785865,False
0.8180000000000006,0.3348981303710096,1.8470588235294116,1.8352941176470587,0.038411764705882395,0.17845749599478994,22.957544694702403,-3.216685202025425,0.15994859862197772,0.3181527222131423,False
0.8190000000000006,0.3350523445514233,1.8470588235294116,1.8352941176470587,0.03847058823529416,0.211376452277664,28.605215456502737,-2.8872194585917943,0.15706246241703153,0.3183113722135546,False
0.8200000000000006,0.3352057320234834,1.8470588235294116,1.8352941176470587,0.03852941176470592,0.24106233646166234,33.69742230907371,-2.590347052195616,0.1544731800225935,0.3184672696591262,False
0.8210000000000006,0.33535829240872167,1.8470588235294116,1.8352941176470587,0.03858823529411769,0.26783845575667253,38.28961886829069,-2.3228328935645695,0.15215139510533374,0.3186206981936109,False
0.8220000000000006,0.3355100253307103,1.8470588235294116,1.8352941176470587,0.03864705882352945,0.2919957866515935,42.43198302569772,-2.08174616952757,0.15007068195574738,0.31877191342318073,False
0.8230000000000006,0.33566093041506356,1.8470588235294116,1.8352941176470587,0.038705882352941215,0.3137962079864342,46.16940518925053,-1.8644348858408606,0.14820726668820258,0.3189211457215929,False
0.8240000000000006,0.335811007289438,1.8470588235294116,1.8352941176470587,0.03876470588235298,0.3334754107172025,49.54097785713365,-1.6685265208940327,0.14653974778536316,0.3190686027562614,False
0.8250000000000006,0.33596025558353404,1.8470588235294116,1.8352941176470587,0.03882352941176474,0.3512455167043057,52.58697956435527,-1.4919550597753326,0.14504878960651463,0.31921447172270595,False
0.8260000000000006,0.3361086749290962,1.8470588235294116,1.8352941176470587,0.03888235294117651,0.3672974356221104,55.33742729106247,-1.3325915063001306,0.14371718538327505,0.3193589214387793,False
0.8270000000000006,0.33625626495991456,1.8470588235294116,1.8352941176470587,0.03894117647058827,0.3818029861775464,57.82028358369985,-1.1888495879359091,0.14252931450831885,0.3195021042293211,False
0.8280000000000006,0.33640302531182537,1.8470588235294116,1.8352941176470587,0.039000000000000035,0.3949168052068507,60.06671199484086,-1.0592515438552565,0.14147103403411182,0.3196441574634952,False
0.8290000000000006,0.33654895562271203,1.8470588235294116,1.8352941176470587,0.0390588235294118,0.4067780658626362,62.09537063009529,-0.9421500838966836,0.14052984821308054,0.31978520510874386,False
0.8300000000000006,0.33669405553250614,1.8470588235294116,1.8352941176470587,0.03911764705882356,0.41751202398225495,63.93052543826403,-0.8365594191962266,0.13969424700489422,0.3199253590803177,False
0.8310000000000006,0.3368383246831879,1.8470588235294116,1.8352941176470587,0.039176470588235326,0.4272314098193235,65.59420605723606,-0.7411969188484683,0.13895400292649068,0.3200647203605666,False
0.8320000000000006,0.33698176271878766,1.8470588235294116,1.8352941176470587,0.03923529411764709,0.436037680602097,67.09858737504545,-0.6548981521192548,0.1383000528602143,0.3202033802283117,False
0.8330000000000006,0.33712436928538625,1.8470588235294116,1.8352941176470587,0.039294117647058854,0.44402214783600485,68.46298666550375,-0.577019984547758,0.13772397676338544,0.32034142118863107,False
0.8340000000000006,0.33726614403111616,1.8470588235294116,1.8352941176470587,0.03935294117647062,0.4512669918759338,69.69871565731096,-0.50654128548146,0.13721837567045822,0.3204789177860366,False
0.8350000000000006,0.33740708660616237,1.8470588235294116,1.8352941176470587,0.03941176470588238,0.45784617504128156,70.82088535855907,-0.4428644013386742,0.13677644822121007,0.3206159374349897,False
0.8360000000000006,0.337547196662763,1.8470588235294116,1.8352941176470587,0.039470588235294146,0.4638262634195062,71.84051449067145,-0.3851905819246281,0.13639219176227985,0.32075254110800294,False
0.8370000000000006,0.3376864738552104,1.8470588235294116,1.8352941176470587,0.03952941176470591,0.46926716648932026,72.76783549812973,-0.33293752457973,0.1360601859042186,0.3208887840369485,False
0.8380000000000006,0.337824917839852,1.8470588235294116,1.8352941176470587,0.039588235294117674,0.4742228027815647,73.61111109776245,-0.285564463311785,0.13577555098864347,0.32102471627663254,False
0.8390000000000006,0.3379625282750911,1.8470588235294116,1.8352941176470587,0.03964705882352944,0.47874169897399643,74.37925951428508,-0.24263479022737416,0.13553384393341847,0.3211603831986575,False
0.8400000000000006,0.33809930482138745,1.8470588235294116,1.8352941176470587,0.0397058823529412,0.4828675290765967,75.07980599202946,-0.2036771624029849,0.13533109297082044,0.32129582594363054,False
0.8410000000000006,0.33823524714125863,1.8588235294117648,1.8352941176470587,0.03982352941176473,1.0,135.05171999453756,-0.168293890951529,0.13516372399643056,0.32143108185933594,False
0.8420000000000006,0.33837035489928047,1.8588235294117648,1.8352941176470587,0.03994117647058826,1.0,152.22196983522804,3.0030666150804075,0.1381677273553655,0.3215675975247404,False
0.8430000000000006,0.338504627762088,1.8588235294117648,1.8352941176470587,0.040058823529411786,1.0,157.09180435034736,3.9097886063817837,0.1420784769271545,0.3217075252327469,False
0.8440000000000006,0.3386380653983763,1.8588235294117648,1.8352941176470587,0.040176470588235313,1.0,158.42649039373973,4.165657109624068,0.1462451227505524,0.3218514788477483,False
0.8450000000000006,0.3387706674789012,1.8588235294117648,1.8352941176470587,0.04029411764705884,1.0,158.7446340152576,4.234432098545085,0.15048057228942513,0.32199963007454,False
0.8460000000000006,0.3389024336764804,1.8588235294117648,1.8352941176470587,0.04041176470588237,1.0,158.77082964591918,4.249370125849051,0.15473098882743772,0.32215202349036304,False
0.8470000000000006,0.3390333636659937,1.8588235294117648,1.8352941176470587,0.0405294117647059,1.0,158.7128484978038,4.248808716398274,0.15898087296211408,0.32230866708749367,False
0.8480000000000006,0.3391634571243845,1.8588235294117648,1.8352941176470587,0.040647058823529425,1.0,158.63090619856186,4.2437408915766905,0.1632257182513519,0.3224695583056266,False
0.8490000000000006,0.33929271373066006,1.8588235294117648,1.8352941176470587,0.04076470588235295,1.0,158.54202054582976,4.2373526827173755,0.16746420426651895,0.32263469151171725,False
0.8500000000000006,0.3394211331658926,1.8588235294117648,1.8352941176470587,0.04088235294117648,1.0,158.45142913257993,4.230544575814542,0.1716959110595247,0.32280406015750723,False
0.8510000000000006,0.3395487151132199,1.8588235294117648,1.8352941176470587,0.04100000000000001,1.0,158.36062019411213,4.223593781094398,0.17592069589065332,0.32297765739953394,False
0.8520000000000006,0.3396754592578462,1.8588235294117648,1.8352941176470587,0.04111764705882354,0.9697485397959678,154.77397633624093,4.2165791353084225,0.18013849485617123,0.3231554762870708,False
0.8530000000000006,0.33980136528704297,1.8588235294117648,1.8352941176470587,0.041235294117647064,0.9385972152281361,150.08241521992403,4.024551910447586,0.18416429456530028,0.3233374265781427,False
0.8540000000000006,0.3399264328901495,1.8588235294117648,1.8352941176470587,0.04135294117647059,0.9106786701759106,145.4505608873076,3.7740160545292056,0.18793958482962198,0.3235232899436867,False
0.8550000000000006,0.340050661758574,1.8588235294117648,1.8352941176470587,0.04147058823529412,0.8856696266877315,141.17499668322728,3.5265938449283123,0.19146747759118213,0.3237128172743756,False
0.8560000000000006,0.340174051585794,1.8588235294117648,1.8352941176470587,0.04158823529411765,0.8632791346071935,137.31342551554647,3.2979802075888824,0.1947667798039232,0.3239057696355895,False
0.8570000000000007,0.3402966020673575,1.8588235294117648,1.8352941176470587,0.041705882352941176,0.8432453387935333,133.84118089589208,3.0912308757832334,0.19785935429643292,0.32410192827482626,False
0.8580000000000007,0.3404183129008832,1.8588235294117648,1.8352941176470587,0.041823529411764704,0.8253325696200622,130.72687880976332,2.905043229883424,0.200765761422027,0.32430109571632054,False
0.8590000000000007,0.34053918378606185,1.8588235294117648,1.8352941176470587,0.04194117647058823,0.809328724422762,127.94317780119715,2.737758985541417,0.20350490338363877,0.32450309429851315,False
0.8600000000000007,0.3406592144246565,1.8588235294117648,1.8352941176470587,0.04205882352941176,0.7950429108040152,125.45024224593176,2.587933519204818,0.20609423788412912,0.32470776461204137,False
0.8610000000000007,0.34077840452050345,1.8588235294117648,1.8352941176470587,0.04217647058823529,0.7823033256059666,123.22433577023538,2.453460947005873,0.2085491168533612,0.32491496375766477,False
0.8620000000000007,0.3408967537795131,1.8588235294117648,1.8352941176470587,0.042294117647058815,0.7709553459865466,121.23773986611738,2.333086997355428,0.2108836380495553,0.32512456362371084,False
0.8630000000000007,0.3410142619096703,1.8588235294117648,1.8352941176470587,0.04241176470588234,0.7608598113878919,119.46625773706845,2.2253465403911474,0.2131104341915577,0.32533644953701124,False
0.8640000000000007,0.3411309286210355,1.8588235294117648,1.8352941176470587,0.04252941176470587,0.7518914773079264,117.88836990281185,2.1289606266631598,0.21524085912998397,0.3255505188816385,False
0.8650000000000007,0.34124675362574514,1.8588235294117648,1.8352941176470587,0.0426470588235294,0.7439376236947808,116.48460625539761,2.0427918261011215,0.2172851293584209,0.32576667988371594,False
0.8660000000000007,0.3413617366380125,1.8588235294117648,1.8352941176470587,0.04276470588235293,0.7368968025017736,115.23715822091788,1.965811017644062,0.21925243231509112,0.325984850522796,False
0.8670000000000007,0.34147587737412854,1.8588235294117648,1.8352941176470587,0.042882352941176455,0.7306777104868902,114.13288205027096,1.8970768814006571,0.22115101417733543,0.3262049575423107,False
0.8680000000000007,0.3415891755524622,1.8588235294117648,1.8352941176470587,0.04299999999999998,0.725198174732319,113.15263132629202,1.83589481030573,0.22298842656900444,0.32642693561932856,False
0.8690000000000007,0.3417016308934616,1.8588235294117648,1.8352941176470587,0.04311764705882351,0.7203842396120284,112.28755503583187,1.7812525134407862,0.2247712088705452,0.32665072652703975,False
0.8700000000000007,0.34181324311965433,1.8588235294117648,1.8352941176470587,0.04323529411764704,0.7161693450625903,111.52600595285055,1.7326823413910748,0.22650543285580982,0.3268762783675985,False
0.8710000000000007,0.34192401195564837,1.8588235294117648,1.8470588235294116,0.0432941176470588,-0.464565236502488,-25.18338819606255,1.6895686276507154,0.22819655467115213,0.3271035450379066,False
0.8720000000000007,0.3420339371281325,1.8588235294117648,1.8470588235294116,0.043352941176470566,-0.36246165402870967,-52.54637201779257,-5.54639924395749,0.22265169040327687,0.32732924663504265,False
0.8730000000000007,0.34214301836587735,1.8588235294117648,1.8470588235294116,0.04341176470588233,-0.27050960627289744,-49.6672631655811,-6.996873314553343,0.21565630816210604,0.32754875062853417,False
0.8740000000000007,0.3422512553997359,1.8588235294117648,1.8470588235294116,0.043470588235294094,-0.18769393976325432,-39.16474672874943,-6.847180270637438,0.2088105717248286,0.32776132657327933,False
0.8750000000000007,0.34235864796264387,1.8588235294117648,1.8470588235294116,0.04352941176470586,-0.11310101637516376,-27.430705725983962,-6.294057790922583,0.20251791321047963,0.3279673056598555,False
0.8760000000000007,0.34246519578962087,1.8588235294117648,1.8470588235294116,0.04358823529411762,-0.045908561796470654,-16.208771641849708,-5.6757016930960775,0.19684357028765295,0.3281672703237306,False
0.8770000000000007,0.34257089861777074,1.8588235294117648,1.8470588235294116,0.043647058823529386,0.014623470853764725,-5.912898409956432,-5.084373429504373,0.19176051923866916,0.3283618267204464,False
0.8780000000000007,0.3426757561862822,1.8588235294117648,1.8470588235294116,0.04370588235294115,0.06916112376838861,3.4161320575623635,-4.5419819924078615,0.18721982707822482,0.32855154412261955,False
0.8790000000000007,0.3427797682364297,1.8588235294117648,1.8470588235294116,0.043764705882352914,0.11830383492096162,11.836452417075247,-4.050691568933284,0.18317039629002965,0.3287369418957914,False
0.8800000000000007,0.34288293451157376,1.8588235294117648,1.8470588235294116,0.04382352941176468,0.16259109848768905,19.427853620754348,-3.6074322500079696,0.1795641989298264,0.32891848968924314,False
0.8810000000000007,0.34298525475716196,1.8588235294117648,1.8470588235294116,0.04388235294117644,0.20250845922715566,26.270152881418785,-3.207987632502702,0.1763574231452279,0.32909661102150556,False
0.8820000000000007,0.3430867287207292,1.8588235294117648,1.8470588235294116,0.043941176470588206,0.23849290742208734,32.43713754625046,-2.8481394025955447,0.17351047511530665,0.329271687497328,False
0.8830000000000007,0.34318735615189855,1.8588235294117648,1.8470588235294116,0.04399999999999997,0.2709377343269377,37.996366488382975,-2.523987810512304,0.17098766051412664,0.3294440628823724,False
0.8840000000000007,0.3432871368023818,1.8588235294117648,1.8470588235294116,0.044058823529411734,0.3001969020707147,43.00825844282909,-2.2319622254146934,0.16875685541715452,0.32961404685462065,False
0.8850000000000007,0.3433860704259802,1.8588235294117648,1.8470588235294116,0.0441176470588235,0.3265889765695257,47.52747329381339,-1.9688694130220572,0.16678912892759282,0.3297819184049606,False
0.8860000000000007,0.34348415677858485,1.8588235294117648,1.8470588235294116,0.04417647058823526,0.3504006671478674,51.60197174481468,-1.731820491016284,0.16505843884502117,0.3299479288932682,False
0.8870000000000007,0.3435813956181774,1.8588235294117648,1.8470588235294116,0.044235294117647025,0.3718900121977866,55.2805079980524,-1.5182807149832818,0.16354127754580622,0.3301123047777533,False
0.8880000000000007,0.3436777867048306,1.8588235294117648,1.8470588235294116,0.04429411764705879,0.3912892462721258,58.598997278872545,-1.3256730794873877,0.16221671426163561,0.3302752501685633,False
0.8890000000000007,0.3437733298007092,1.8588235294117648,1.8470588235294116,0.04435294117647055,0.4088073804684427,61.59223412943253,-1.1520996279017244,0.16106571604555026,0.33043694909907684,False
0.8900000000000007,0.34386802467006994,1.8588235294117648,1.8470588235294116,0.04441176470588232,0.42463252477453983,64.29764934351692,-0.9957214716860366,0.16007108871659897,0.33059756739715107,False
0.8910000000000007,0.3439618710792628,1.8588235294117648,1.8470588235294116,0.04447058823529408,0.4389339781794389,66.74030189942395,-0.8545600381097328,0.1592176165571745,0.3307572545867541,False
0.8920000000000007,0.3440548687967309,1.8588235294117648,1.8470588235294116,0.044529411764705845,0.4518641097732598,68.94704830597739,-0.7272911540330688,0.15849140792426714,0.33091614557195487,False
0.8930000000000007,0.34414701759301186,1.8588235294117648,1.8470588235294116,0.04458823529411761,0.46356005173711035,70.942010562721,-0.6124953760107648,0.15787999052921586,0.33107436200387524,False
0.8940000000000007,0.34423831724073745,1.8588235294117648,1.8470588235294116,0.04464705882352937,0.47414522303398765,72.74380792638806,-0.508897793128837,0.15737216691428724,0.33123201363501004,False
0.8950000000000007,0.34432876751463504,1.8588235294117648,1.8470588235294116,0.04470588235294114,0.483730700730589,74.37723530349965,-0.41551450588043565,0.1569577234487908,0.33138919946310735,False
0.8960000000000007,0.3444183681915275,1.8588235294117648,1.8470588235294116,0.0447647058823529,0.4924164541869419,75.85534903436618,-0.33103474734933774,0.15662775720455188,0.33154600886209096,False
0.8970000000000007,0.34450711905033404,1.8588235294117648,1.8470588235294116,0.044823529411764665,0.5002924558270715,77.19294517926038,-0.2547687204982327,0.15637405499244414,0.3317025226133299,False
0.8980000000000007,0.34459501987207075,1.8588235294117648,1.8470588235294116,0.04488235294117643,0.5074396808325998,78.40684688869963,-0.18593448369749735,0.15618918551207608,0.33185881363684616,False
0.8990000000000007,0.3446820704398511,1.8588235294117648,1.8470588235294116,0.04494117647058819,0.5139310068669871,79.50743354304946,-0.12364275654497375,0.15606660669634512,0.33201494782150914,False
0.9000000000000007,0.3447682705388865,1.8588235294117648,1.8470588235294116,0.04499999999999996,0.5198320238273474,80.50533668315374,-0.06734511433704812,0.1560003248604182,0.33217098476088636,False
0.9010000000000007,0.3448536199564868,1.8588235294117648,1.8470588235294116,0.04505882352941172,0.5252017626210833,81.4137152117677,-0.016479719508752867,0.1559849081183961,0.3323269783076643,False
0.9020000000000007,0.34493811848206063,1.8588235294117648,1.8470588235294116,0.045117647058823485,0.5300933510648574,82.23929389990579,0.029649049428857134,0.15601562017162274,0.33248297719565273,False
0.9030000000000007,0.3450217659071165,1.8588235294117648,1.8470588235294116,0.04517647058823525,0.534554604193666,82.9909059064377,0.07139644687378842,0.15608807994495125,0.33263902558220826,False
0.9040000000000007,0.3451045620252625,1.8588235294117648,1.8470588235294116,0.04523529411764701,0.5386285555390053,83.67584203439077,0.10922933184699356,0.15619837319425153,0.33279516345368215,False
0.9050000000000007,0.34518650663220757,1.8588235294117648,1.8470588235294116,0.045294117647058776,0.5423539352792227,84.30005645302403,0.14353300520364878,0.15634297095109898,0.33295142705555186,False
0.9060000000000007,0.3452675995257615,1.8588235294117648,1.8470588235294116,0.04535294117647054,0.54576560057483,84.87169393257794,0.17462208980600366,0.15651865884712388,0.33310784924589293,False
0.9070000000000007,0.34534784050583567,1.8588235294117648,1.8470588235294116,0.045411764705882304,0.5488949228702883,85.3938759283049,0.2029271486734264,0.15672265305679123,0.33326445986215364,False
0.9080000000000007,0.3454272293744434,1.8588235294117648,1.8470588235294116,0.04547058823529407,0.5517701364656126,85.8728047634835,0.22861299954978875,0.15695233455397736,0.33342128603211363,False
0.9090000000000007,0.34550576593570054,1.8588235294117648,1.8470588235294116,0.04552941176470583,0.554416652230816,86.3122848795397,0.2520074967165766,0.15720541215030104,0.33357835241205097,False
0.9100000000000007,0.3455834499958259,1.8588235294117648,1.8470588235294116,0.045588235294117596,0.5568573399489112,86.71641750215402,0.2733116520812715,0.15747979565446824,0.3337356814575016,False
0.9110000000000007,0.345660281363142,1.8588235294117648,1.8470588235294116,0.04564705882352936,0.5591127824246085,87.08889803394001,0.29274220486638264,0.15777361160102432,0.3338932936313349,False
0.9120000000000007,0.34573625984807477,1.8588235294117648,1.8470588235294116,0.045705882352941124,0.5612015041821476,87.43197872806616,0.3104944447403641,0.1580851818021915,0.334051207610828,False
0.9130000000000007,0.34581138526315497,1.8588235294117648,1.8470588235294116,0.04576470588235289,0.5631401772933448,87.74928148349822,0.3266873258473315,0.15841294701336575,0.3342094404485927,False
0.9140000000000007,0.3458856574230182,1.8588235294117648,1.8470588235294116,0.04582352941176465,0.5649438066228339,88.0439287608765,0.3415122873005377,0.15875553941919474,0.3343680077241382,False
0.9150000000000007,0.3459590761444052,1.8588235294117648,1.8470588235294116,0.045882352941176416,0.5666258965487859,88.31773399819467,0.35513435945562927,0.15911175622601822,0.33452692372341664,False
0.9160000000000007,0.3460316412461626,1.8588235294117648,1.8470588235294116,0.04594117647058818,0.5681986010115546,88.57215813674907,0.3676493278973499,0.1594804904179404,0.3346862015726851,False
0.9170000000000007,0.3461033525492432,1.8588235294117648,1.8470588235294116,0.045999999999999944,0.569672858557458,88.80969570825138,0.37913434125065915,0.1598607121204478,0.33484585332589756,False
0.9180000000000007,0.3461742098767065,1.8588235294117648,1.8470588235294116,0.04605882352941171,0.5710585138781828,89.0321940114532,0.38972124649526463,0.16025152329951464,0.3350058900664605,False
0.9190000000000007,0.3462442130537191,1.8588235294117648,1.8470588235294116,0.04611764705882347,0.572364427196247,89.24052227723233,0.3995076567228291,0.16065212352847408,0.33516632202366886,False
0.9200000000000007,0.3463133619075551,1.8588235294117648,1.8470588235294116,0.046176470588235236,0.5735985727119166,89.43698387593317,0.4085394460473523,0.16106175824949506,0.3353271586470313,False
0.9210000000000007,0.3463816562675966,1.8588235294117648,1.8470588235294116,0.046235294117647,0.5747681272054309,89.6218671161038,0.41693837625492347,0.1614797946618781,0.3354884086862882,False
0.9220000000000007,0.346449095965334,1.8588235294117648,1.8470588235294116,0.04629411764705876,0.5758795497790057,89.79666793077836,0.4247196018637175,0.16190561511518187,0.33565008026519677,False
0.9230000000000007,0.3465156808343666,1.8588235294117648,1.8470588235294116,0.04635294117647053,0.5769386536246345,89.96284854188573,0.431962178906814,0.1623386810111031,0.3358121809254362,False
0.9240000000000007,0.34658141071040294,1.8588235294117648,1.8470588235294116,0.04641176470588229,0.5779506706151123,90.1210593357289,0.4387433860526514,0.16277853102664386,0.33597471770486076,False
0.9250000000000007,0.3466462854312609,1.8588235294117648,1.8470588235294116,0.046470588235294055,0.5789203094359542,90.27168635048977,0.445097554043131,0.16322473816653627,0.336137697195449,False
0.9260000000000007,0.3467103048368687,1.8588235294117648,1.8470588235294116,0.04652941176470582,0.5798518079041235,90.41562335184257,0.45104503239902255,0.16367689578219882,0.33630112557133973,False
0.9270000000000007,0.3467734687692648,1.8588235294117648,1.8470588235294116,0.04658823529411758,0.5807489800548877,90.55342831336496,0.4566330388185874,0.16413464444016254,0.3364650086212695,False
0.9280000000000007,0.3468357770725984,1.8588235294117648,1.8470588235294116,0.04664705882352935,0.5816152585199874,90.68618739186795,0.4618910288557184,0.16459765416017613,0.33662935178779474,False
0.9290000000000007,0.34689722959312996,1.8588235294117648,1.8470588235294116,0.04670588235294111,0.5824537326679888,90.81396388289255,0.4668764075285198,0.1650656523649851,0.3367941602093231,False
0.9300000000000007,0.3469578261792316,1.8588235294117648,1.8470588235294116,0.046764705882352875,0.5832671829306018,90.93759389936518,0.4715924645902024,0.1655383697652373,0.3369594387531641,False
0.9310000000000007,0.34701756668138717,1.8588235294117648,1.8470588235294116,0.04682352941176464,0.5840581116963651,91.05693122933619,0.47608338194431227,0.16601558125182278,0.3371251920372186,False
0.9320000000000007,0.34707645095219297,1.8588235294117648,1.8470588235294116,0.0468823529411764,0.5848287711149641,91.17306346481284,0.480341370445259,0.16649705392491349,0.3372914244507724,False
0.9330000000000007,0.3471344788463579,1.8588235294117648,1.8470588235294116,0.04694117647058817,0.5855811881211149,91.28575754340255,0.48442392294208997,0.16698261237617176,0.3374581401760825,False
0.9340000000000007,0.34719165022070386,1.8588235294117648,1.8470588235294116,0.04699999999999993,0.5863171869560625,91.39566302955201,0.48831865994443396,0.16747206881651733,0.337625343214426,False
0.9350000000000007,0.34724796493416626,1.8588235294117648,1.8470588235294116,0.047058823529411695,0.587038409436927,91.50282026718224,0.4920599030724039,0.1679652697773441,0.33779303739473493,False
0.9360000000000007,0.34730342284779403,1.8588235294117648,1.8470588235294116,0.04711764705882346,0.5877463331991167,91.6079212489057,0.49564974255715005,0.16846206387923374,0.3379612263934126,False
0.9370000000000007,0.34735802382475034,1.8588235294117648,1.8470588235294116,0.04717647058823522,0.5884422881144992,91.71083513483858,0.4991247484380404,0.1689623363119187,0.3381299137519391,False
0.9380000000000007,0.34741176773031274,1.8588235294117648,1.8588235294117648,0.04717647058823522,-0.5879313524616743,-44.22681938123038,0.5024779569267152,0.16946596530052607,0.33829910289385007,False
0.9390000000000007,0.34746465443187347,1.8588235294117648,1.8588235294117648,0.04717647058823522,-0.4819617466272714,-70.90415773621767,-6.691914615684108,0.1627751757209031,0.338465558173962,False
0.9400000000000007,0.3475166837989398,1.8588235294117648,1.8588235294117648,0.04717647058823522,-0.386589101376309,-67.42146531377576,-8.105354977357253,0.15467089445561585,0.3386246865858253,False
0.9410000000000007,0.3475678557031345,1.8588235294117648,1.8588235294117648,0.04717647058823522,-0.3007537206504428,-56.38200175248758,-7.92295693719365,0.1467489568148268,0.3387757927628544,False
0.9420000000000007,0.3476181700181959,1.8588235294117648,1.8588235294117648,0.04717647058823522,-0.22350187799716315,-44.16330746969848,-7.34064239403884,0.1394092821811023,0.3389192390127465,False
0.9430000000000007,0.34766762661997846,1.8588235294117648,1.8588235294117648,0.04717647058823522,-0.1539752196092116,-32.51624848482217,-6.695848627339443,0.13271435399891773,0.33905563571667924,False
0.9440000000000007,0.347716225386453,1.8588235294117648,1.8588235294117648,0.04717647058823522,-0.09140122706005518,-21.8467862737927,-6.081220140403298,0.1266340112551553,0.33918561404929426,False
0.9450000000000007,0.3477639661977069,1.8588235294117648,1.8588235294117648,0.04717647058823522,-0.03508463376581436,-12.189910410592711,-5.518243296126297,0.1211166062800656,0.3393097653551851,False
0.9460000000000007,0.34781084893594433,1.8588235294117648,1.8588235294117648,0.04717647058823522,0.015600300199002382,-3.482534804391666,-5.008776029375435,0.11610863310944769,0.3394286284949894,False
0.9470000000000007,0.3478568734854869,1.8588235294117648,1.8588235294117648,0.04717647058823522,0.06121674076733738,4.35943184460366,-4.549486538764187,0.11155991722958382,0.33954269032248013,False
0.9480000000000007,0.34790203973277356,1.8588235294117648,1.8588235294117648,0.04717647058823522,0.10227153727883895,11.419371479603182,-4.135931060247677,0.10742472756720531,0.3396523895164154,False
0.9490000000000007,0.3479463475663611,1.8588235294117648,1.8588235294117648,0.04717647058823522,0.13922085413919033,17.774547423274054,-3.7637028194615807,0.10366173952997233,0.33975812100735125,False
0.9500000000000007,0.34798979687692433,1.8588235294117648,1.8588235294117648,0.04717647058823522,0.17247523931350653,23.495158399827076,-3.428718283666901,0.10023371179357272,0.3398602402386816,False
0.9510000000000007,0.34803238755725646,1.8588235294117648,1.8588235294117648,0.04717647058823522,0.20240418597039112,28.644641946406438,-3.1272672610884733,0.09710711298706612,0.3399590670819186,False
0.9520000000000007,0.34807411950226913,1.8588235294117648,1.8588235294117648,0.04717647058823522,0.22934023796158726,33.28019740388823,-2.855996891682011,0.09425176438497655,0.340054889385861,False
0.9530000000000007,0.348114992608993,1.8588235294117648,1.8588235294117648,0.04717647058823522,0.2535826847536638,37.4529515315707,-2.611884015877867,0.09164051022831511,0.34014796618088733,False
0.9540000000000007,0.3481550067765776,1.8588235294117648,1.8588235294117648,0.04717647058823522,0.27540088686653263,41.20918340763318,-2.392226447719837,0.0892488967702497,0.34023853055749614,False
0.9550000000000007,0.34819416190629215,1.8588235294117648,1.8588235294117648,0.04717647058823522,0.2950372687681146,44.58931263395234,-2.1945781985614006,0.08705491609615419,0.34032679225303963,False
0.9560000000000007,0.3482324579015251,1.8588235294117648,1.8588235294117648,0.04717647058823522,0.31271001247953845,47.6349869670177,-2.016803038769204,0.08503869637998836,0.34041293995817345,False
0.9570000000000007,0.34826989466778496,1.8588235294117648,1.8588235294117648,0.04717647058823522,0.32861548181981975,50.37601439493197,-1.8566995245868099,0.08318256711323259,0.34049714348230103,False
0.9580000000000007,0.3483064721127002,1.8588235294117648,1.8588235294117648,0.04717647058823522,0.34293040422607307,52.84149762237024,-1.712692433527097,0.08147043289604981,0.34057955567309844,False
0.9590000000000007,0.3483421901460197,1.8588235294117648,1.8588235294117648,0.04717647058823522,0.355813834391701,55.06326493941226,-1.58324366844406,0.07988773632251844,0.3406603139749238,False
0.9600000000000007,0.34837704867961267,1.8588235294117648,1.8588235294117648,0.04717647058823522,0.3674089215407661,57.0624448316535,-1.4666707532995993,0.07842160237058297,0.34073954203178736,False
0.9610000000000007,0.3484110476274691,1.8588235294117648,1.8588235294117648,0.04717647058823522,0.37784449997492475,58.86639107519242,-1.361857175701036,0.07706027244754923,0.34081735111505834,False
0.9620000000000007,0.3484441869057,1.8588235294117648,1.8588235294117648,0.04717647058823522,0.3872365205656675,60.48936421636807,-1.267356911547845,0.07579343391073565,0.3408938413881791,False
0.9630000000000007,0.34847646643253766,1.8588235294117648,1.8588235294117648,0.04717647058823522,0.39568933909733595,61.948771714031594,-1.1824165639721822,0.07461152744725395,0.3409691030409376,False
0.9640000000000007,0.34850788612833533,1.8588235294117648,1.8588235294117648,0.04717647058823522,0.4032968757758376,63.265679087442685,-1.1061161227974492,0.07350591369312648,0.34104321711777646,False
0.9650000000000007,0.34853844591556815,1.8588235294117648,1.8588235294117648,0.04717647058823522,0.41014365878648906,64.45040627005041,-1.0373419326376938,0.07246906688554462,0.34111625652488675,False
0.9660000000000007,0.3485681457188328,1.8588235294117648,1.8588235294117648,0.04717647058823522,0.4163057634960754,65.5179133405676,-0.9755487870084844,0.07149400641922433,0.3411882868880097,False
0.9670000000000007,0.3485969854648481,1.8588235294117648,1.8588235294117648,0.04717647058823522,0.4218516577347031,66.47884278291359,-0.9199458917457257,0.07057454243879768,0.3412593672081121,False
0.9680000000000007,0.3486249650824548,1.8588235294117648,1.8588235294117648,0.04717647058823522,0.426842962549468,67.34584811467539,-0.8699708191947265,0.06970504747675121,0.34132955054937414,False
0.9690000000000007,0.34865208450261587,1.8588235294117648,1.8588235294117648,0.04717647058823522,0.43133513688275643,68.12676401113987,-0.8249546739243497,0.06888056292546248,0.3413988846494896,False
0.9700000000000008,0.3486783436584169,1.8588235294117648,1.8588235294117648,0.04717647058823522,0.4353780937827161,68.83022741620773,-0.7844834619537948,0.06809654413925946,0.3414674124738228,False
0.9710000000000008,0.3487037424850661,1.8588235294117648,1.8588235294117648,0.04717647058823522,0.4390167549926796,69.46432105218307,-0.7481006883694374,0.06734890293834303,0.34153517264849736,False
0.9720000000000008,0.3487282809198943,1.8588235294117648,1.8588235294117648,0.04717647058823522,0.4422915500816469,70.0358514429882,-0.7153791334400257,0.06663397833658992,0.3416021999036908,False
0.9730000000000008,0.3487519589023554,1.8588235294117648,1.8588235294117648,0.04717647058823522,0.44523886566171744,70.55122885907672,-0.6859590566429415,0.06594846906497435,0.341668525470463,False
0.9740000000000008,0.34877477637402626,1.8588235294117648,1.8588235294117648,0.04717647058823522,0.4478914496837809,71.01465208215738,-0.6595016439307383,0.06528941264745391,0.3417341774310587,False
0.9750000000000008,0.34879673327860716,1.8588235294117648,1.8588235294117648,0.04717647058823522,0.450278775303638,71.43420743688728,-0.6357850536770387,0.06465406843037583,0.3417991810050637,False
0.9760000000000008,0.34881782956192153,1.8588235294117648,1.8588235294117648,0.04717647058823522,0.45242736836150943,71.81219193673523,-0.6143817264801261,0.06404012330259962,0.34186355886380165,False
0.9770000000000008,0.3488380651719164,1.8588235294117648,1.8588235294117648,0.04717647058823522,0.45436110211359376,72.15421104098236,-0.595170382079547,0.06344538541801364,0.3419273314200522,False
0.9780000000000008,0.3488574400586625,1.8588235294117648,1.8588235294117648,0.04717647058823522,0.4561014624904696,72.46220463972377,-0.5778546679848324,0.0628679592693042,0.34199051702809913,False
0.9790000000000008,0.3488759541743541,1.8588235294117648,1.8588235294117648,0.04717647058823522,0.4576677868296579,72.74006559089959,-0.5623321506951761,0.06230605177018983,0.34205313219280625,False
0.9800000000000008,0.3488936074733095,1.8588235294117648,1.8588235294117648,0.04717647058823522,0.45907747873492727,72.99112824851163,-0.5483970459825928,0.061758075607266774,0.3421151917185475,False
0.9810000000000008,0.3489103999119709,1.8588235294117648,1.8588235294117648,0.04717647058823522,0.4603462014496698,73.21832820100522,-0.5358731009029046,0.06122261971000367,0.342176708901691,False
0.9820000000000008,0.3489263314489048,1.8588235294117648,1.8588235294117648,0.04717647058823522,0.46148805189293807,73.42350779556132,-0.524605144248039,0.06069842817011764,0.3422376956973558,False
0.9830000000000008,0.3489414020448015,1.8588235294117648,1.8588235294117648,0.04717647058823522,0.46251571729187946,73.60892264500767,-0.5144958322050732,0.060184342414998204,0.34229816284855263,False
0.9840000000000008,0.34895561166247596,1.8588235294117648,1.8588235294117648,0.04717647058823522,0.4634406161509268,73.77706617813199,-0.505425941804533,0.05967932308761501,0.3423581199933655,False
0.9850000000000008,0.34896896026686725,1.8588235294117648,1.8588235294117648,0.04717647058823522,0.46427302512406926,73.9292403598453,-0.49726365534328687,0.059182462642113146,0.34241757578983556,False
0.9860000000000008,0.34898144782503904,1.8588235294117648,1.8588235294117648,0.04717647058823522,0.4650221931998976,74.06698945265131,-0.48994018352742524,0.05869292231604296,0.3424765380194095,False
0.9870000000000008,0.3489930743061796,1.8588235294117648,1.8588235294117648,0.04717647058823522,0.465696444468143,74.19180185213915,-0.48337390741069913,0.05820994496053238,0.34253501366149697,False
0.9880000000000008,0.3490038396816017,1.8588235294117648,1.8588235294117648,0.04717647058823522,0.466303270609564,74.30522883265236,-0.4774861549930914,0.05773285209388352,0.3425930089737582,False
0.9890000000000008,0.34901374392474277,1.8588235294117648,1.8588235294117648,0.04717647058823522,0.46684941413684283,74.40819862360695,-0.47219491948882397,0.057261047236906636,0.3426505295722722,False
0.9900000000000008,0.3490227870111651,1.8588235294117648,1.8588235294117648,0.04717647058823522,0.46734094331139375,74.50173722452179,-0.4674511517393292,0.056793982955715916,0.3427075804987086,False
0.9910000000000008,0.34903096891855595,1.8588235294117648,1.8588235294117648,0.04717647058823522,0.4677833195684896,74.58681252780778,-0.4632006231966992,0.05633116604147343,0.34276416627170375,False
0.9920000000000008,0.34903828962672706,1.8588235294117648,1.8588235294117648,0.04717647058823522,0.46818145819987583,74.66411785412397,-0.4593921738947188,0.05587215444216341,0.34282029093970545,False
0.9930000000000008,0.3490447491176154,1.8588235294117648,1.8588235294117648,0.04717647058823522,0.4685397829681235,74.73498647024209,-0.4559891659429211,0.055416542740805014,0.34287595812559474,False
0.9940000000000008,0.3490503473752828,1.8588235294117648,1.8588235294117648,0.04717647058823522,0.4688622752595464,74.79955947441337,-0.4529210978794687,0.05496399601941072,0.34293117107855975,False
0.9950000000000008,0.34905508438591615,1.8588235294117648,1.8588235294117648,0.04717647058823522,0.469152518321827,74.8585244843751,-0.45018054066951046,0.054514186786781244,0.34298593271621247,False
0.9960000000000008,0.3490589601378273,1.8588235294117648,1.8588235294117648,0.04717647058823522,0.4694137370778795,74.91249685135055,-0.44773114559570976,0.05406682389835656,0.3430402456450294,False
0.9970000000000008,0.34906197462145316,1.8588235294117648,1.8588235294117648,0.04717647058823522,0.4696488339583268,74.96217568530236,-0.4455403840767142,0.053621648736311284,0.343094112194979,False
0.9980000000000008,0.349064127829356,1.8588235294117648,1.8588235294117648,0.04717647058823522,0.4698604211507293,75.00762752893007,-0.44357129294286474,0.05317843964438201,0.34314753445404444,False
0.9990000000000008,0.3490654197562228,1.8588235294117648,1.8588235294117648,0.04717647058823522,0.47005084962389154,75.04944481607619,-0.44182037484811526,0.052736978462158544,0.3432005142901258,False
1.0000000000000007,0.3490658503988659,1.8588235294117648,1.8588235294117648,0.04717647058823522,0.4702222352497376,75.08804487064046,-0.4402563055132737,0.052297078352154296,0.3432530533670576,False
1.0010000000000006,0.3490654197562228,1.8588235294117648,1.8588235294117648,0.04717647058823522,0.4703764823129991,75.12371678787198,-0.4388570233756184,0.0518585745372647,0.34330515317176385,False
1.0020000000000004,0.349064127829356,1.8588235294117648,1.8588235294117648,0.04717647058823522,0.4705153046699344,75.15674257607175,-0.43760724937825196,0.05142131751838379,0.3433568150332665,False
1.0030000000000003,0.34906197462145316,1.8588235294117648,1.8588235294117648,0.04717647058823522,0.47064024479117617,75.18737403270565,-0.43649207766217724,0.05098517270130851,0.3434080401377952,False
1.0040000000000002,0.3490589601378273,1.8588235294117648,1.8588235294117648,0.04717647058823522,0.47075269090029376,75.21593505355621,-0.4354981992048878,0.050550018799997015,0.34345882954297435,False
1.0050000000000001,0.3490550843859161,1.8588235294117648,1.8588235294117648,0.04717647058823522,0.47085389239849956,75.24246999106443,-0.4346084889240575,0.05011575165273449,0.343509184192848,False
1.006,0.3490503473752828,1.8588235294117648,1.8588235294117648,0.04717647058823522,0.4709449737468848,75.26727080593683,-0.4338206108393511,0.04968226943308715,0.34355910492834896,False
1.007,0.3490447491176154,1.8588235294117648,1.8588235294117648,0.04717647058823522,0.47102694696043157,75.29051396129229,-0.43311912707382083,0.049249485751868216,0.34360859249553066,False
1.0079999999999998,0.34903828962672706,1.8588235294117648,1.8588235294117648,0.04717647058823522,0.47110072285262367,75.31236718952592,-0.4324947096029281,0.0488173235473654,0.3436576475582545,False
1.0089999999999997,0.34903096891855595,1.8588235294117648,1.8588235294117648,0.04717647058823522,0.4711671211555965,75.33300654169174,-0.4319384914319075,0.04838571462437263,0.3437062707073099,False
1.0099999999999996,0.3490227870111651,1.8588235294117648,1.8588235294117648,0.04717647058823522,0.47122687962827203,75.35243678531178,-0.4314411646407597,0.04795460009517731,0.34375446246947944,False
1.0109999999999995,0.34901374392474277,1.8588235294117648,1.8588235294117648,0.04717647058823522,0.47128066225368004,75.37089388127339,-0.4310024830334302,0.0475239213178627,0.3438022233127685,False
1.0119999999999993,0.3490038396816017,1.8588235294117648,1.8588235294117648,0.04717647058823522,0.4713290666165473,75.38837577100617,-0.4306099675312435,0.04709363212924204,0.3438495536521561,False
1.0129999999999992,0.3489930743061796,1.8588235294117648,1.8588235294117648,0.04717647058823522,0.4713726305431277,75.40506091357383,-0.43026373187025085,0.046663686252077265,0.34389645385640655,False
1.0139999999999991,0.34898144782503904,1.8588235294117648,1.8588235294117648,0.04717647058823522,0.47141183807705017,75.42098997437948,-0.42995433824539747,0.04623404684665825,0.34394292425225387,False
1.014999999999999,0.34896896026686725,1.8588235294117648,1.8588235294117648,0.04717647058823522,0.47144712485758045,75.43625031376699,-0.42967963894052474,0.04580467922074829,0.3439889651305583,False
1.015999999999999,0.34895561166247596,1.8588235294117648,1.8588235294117648,0.04717647058823522,0.4714788829600576,75.45089635211117,-0.4294350152486475,0.04537555330059966,0.3440345767495667,False
1.0169999999999988,0.3489414020448015,1.8588235294117648,1.8588235294117648,0.04717647058823522,0.47150746525228704,75.46501517761145,-0.42921759092816947,0.04494664188851241,0.3440797593387462,False
1.0179999999999987,0.34892633144890484,1.8588235294117648,1.8588235294117648,0.04717647058823522,0.47153318931529353,75.47867695476738,-0.42902276100077086,0.044517922391597686,0.3441245131024381,False
1.0189999999999986,0.3489103999119709,1.8588235294117648,1.8588235294117648,0.04717647058823522,0.47155634097199944,75.49174924432977,-0.4288468156446344,0.04408937592664885,0.34416883822406047,False
1.0199999999999985,0.3488936074733095,1.8588235294117648,1.8588235294117648,0.04717647058823522,0.47157717746303474,75.5044581490973,-0.4286967643390705,0.0436609766008219,0.34421273486499365,False
1.0209999999999984,0.3488759541743541,1.8588235294117648,1.8588235294117648,0.04717647058823522,0.4715959303049665,75.51697636936126,-0.4285606461822024,0.04323271048204635,0.34425620316610744,False
1.0219999999999982,0.3488574400586625,1.8588235294117648,1.8588235294117648,0.04717647058823522,0.471612807862705,75.52910264760722,-0.4284293256254021,0.0428045727737416,0.3442992432584506,False
1.0229999999999981,0.34883806517191646,1.8588235294117648,1.8588235294117648,0.04717647058823522,0.47162799766466973,75.54092934607006,-0.42831345275829363,0.04237654802916015,0.3443418552634828,False
1.023999999999998,0.34881782956192153,1.8588235294117648,1.8588235294117648,0.04717647058823522,0.471641668486438,75.55248363681712,-0.42820814235726096,0.0419486256866919,0.3443840392894151,False
1.024999999999998,0.3487967332786072,1.8588235294117648,1.8588235294117648,0.04717647058823522,0.4716539722260294,75.5638060795213,-0.4281119582249258,0.0415207966208569,0.3444257954345432,False
1.0259999999999978,0.3487747763740263,1.8588235294117648,1.8588235294117648,0.04717647058823522,0.47166504559166167,75.57491270066028,-0.42802275573505255,0.04109305385074694,0.34446712378900257,False
1.0269999999999977,0.3487519589023554,1.8588235294117648,1.8588235294117648,0.04717647058823522,0.4716750116207308,75.5858340407772,-0.4279396882060494,0.040665391242090135,0.34450802443632855,False
1.0279999999999976,0.34872828091989433,1.8588235294117648,1.8588235294117648,0.04717647058823522,0.4716839810468929,75.59657975961277,-0.4278611409614879,0.04023780427525462,0.34454849745464877,False
1.0289999999999975,0.3487037424850661,1.8588235294117648,1.8588235294117648,0.04717647058823522,0.47169205353043886,75.60717672333446,-0.42778660405339375,0.03981028894052658,0.3445885429178009,False
1.0299999999999974,0.34867834365841693,1.8588235294117648,1.8588235294117648,0.04717647058823522,0.47169931876563015,75.61762976461546,-0.42771465711376877,0.03938284264853748,0.34462816089625187,False
1.0309999999999973,0.34865208450261587,1.8588235294117648,1.8588235294117648,0.04717647058823522,0.4717058574773024,75.62796392893449,-0.4276450455133175,0.03895546306453016,0.34466735145799393,False
1.0319999999999971,0.3486249650824548,1.8588235294117648,1.8588235294117648,0.04717647058823522,0.4717117423178074,75.63817296807773,-0.42757644515815607,0.038528149177829596,0.3447061146692802,False
1.032999999999997,0.3485969854648482,1.8588235294117648,1.8588235294117648,0.04717647058823522,0.47171703867426185,75.64829863192845,-0.42750918765778695,0.03810089964614172,0.34474445059520414,False
1.033999999999997,0.3485681457188329,1.8588235294117648,1.8588235294117648,0.04717647058823522,0.47172180539507086,75.65831702087428,-0.42744106508039437,0.03767371533510281,0.34478235930051054,False
1.0349999999999968,0.3485384459155682,1.8588235294117648,1.8588235294117648,0.04717647058823522,0.471726095443799,75.66826982809053,-0.42737334294902973,0.037246595844825474,0.34481984085024,False
1.0359999999999967,0.3485078861283354,1.8588235294117648,1.8588235294117648,0.04717647058823522,0.4717299564876543,75.67813142151849,-0.4273038163383562,0.03681954298035262,0.34485689531002567,False
1.0369999999999966,0.3484764664325377,1.8588235294117648,1.8588235294117648,0.04717647058823522,0.4717334314271241,75.6879439180199,-0.4272338424507381,0.03639255718953016,0.34489352274669477,False
1.0379999999999965,0.34844418690570017,1.8588235294117648,1.8588235294117648,0.04717647058823522,0.4717365588726469,75.69767705489774,-0.42716119397175517,0.0359656411475292,0.34492972322852516,False
1.0389999999999964,0.3484110476274692,1.8588235294117648,1.8588235294117648,0.04717647058823522,0.47173937357361745,75.70737631431821,-0.42708747314366785,0.03553879592728886,0.3449654968257484,False
1.0399999999999963,0.3483770486796127,1.8588235294117648,1.8588235294117648,0.04717647058823522,0.4717419068044909,75.71700349507431,-0.4270102746427734,0.035112025007087724,0.34500084361075173,False
1.0409999999999962,0.3483421901460198,1.8588235294117648,1.8588235294117648,0.04717647058823522,0.4717441867122771,75.72647881154167,-0.4269316207839047,0.034685329842903574,0.3450357636584904,False
1.041999999999996,0.3483064721127003,1.8588235294117648,1.8588235294117648,0.04717647058823522,0.47174623862928455,75.73604952316293,-0.42685573406676136,0.03425870766820583,0.34507025704347555,False
1.042999999999996,0.3482698946677851,1.8588235294117648,1.8588235294117648,0.04717647058823522,0.47174808535459134,75.74564700534857,-0.42676953337736045,0.033832168797611036,0.3451043238433382,False
1.0439999999999958,0.34823245790152524,1.8588235294117648,1.8588235294117648,0.04717647058823522,0.4717497474073674,75.75510417592693,-0.4266766508361338,0.03340571991366914,0.34513796414439,False
1.0449999999999957,0.3481941619062923,1.8588235294117648,1.8588235294117648,0.04717647058823522,0.4717512432548659,75.7646023465076,-0.4265859278933417,0.03297935885748786,0.34517117803564606,False
1.0459999999999956,0.3481550067765778,1.8588235294117648,1.8588235294117648,0.04717647058823522,0.4717525895176145,75.77391163582034,-0.42648777283310846,0.032553093061913854,0.345203965608279,False
1.0469999999999955,0.34811499260899315,1.8588235294117648,1.8588235294117648,0.04717647058823522,0.4717538011540883,75.7833037948573,-0.4263943497933827,0.03212691779565536,0.34523632695542045,False
1.0479999999999954,0.3480741195022693,1.8588235294117648,1.8588235294117648,0.04717647058823522,0.47175489162691475,75.79278553174431,-0.4262912820355535,0.031700842704184336,0.3452682621719404,False
1.0489999999999953,0.34803238755725663,1.8588235294117648,1.8588235294117648,0.04717647058823522,0.4717558730524585,75.80219440485897,-0.42617821611057194,0.031274877786487326,0.34529977136251316,False
1.0499999999999952,0.3479897968769245,1.8588235294117648,1.8588235294117648,0.04717647058823522,0.4717567563354479,75.81151221882745,-0.42606374819811027,0.030849024445402655,0.345330854637944,False
1.050999999999995,0.3479463475663613,1.8588235294117648,1.8588235294117648,0.04717647058823522,0.4717575512901383,75.82070548610749,-0.4259488425527448,0.030423283119518352,0.34536151211000693,False
1.051999999999995,0.3479020397327737,1.8588235294117648,1.8588235294117648,0.04717647058823522,0.47175826674935967,75.83009387783295,-0.4258352725165676,0.029997652474074744,0.3453917438901168,False
1.0529999999999948,0.3478568734854871,1.8588235294117648,1.8588235294117648,0.04717647058823522,0.47175891066265896,75.83931749211222,-0.4257061262101512,0.029572148086250034,0.34542155009596387,False
1.0539999999999947,0.34781084893594455,1.8588235294117648,1.8588235294117648,0.04717647058823522,0.47175949018462826,75.84868010725592,-0.4255804474135571,0.029146766489469168,0.34545093085224576,False
1.0549999999999946,0.3477639661977071,1.8588235294117648,1.8588235294117648,0.04717647058823522,0.4717600117544007,75.85792274721823,-0.42544216524978806,0.02872152028807463,0.34547988628742576,False
1.0559999999999945,0.34771622538645325,1.8588235294117648,1.8588235294117648,0.04717647058823522,0.4717604811671958,75.86710011762452,-0.42530498372738446,0.028296408382428733,0.3455084165364047,False
1.0569999999999944,0.34766762661997874,1.8588235294117648,1.8588235294117648,0.04717647058823522,0.4717609036387115,75.87632210181562,-0.42516601025000195,0.027871432565493105,0.34553652173428495,False
1.0579999999999943,0.34761817001819617,1.8588235294117648,1.8588235294117648,0.04717647058823522,0.47176128386307553,75.88555285403363,-0.42501943287171484,0.027446600442209777,0.3455642020205779,False
1.0589999999999942,0.34756785570313475,1.8588235294117648,1.8588235294117648,0.04717647058823522,0.4717616260650032,75.89476281726074,-0.4248671501182023,0.027021917719037582,0.34559145754154524,False
1.059999999999994,0.3475166837989401,1.8588235294117648,1.8588235294117648,0.04717647058823522,0.47176193404673805,75.90402275639693,-0.42471072784299424,0.026597388536612827,0.3456182884484504,False
1.060999999999994,0.34746465443187374,1.8588235294117648,1.8588235294117648,0.04717647058823522,0.4717622112302995,75.91330954179662,-0.42454642402981785,0.02617302077763005,0.3456446948983816,False
1.0619999999999938,0.34741176773031307,1.8588235294117648,1.8588235294117648,0.04717647058823522,0.4717624606955048,75.92248445492491,-0.42437546462325193,0.025748821098886328,0.3456706770557581,False
1.0629999999999937,0.3473580238247507,1.8588235294117648,1.8588235294117648,0.04717647058823522,0.4717626852141895,75.93163886514584,-0.4242051913071947,0.025324788815508776,0.34569623508835196,False
1.0639999999999936,0.34730342284779436,1.8588235294117648,1.8588235294117648,0.04717647058823522,0.4717628872810058,75.94077222376791,-0.42403077204513406,0.024900928074674682,0.3457213691654251,False
1.0649999999999935,0.34724796493416654,1.8588235294117648,1.8588235294117648,0.04717647058823522,0.4717630691411404,75.94992552795763,-0.42385223814773637,0.024477242992277316,0.3457460794603723,False
1.0659999999999934,0.3471916502207042,1.8588235294117648,1.8588235294117648,0.04717647058823522,0.4717632328152616,75.9591204876003,-0.42366742283336334,0.024053739851026972,0.3457703661516795,False
1.0669999999999933,0.34713447884635823,1.8588235294117648,1.8588235294117648,0.04717647058823522,0.47176338012197067,75.9682703021466,-0.42347517987383093,0.023630426079908052,0.34579422942463095,False
1.0679999999999932,0.3470764509521933,1.8588235294117648,1.8588235294117648,0.04717647058823522,0.4717635126980088,75.97740223122466,-0.423280104290593,0.02320730451291384,0.34581766946987247,False
1.068999999999993,0.34701756668138756,1.8588235294117648,1.8588235294117648,0.04717647058823522,0.47176363201644317,75.98658359305023,-0.42308075632788983,0.02278437942381713,0.3458406864815315,False
1.069999999999993,0.346957826179232,1.8588235294117648,1.8588235294117648,0.04717647058823522,0.47176373940303407,75.99570265620093,-0.422873576837411,0.022361658645581126,0.34586328065961097,False
1.0709999999999928,0.3468972295931304,1.8588235294117648,1.8588235294117648,0.04717647058823522,0.47176383605096583,76.00482547959145,-0.4226644800816754,0.02193914409693421,0.3458854522092853,False
1.0719999999999927,0.3468357770725988,1.8588235294117648,1.8588235294117648,0.04717647058823522,0.4717639230341045,76.01396119362012,-0.4224499736427299,0.021516841189048636,0.3459072013392195,False
1.0729999999999926,0.3467734687692652,1.8588235294117648,1.8588235294117648,0.04717647058823522,0.47176400131892926,76.02307565407719,-0.4222295772043175,0.02109475581345019,0.3459285282637056,False
1.0739999999999925,0.34671030483686915,1.8588235294117648,1.8588235294117648,0.04717647058823522,0.4717640717752716,76.03219369574461,-0.42200510012952536,0.02067289205233281,0.3459494332021133,False
1.0749999999999924,0.3466462854312614,1.8588235294117648,1.8588235294117648,0.04717647058823522,0.47176413518597965,76.0412979159899,-0.42177523131311456,0.02025125529902737,0.34596991637848407,False
1.0759999999999923,0.34658141071040344,1.8588235294117648,1.8588235294117648,0.04717647058823522,0.47176419225561694,76.05041271139628,-0.4215408944510225,0.019829850023200292,0.34598997802183745,False
1.0769999999999922,0.3465156808343671,1.8588235294117648,1.8588235294117648,0.04717647058823522,0.4717642436182905,76.05950004908237,-0.42130080174144796,0.019408681982353976,0.34600961836624206,False
1.077999999999992,0.3464490959653345,1.8588235294117648,1.8588235294117648,0.04717647058823522,0.47176428984469665,76.06860425663939,-0.4210569685247572,0.018987754918679964,0.3460288376506171,False
1.078999999999992,0.3463816562675971,1.8588235294117648,1.8588235294117648,0.04717647058823522,0.47176433144846214,76.07779262880358,-0.4208070525821621,0.018567074916622177,0.346047636118678,False
1.0799999999999919,0.3463133619075556,1.8588235294117648,1.8588235294117648,0.04717647058823522,0.47176436889185114,76.08690426043947,-0.4205474966169516,0.018146651617975625,0.3460660140218255,False
1.0809999999999917,0.3462442130537196,1.8588235294117648,1.8588235294117648,0.04717647058823522,0.4717644025909013,76.09585248879796,-0.4202868172441755,0.01772648614794967,0.34608397161726956,False
1.0819999999999916,0.34617420987670705,1.8588235294117648,1.8588235294117648,0.04717647058823522,0.47176443292004644,76.10500102952633,-0.42002960296939207,0.017306575043235743,0.3461015091612806,False
1.0829999999999915,0.34610335254924374,1.8588235294117648,1.8588235294117648,0.04717647058823522,0.47176446021627694,76.11399992257358,-0.4197566132585151,0.01688693408111281,0.34611862691532386,False
1.0839999999999914,0.34603164124616315,1.8588235294117648,1.8588235294117648,0.04717647058823522,0.47176448478288446,76.12313669460778,-0.4194863675829693,0.01646756051941874,0.3461353251483085,False
1.0849999999999913,0.3459590761444058,1.8588235294117648,1.8588235294117648,0.04717647058823522,0.4717645068928312,76.13211762309605,-0.41920365663406883,0.016048466825342028,0.34615160413324525,False
1.0859999999999912,0.3458856574230188,1.8588235294117648,1.8588235294117648,0.04717647058823522,0.4717645267917834,76.14112114149162,-0.4189240245217661,0.01562964992198119,0.34616746414861743,False
1.086999999999991,0.34581138526315564,1.8588235294117648,1.8588235294117648,0.04717647058823522,0.4717645447008403,76.15014159228367,-0.4186380340347788,0.015211116169662241,0.3461829054740784,False
1.087999999999991,0.3457362598480754,1.8588235294117648,1.8588235294117648,0.04717647058823522,0.47176456081899143,76.15917798397766,-0.4183459881175114,0.014792871625807343,0.346197928395505,False
1.0889999999999909,0.3456602813631426,1.8588235294117648,1.8588235294117648,0.04717647058823522,0.4717645753253275,76.1681906941499,-0.4180479429117623,0.014374922291736399,0.3462125332048069,False
1.0899999999999908,0.34558344999582663,1.8588235294117648,1.8588235294117648,0.04717647058823522,0.47176458838103,76.1772146239699,-0.4177459985457271,0.013957272068671936,0.3462267201989496,False
1.0909999999999906,0.3455057659357012,1.8588235294117648,1.8588235294117648,0.04717647058823522,0.47176460013116217,76.18620069680522,-0.4174383122296494,0.013539926700658877,0.3462404896796292,False
1.0919999999999905,0.3454272293744441,1.8588235294117648,1.8588235294117648,0.04717647058823522,0.47176461070628123,76.1953064477184,-0.4171274844150207,0.013122889331317703,0.3462538419531158,False
1.0929999999999904,0.3453478405058364,1.8588235294117648,1.8588235294117648,0.04717647058823522,0.4717646202238883,76.20434906962932,-0.41680518400366307,0.012706171435420962,0.34626677733257194,False
1.0939999999999903,0.34526759952576225,1.8588235294117648,1.8588235294117648,0.04717647058823522,0.47176462878973474,76.21327754434748,-0.4164810871684215,0.012289774811605498,0.3462792961382809,False
1.0949999999999902,0.3451865066322083,1.8588235294117648,1.8588235294117648,0.04717647058823522,0.4717646364989964,76.22231992711896,-0.4161578972595871,0.01187369855515774,0.34629139869110787,False
1.09599999999999,0.3451045620252633,1.8588235294117648,1.8588235294117648,0.04717647058823522,0.47176464343733204,76.23131724731336,-0.4158235521653714,0.01145795382351754,0.3463030853164415,False
1.09699999999999,0.34502176590711725,1.8588235294117648,1.8588235294117648,0.04717647058823522,0.471764649681834,76.24028918916919,-0.4154864670409478,0.011042543359009699,0.3463143563470409,False
1.0979999999999899,0.34493811848206146,1.8588235294117648,1.8588235294117648,0.04717647058823522,0.4717646553018859,76.24924999366343,-0.4151456046160539,0.01062747094125078,0.34632521211887446,False
1.0989999999999898,0.34485361995648756,1.8588235294117648,1.8588235294117648,0.04717647058823522,0.4717646603599325,76.25820205642964,-0.4148002156667088,0.010212741099108713,0.34633565297202706,False
1.0999999999999897,0.34476827053888737,1.8588235294117648,1.8588235294117648,0.04717647058823522,0.4717646649121745,76.26714624704314,-0.4144501777491712,0.00979835848392507,0.346345679251168,False
1.1009999999999895,0.344682070439852,1.8588235294117648,1.8588235294117648,0.04717647058823522,0.4717646690091923,76.27608270707566,-0.4140954492172393,0.009384327788718049,0.34635529130563636,False
1.1019999999999894,0.3445950198720716,1.8588235294117648,1.8588235294117648,0.04717647058823522,0.47176467269650824,76.28501141627919,-0.4137360269982264,0.008970653709609066,0.3463644894894658,False
1.1029999999999893,0.34450711905033493,1.8588235294117648,1.8588235294117648,0.04717647058823522,0.47176467601509264,76.29393230027713,-0.41337191663670186,0.008557340937205515,0.3463732741613835,False
1.1039999999999892,0.3444183681915284,1.8588235294117648,1.8588235294117648,0.04717647058823522,0.4717646790018186,76.3028452701027,-0.4130031265965699,0.008144394153681357,0.3463816456848037,False
1.104999999999989,0.344328767514636,1.8588235294117648,1.8588235294117648,0.04717647058823522,0.47176468168987196,76.31175023214298,-0.41262966616902264,0.007731818031949794,0.34638960442781813,False
1.105999999999989,0.34423831724073845,1.8588235294117648,1.8588235294117648,0.04717647058823522,0.47176468410912,76.32064709125325,-0.41225154494630767,0.007319617235362147,0.34639715076318767,False
1.1069999999999889,0.3441470175930128,1.8588235294117648,1.8588235294117648,0.04717647058823522,0.47176468628644325,76.32953575164966,-0.4118687726568388,0.006907796417571628,0.346404285068332,False
1.1079999999999888,0.3440548687967319,1.8588235294117648,1.8588235294117648,0.04717647058823522,0.4717646882460341,76.33841611720725,-0.4114813591178413,0.006496360222444465,0.34641100772532013,False
1.1089999999999887,0.34396187107926374,1.8588235294117648,1.8588235294117648,0.04717647058823522,0.4717646900096659,76.34728809157474,-0.4110893142194784,0.006085313283986899,0.34641731912086027,False
1.1099999999999886,0.343868024670071,1.8588235294117648,1.8588235294117648,0.04717647058823522,0.47176469159693457,76.35615157823682,-0.4106926479186574,0.005674660226278381,0.3464232196462903,False
1.1109999999999884,0.34377332980071024,1.8588235294117648,1.8588235294117648,0.04717647058823522,0.4717646930254763,76.36500648055866,-0.4102913702356225,0.005264405663408169,0.34642870969756784,False
1.1119999999999883,0.3436777867048317,1.8588235294117648,1.8588235294117648,0.04717647058823522,0.4717646943111639,76.3738527018227,-0.4098854912514748,0.004854554199414405,0.3464337896752599,False
1.1129999999999882,0.34358139561817846,1.8588235294117648,1.8588235294117648,0.04717647058823522,0.47176469546828276,76.3826901452579,-0.40947502110611916,0.004445110428225246,0.34643845998453304,False
1.113999999999988,0.3434841567785859,1.8588235294117648,1.8588235294117648,0.04717647058823522,0.4717646965096897,76.39151871407083,-0.4090599699965842,0.004036078933601676,0.3464427210351432,False
1.114999999999988,0.34338607042598135,1.8588235294117648,1.8588235294117648,0.04717647058823522,0.4717646974469559,76.40033831147034,-0.4086403481752732,0.0036274642890820703,0.34644657324142547,False
1.115999999999988,0.343287136802383,1.8588235294117648,1.8588235294117648,0.04717647058823522,0.47176469829049555,76.40914884069001,-0.4082161659485303,0.003219271057928186,0.34645001702228384,False
1.1169999999999878,0.3431873561518997,1.8588235294117648,1.8588235294117648,0.04717647058823522,0.47176469904968127,76.41795020500868,-0.40778743367533127,0.002811503793072458,0.3464530528011808,False
1.1179999999999877,0.34308672872073037,1.8588235294117648,1.8588235294117648,0.04717647058823522,0.4717646997329483,76.42674230777112,-0.4073541617660877,0.0024041670370665083,0.34645568100612745,False
1.1189999999999876,0.3429852547571632,1.8588235294117648,1.8588235294117648,0.04717647058823522,0.4717647003478887,76.43552505240262,-0.40691636068141873,0.0019972653220308636,0.34645790206967236,False
1.1199999999999875,0.34288293451157503,1.8588235294117648,1.8588235294117648,0.04717647058823522,0.4717647009013351,76.44429834242571,-0.40647404093127093,0.0015908031696055631,0.3464597164288918,False
1.1209999999999873,0.3427797682364309,1.8588235294117648,1.8588235294117648,0.04717647058823522,0.4717647013994368,76.45306208147387,-0.40602721307390155,0.0011847850909017825,0.34646112452537875,False
1.1219999999999872,0.3426757561862835,1.8588235294117648,1.8588235294117648,0.04717647058823522,0.47176470184772834,76.46181517776297,-0.40557588771503567,0.0007792155864542974,0.34646212680523275,False
1.1229999999999871,0.342570898617772,1.8588235294117648,1.8588235294117648,0.04717647058823522,0.4717647022511907,76.47045041942006,-0.40512012817993864,0.0003740990935016622,0.3464627237190251,False
1.123999999999987,0.3424651957896222,1.8588235294117648,1.8588235294117648,0.04717647058823522,0.47176470261430686,76.4791272112562,-0.4046656125298873,-3.0565628773070404e-05,0.34646291571920945,False
1.124999999999987,0.3423586479626452,1.8588235294117648,1.8588235294117648,0.04717647058823522,0.47176470294111145,76.48794532749001,-0.40420391241512593,-0.0004347713928124197,0.34646270326079126,False
1.1259999999999868,0.3422512553997372,1.8588235294117648,1.8588235294117648,0.04717647058823522,0.47176470323523545,76.49656429875276,-0.4037297546006544,-0.000838505737754919,0.34646208680833684,False
1.1269999999999867,0.34214301836587874,1.8588235294117648,1.8588235294117648,0.04717647058823522,0.4717647034999472,76.50536815189699,-0.40326115878090857,-0.0012417742224235535,0.3464610668307641,False
1.1279999999999866,0.3420339371281339,1.8588235294117648,1.8588235294117648,0.04717647058823522,0.4717647037381877,76.51399890597952,-0.4027778122723715,-0.0016445620929140393,0.3464596438005732,False
1.1289999999999865,0.34192401195564975,1.8588235294117648,1.8588235294117648,0.04717647058823522,0.4717647039526041,76.52266459029119,-0.4022986614071765,-0.0020468735416324505,0.34645781819649196,False
1.1299999999999863,0.3418132431196558,1.8588235294117648,1.8588235294117648,0.04717647058823522,0.4717647041455789,76.53134058681431,-0.40181270545060904,-0.002448701760235001,0.3464555904980067,False
1.1309999999999862,0.3417016308934631,1.8588235294117648,1.8588235294117648,0.04717647058823522,0.47176470431925627,76.5399791846251,-0.4013212528947844,-0.0028500412488303593,0.3464529611908229,False
1.1319999999999861,0.3415891755524637,1.8588235294117648,1.8588235294117648,0.04717647058823522,0.47176470447556584,76.54873007692818,-0.4008268341075947,-0.0032508890378692597,0.34644993076500735,False
1.132999999999986,0.34147587737413004,1.8588235294117648,1.8588235294117648,0.04717647058823522,0.47176470461624453,76.5572833637152,-0.4003215350668369,-0.003651234243729071,0.3464464997171577,False
1.133999999999986,0.34136173663801406,1.8588235294117648,1.8588235294117648,0.04717647058823522,0.47176470474285526,76.56600979165559,-0.39982175843999673,-0.004051082385448743,0.346442668547374,False
1.1349999999999858,0.3412467536257467,1.8588235294117648,1.8588235294117648,0.04717647058823522,0.47176470485680494,76.57457248673502,-0.3993078945517467,-0.0044504193723507,0.3464384377590618,False
1.1359999999999857,0.34113092862103706,1.8588235294117648,1.8588235294117648,0.04717647058823522,0.47176470495935974,76.58313673156451,-0.3987977733504354,-0.004849248943683862,0.3464338078616937,False
1.1369999999999856,0.34101426190967193,1.8588235294117648,1.8588235294117648,0.04717647058823522,0.4717647050516589,76.59183199390921,-0.3982826561455987,-0.005247566099997636,0.3464287793649356,False
1.1379999999999855,0.3408967537795147,1.8588235294117648,1.8588235294117648,0.04717647058823522,0.47176470513472823,76.6003244527778,-0.3977556992744176,-0.005645358998118007,0.3464233527865326,False
1.1389999999999854,0.3407784045205052,1.8588235294117648,1.8588235294117648,0.04717647058823522,0.47176470520949065,76.60899960675462,-0.3972345712963723,-0.0060426334634231605,0.3464175286481218,False
1.1399999999999852,0.3406592144246582,1.8588235294117648,1.8588235294117648,0.04717647058823522,0.47176470527677683,76.61750143836913,-0.3966988822817444,-0.006439374931319235,0.3464113074746907,False
1.1409999999999851,0.34053918378606357,1.8588235294117648,1.8588235294117648,0.04717647058823522,0.4717647053373344,76.62604008317419,-0.3961674752972649,-0.006835587680258134,0.3464046897973119,False
1.141999999999985,0.3404183129008849,1.8588235294117648,1.8588235294117648,0.04717647058823522,0.4717647053918361,76.63457293455423,-0.39562923878762873,-0.00723126487712138,0.34639767614777983,False
1.142999999999985,0.3402966020673593,1.8588235294117648,1.8588235294117648,0.04717647058823522,0.4717647054408878,76.64312827222123,-0.39508643361981516,-0.007626401949621449,0.34639026706370474,False
1.1439999999999848,0.34017405158579583,1.8588235294117648,1.8588235294117648,0.04717647058823522,0.47176470548503424,76.65174383384226,-0.3945375701938825,-0.008020992835834927,0.34638246308793924,False
1.1449999999999847,0.34005066175857585,1.8588235294117648,1.8588235294117648,0.04717647058823522,0.47176470552476596,76.66027925296613,-0.393980658582063,-0.008415029483862534,0.34637426477029354,False
1.1459999999999846,0.3399264328901514,1.8588235294117648,1.8588235294117648,0.04717647058823522,0.47176470556052463,76.66870658318634,-0.3934231322355519,-0.00880851127523293,0.3463656726652847,False
1.1469999999999845,0.33980136528704485,1.8588235294117648,1.8588235294117648,0.04717647058823522,0.4717647055927074,76.67716421856069,-0.3928664765631413,-0.009201439076886505,0.34635668732737984,False
1.1479999999999844,0.3396754592578481,1.8588235294117648,1.8588235294117648,0.04717647058823522,0.47176470562167183,76.68569966954477,-0.39230337608258,-0.009593806440258599,0.34634730931347124,False
1.1489999999999843,0.3395487151132218,1.8588235294117648,1.8588235294117648,0.04717647058823522,0.47176470564773987,76.69409492706417,-0.3917313239697621,-0.009985604409907603,0.3463375391880275,False
1.1499999999999841,0.33942113316589456,1.8588235294117648,1.8588235294117648,0.04717647058823522,0.4717647056712011,76.7026143965628,-0.3911618618359113,-0.010376835571990442,0.3463273775192791,False
1.150999999999984,0.339292713730662,1.8588235294117648,1.8588235294117648,0.04717647058823522,0.47176470569231627,76.7109958522475,-0.39058100723337835,-0.010767488530178098,0.34631682487916277,False
1.151999999999984,0.3391634571243865,1.8588235294117648,1.8588235294117648,0.04717647058823522,0.4717647057113199,76.7194770100202,-0.39000264134407503,-0.011157565769303731,0.3463058818447647,False
1.1529999999999838,0.33903336366599574,1.8588235294117648,1.8588235294117648,0.04717647058823522,0.47176470572842305,76.72774591754944,-0.38941419393788435,-0.01154705720393715,0.34629454899634293,False
1.1539999999999837,0.33890243367648243,1.8588235294117648,1.8588235294117648,0.04717647058823522,0.471764705743816,76.73622755417125,-0.3888321772495322,-0.011935969260882731,0.3462828269168106,False
1.1549999999999836,0.33877066747890333,1.8588235294117648,1.8588235294117648,0.04717647058823522,0.4717647057576696,76.74454498679748,-0.3882341131894981,-0.012324285888808496,0.34627071619276895,False
1.1559999999999835,0.33863806539837843,1.8588235294117648,1.8588235294117648,0.04717647058823522,0.4717647057701379,76.7529189032973,-0.3876399521926849,-0.012712010986790737,0.34625821741789303,False
1.1569999999999834,0.33850462776209017,1.8588235294117648,1.8588235294117648,0.04717647058823522,0.4717647057813593,76.76131126667826,-0.38703802514083563,-0.01309913678476748,0.34624533118720996,False
1.1579999999999833,0.3383703548992827,1.8588235294117648,1.8588235294117648,0.04717647058823522,0.4717647057914586,76.76958167870268,-0.38643035188974956,-0.013485657532489105,0.346232058102608,False
1.1589999999999832,0.33823524714126085,1.8588235294117648,1.8588235294117648,0.04717647058823522,0.47176470580054797,76.77800659979694,-0.38582436816111637,-0.013871574915419961,0.3462183987683795,False
1.159999999999983,0.33809930482138967,1.8470588235294116,1.8588235294117648,0.047117647058823466,-0.7052941177207142,-59.252388660700625,-0.3852054541316492,-0.014256875999154076,0.34620435379371034,False
1.160999999999983,0.3379625282750933,1.8470588235294116,1.8588235294117648,0.04705882352941171,-0.6000000000663017,-86.02027880994291,-7.58222906672575,-0.021839232590490837,0.3461866848396588,False
1.1619999999999828,0.3378249178398543,1.8470588235294116,1.8588235294117648,0.04699999999999995,-0.5052941177067412,-82.62135899213905,-8.998174009073535,-0.03083759130243833,0.3461607963197731,False
1.1629999999999827,0.3376864738552127,1.8470588235294116,1.8588235294117648,0.046941176470588195,-0.4201176471125472,-71.6658445628431,-8.817911200562248,-0.039655747493480754,0.3461259905232302,False
1.1639999999999826,0.33754719666276534,1.8470588235294116,1.8588235294117648,0.04688235294117644,-0.34351764710718347,-59.54064124651834,-8.237730502791441,-0.04789378042754395,0.3460826276172277,False
1.1649999999999825,0.33740708660616475,1.8470588235294116,1.8588235294117648,0.04682352941176468,-0.27463647063176694,-47.98201232908348,-7.5955646377393,-0.05548970075386298,0.3460313156208455,False
1.1659999999999824,0.3372661440311186,1.8470588235294116,1.8588235294117648,0.046764705882352924,-0.21270223533330315,-37.39798072677522,-6.9832854239231485,-0.062473390893785445,0.3459726832002423,False
1.1669999999999823,0.3371243692853887,1.8470588235294116,1.8588235294117648,0.046705882352941167,-0.15702024709409684,-27.824847297162556,-6.4224882312402825,-0.06889632892912294,0.345907319421069,False
1.1679999999999822,0.3369817627187901,1.8470588235294116,1.8588235294117648,0.04664705882352941,-0.10696528120822224,-19.200391039607588,-5.91510031644835,-0.07481192055537077,0.34583576100341545,False
1.168999999999982,0.3368383246831904,1.8470588235294116,1.8588235294117648,0.04658823529411765,-0.0619746354403463,-11.440481340317897,-5.457835596427401,-0.0802702857336491,0.34575849274020354,False
1.169999999999982,0.3366940555325087,1.8470588235294116,1.8588235294117648,0.046529411764705896,-0.021541877778669255,-4.4620354567114635,-5.046248177674087,-0.0853170988532917,0.34567595130485207,False
1.1709999999999818,0.33654895562271464,1.8470588235294116,1.8588235294117648,0.04647058823529414,0.014788780587428815,1.8123454445169134,-4.675947069947866,-0.08999364360516801,0.34558852967216025,False
1.1719999999999817,0.336403025311828,1.8470588235294116,1.8588235294117648,0.04641176470588238,0.04742754958750567,7.452754750568305,-4.342841527214446,-0.09433711319732664,0.3454965813739133,False
1.1729999999999816,0.33625626495991723,1.8470588235294116,1.8588235294117648,0.046352941176470625,0.0767436181581635,12.522539973902672,-4.043226889949423,-0.09838099641533306,0.34540042441564217,False
1.1739999999999815,0.33610867492909885,1.8470588235294116,1.8588235294117648,0.04629411764705887,0.10306925634234407,17.07870401735224,-3.773755022436333,-0.10215543412240709,0.34530034482062477,False
1.1749999999999814,0.33596025558353676,1.8470588235294116,1.8588235294117648,0.04623529411764711,0.12670350717869514,21.172535892316223,-3.5314131216173417,-0.10568755457074533,0.3451965998269212,False
1.1759999999999813,0.33581100728944074,1.8470588235294116,1.8588235294117648,0.046176470588235353,0.14791550940199957,24.85049245713288,-3.3134903818420365,-0.10900177537973268,0.3450894207640976,False
1.1769999999999812,0.3356609304150663,1.8470588235294116,1.8588235294117648,0.046117647058823596,0.16694748787356203,28.153958095184507,-3.1175313749053397,-0.11212005889605105,0.3449790156489499,False
1.177999999999981,0.3355100253307131,1.8470588235294116,1.8588235294117648,0.04605882352941184,0.18401744496855682,31.120499628540443,-2.9413487940277605,-0.11506218029955281,0.34486557152013064,False
1.178999999999981,0.3353582924087245,1.8470588235294116,1.8588235294117648,0.04600000000000008,0.1993215828246406,33.783690001444896,-2.782957083378364,-0.11784592934020566,0.34474925653453675,False
1.1799999999999808,0.3352057320234863,1.8470588235294116,1.8588235294117648,0.045941176470588325,0.2130364833657044,36.174114066259804,-2.6405817901120385,-0.12048732142848097,0.34463022185775083,False
1.1809999999999807,0.3350523445514262,1.8470588235294116,1.8588235294117648,0.04588235294117657,0.22532107032325016,38.318672839072995,-2.5126063701599612,-0.12300075553274752,0.3445086033673281,False
1.1819999999999806,0.33489813037101246,1.8470588235294116,1.8588235294117648,0.04582352941176481,0.2363183750556298,40.24225766101849,-2.397609018253705,-0.12539920890790987,0.34438452318161233,False
1.1829999999999805,0.33474308986275325,1.8470588235294116,1.8588235294117648,0.045764705882353054,0.2461571257853597,41.966839394425925,-2.2942741065374883,-0.12769434326361861,0.3442580910336754,False
1.1839999999999804,0.3345872234091957,1.8470588235294116,1.8588235294117648,0.0457058823529413,0.2549531779127051,43.512563733650055,-2.2014403897031074,-0.12989665913853154,0.3441294055173948,False
1.1849999999999803,0.3344305313949247,1.8470588235294116,1.8588235294117648,0.04564705882352954,0.26281080129790424,44.89705957323503,-2.1180430668853893,-0.13201559233728055,0.34399855520522965,False
1.1859999999999802,0.33427301420656225,1.8470588235294116,1.8588235294117648,0.04558823529411778,0.26982383881517175,46.135287675244285,-2.0431503876375623,-0.1340596469742167,0.3438656196530859,False
1.18699999999998,0.3341146722327663,1.8470588235294116,1.8588235294117648,0.045529411764706026,0.27607674905130086,47.24513049782134,-1.9759716694968328,-0.1360365365356556,0.34373067026852916,False
1.18799999999998,0.33395550586423,1.8470588235294116,1.8588235294117648,0.04547058823529427,0.2816455447344055,48.23623388677831,-1.9155615559623673,-0.13795302919985236,0.34359377117101997,False
1.1889999999999799,0.33379551549368053,1.8470588235294116,1.8588235294117648,0.04541176470588251,0.2865986373197879,49.1223973251265,-1.861410401425781,-0.13981538354326115,0.34345497994115487,False
1.1899999999999797,0.3336347015158782,1.8470588235294116,1.8588235294117648,0.045352941176470755,0.2909975971172204,49.91328027907145,-1.8127887221097914,-0.1416291286980196,0.34331434822919793,False
1.1909999999999796,0.33347306432761553,1.8470588235294116,1.8588235294117648,0.045294117647059,0.2948978374054979,50.61830108091553,-1.7691860133460948,-0.1433992833270057,0.3431719223859865,False
1.1919999999999795,0.3333106043277162,1.8470588235294116,1.8588235294117648,0.04523529411764724,0.29834923013553605,51.246221545543854,-1.730104469531652,-0.145130368319496,0.3430277439676885,False
1.1929999999999794,0.33314732191703417,1.8470588235294116,1.8588235294117648,0.045176470588235484,0.3013966600631586,51.80446867445484,-1.6950809676232377,-0.14682644147049417,0.34288185021797046,False
1.1939999999999793,0.33298321749845244,1.8470588235294116,1.8588235294117648,0.04511764705882373,0.30408052346860726,52.300807739081314,-1.6637229604587875,-0.14849116805376095,0.34273427449933475,False
1.1949999999999792,0.3328182914768824,1.8470588235294116,1.8588235294117648,0.04505882352941197,0.3064371770040993,52.740891161559226,-1.6356199604133081,-0.15012780287861854,0.34258504669371503,False
1.195999999999979,0.3326525442592627,1.8470588235294116,1.8588235294117648,0.04500000000000021,0.3084993416566303,53.12990391705804,-1.6104732302708247,-0.15173930203803287,0.3424341935626553,False
1.196999999999979,0.33248597625455806,1.8470588235294116,1.8588235294117648,0.044941176470588456,0.3102964663144965,53.47427624266293,-1.5880087300628718,-0.1533283476039376,0.34228173903491266,False
1.1979999999999789,0.3323185878737584,1.8470588235294116,1.8588235294117648,0.0448823529411767,0.3118550549771644,53.776985886848955,-1.5678865029794244,-0.15489728170826744,0.3421277045101429,False
1.1989999999999787,0.332150379529878,1.8470588235294116,1.8588235294117648,0.04482352941176494,0.3131989612441538,54.0430215983599,-1.5499492321472799,-0.15644828918133424,0.3419721091166534,False
1.1999999999999786,0.3319813516379543,1.8470588235294116,1.8588235294117648,0.044764705882353185,0.31434965335503245,54.27634851424203,-1.533933175052093,-0.15798329112468731,0.3418149699165968,False
1.2009999999999785,0.3318115046150466,1.8470588235294116,1.8588235294117648,0.04470588235294143,0.3153264527254116,54.47972123343556,-1.5196287249797917,-0.1595039990453463,0.3416563021453401,False
1.2019999999999784,0.33164083888023577,1.8470588235294116,1.8588235294117648,0.04464705882352967,0.316146748629341,54.655719089489175,-1.506890303346032,-0.1610119788827709,0.3414961193922469,False
1.2029999999999783,0.33146935485462237,1.8470588235294116,1.8588235294117648,0.044588235294117914,0.3168261914134657,54.80807804437702,-1.49558158612319,-0.16250866026246932,0.34133443374208117,False
1.2039999999999782,0.3312970529613263,1.8470588235294116,1.8588235294117648,0.04452941176470616,0.3173788663897662,54.938656585536016,-1.4855050365990377,-0.16399527528214025,0.34117125593886727,False
1.204999999999978,0.3311239336254853,1.8470588235294116,1.8588235294117648,0.0444705882352944,0.3178174503390249,55.049473307711814,-1.476562438820943,-0.16547295783149785,0.34100659553872453,False
1.205999999999978,0.3309499972742541,1.8470588235294116,1.8588235294117648,0.04441176470588264,0.318153352363946,55.14262685669551,-1.4686470922958215,-0.1669427351070313,0.34084046101189314,False
1.2069999999999779,0.33077524433680344,1.8470588235294116,1.8588235294117648,0.044352941176470886,0.31839684065696316,55.22023430157656,-1.4616480490307366,-0.16840552336376452,0.34067285985133966,False
1.2079999999999778,0.3305996752443188,1.8470588235294116,1.8588235294117648,0.04429411764705913,0.31855715659126693,55.28357183363307,-1.4554533755726018,-0.16986212692903987,0.3405037986841421,False
1.2089999999999776,0.3304232904299994,1.8470588235294116,1.8588235294117648,0.04423529411764737,0.3186426174027286,55.33381870437168,-1.449995618961995,-0.1713132826824339,0.3403332833634017,False
1.2099999999999775,0.33024609032905733,1.8470588235294116,1.8588235294117648,0.044176470588235615,0.3186607086036324,55.37258358544496,-1.4452124464671643,-0.1727596651755491,0.3401613190333873,False
1.2109999999999774,0.3300680753787161,1.8470588235294116,1.8588235294117648,0.04411764705882386,0.31861816715503394,55.40095979898098,-1.4410187972655453,-0.1742018639034079,0.33998791020209096,False
1.2119999999999773,0.32988924601820996,1.8470588235294116,1.8588235294117648,0.0440588235294121,0.31852105632188366,55.420068875141524,-1.4373568702240416,-0.17564041056367638,0.33981306081401746,False
1.2129999999999772,0.32970960268878263,1.8470588235294116,1.8588235294117648,0.044000000000000344,0.3183748330426366,55.43079616515921,-1.4341673654959117,-0.17707577755755255,0.33963677430865724,False
1.213999999999977,0.32952914583368614,1.8470588235294116,1.8588235294117648,0.04394117647058859,0.31818440856190244,55.43384224539324,-1.4314034736502932,-0.17850839047983139,0.33945905367416174,False
1.214999999999977,0.3293478758981798,1.8470588235294116,1.8588235294117648,0.04388235294117683,0.3179542029998301,55.430235370137076,-1.429028156454193,-0.17993863788982456,0.33927990148975334,False
1.2159999999999769,0.3291657933295293,1.8470588235294116,1.8588235294117648,0.04382352941176507,0.31768819446455326,55.4203173935093,-1.4269870340248085,-0.18136685396938942,0.3390993199705645,False
1.2169999999999768,0.328982898577005,1.8470588235294116,1.8588235294117648,0.043764705882353316,0.31738996325339225,55.40491872956756,-1.4252620392262723,-0.1827933548354547,0.3389173110056746,False
1.2179999999999767,0.3287991920918818,1.8470588235294116,1.8588235294117648,0.04370588235294156,0.3170627316339356,55.38461780266283,-1.4238092519909347,-0.18421841268686115,0.3387338761878092,False
1.2189999999999765,0.328614674327437,1.8470588235294116,1.8588235294117648,0.0436470588235298,0.31670939964701283,55.35994222040621,-1.4225980815788124,-0.18564226913344564,0.3385490168512596,False
1.2199999999999764,0.32842934573894994,1.8470588235294116,1.8588235294117648,0.043588235294118045,0.3163325773293707,55.33120568532116,-1.4216006230657388,-0.18706513788166013,0.3383627341012635,False
1.2209999999999763,0.3282432067837005,1.8470588235294116,1.8470588235294116,0.043588235294118045,1.0,134.35987675023188,-1.4208002864771354,-0.18848721604937838,0.3381750288368168,False
1.2219999999999762,0.32805625792096804,1.8470588235294116,1.8470588235294116,0.043588235294118045,1.0,157.00645634130345,2.7628482745908802,-0.18572563834041242,0.3379877841395907,False
1.222999999999976,0.3278684996120302,1.8470588235294116,1.8470588235294116,0.043588235294118045,1.0,163.44721820134203,3.9633322382044245,-0.1817635530699296,0.33780384125177093,False
1.223999999999976,0.327679932320162,1.8470588235294116,1.8470588235294116,0.043588235294118045,1.0,165.2298421448079,4.306330727317304,-0.1774584410416819,0.3376240148154328,False
1.2249999999999759,0.3274905565106346,1.8470588235294116,1.8470588235294116,0.043588235294118045,1.0,165.67369405267792,4.402817840009002,-0.17305681229945688,0.3374485369280644,False
1.2259999999999758,0.32730037265071377,1.8470588235294116,1.8470588235294116,0.043588235294118045,1.0,165.73352857642723,4.4284173226777535,-0.1686295541005465,0.3372774722071846,False
1.2269999999999757,0.3271093812096595,1.8470588235294116,1.8470588235294116,0.043588235294118045,0.9976745246939434,165.41375685890088,4.433644140740358,-0.16419703901293586,0.3371108371146129,False
1.2279999999999756,0.326917582658724,1.8352941176470587,1.8470588235294116,0.04352941176470629,-0.23556351601074715,22.72190621800307,4.418731721070896,-0.1597794063155092,0.3369486278445605,False
1.2289999999999754,0.32672497747115126,1.8352941176470587,1.8470588235294116,0.04347058823529453,-0.18083069382144268,-11.870573364626408,-3.1289672427028288,-0.16290947339907594,0.336787439743722,False
1.2299999999999753,0.3265315661221754,1.8352941176470587,1.8470588235294116,0.043411764705882774,-0.1316299773804798,-16.03923095729911,-4.957180204203342,-0.167867782267423,0.33662229886304657,False
1.2309999999999752,0.32633734908901957,1.8352941176470587,1.8470588235294116,0.04335294117647102,-0.08740815611302445,-12.045489632241445,-5.175634417419859,-0.17304458004541678,0.3364521013483337,False
1.2319999999999751,0.32614232685089517,1.8352941176470587,1.8470588235294116,0.04329411764705926,-0.04766734050172597,-6.229533824153154,-4.962160723172934,-0.17800793855503608,0.3362768230783064,False
1.232999999999975,0.32594649988900015,1.8352941176470587,1.8470588235294116,0.0432352941176475,-0.011959429980968536,-0.36121770935453384,-4.652215538396701,-0.18266138446560326,0.3360967209054882,False
1.233999999999975,0.325749868686518,1.8352941176470587,1.8470588235294116,0.043176470588235746,0.020118865958301674,5.097805388156923,-4.339444037752222,-0.18700208934661533,0.3359121060155884,False
1.2349999999999748,0.3255524337286167,1.8352941176470587,1.8470588235294116,0.04311764705882399,0.048930508774233626,10.057271019954111,-4.048275607544152,-0.1910516542339805,0.3357232814294798,False
1.2359999999999747,0.32535419550244743,1.8352941176470587,1.8470588235294116,0.04305882352941223,0.07480216377916082,14.529274903242426,-3.7834895015637016,-0.1948364595835337,0.3355305264162368,False
1.2369999999999746,0.3251551544971432,1.8352941176470587,1.8470588235294116,0.043000000000000475,0.09802782975418395,18.552121809495166,-3.544448870399776,-0.19838224917827685,0.3353340941509539,False
1.2379999999999745,0.32495531120381804,1.8352941176470587,1.8470588235294116,0.04294117647058872,0.11887210560229323,22.16730926482681,-3.3291298613179676,-0.20171274311509352,0.3351342129755758,False
1.2389999999999743,0.32475466611556525,1.8352941176470587,1.8470588235294116,0.04288235294117696,0.13757313033618013,25.414934356751772,-3.135339415147787,-0.20484946858388278,0.3349310884987352,False
1.2399999999999742,0.3245532197274568,1.8352941176470587,1.8470588235294116,0.042823529411765204,0.1543452290672667,28.3310060164681,-2.9609583145232548,-0.20781183369477232,0.3347249057554401,False
1.2409999999999741,0.32435097253654155,1.8352941176470587,1.8470588235294116,0.04276470588235345,0.169381294395833,30.94934204530065,-2.8040834134880477,-0.21061734353601733,0.3345158312289288,False
1.241999999999974,0.3241479250418443,1.8352941176470587,1.8470588235294116,0.04270588235294169,0.18285492966213113,33.29926738419464,-2.662927290449294,-0.21328171588591124,0.3343040147016239,False
1.242999999999974,0.3239440777443647,1.8352941176470587,1.8470588235294116,0.04264705882352993,0.1949223778723878,35.40666146005737,-2.5359400513433044,-0.21581911872914497,0.3340895909355614,False
1.2439999999999738,0.3237394311470755,1.8352941176470587,1.8470588235294116,0.042588235294118176,0.20572425773220715,37.29829260185575,-2.4217539336393017,-0.21824235237855794,0.3338726811402311,False
1.2449999999999737,0.323533985754922,1.8352941176470587,1.8470588235294116,0.04252941176470642,0.215387126076633,38.99396179046248,-2.3189539935731247,-0.2205628022844232,0.3336533943614856,False
1.2459999999999736,0.3233277420748202,1.8352941176470587,1.8470588235294116,0.04247058823529466,0.2240248840572047,40.512598054547084,-2.2264937884454037,-0.22279080752740574,0.33343182873058247,False
1.2469999999999735,0.3231207006156558,1.8352941176470587,1.8470588235294116,0.042411764705882905,0.23174004271030757,41.87329459790858,-2.1433728875666844,-0.2249357068236547,0.3332080724898523,False
1.2479999999999734,0.3229128618882832,1.8352941176470587,1.8470588235294116,0.04235294117647115,0.23862486196868848,43.091518464583416,-2.0685820641272,-0.2270058297218533,0.332982204997026,False
1.2489999999999732,0.3227042264055237,1.8352941176470587,1.8470588235294116,0.04229411764705939,0.24476237577181953,44.18209056687836,-2.001303849680692,-0.22900868835550964,0.33275429764811454,False
1.2499999999999731,0.32249479468216463,1.8352941176470587,1.8470588235294116,0.042235294117647634,0.25022731466522585,45.15668728398964,-1.9407548735422977,-0.2309510115353053,0.33252441467948296,False
1.250999999999973,0.3222845672349579,1.8352941176470587,1.8470588235294116,0.04217647058823588,0.25508693613987976,46.02721258564789,-1.8863180596257934,-0.23283891103905222,0.3322926138763441,False
1.251999999999973,0.32207354458261894,1.8352941176470587,1.8470588235294116,0.04211764705882412,0.25940177193765657,46.80416121813522,-1.837364218209727,-0.23467786949381747,0.33205894719524476,False
1.2529999999999728,0.32186172724582507,1.8352941176470587,1.8470588235294116,0.04205882352941236,0.2632263006262441,47.49649542046173,-1.793338655595937,-0.23647281486797678,0.33182346135969565,False
1.2539999999999727,0.3216491157472146,1.8352941176470587,1.8470588235294116,0.042000000000000606,0.26660955291656113,48.11357040239717,-1.7537677033410204,-0.23822820149303228,0.3315861983783711,False
1.2549999999999726,0.32143571061138515,1.8352941176470587,1.8470588235294116,0.04194117647058885,0.2695956564484347,48.66136790463452,-1.7181568489736752,-0.23994798921628194,0.3313471960281272,False
1.2559999999999725,0.32122151236489277,1.8352941176470587,1.8470588235294116,0.04188235294117709,0.27222432609770925,49.14949985153314,-1.686190019931698,-0.24163582183809776,0.33110648826819006,False
1.2569999999999724,0.32100652153625037,1.8352941176470587,1.8470588235294116,0.041823529411765335,0.2745313052526446,49.58131950186371,-1.6573590317939098,-0.24329483499713536,0.3308641056426548,False
1.2579999999999723,0.32079073865592633,1.8352941176470587,1.8470588235294116,0.04176470588235358,0.2765487629626746,49.96388147403862,-1.6314868025163893,-0.24492798727060935,0.3306200756396522,False
1.2589999999999721,0.32057416425634355,1.8352941176470587,1.8470588235294116,0.04170588235294182,0.27830565137229,50.30165991479526,-1.6082003800528542,-0.24653786430228977,0.3303744229565531,False
1.259999999999972,0.3203567988718778,1.8352941176470587,1.8470588235294116,0.041647058823530064,0.27982802741153223,50.59873685506145,-1.5872633120454214,-0.2481268153002127,0.33012716981147816,False
1.260999999999972,0.32013864303885664,1.8352941176470587,1.8470588235294116,0.04158823529411831,0.2811393423174384,50.85990562401059,-1.5684598647597003,-0.24969697375378225,0.3298783361704112,False
1.2619999999999718,0.3199196972955577,1.8352941176470587,1.8470588235294116,0.04152941176470655,0.28226070220334215,51.08842587797334,-1.551536645350121,-0.2512502197730397,0.32962793997986484,False
1.2629999999999717,0.31969996218220803,1.8352941176470587,1.8470588235294116,0.04147058823529479,0.2832111025712438,51.28751106850138,-1.536321383868438,-0.2527882612101695,0.3293759973837563,False
1.2639999999999716,0.3194794382409821,1.8352941176470587,1.8470588235294116,0.041411764705883036,0.2840076393729437,51.46010591358429,-1.5226442348290585,-0.2543126360828015,0.3291225228945743,False
1.2649999999999715,0.3192581260160008,1.8352941176470587,1.8470588235294116,0.04135294117647128,0.2846656989650618,51.6089836571464,-1.5103495530192332,-0.2558247267731873,0.32886752955682425,False
1.2659999999999714,0.3190360260533301,1.8352941176470587,1.8470588235294116,0.04129411764705952,0.2851991290685563,51.736341489471044,-1.4992907494628236,-0.25732576908341603,0.32861102909858914,False
1.2669999999999713,0.31881313890097956,1.8352941176470587,1.8470588235294116,0.041235294117647765,0.28562039263228967,51.844680300040324,-1.4893516989907685,-0.2588168826983491,0.3283530320644015,False
1.2679999999999712,0.318589465108901,1.8352941176470587,1.8470588235294116,0.04117647058823601,0.285940706310238,51.93562733312698,-1.4804001948629189,-0.2602990551031942,0.3280935479385976,False
1.268999999999971,0.3183650052289874,1.8352941176470587,1.8470588235294116,0.04111764705882425,0.28617016509097964,52.010935030178246,-1.4723502423407742,-0.26177318779479647,0.3278325852567223,False
1.269999999999971,0.3181397598150711,1.8352941176470587,1.8470588235294116,0.041058823529412494,0.2863178544642354,52.07224578812204,-1.4651092119672433,-0.2632400896463087,0.3275701516945036,False
1.2709999999999708,0.3179137294229228,1.8352941176470587,1.8470588235294116,0.04100000000000074,0.28639195137075385,52.12089954458496,-1.4585902870983105,-0.26470048271939794,0.3273062541578604,False
1.2719999999999707,0.31768691461025,1.8352941176470587,1.8352941176470587,0.04100000000000074,1.0,134.63284456665625,-1.452722645374226,-0.2661550182580048,0.3270408988625174,False
1.2729999999999706,0.31745931593669574,1.8352941176470587,1.8352941176470587,0.04100000000000074,1.0,158.2777001221754,2.916194840977196,-0.2632406285074703,0.32677605504829155,False
1.2739999999999705,0.3172309339638371,1.8352941176470587,1.8352941176470587,0.04100000000000074,1.0,165.00117433141534,4.170466587633442,-0.25907194213448076,0.3265146900607706,False
1.2749999999999704,0.3170017692551839,1.8352941176470587,1.8352941176470587,0.04100000000000074,1.0,166.86117200205368,4.529390342086782,-0.25454430222784286,0.3262576552931059,False
1.2759999999999703,0.3167718223761773,1.8352941176470587,1.8352941176470587,0.04100000000000074,1.0,167.32481882986846,4.6309355784560085,-0.24991508590100409,0.3260051938793935,False
1.2769999999999702,0.3165410938941884,1.8352941176470587,1.8352941176470587,0.04100000000000074,1.0,167.38626617277657,4.658543823544008,-0.24525822974637965,0.32575737412466194,False
1.27799999999997,0.3163095843785166,1.8352941176470587,1.8352941176470587,0.04100000000000074,0.9698511123491615,163.84793667574118,4.664814460624784,-0.24059507126258411,0.32551421406688535,False
1.27899999999997,0.31607729440038884,1.8352941176470587,1.8352941176470587,0.04100000000000074,0.9138660011142521,156.29853536694736,4.480567623562873,-0.23611612865361822,0.32527563427513073,False
1.2799999999999698,0.3158442245329574,1.8235294117647058,1.8352941176470587,0.04094117647058898,-0.3135794225265872,12.199465213652406,4.084045539228149,-0.23203367928766946,0.32504135500843306,False
1.2809999999999697,0.3156103753512991,1.8235294117647058,1.8352941176470587,0.04088235294117722,-0.25363324497981665,-22.188047204574296,-3.537200159405724,-0.23557247909552895,0.3248077286300136,False
1.2819999999999696,0.31537574743241353,1.8235294117647058,1.8352941176470587,0.040823529411765466,-0.19974050871713417,-25.749495801559,-5.353655230887683,-0.2409277657257333,0.3245697460283262,False
1.2829999999999695,0.31514034135522184,1.8235294117647058,1.8352941176470587,0.04076470588235371,-0.15129586961013117,-21.087804485886114,-5.539064187210323,-0.2464684987957151,0.32432632468352635,False
1.2839999999999694,0.3149041577005649,1.8235294117647058,1.8352941176470587,0.04070588235294195,-0.10775451794323959,-14.635754438483843,-5.289326782191529,-0.2517595314363499,0.32407747496525247,False
1.2849999999999693,0.3146671970512026,1.8235294117647058,1.8352941176470587,0.040647058823530195,-0.06862612497244867,-8.18499882827723,-4.944799089631605,-0.2567060712741046,0.32382348923079557,False
1.2859999999999692,0.3144294599918117,1.8235294117647058,1.8352941176470587,0.04058823529411844,-0.03346939482814809,-2.198994589197839,-4.600280073815387,-0.26130812464006126,0.3235647119704612,False
1.286999999999969,0.31419094710898476,1.8235294117647058,1.8352941176470587,0.04052941176470668,-0.001887161227688873,3.2355768119924893,-4.280294937892917,-0.2655902231684061,0.3233014766318277,False
1.287999999999969,0.3139516589912286,1.8235294117647058,1.8352941176470587,0.040470588235294924,0.026478025483313086,8.135536404162469,-3.9894337168013605,-0.2695814887141151,0.32303409006521283,False
1.2889999999999688,0.31371159622896305,1.8235294117647058,1.8352941176470587,0.04041176470588317,0.05194786999380339,12.543309799999346,-3.7268098690236346,-0.27331015678547016,0.32276283039790604,False
1.2899999999999687,0.31347075941451885,1.8235294117647058,1.8352941176470587,0.04035294117647141,0.07481190652383324,16.504984937252285,-3.490181800996358,-0.2768022214804578,0.3224879485302951,False
1.2909999999999686,0.31322914914213695,1.8235294117647058,1.8352941176470587,0.04029411764705965,0.09533071587144858,20.06409173870903,-3.277113840409124,-0.28008124139196244,0.32220967046462173,False
1.2919999999999685,0.3129867660079668,1.8235294117647058,1.8352941176470587,0.040235294117647896,0.11373882075489086,23.261142155732436,-3.0853053780138118,-0.28316847465478895,0.3219281996797175,False
1.2929999999999684,0.3127436106100646,1.8235294117647058,1.8352941176470587,0.04017647058823614,0.1302472916205773,26.131676779119395,-2.9126152311018547,-0.2860830383571789,0.32164371935972946,False
1.2939999999999683,0.31249968354839214,1.8235294117647058,1.8352941176470587,0.04011764705882438,0.14504609187028356,28.70857197888775,-2.7571650205620073,-0.2888421713308951,0.321356394416913,False
1.2949999999999682,0.3122549854248153,1.8235294117647058,1.8352941176470587,0.040058823529412625,0.15830618856560763,31.02132424497994,-2.6172171247471785,-0.2914613748964636,0.3210663733065547,False
1.295999999999968,0.31200951684310213,1.8235294117647058,1.8352941176470587,0.04000000000000087,0.1701814520619876,33.09483041042625,-2.4912125648704238,-0.29395459149492464,0.32077378968410136,False
1.296999999999968,0.3117632784089222,1.8235294117647058,1.8352941176470587,0.03994117647058911,0.18081036567931794,34.95635389596381,-2.3778355602155403,-0.29633444787627794,0.32047876385460605,False
1.2979999999999678,0.31151627072984417,1.8235294117647058,1.8352941176470587,0.039882352941177354,0.19031756440550363,36.624664323545105,-2.275644967626303,-0.2986121297275625,0.32018140414483764,False
1.2989999999999677,0.3112684944153351,1.8235294117647058,1.8352941176470587,0.0398235294117656,0.19881521972965913,38.11816505151051,-2.183648909786364,-0.30079783093071444,0.3198818081421795,False
1.2999999999999676,0.3110199500767584,1.8235294117647058,1.8352941176470587,0.03976470588235384,0.2064042859919875,39.45768676403868,-2.100874767082711,-0.3029007728135924,0.3195800636777719,False
1.3009999999999675,0.3107706383273724,1.8235294117647058,1.8352941176470587,0.03970588235294208,0.2131756220986713,40.65607690955137,-2.026221384160572,-0.3049290756070805,0.31927624985691255,False
1.3019999999999674,0.3105205597823291,1.8235294117647058,1.8352941176470587,0.039647058823530326,0.21921100106527505,41.72660646180991,-1.9590098943270262,-0.30689018072797314,0.31897043797012614,False
1.3029999999999673,0.31026971505867257,1.8235294117647058,1.8352941176470587,0.03958823529411857,0.22458401860580668,42.685322481540226,-1.8985389341868646,-0.3087908282775571,0.31866269218210524,False
1.3039999999999672,0.31001810477533703,1.8235294117647058,1.8352941176470587,0.03952941176470681,0.22936091086287355,43.54049279703819,-1.8439601813123492,-0.3106369100771954,0.3183530702991608,False
1.304999999999967,0.30976572955314596,1.8235294117647058,1.8352941176470587,0.039470588235295055,0.23360129036482208,44.30428298348102,-1.7948368345753511,-0.3124338811855284,0.3180416244323196,False
1.305999999999967,0.30951259001481024,1.8235294117647058,1.8352941176470587,0.0394117647058833,0.23735880838716392,44.984146494446044,-1.7505258026143353,-0.31418655360442005,0.31772840152691983,False
1.3069999999999669,0.3092586867849263,1.8235294117647058,1.8352941176470587,0.03935294117647154,0.24068175107785988,45.5898894468457,-1.7106332505332968,-0.3158993455320594,0.31741344389350495,False
1.3079999999999667,0.3090040204899752,1.8235294117647058,1.8352941176470587,0.039294117647059784,0.24361357597007455,46.128949819866044,-1.6746408142891416,-0.3175761568306196,0.3170967896576671,False
1.3089999999999666,0.3087485917583207,1.8235294117647058,1.8352941176470587,0.03923529411764803,0.24619339484365604,46.60680180701103,-1.6421553796058372,-0.31922049427300186,0.3167784732220227,False
1.3099999999999665,0.3084924012202079,1.8235294117647058,1.8352941176470587,0.03917647058823627,0.24845640830046758,47.030656300278,-1.6128876923766293,-0.3208355754007507,0.3164585256125657,False
1.3109999999999664,0.3082354495077614,1.8235294117647058,1.8352941176470587,0.03911764705882451,0.2504342968821864,47.405390604158846,-1.5864565735928478,-0.32242423659680347,0.3161369748092669,False
1.3119999999999663,0.30797773725498406,1.8235294117647058,1.8235294117647058,0.03911764705882451,1.0,134.16855491770454,-1.5626042784215848,-0.3239890565175719,0.3158138460716881,False
1.3129999999999662,0.30771926509775516,1.8235294117647058,1.8235294117647058,0.03911764705882451,1.0,159.0319120497679,3.03197350822768,-0.32095929071762075,0.31549122007800845,False
1.313999999999966,0.30746003367382907,1.8235294117647058,1.8235294117647058,0.03911764705882451,1.0,166.10245547258157,4.351445448721906,-0.316610027018274,0.31517221762780584,False
1.314999999999966,0.30720004362283365,1.8235294117647058,1.8235294117647058,0.03911764705882451,1.0,168.05966702735668,4.729460287656911,-0.31188271734020107,0.31485773456658583,False
1.3159999999999659,0.30693929558626837,1.8235294117647058,1.8235294117647058,0.03911764705882451,1.0,168.54760851314438,4.836874382021038,-0.30704796093959263,0.3145480271709409,False
1.3169999999999658,0.3066777902075032,1.8235294117647058,1.8235294117647058,0.03911764705882451,1.0,168.61337122791144,4.866490724576677,-0.3021835551415324,0.31424316787887724,False
1.3179999999999656,0.30641552813177675,1.8235294117647058,1.8235294117647058,0.03911764705882451,0.9428323840289501,161.95743078097394,4.873709677871835,-0.29731189721406975,0.31394317626104445,False
1.3189999999999655,0.30615251000619437,1.8235294117647058,1.8235294117647058,0.03911764705882451,0.8876667926848858,153.5998401947582,4.525231163692221,-0.29278868602845437,0.31364789950494265,False
1.3199999999999654,0.30588873647972725,1.8235294117647058,1.8235294117647058,0.03911764705882451,0.8380177604752271,145.393561993364,4.08666634231554,-0.28870401064276413,0.3133569486233596,False
1.3209999999999653,0.3056242082032104,1.8235294117647058,1.8235294117647058,0.03911764705882451,0.7933336314865338,137.82073615998513,3.6560591423326647,-0.2850499164020825,0.3130698886596437,False
1.3219999999999652,0.30535892582934104,1.8235294117647058,1.8235294117647058,0.03911764705882451,0.7531179153967094,130.94435400392112,3.258924308956011,-0.2817929337479395,0.31278630409352304,False
1.322999999999965,0.30509289001267703,1.8235294117647058,1.8235294117647058,0.03911764705882451,0.7169237709158669,124.74672766330201,2.898599387571171,-0.2788962553342831,0.3125058143763243,False
1.323999999999965,0.3048261014096354,1.811764705882353,1.8235294117647058,0.039058823529412756,-0.49270978264631216,-16.880308440248644,2.5741528117967754,-0.27632400513377814,0.3122280753476643,False
1.3249999999999649,0.3045585606784903,1.811764705882353,1.8235294117647058,0.039000000000001,-0.41673292202874695,-48.68468453290087,-4.9157273668449895,-0.2812416484664152,0.31194953811665316,False
1.3259999999999648,0.304290268479372,1.811764705882353,1.8235294117647058,0.03894117647058924,-0.34841257100234935,-49.817966841097146,-6.594921855414231,-0.2878385271154318,0.31166532758063886,False
1.3269999999999647,0.3040212254742648,1.811764705882353,1.8235294117647058,0.038882352941177485,-0.28698307860800243,-42.94126900257203,-6.651254406720839,-0.29449178399599896,0.3113744947889313,False
1.3279999999999645,0.30375143232700563,1.811764705882353,1.8235294117647058,0.03882352941176573,-0.23175535898250132,-34.487542800289425,-6.283705080201276,-0.3007775358844602,0.3110771741108643,False
1.3289999999999644,0.30348088970328224,1.811764705882353,1.8235294117647058,0.03876470588235397,-0.18210923484896147,-26.23271907380425,-5.832640392228145,-0.3066122645656115,0.31077377063503736,False
1.3299999999999643,0.30320959827063176,1.811764705882353,1.8235294117647058,0.038705882352942214,-0.13748654665818683,-18.622767463751657,-5.392028736847538,-0.312006420031127,0.31046473068262004,False
1.3309999999999642,0.3029375586984386,1.811764705882353,1.8235294117647058,0.03864705882353046,-0.09738495081590096,-11.72617141520063,-4.98547123925979,-0.31699405356580834,0.31015047950418767,False
1.331999999999964,0.3026647716579335,1.811764705882353,1.8235294117647058,0.0385882352941187,-0.06135233808725479,-5.510707492294867,-4.616596138224943,-0.32161284494094194,0.30983140666617554,False
1.332999999999964,0.3023912378221913,1.811764705882353,1.8235294117647058,0.03852941176470694,-0.028981810160884774,0.08091530568685097,-4.2837029061716345,-0.3258987736510138,0.3095078648203342,False
1.3339999999999639,0.30211695786612963,1.811764705882353,1.8235294117647058,0.038470588235295186,9.28414434369848e-05,5.10787901799167,-3.9837642834345077,-0.329884792164569,0.30918017200104575,False
1.3349999999999638,0.30184193246650703,1.811764705882353,1.8235294117647058,0.03841176470588343,0.026201204357915106,9.625755330744223,-3.7136525648553245,-0.33360072545760966,0.3088486146975629,False
1.3359999999999637,0.30156616230192135,1.811764705882353,1.8235294117647058,0.03835294117647167,0.049639907451533884,13.685158871087072,-3.4704307111096546,-0.3370734616588231,0.3085134508957142,False
1.3369999999999636,0.3012896480528079,1.811764705882353,1.8235294117647058,0.038294117647059915,0.0706759167063793,17.33187340539839,-3.2514236367131284,-0.3403272139844101,0.3081749128968836,False
1.3379999999999634,0.3010123904014382,1.811764705882353,1.8235294117647058,0.03823529411764816,0.08954950150632864,20.60703854018869,-3.0542115648259203,-0.34338377602948283,0.3078332098780444,False
1.3389999999999633,0.300734390031918,1.811764705882353,1.8235294117647058,0.0381764705882364,0.1064769042968716,23.548109918887228,-2.8766201777974563,-0.3462627672117121,0.3074885302009334,False
1.3399999999999632,0.30045564763018545,1.811764705882353,1.8235294117647058,0.038117647058824644,0.12165274327894865,26.18817206328137,-2.716669839996932,-0.3489818274392759,0.30714104349862953,False
1.340999999999963,0.3001761638840098,1.811764705882353,1.8235294117647058,0.03805882352941289,0.13525217483340646,28.557481507648273,-2.572611978056027,-0.3515568481605307,0.30679090255109304,False
1.341999999999963,0.2998959394829895,1.811764705882353,1.8235294117647058,0.03800000000000113,0.1474328397030069,30.682873073141298,-2.4428474559871973,-0.3540021217900467,0.3064382449663855,False
1.342999999999963,0.2996149751185502,1.811764705882353,1.8235294117647058,0.03794117647058937,0.1583366145562356,32.58926135173395,-2.3259580075265904,-0.3563305225681362,0.3060831946983181,False
1.3439999999999628,0.2993332714839437,1.811764705882353,1.8235294117647058,0.037882352941177616,0.16809118839472978,34.29784889707265,-2.2206268110880405,-0.3585536079962465,0.30572586341898156,False
1.3449999999999627,0.29905082927424553,1.811764705882353,1.8235294117647058,0.03782352941176586,0.176811481319963,35.829036065470945,-2.1257333079937584,-0.3606818150916669,0.3053663517471716,False
1.3459999999999626,0.298767649186354,1.811764705882353,1.8235294117647058,0.0377647058823541,0.18460092142326123,37.20051978113213,-2.0401992591984324,-0.3627245026996693,0.3050047503498339,False
1.3469999999999624,0.2984837319189877,1.811764705882353,1.811764705882353,0.0377647058823541,1.0,131.86473619012693,-1.9630893504619844,-0.3646900944115234,0.30464114095592376,False
1.3479999999999623,0.2981990781726843,1.811764705882353,1.811764705882353,0.0377647058823541,1.0,158.99619377902727,3.0500489993616156,-0.36164254089146036,0.3042778218856541,False
1.3489999999999622,0.29791368864979856,1.811764705882353,1.811764705882353,0.0377647058823541,1.0,166.7159256905529,4.490046312406171,-0.35715496343741115,0.30391819838337064,False
1.3499999999999621,0.29762756405450086,1.811764705882353,1.811764705882353,0.0377647058823541,1.0,168.85697852758636,4.902929364294802,-0.3522544706343348,0.30356324827520736,False
1.350999999999962,0.29734070509277505,1.811764705882353,1.811764705882353,0.0377647058823541,1.0,169.3941530893983,5.020588237095597,-0.34723628502800247,0.3032132516266735,False
1.351999999999962,0.2970531124724173,1.811764705882353,1.811764705882353,0.0377647058823541,0.9628016029880276,165.17904011729487,5.053324921990222,-0.3421853283355974,0.30286828791588777,False
1.3529999999999618,0.2967647869030336,1.811764705882353,1.811764705882353,0.0377647058823541,0.9042861485715856,157.1306546916979,4.834561004042573,-0.337353101961381,0.30252827673823607,False
1.3539999999999617,0.29647572909603886,1.811764705882353,1.811764705882353,0.0377647058823541,0.8516222395967867,148.65998764016558,4.412924573777328,-0.3329424807496827,0.3021929080694124,False
1.3549999999999616,0.2961859397646543,1.811764705882353,1.811764705882353,0.0377647058823541,0.8042247215194676,140.6892916385792,3.968893360726401,-0.3289758624674805,0.30186175022481604,False
1.3559999999999615,0.2958954196239063,1.811764705882353,1.811764705882353,0.0377647058823541,0.7615669552498795,133.41570359390613,3.551268285916368,-0.32542684391472076,0.30153437108251135,False
1.3569999999999613,0.2956041693906245,1.811764705882353,1.811764705882353,0.0377647058823541,0.7231749656072499,126.84136984144618,3.1704846839041956,-0.3222585863332363,0.3012103696197954,False
1.3579999999999612,0.29531218978343987,1.811764705882353,1.811764705882353,0.0377647058823541,0.6886221749288829,120.9214413883358,2.826660660190982,-0.31943413260642617,0.3008893817060226,False
1.3589999999999611,0.2950194815227831,1.811764705882353,1.811764705882353,0.0377647058823541,0.657524663318352,115.5846276463935,2.517427393891016,-0.31691889419494707,0.3005710791018409,False
1.359999999999961,0.2947260453308827,1.811764705882353,1.811764705882353,0.0377647058823541,0.6295369028688741,110.78621336305832,2.2390166538580694,-0.31468205056892273,0.3002551664608678,False
1.360999999999961,0.29443188193176323,1.811764705882353,1.811764705882353,0.0377647058823541,0.6043479184643435,106.46974440177843,1.9890659141210865,-0.31269514352278305,0.2999413781942353,False
1.3619999999999608,0.2941369920512437,1.811764705882353,1.811764705882353,0.0377647058823541,0.5816778325002657,102.57755850906725,1.7645912171029918,-0.310932698625595,0.29962947582861027,False
1.3629999999999607,0.29384137641693564,1.811764705882353,1.811764705882353,0.0377647058823541,0.5612747551325956,99.08019303304322,1.5625443842362536,-0.30937228946277107,0.2993192449935084,False
1.3639999999999606,0.29354503575824115,1.8,1.811764705882353,0.037705882352942345,-0.6341468380277284,-40.108724570604636,1.381368980552761,-0.3079930459072136,0.29901049304455296,False
1.3649999999999605,0.29324797080635145,1.8,1.811764705882353,0.03764705882353059,-0.5453792130484936,-69.71856358071244,-5.979095420646924,-0.313974287878664,0.29869980811901836,False
1.3659999999999604,0.29295018229424463,1.8,1.811764705882353,0.03758823529411883,-0.4655471740965928,-68.87671190193556,-7.541748773525509,-0.3215182310812458,0.2983824387291,False
1.3669999999999602,0.2926516709566843,1.8,1.811764705882353,0.037529411764707074,-0.39375716256929316,-60.22274125037606,-7.493136918400095,-0.32901361442737614,0.29805754724010497,False
1.3679999999999601,0.29235243753021756,1.8,1.811764705882353,0.03747058823529532,-0.32920497572413443,-50.16988326204382,-7.031101409764831,-0.33604701223472494,0.29772536825366563,False
1.36899999999996,0.29205248275317314,1.8,1.811764705882353,0.03741176470588356,-0.2711668310929026,-40.47545585862572,-6.494966536966123,-0.34254432166354176,0.29738639710210485,False
1.36999999999996,0.29175180736565953,1.8,1.811764705882353,0.0373529411764718,-0.218991324454205,-31.569735984077745,-5.977716939734315,-0.348524424386391,0.29704116137759273,False
1.3709999999999598,0.2914504121095636,1.8,1.811764705882353,0.037294117647060046,-0.1720921920087884,-23.507895772207927,-5.5021243935469375,-0.35402897407436423,0.2966901595431988,False
1.3719999999999597,0.29114829772854783,1.8,1.811764705882353,0.03723529411764829,-0.12994179633732472,-16.243829559560197,-5.0711136916078745,-0.3591025494897678,0.2963338470919863,False
1.3729999999999596,0.2908454649680497,1.8,1.811764705882353,0.03717647058823653,-0.09206526376241864,-9.708683370961712,-4.682250570297687,-0.3637872954274094,0.29597263603349677,False
1.3739999999999595,0.29054191457527884,1.8,1.811764705882353,0.037117647058824775,-0.05803520797441446,-3.8327723322132226,-4.331896668166586,-0.3681217185951227,0.295606897869574,False
1.3749999999999594,0.29023764729921564,1.8,1.811764705882353,0.03705882352941302,-0.02746698129462214,1.4489602803773725,-4.016369201469657,-0.3721406431663148,0.2952369672524565,False
1.3759999999999593,0.28993266389060945,1.8,1.811764705882353,0.03700000000000126,-1.4400812220448367e-05,6.195625445666193,-3.7322298419879387,-0.3758754552112155,0.2948631455573212,False
1.3769999999999591,0.28962696510197655,1.8,1.811764705882353,0.036941176470589504,0.024634098092529665,10.46060416708473,-3.476354470873083,-0.3793544168839354,0.29448570417900577,False
1.377999999999959,0.2893205516875981,1.8,1.811764705882353,0.03688235294117775,0.04675892357739315,14.292004590607922,-3.2459217997871614,-0.38260296923277387,0.2941048875196639,False
1.378999999999959,0.28901342440351896,1.8,1.8,0.03688235294117775,1.0,125.61021520253276,-3.0383892188706696,-0.3856440108604753,0.29372091568447595,False
1.3799999999999588,0.288705584007545,1.8,1.8,0.03688235294117775,1.0,157.52587796478917,2.856175760882354,-0.3827904843962058,0.29333655536254843,False
1.3809999999999587,0.2883970312592419,1.8,1.8,0.03688235294117775,1.0,166.6183434478367,4.549581116387838,-0.3782435261772122,0.2929558106149838,False
1.3819999999999586,0.2880877669199329,1.8,1.8,0.03688235294117775,1.0,169.15153451762077,5.0353731141774265,-0.37321074286409217,0.29257983145179406,False
1.3829999999999585,0.287777791752697,1.8,1.8,0.03688235294117775,0.942811129724429,163.1950189715539,5.174056599344634,-0.36803924104171215,0.29220894750047116,False
1.3839999999999584,0.28746710652236707,1.8,1.8,0.03688235294117775,0.8854123696931702,154.77152604560396,4.863494977222922,-0.36317826670843445,0.2918430953187844,False
1.3849999999999583,0.28715571199552803,1.8,1.8,0.03688235294117775,0.8337534856650366,146.31406937051077,4.422349853927877,-0.3587584060388491,0.2914819056150923,False
1.3859999999999582,0.28684360894051497,1.8,1.8,0.03688235294117775,0.7872604900397157,138.4517966109071,3.979355242512117,-0.35478151156419996,0.291124936441636,False
1.386999999999958,0.2865307981274111,1.8,1.8,0.03688235294117775,0.7454167939769265,131.30326898253819,3.567804126475631,-0.35121614270851237,0.29077175898003527,False
1.387999999999958,0.28621728032804605,1.8,1.8,0.03688235294117775,0.7077574675204157,124.84981566391623,3.193974408289151,-0.34802458075151804,0.29042197867768593,False
1.3889999999999578,0.28590305631599394,1.8,1.8,0.03688235294117775,0.6738640737095557,119.03942156802712,2.856882705305268,-0.34517009010034005,0.29007523825833537,False
1.3899999999999577,0.285588126866571,1.8,1.8,0.03688235294117775,0.6433600192797811,113.8020756919119,2.5537809769794544,-0.3426186829613359,0.2897312159448504,False
1.3909999999999576,0.28527249275683453,1.8,1.8,0.03688235294117775,0.6159063702929839,109.09376889348279,2.2809686313741966,-0.3403400719142772,0.2893896222827575,False
1.3919999999999575,0.2849561547655803,1.8,1.8,0.03688235294117775,0.5911980862048659,104.8525826375291,2.0361204450018433,-0.3383062945636358,0.28905019705877233,False
1.3929999999999574,0.28463911367334077,1.8,1.8,0.03688235294117775,0.5689606305255596,101.03617983577288,1.8159632936523726,-0.33649266145918827,0.28871270654920833,False
1.3939999999999573,0.28432137026238347,1.8,1.8,0.03688235294117775,0.5489469204141835,97.6064082881082,1.618259792884476,-0.3348767203744693,0.28837694071310294,False
1.3949999999999572,0.2840029253167087,1.8,1.8,0.03688235294117775,0.5309345813139449,94.51584650208089,1.440993707145842,-0.3334380351723387,0.28804271105450224,False
1.395999999999957,0.28368377962204744,1.8,1.8,0.03688235294117775,0.5147234761237299,91.73575099076636,1.2816581295829397,-0.33215867649217334,0.2877098483855601,False
1.396999999999957,0.2833639339658602,1.8,1.8,0.03688235294117775,0.5001334814525362,89.2318341166855,1.1387341733167178,-0.3310222337430525,0.2873782007643625,False
1.3979999999999568,0.28304338913733423,1.8,1.8,0.03688235294117775,0.4870024862484619,86.97988100546213,1.0104094203712255,-0.3300141086465106,0.28704763184406196,False
1.3989999999999567,0.2827221459273821,1.788235294117647,1.8,0.03682352941176599,-0.7018742329646479,-51.0853434483664,0.8954042176883045,-0.3291209824818839,0.28671801930030294,False
1.3999999999999566,0.2824002051286395,1.788235294117647,1.8,0.03676470588235423,-0.6072162214328982,-79.68511634214629,-6.405324134234245,-0.3355286090056124,0.28638601454186285,False
1.4009999999999565,0.28207756753546337,1.788235294117647,1.8,0.036705882352942476,-0.5220828345837345,-77.9349889239504,-7.914247933784592,-0.34344521013006457,0.2860469231110221,False
1.4019999999999564,0.2817542339439298,1.788235294117647,1.8,0.03664705882353072,-0.44552160994889767,-68.46397929965703,-7.817287358901898,-0.3512649052683598,0.2856999586785427,False
1.4029999999999563,0.2814302051518323,1.788235294117647,1.8,0.03658823529411896,-0.3766753313069557,-57.67527692721904,-7.3117261721172655,-0.35857909145882344,0.2853454020220113,False
1.4039999999999562,0.28110548195867974,1.788235294117647,1.8,0.036529411764707205,-0.3147725040586188,-47.31941482572489,-6.736357884979417,-0.36531795783019416,0.28498379006581886,False
1.404999999999956,0.2807800651656943,1.788235294117647,1.8,0.03647058823529545,-0.2591187830645265,-37.81918388544671,-6.183808648648573,-0.3715043195625424,0.2846156878635388,False
1.405999999999956,0.28045395557580965,1.788235294117647,1.8,0.03641176470588369,-0.20908925769925474,-29.22200334253859,-5.676454604436276,-0.37718336822656817,0.28424162758415583,False
1.4069999999999558,0.2801271539936688,1.788235294117647,1.8,0.036352941176471934,-0.16412150839992123,-21.476300544145623,-5.216810748955708,-0.3824028107113616,0.28386209507314303,False
1.4079999999999557,0.27979966122562194,1.788235294117647,1.8,0.03629411764706018,-0.1237093575599324,-14.507968361160437,-4.802153927735876,-0.3872076310691004,0.2834775296943128,False
1.4089999999999556,0.2794714780797251,1.788235294117647,1.8,0.03623529411764842,-0.0873972453333538,-8.242391915558732,-4.428568166460719,-0.3916388976715387,0.2830883275894365,False
1.4099999999999555,0.2791426053657376,1.788235294117647,1.788235294117647,0.03623529411764842,1.0,119.29596698533223,-4.092110133786137,-0.39573373582588933,0.2826948456062521,False
1.4109999999999554,0.27881304389512,1.788235294117647,1.788235294117647,0.03623529411764842,1.0,155.87350630049562,2.660791669369426,-0.3930756727878752,0.28230030758895597,False
1.4119999999999553,0.27848279448103275,1.788235294117647,1.788235294117647,0.03623529411764842,0.9778968199167317,163.74653658469427,4.600997383965416,-0.38847737788149467,0.2819093007425585,False
1.4129999999999552,0.27815185793833314,1.788235294117647,1.788235294117647,0.03623529411764842,0.9163424320427138,158.81660048688641,5.022414548171648,-0.3834576325221675,0.2815230818486765,False
1.413999999999955,0.27782023508357434,1.788235294117647,1.788235294117647,0.03623529411764842,0.8609434829560969,150.9244961248894,4.766377476520301,-0.3786938908303644,0.2811417675035669,False
1.414999999999955,0.2774879267350028,1.788235294117647,1.788235294117647,0.03623529411764842,0.8110844287781411,142.83522149248154,4.353557718594955,-0.374342937905643,0.28076503114993806,False
1.4159999999999549,0.27715493371255623,1.788235294117647,1.788235294117647,0.03623529411764842,0.7662112800179804,135.26126583156582,3.930253980606301,-0.370415260620584,0.2803924552794984,False
1.4169999999999547,0.27682125683786196,1.788235294117647,1.788235294117647,0.03623529411764842,0.7258254461338352,128.36426251915216,3.534168564233137,-0.3668836434633994,0.2800236288631616,False
1.4179999999999546,0.27648689693423445,1.788235294117647,1.788235294117647,0.03623529411764842,0.6894781956381041,122.13832391496396,3.1738581117101035,-0.3637123140572308,0.27965817193797404,False
1.4189999999999545,0.2761518548266735,1.788235294117647,1.788235294117647,0.03623529411764842,0.6567656701919456,116.52276177220118,2.8490154375855608,-0.3608658069652448,0.2792957401752725,False
1.4199999999999544,0.2758161313418621,1.788235294117647,1.788235294117647,0.03623529411764842,0.6273243972904028,111.46851860022885,2.556433480643728,-0.35831186358042816,0.27893602326879285,False
1.4209999999999543,0.2754797273081648,1.788235294117647,1.788235294117647,0.03623529411764842,0.6008272516790139,106.92259718899763,2.293520162062332,-0.35602081716272216,0.27857874200457,False
1.4219999999999542,0.27514264355562496,1.788235294117647,1.788235294117647,0.03623529411764842,0.5769798206287635,102.82646984077165,2.0574745996745207,-0.35396580166107483,0.27822364557509854,False
1.422999999999954,0.2748048809159632,1.788235294117647,1.788235294117647,0.03623529411764842,0.555517132683538,99.14319210595745,1.845202978654567,-0.3521230446666208,0.2778705086468115,False
1.423999999999954,0.2744664402225755,1.788235294117647,1.788235294117647,0.03623529411764842,0.5362007135328347,95.82579848573961,1.6547531463508356,-0.35047072576710714,0.27751912878017626,False
1.4249999999999539,0.27412732231053033,1.788235294117647,1.788235294117647,0.03623529411764842,0.5188159362972016,92.8416521929411,1.4836424858172916,-0.34898950702684145,0.27716932423897955,False
1.4259999999999537,0.2737875280165675,1.788235294117647,1.788235294117647,0.03623529411764842,0.5031696367851315,90.15610031349972,1.330146265823977,-0.34766177511495866,0.27682093184889106,False
1.4269999999999536,0.2734470581790958,1.788235294117647,1.788235294117647,0.03623529411764842,0.4890879672242684,87.7400737378492,1.1924328729055864,-0.34647174819999166,0.27647380522475373,False
1.4279999999999535,0.2731059136381906,1.788235294117647,1.788235294117647,0.03623529411764842,0.47641446461949133,85.56590587117165,1.068965937954655,-0.3454051807169265,0.276127813071938,False
1.4289999999999534,0.27276409523559214,1.788235294117647,1.788235294117647,0.03623529411764842,0.4650083122751919,83.60742833369525,0.9582831269301172,-0.34444928934242847,0.27578283768338485,False
1.4299999999999533,0.27242160381470343,1.788235294117647,1.788235294117647,0.03623529411764842,0.45474277516532224,81.84549991450022,0.8590012221740654,-0.34359267388822484,0.2754387735129604,False
1.4309999999999532,0.2720784402205879,1.788235294117647,1.788235294117647,0.03623529411764842,0.4455037917664395,80.26069303047181,0.7701086694622286,-0.34282494564567656,0.2750955259595644,False
1.431999999999953,0.2717346052999676,1.788235294117647,1.788235294117647,0.03623529411764842,0.43718870670744486,78.83505122751171,0.6905786381373431,-0.3421367426692537,0.2747530103487725,False
1.432999999999953,0.2713900999012211,1.776470588235294,1.788235294117647,0.03617647058823666,-0.7473536933750707,-58.489415712393246,0.6194620213088355,-0.341519652059536,0.27441115094104424,False
1.4339999999999529,0.27104492487438114,1.776470588235294,1.788235294117647,0.036117647058824906,-0.6487947946258084,-86.4220944403308,-6.64190093773702,-0.3481639505895025,0.27406664099639755,False
1.4349999999999528,0.2706990810711329,1.776470588235294,1.788235294117647,0.03605882352941315,-0.5601506092808831,-84.07138850432919,-8.115353689114123,-0.3562817543536273,0.2737148236683003,False
1.4359999999999526,0.2703525693448115,1.776470588235294,1.788235294117647,0.03600000000000139,-0.4804296659998608,-74.06011652528301,-7.986438624556845,-0.3642706991056879,0.27335494651456027,False
1.4369999999999525,0.2700053905504002,1.776470588235294,1.788235294117647,0.035941176470589635,-0.4087396405763518,-62.7850050891217,-7.452111894874307,-0.37172537061410027,0.27298732083089405,False
1.4379999999999524,0.26965754554452814,1.776470588235294,1.788235294117647,0.03588235294117788,-0.34427744122460463,-51.99254532649875,-6.850825437606336,-0.3785788051792773,0.27261251102479195,False
1.4389999999999523,0.26930903518546834,1.776470588235294,1.788235294117647,0.03582352941176612,-0.28632028533744325,-42.09913271527196,-6.274991888549698,-0.3848564516560572,0.27223110688182595,False
1.4399999999999522,0.2689598603331354,1.776470588235294,1.788235294117647,0.035764705882354364,-0.234217668568409,-33.14845809047612,-5.746649318215434,-0.3906057972368113,0.2718436628214255,False
1.440999999999952,0.26861002184908356,1.776470588235294,1.776470588235294,0.035764705882354364,0.989674686523731,110.95374564403289,-5.268115731675487,-0.39587664745696705,0.27145068473252343,False
1.441999999999952,0.2682595205965047,1.776470588235294,1.776470588235294,0.035764705882354364,0.9264719237537193,144.98495967575457,2.361183067593572,-0.39351820399284115,0.2710558689732024,False
1.4429999999999519,0.26790835744022556,1.776470588235294,1.776470588235294,0.035764705882354364,0.869589437260708,148.11664957440138,4.16668887159589,-0.38935423111747774,0.27066422414874525,False
1.4439999999999518,0.2675565332467064,1.776470588235294,1.776470588235294,0.035764705882354364,0.8183951994169971,143.03321271389163,4.3372766209515,-0.38501964114886855,0.2702768200792212,False
1.4449999999999517,0.26720404888403854,1.776470588235294,1.776470588235294,0.035764705882354364,0.772320385357657,136.18525116444866,4.073156940015699,-0.38094914213410486,0.2698936317631003,False
1.4459999999999515,0.26685090522194194,1.776470588235294,1.776470588235294,0.035764705882354364,0.7308530527042502,129.37456667345958,3.715629023078849,-0.37723614452405757,0.269514353074413,False
1.4469999999999514,0.26649710313176356,1.776470588235294,1.776470588235294,0.035764705882354364,0.6935324533161836,123.04950350912137,3.3600290113578875,-0.37387872288105317,0.26913862737783123,False
1.4479999999999513,0.26614264348647504,1.776470588235294,1.776470588235294,0.035764705882354364,0.6599439138669233,117.30846404932977,3.030082714878682,-0.3708512258461974,0.2687661106401406,False
1.4489999999999512,0.26578752716067006,1.776470588235294,1.776470588235294,0.035764705882354364,0.6297142283625887,112.12439969129343,2.7310004924852382,-0.36812279150277855,0.26839648682426553,False
1.449999999999951,0.265431755030563,1.776470588235294,1.776470588235294,0.035764705882354364,0.6025075114086873,107.45047998124078,2.4613548283510394,-0.36566398524227894,0.2680294701127898,False
1.450999999999951,0.26507532797398614,1.776470588235294,1.776470588235294,0.035764705882354364,0.5780214661501756,103.24435293223091,2.2186712109329005,-0.3634478467742582,0.26766480300949214,False
1.4519999999999509,0.2647182468703879,1.776470588235294,1.776470588235294,0.035764705882354364,0.5559840254175148,99.4608813583462,2.000711753503934,-0.3614496535176405,0.2673022539714996,False
1.4529999999999508,0.26436051260083043,1.776470588235294,1.776470588235294,0.035764705882354364,0.5361503287581199,96.05439432608398,1.8050909093080834,-0.35964706827681914,0.26694161510512143,False
1.4539999999999507,0.26400212604798745,1.776470588235294,1.776470588235294,0.035764705882354364,0.5183000017646643,92.98832981822441,1.6293946239106447,-0.358020167765952,0.26658269976762555,False
1.4549999999999506,0.263643088096142,1.776470588235294,1.776470588235294,0.035764705882354364,0.502234707470554,90.22701595934944,1.4716905471929806,-0.356550960919344,0.26622534037008627,False
1.4559999999999504,0.2632833996311847,1.776470588235294,1.776470588235294,0.035764705882354364,0.4877759426058545,87.74263344423787,1.3300932096911544,-0.35522334202396566,0.26586938646625297,False
1.4569999999999503,0.26292306154061107,1.776470588235294,1.776470588235294,0.035764705882354364,0.4747630542276249,85.50841892746693,1.2031324195596071,-0.35402267545315386,0.26551470305406527,False
1.4579999999999502,0.26256207471351944,1.776470588235294,1.776470588235294,0.035764705882354364,0.46305145468721803,83.49664432653208,1.0893936784226608,-0.35293573998308064,0.2651611691306226,False
1.4589999999999501,0.262200440040609,1.776470588235294,1.776470588235294,0.035764705882354364,0.4525110151008518,81.68437214693516,0.9874112862763808,-0.3519507800043859,0.26480867625473536,False
1.45999999999995,0.26183815841417746,1.776470588235294,1.776470588235294,0.035764705882354364,0.443024619473122,80.05406347258662,0.8959728673929904,-0.35105725220699696,0.26445712719529985,False
1.46099999999995,0.26147523072811846,1.776470588235294,1.776470588235294,0.035764705882354364,0.4344868634081651,78.58813584706922,0.8141515521664482,-0.350245540081212,0.264106434847473,False
1.4619999999999498,0.2611116578779201,1.776470588235294,1.776470588235294,0.035764705882354364,0.4268028829497038,77.26721956456628,0.7410180513571778,-0.3495069563437582,0.2637565213047793,False
1.4629999999999497,0.26074744076066236,1.776470588235294,1.776470588235294,0.035764705882354364,0.41988730053708856,76.07753542667186,0.6755484103093361,-0.3488338376100394,0.2634073168872806,False
1.4639999999999496,0.26038258027501465,1.7647058823529411,1.776470588235294,0.03570588235294261,-0.7633955471636857,-61.03224451026973,0.617014370410759,-0.3482192487039561,0.26305875925073713,False
1.4649999999999495,0.26001707732123397,1.7647058823529411,1.776470588235294,0.03564705882353085,-0.6637030512708559,-88.7719522500778,-6.632891352569868,-0.3548545917516996,0.2627075537313001,False
1.4659999999999493,0.25965093280116264,1.7647058823529411,1.776470588235294,0.03558823529411909,-0.5740386284967199,-86.24920690401242,-8.09603572696055,-0.36295313171386057,0.26234905442262885,False
1.4669999999999492,0.2592841476182256,1.7647058823529411,1.776470588235294,0.035529411764707336,-0.4933994715294082,-76.08188545226437,-7.957919735895488,-0.3709136117382513,0.261982518692531,False
1.4679999999999491,0.25891672267742905,1.7647058823529411,1.776470588235294,0.03547058823529558,-0.4208830537882386,-64.66757225547582,-7.415238197337269,-0.3783314636418641,0.26160826665693765,False
1.468999999999949,0.25854865888535744,1.7647058823529411,1.776470588235294,0.03541176470588382,-0.35567710135059694,-53.750101904337484,-6.806484247305102,-0.3851403717520627,0.2612265303364677,False
1.469999999999949,0.25817995715017156,1.7647058823529411,1.776470588235294,0.035352941176472065,-0.2970505676861304,-43.743711575635885,-6.223934761272689,-0.3913667712776409,0.26083827635526086,False
1.4709999999999488,0.2578106183816065,1.7647058823529411,1.7647058823529411,0.035352941176472065,0.9327133126118989,101.34724759367812,-5.689513689814019,-0.3970587871599578,0.2604440631600184,False
1.4719999999999487,0.2574406434909686,1.7647058823529411,1.7647058823529411,0.035352941176472065,0.8747949225271876,136.27696918389236,1.9921300116395229,-0.3950691632201171,0.26004799876680706,False
1.4729999999999486,0.2570700333911344,1.7647058823529411,1.7647058823529411,0.035352941176472065,0.8226683714509464,140.22192590144886,3.8452088755981326,-0.39122644025370945,0.2596548505500831,False
1.4739999999999485,0.25669878899654724,1.7647058823529411,1.7647058823529411,0.035352941176472065,0.7757544754823289,135.87726646583002,4.058863188201631,-0.3871700379901781,0.2592656519001003,False
1.4749999999999484,0.25632691122321605,1.7647058823529411,1.7647058823529411,0.035352941176472065,0.733531969110573,129.6845345946551,3.8338721749021434,-0.38333860224613026,0.258880397173243,False
1.4759999999999482,0.255954400988712,1.7647058823529411,1.7647058823529411,0.035352941176472065,0.6955317133759918,123.46664942847804,3.511055365571813,-0.37982996064818664,0.25849881248889056,False
1.4769999999999481,0.25558125921216734,1.7647058823529411,1.7647058823529411,0.035352941176472065,0.6613314832148685,117.67477140084252,3.1868657977429593,-0.3766454879986983,0.25812057436515523,False
1.477999999999948,0.2552074868142721,1.7647058823529411,1.7647058823529411,0.035352941176472065,0.6305512760698571,112.41331872375235,2.8851779019692745,-0.3737626845782093,0.25774536988261904,False
1.478999999999948,0.25483308471727256,1.7647058823529411,1.7647058823529411,0.035352941176472065,0.6028490896393466,107.6597002118513,2.6115199824604374,-0.3711535221979421,0.25737291138584417,False
1.4799999999999478,0.25445805384496867,1.7647058823529411,1.7647058823529411,0.035352941176472065,0.5779171218518866,103.37514601097803,2.3647000483726313,-0.3687911644881081,0.2570029386517017,False
1.4809999999999477,0.25408239512271186,1.7647058823529411,1.7647058823529411,0.035352941176472065,0.5554783508431725,99.52094058948258,2.1426697847171394,-0.36665082323312803,0.25663521726938215,False
1.4819999999999476,0.25370610947740263,1.7647058823529411,1.7647058823529411,0.035352941176472065,0.5352834569353295,96.05007559747902,1.943383450573297,-0.3647097558104476,0.2562695365935201,False
1.4829999999999475,0.2533291978374886,1.7647058823529411,1.7647058823529411,0.035352941176472065,0.5171080524182707,92.92349895996041,1.7643562682065468,-0.3629477042420952,0.25590570747907304,False
1.4839999999999474,0.25295166113296147,1.7647058823529411,1.7647058823529411,0.035352941176472065,0.5007501883529175,90.11052682174059,1.6035241761371892,-0.36134647449233126,0.25554356000702544,False
1.4849999999999473,0.2525735002953557,1.7647058823529411,1.7647058823529411,0.035352941176472065,0.4860281106940994,87.57954793203214,1.4592656480033854,-0.35988949394368414,0.25518294164170685,False
1.4859999999999471,0.25219471625774553,1.7647058823529411,1.7647058823529411,0.035352941176472065,0.472778240801163,85.30047723299145,1.3299098909736304,-0.358561860673854,0.2548237155847332,False
1.486999999999947,0.25181530995474294,1.7647058823529411,1.7647058823529411,0.035352941176472065,0.46085335789752,83.25087293965314,1.213866683408364,-0.3573502628947265,0.2544657591445905,False
1.487999999999947,0.25143528232249523,1.7647058823529411,1.7647058823529411,0.035352941176472065,0.4501209632842413,81.40375897281727,1.1099500413757841,-0.3562425747229966,0.254108962348614,False
1.4889999999999468,0.25105463429868297,1.7647058823529411,1.7647058823529411,0.035352941176472065,0.4404618081322903,79.74117646659835,1.016733931410394,-0.35522809623820045,0.25375322663705263,False
1.4899999999999467,0.25067336682251706,1.7647058823529411,1.7647058823529411,0.035352941176472065,0.43176856849553424,78.24526419256289,0.9332692831438395,-0.3542970765266121,0.2533984636755833,False
1.4909999999999466,0.25029148083473723,1.7647058823529411,1.7647058823529411,0.035352941176472065,0.4239446528224538,76.89831818575448,0.8586120748035949,-0.3534407086386158,0.25304459440882426,False
1.4919999999999465,0.24990897727760922,1.7647058823529411,1.7647058823529411,0.035352941176472065,0.4169031287166813,75.68523246787974,0.7918264998396771,-0.3526511213794102,0.25269154812047495,False
1.4929999999999464,0.24952585709492245,1.7647058823529411,1.7647058823529411,0.035352941176472065,0.4105657570214859,74.59393088846745,0.7321141142669328,-0.35192124195177527,0.25233926156623854,False
1.4939999999999463,0.24914212123198795,1.7529411764705882,1.7647058823529411,0.03529411764706031,-0.7721967010336104,-62.42857510058427,0.6788366940494338,-0.3512446357404895,0.2519876782555316,False
1.4949999999999461,0.2487577706356359,1.7529411764705882,1.7647058823529411,0.03523529411764855,-0.6720358544596707,-90.09063675208441,-6.566396283272516,-0.3578132890709497,0.2516331489181151,False
1.495999999999946,0.24837280625421299,1.7529411764705882,1.7647058823529411,0.035176470588236794,-0.5819499160725355,-87.4972593332288,-8.025376998075798,-0.3658409711919331,0.25127132140521785,False
1.496999999999946,0.24798722903758064,1.7529411764705882,1.7647058823529411,0.03511764705882504,-0.5009313950535247,-77.26748783723546,-7.883469178013217,-0.3737267960687397,0.2509015371303677,False
1.4979999999999458,0.24760103993711233,1.7529411764705882,1.7647058823529411,0.03505882352941328,-0.42807354966582567,-65.79662206404227,-7.337429754909792,-0.38106662950124126,0.25052414001827056,False
1.4989999999999457,0.24721423990569125,1.7529411764705882,1.7647058823529411,0.03500000000000152,-0.3625603123463076,-54.828392918508285,-6.725635405264163,-0.38779471283133643,0.25013970894031007,False
1.4999999999999456,0.24682682989770807,1.7529411764705882,1.7647058823529411,0.034941176470589766,-0.3036572222881523,-44.7819499131363,-6.140352881616284,-0.3939375541252222,0.2497488423931868,False
1.5009999999999455,0.24643881086905856,1.7529411764705882,1.7529411764705882,0.034941176470589766,0.9263555587641968,100.3525911103304,-5.603766094463062,-0.3995438456205229,0.2493521012734098,False
1.5019999999999454,0.24605018377714086,1.7529411764705882,1.7529411764705882,0.034941176470589766,0.8686611793583732,135.32008462492155,2.0802289966968637,-0.3974661453522138,0.24895359585610916,False
1.5029999999999453,0.24566094958085383,1.7529411764705882,1.7529411764705882,0.034941176470589766,0.8167362378931314,139.29781427774893,3.935350598076738,-0.39353330268494785,0.24855809571341517,False
1.5039999999999452,0.24527110924059412,1.7529411764705882,1.7529411764705882,0.034941176470589766,0.770003790574413,134.97507087491476,4.150781839986712,-0.38938500313060587,0.24816663614606796,False
1.504999999999945,0.2448806637182541,1.7529411764705882,1.7529411764705882,0.034941176470589766,0.7279445879875662,128.8125787565942,3.9269919926210344,-0.3854604682618526,0.2477792130001652,False
1.505999999999945,0.24448961397721916,1.7529411764705882,1.7529411764705882,0.034941176470589766,0.6900913056594036,122.61268470771341,3.605815406829282,-0.38185708664358764,0.24739555381645162,False
1.5069999999999448,0.24409796098236589,1.7529411764705882,1.7529411764705882,0.034941176470589766,0.6560233515640568,116.84517192457851,3.282616651174104,-0.3785768824878115,0.24701533642923074,False
1.5079999999999447,0.2437057057000588,1.7529411764705882,1.7529411764705882,0.034941176470589766,0.6253621928782442,111.60243317121163,2.982255465973865,-0.3755970201746097,0.246638249078521,False
1.5089999999999446,0.243312849098149,1.7529411764705882,1.7529411764705882,0.034941176470589766,0.5977671500610126,106.86717053873365,2.7096238957285976,-0.37288977187451156,0.24626400528609207,False
1.5099999999999445,0.24291939214597102,1.7529411764705882,1.7529411764705882,0.034941176470589766,0.5729316115255038,102.59877878043521,2.463810008445638,-0.37042832151838606,0.24589234584569175,False
1.5109999999999444,0.24252533581434088,1.7529411764705882,1.7529411764705882,0.034941176470589766,0.5505796268435457,98.75269393896521,2.242668376643542,-0.3681879983038596,0.24552303729453068,False
1.5119999999999443,0.24213068107555333,1.7529411764705882,1.7529411764705882,0.034941176470589766,0.530462840629783,95.29258451908869,2.043843823620779,-0.36614648645897696,0.24515586966313155,False
1.5129999999999442,0.24173542890337985,1.7529411764705882,1.7529411764705882,0.034941176470589766,0.5123577330373965,92.17747910424478,1.865416474067296,-0.3642833899538612,0.24479065433794045,False
1.513999999999944,0.24133958027306565,1.7529411764705882,1.7529411764705882,0.034941176470589766,0.4960631362042484,89.37599623820734,1.7052207140870996,-0.3625804782524794,0.2444272220187068,False
1.514999999999944,0.24094313616132793,1.7529411764705882,1.7529411764705882,0.034941176470589766,0.48139799905441494,86.85282348377136,1.5615981051674792,-0.361021179148818,0.24406542080656957,False
1.5159999999999438,0.24054609754635325,1.7529411764705882,1.7529411764705882,0.034941176470589766,0.46819937561956465,84.58014812386267,1.4326820260790958,-0.3595907869609745,0.24370511444162793,False
1.5169999999999437,0.2401484654077948,1.7529411764705882,1.7529411764705882,0.034941176470589766,0.4563206145281993,82.53301194606694,1.3170024817415362,-0.35827606591515027,0.2433461806347239,False
1.5179999999999436,0.23975024072677048,1.7529411764705882,1.7529411764705882,0.034941176470589766,0.44562972954597035,80.69104910335794,1.2132403468539636,-0.35706509928453806,0.24298850967296295,False
1.5189999999999435,0.2393514244858601,1.7529411764705882,1.7529411764705882,0.034941176470589766,0.43600793306196417,79.03293008566122,1.1203193296461196,-0.3559470465631142,0.24263200322207906,False
1.5199999999999434,0.2389520176691029,1.7529411764705882,1.7529411764705882,0.034941176470589766,0.4273483162263584,77.54081854461215,1.0371120215403455,-0.3549121945894762,0.24227657322465068,False
1.5209999999999433,0.23855202126199565,1.7529411764705882,1.7529411764705882,0.034941176470589766,0.41955466107431316,76.19843759180428,0.9626757167043226,-0.3539517728504555,0.24192214086510344,False
1.5219999999999432,0.2381514362514897,1.7411764705882353,1.7529411764705882,0.03488235294117801,-0.7645184520919481,-61.05271844195842,0.8961501131096046,-0.35305787108293557,0.2415686356682599,False
1.522999999999943,0.2377502636259887,1.7411764705882353,1.7529411764705882,0.03482352941176625,-0.6655371951180566,-88.91917463155463,-6.361146935467303,-0.35942129165988135,0.24121239570907857,False
1.523999999999943,0.2373485043753463,1.7411764705882353,1.7529411764705882,0.034764705882354495,-0.5765128873709651,-86.51054446360075,-7.830910698915375,-0.36725452293452543,0.2408490574164092,False
1.5249999999999428,0.23694615949086356,1.7411764705882353,1.7529411764705882,0.03470588235294274,-0.49644983392799336,-76.44733189495102,-7.698748570589567,-0.37495564158515504,0.24047795194050345,False
1.5259999999999427,0.23654322996528626,1.7411764705882353,1.7529411764705882,0.03464705882353098,-0.4244519093587298,-65.12697610429619,-7.161494569929411,-0.3821195531926105,0.24009941394154782,False
1.5269999999999426,0.23613971679280316,1.7411764705882353,1.7529411764705882,0.034588235294119224,-0.35971260077580347,-54.2934006690192,-6.557638480409112,-0.3886796519781807,0.23971401393007796,False
1.5279999999999425,0.2357356209690428,1.7411764705882353,1.7529411764705882,0.03452941176470747,-0.3015060465805809,-44.36862147581579,-5.979457174394739,-0.39466160900191455,0.2393223428840108,False
1.5289999999999424,0.23533094349107148,1.7411764705882353,1.7529411764705882,0.03447058823529571,-0.24917897133429165,-35.38317090423001,-5.4492861536064146,-0.40011343108256614,0.23892495494228505,False
1.5299999999999423,0.23492568535739072,1.7411764705882353,1.7529411764705882,0.03441176470588395,-0.20214342714204248,-27.290748486033948,-4.968747272963157,-0.405084747205169,0.23852235542588582,False
1.5309999999999422,0.23451984756793456,1.7411764705882353,1.7411764705882353,0.03441176470588395,1.0,114.04052648746585,-4.535396618770877,-0.4096227427456063,0.2381150012485667,False
1.531999999999942,0.23411343112406743,1.7411764705882353,1.7411764705882353,0.03441176470588395,0.9498814710737833,148.77917648553606,2.947508224463027,-0.40667783083033315,0.23770685052854668,False
1.532999999999942,0.23370643702858154,1.7411764705882353,1.7411764705882353,0.03441176470588395,0.8893050886722955,151.68241624700565,4.79064786657767,-0.40188975294396373,0.2373025663074893,False
1.5339999999999419,0.23329886628569438,1.7411764705882353,1.7411764705882353,0.03441176470588395,0.834786344510956,146.13518796232262,4.949344108761061,-0.3969429478902095,0.23690314953302782,False
1.5349999999999417,0.2328907199010462,1.7411764705882353,1.7411764705882353,0.03441176470588395,0.7857194747657498,138.7991029243631,4.660873258599349,-0.39228458364001545,0.23650853534827687,False
1.5359999999999416,0.23248199888169774,1.7411764705882353,1.7411764705882353,0.03441176470588395,0.7415592919950637,131.5269559657041,4.2776992226950155,-0.38800936561020555,0.2361183879593694,False
1.5369999999999415,0.2320727042361273,1.7411764705882353,1.7411764705882353,0.03441176470588395,0.7018151275014456,124.79045179197664,3.897856493959139,-0.38411396491267313,0.23573232588412532,False
1.5379999999999414,0.2316628369742288,1.7411764705882353,1.7411764705882353,0.03441176470588395,0.6660453794571888,118.66409785458112,3.5463071741728895,-0.3805700904312668,0.2353499834503834,False
1.5389999999999413,0.23125239810730902,1.7411764705882353,1.7411764705882353,0.03441176470588395,0.6338526062173576,113.13386311746298,3.2269976446514907,-0.37734550447237303,0.23497102525041916,False
1.5399999999999412,0.230841388648085,1.7411764705882353,1.7411764705882353,0.03441176470588395,0.604879110301509,108.14909409581915,2.9391893933000817,-0.37440870765296647,0.23459514774508014,False
1.540999999999941,0.23042980961068177,1.7411764705882353,1.7411764705882353,0.03441176470588395,0.578802963977245,103.66323627966607,2.6802058653891176,-0.3717308769560781,0.2342220775564459,False
1.541999999999941,0.23001766201062981,1.7411764705882353,1.7411764705882353,0.03441176470588395,0.5553344322854069,99.62488400744995,2.4475870286689956,-0.3692856492243571,0.23385156889971226,False
1.5429999999999409,0.2296049468648621,1.7411764705882353,1.7411764705882353,0.03441176470588395,0.5342127537627526,95.98931680340505,2.2386158633453643,-0.3670493781643017,0.23348340099482706,False
1.5439999999999408,0.22919166519171233,1.7411764705882353,1.7411764705882353,0.03441176470588395,0.5152032430923633,92.72074968976773,2.0509287711693096,-0.3650007809404556,0.23311737552632625,False
1.5449999999999406,0.22877781801091202,1.7411764705882353,1.7411764705882353,0.03441176470588395,0.49809468348901276,89.77435030447779,1.8826346643454965,-0.3631204656779469,0.23275331451612252,False
1.5459999999999405,0.22836340634358784,1.7411764705882353,1.7411764705882353,0.03441176470588395,0.48269697984599724,87.12028335959873,1.7313635350319767,-0.3613914103965676,0.2323910581930755,False
1.5469999999999404,0.2279484312122595,1.7411764705882353,1.7411764705882353,0.03441176470588395,0.4688390465672829,84.73493388694303,1.595538650286638,-0.3597981697475601,0.23203046301972638,False
1.5479999999999403,0.2275328936408369,1.7411764705882353,1.7411764705882353,0.03441176470588395,0.45636690661643997,82.58545132051967,1.4739122000872276,-0.3583265460993075,0.23167140028012223,False
1.5489999999999402,0.2271167946546175,1.7294117647058824,1.7411764705882353,0.034352941176472196,-0.7319168428687394,-55.390900041399206,1.364747558083048,-0.35696407836365457,0.23131375458768422,False
1.54999999999994,0.22670013528028432,1.7294117647058824,1.7411764705882353,0.03429411764706044,-0.6367251585818743,-83.91103525113664,-5.930860599006785,-0.3628972413129297,0.2309538235451776,False
1.55099999999994,0.22628291654590293,1.7294117647058824,1.7411764705882353,0.03423529411764868,-0.5511114662531064,-82.08970678349515,-7.435156665103071,-0.3703347447752622,0.23058720716232423,False
1.5519999999999399,0.2258651394809191,1.7294117647058824,1.7411764705882353,0.034176470588236925,-0.474117966686626,-72.55540554409303,-7.334019495584842,-0.3776711582956976,0.23021320381309063,False
1.5529999999999398,0.22544680511615617,1.7294117647058824,1.7411764705882353,0.03411764705882517,-0.4048826406062046,-61.71120907932532,-6.824705328390012,-0.38449830250716266,0.22983211867742478,False
1.5539999999999397,0.22502791448381276,1.7294117647058824,1.7411764705882353,0.03405882352941341,-0.3426296706632364,-51.30677241010352,-6.246001948983507,-0.39074678466386525,0.22944449572158512,False
1.5549999999999395,0.2246084686174596,1.7294117647058824,1.7411764705882353,0.034000000000001654,-0.28666082124397596,-41.763483524263904,-5.690489190392207,-0.39643979180293987,0.2290509020147092,False
1.5559999999999394,0.22418846855203778,1.7294117647058824,1.7411764705882353,0.0339411764705899,-0.23634768029605285,-33.1290010456189,-5.180469078720605,-0.40162281322933113,0.22865187028772724,False
1.5569999999999393,0.22376791532385576,1.7294117647058824,1.7411764705882353,0.03388235294117814,-0.1911246769723332,-25.35367033718221,-4.718469373112436,-0.40634386630711866,0.22824788651818542,False
1.5579999999999392,0.22334680997058676,1.7294117647058824,1.7411764705882353,0.03382352941176638,-0.15048279751039673,-18.354962791549788,-4.3018684845785895,-0.41064834710571557,0.22783938997686345,False
1.558999999999939,0.22292515353126643,1.7294117647058824,1.7411764705882353,0.033764705882354626,-0.1139639295240652,-12.064700361317238,-3.9263049431579335,-0.4145772904948671,0.2274267767190259,False
1.559999999999939,0.2225029470462902,1.7294117647058824,1.7294117647058824,0.033764705882354626,1.0,118.5436810272092,-3.588176054447001,-0.4181681288956982,0.22701040356625013,False
1.5609999999999389,0.22208019155741038,1.7294117647058824,1.7294117647058824,0.033764705882354626,1.0,155.98968287244688,3.3275108720354045,-0.4148432741153315,0.22659389742148003,False
1.5619999999999388,0.22165688810773426,1.7294117647058824,1.7294117647058824,0.033764705882354626,0.9518344130240388,161.09573737478433,5.31400846694599,-0.40953189230261194,0.22618170939956003,False
1.5629999999999387,0.22123303774172096,1.7294117647058824,1.7294117647058824,0.033764705882354626,0.8904156776039964,155.37775929439707,5.589360477012152,-0.4039451236314859,0.22577497045864087,False
1.5639999999999386,0.22080864150517915,1.7294117647058824,1.7294117647058824,0.033764705882354626,0.8351388157259575,147.26532794396482,5.2919540225695485,-0.3986557272361896,0.22537366960600383,False
1.5649999999999384,0.22038370044526442,1.7294117647058824,1.7294117647058824,0.033764705882354626,0.7853896400357219,139.10985829087844,4.867794878955536,-0.39379045823551484,0.22497744609143125,False
1.5659999999999383,0.2199582156104766,1.7294117647058824,1.7294117647058824,0.033764705882354626,0.7406153819145092,131.52392242039133,4.441299636674837,-0.38935165543868194,0.22458587461767265,False
1.5669999999999382,0.2195321880506571,1.7294117647058824,1.7294117647058824,0.033764705882354626,0.7003185496054174,124.62687017234822,4.044884154660984,-0.3853092416739403,0.22419854375667328,False
1.567999999999938,0.2191056188169866,1.7294117647058824,1.7294117647058824,0.033764705882354626,0.6640514005272341,118.39827804015445,3.6848679397723525,-0.38162682004459064,0.2238150753174479,False
1.568999999999938,0.2186785089619823,1.7294117647058824,1.7294117647058824,0.033764705882354626,0.631410966356869,112.78577426257935,3.3601747649235705,-0.37826906965392826,0.223435126967946,False
1.569999999999938,0.21825085953949533,1.7294117647058824,1.7294117647058824,0.033764705882354626,0.6020345756035399,107.73227613585415,3.0680376185302216,-0.37520343640370146,0.22305839031365057,False
1.5709999999999378,0.21782267160470817,1.7294117647058824,1.7294117647058824,0.033764705882354626,0.5755958239255434,103.18600140091796,2.8054398420501934,-0.37240038265970765,0.22268458800594382,False
1.5719999999999377,0.21739394621413202,1.7294117647058824,1.7294117647058824,0.033764705882354626,0.5518009474153464,99.0896148838265,2.5696448597259014,-0.3698331071869984,0.22231347086567232,False
1.5729999999999376,0.216964684425604,1.7294117647058824,1.7294117647058824,0.033764705882354626,0.5303855585561688,95.4003607980701,2.3576219741296236,-0.3674778392902092,0.22194481499967467,False
1.5739999999999374,0.21653488729828493,1.7294117647058824,1.7294117647058824,0.033764705882354626,0.5111117085829086,92.0806369702629,2.1671115811813717,-0.3653130677362227,0.22157841915577783,False
1.5749999999999373,0.2161045558926566,1.7176470588235293,1.7294117647058824,0.03370588235294287,-0.6832935799224684,-46.94752791560204,1.9961264882260052,-0.3633192683559621,0.22121410259953156,False
1.5759999999999372,0.21567369127051886,1.7176470588235293,1.7294117647058824,0.03364705882353111,-0.5936112807537595,-76.41476212216155,-5.355043871825592,-0.36867665811405076,0.22084810424627233,False
1.5769999999999371,0.21524229449498744,1.7176470588235293,1.7294117647058824,0.033588235294119355,-0.5129560350313319,-75.4468335921209,-6.909368642638313,-0.3755884137218413,0.22047597131376007,False
1.577999999999937,0.21481036663049108,1.7176470588235293,1.7294117647058824,0.0335294117647076,-0.44042513741055805,-66.68611682116291,-6.853308871207463,-0.38244415372177315,0.22009695462607365,False
1.578999999999937,0.21437790874276863,1.7176470588235293,1.7294117647058824,0.03347058823529584,-0.3752061530812726,-56.52967620622296,-6.384854825127934,-0.3888314817333895,0.21971131639728889,False
1.5799999999999368,0.21394492189886696,1.7176470588235293,1.7294117647058824,0.033411764705884084,-0.31656789071432667,-46.74648996999543,-5.842475664449673,-0.3946764693411611,0.2193195620041389,False
1.5809999999999367,0.2135114071671382,1.7176470588235293,1.7294117647058824,0.03335294117647233,-0.26385227811348644,-37.76353919109033,-5.319773171498403,-0.3999987898371117,0.21892222395094763,False
1.5819999999999366,0.21307736561723678,1.7176470588235293,1.7294117647058824,0.03329411764706057,-0.21646705030214147,-29.633212814065022,-4.8393449161593525,-0.4048407143042945,0.21851980376981853,False
1.5829999999999365,0.21264279832011712,1.7176470588235293,1.7294117647058824,0.03323529411764881,-0.17387916880134224,-22.309247678616465,-4.403968591016646,-0.40924729179960095,0.21811275933273888,False
1.5839999999999363,0.2122077063480309,1.7176470588235293,1.7294117647058824,0.033176470588237056,-0.13560889898003414,-15.721675402035448,-4.011201738819691,-0.4132611291995327,0.21770150468368252,False
1.5849999999999362,0.2117720907745241,1.7176470588235293,1.7294117647058824,0.0331176470588253,-0.1012244796702682,-9.800063835106597,-3.6573471612716095,-0.4169211364382777,0.21728641310817465,False
1.5859999999999361,0.21133595267443497,1.7176470588235293,1.7294117647058824,0.03305882352941354,-0.0703373258208903,-4.478834615265579,-3.33868265008142,-0.42026250147404925,0.21686782084275502,False
1.586999999999936,0.21089929312389086,1.7176470588235293,1.7294117647058824,0.033000000000001785,-0.04259771088586155,0.30187067077635715,-3.0517423795611047,-0.4233169466490539,0.21644603066877752,False
1.587999999999936,0.2104621132003059,1.7176470588235293,1.7176470588235293,0.033000000000001785,1.0,122.21591326568488,-2.793362776740368,-0.42611303092140085,0.2160213152269138,False
1.5889999999999358,0.21002441398237812,1.7176470588235293,1.7176470588235293,0.033000000000001785,1.0,157.16066480536045,3.6624275301698193,-0.4224533154884536,0.21559703160104884,False
1.5899999999999357,0.20958619655008667,1.7176470588235293,1.7176470588235293,0.033000000000001785,1.0,167.1086822234395,5.516695462848041,-0.41693930102943005,0.21517733484498214,False
1.5909999999999356,0.20914746198468953,1.7176470588235293,1.7176470588235293,0.033000000000001785,0.934609230123129,162.31536971192685,6.048335965381274,-0.41089360873826714,0.21476341794841725,False
1.5919999999999355,0.20870821136872073,1.7176470588235293,1.7176470588235293,0.033000000000001785,0.8741483071108247,153.86190160331606,5.799951081807085,-0.40509626391577885,0.21435542257668894,False
1.5929999999999354,0.2082684457859874,1.7176470588235293,1.7176470588235293,0.033000000000001785,0.8197334763997499,145.06720445492118,5.357839820327556,-0.39974099534692126,0.2139530035175693,False
1.5939999999999352,0.20782816632156748,1.7176470588235293,1.7176470588235293,0.033000000000001785,0.7707601287597821,136.80255155556247,4.89760925131191,-0.3948459252382528,0.2135557096332215,False
1.5949999999999351,0.20738737406180688,1.7176470588235293,1.7176470588235293,0.033000000000001785,0.7266841158838105,129.26703346916807,4.4653633306869365,-0.39038307176075904,0.21316309471562508,False
1.595999999999935,0.2069460700943164,1.7176470588235293,1.7176470588235293,0.033000000000001785,0.6870157042954356,122.4598607162217,4.0716410289929295,-0.3863139138917212,0.2127747458082206,False
1.596999999999935,0.20650425550796986,1.7176470588235293,1.7176470588235293,0.033000000000001785,0.6513141338658979,116.31920426633687,3.7164053586208374,-0.38259996735039187,0.21239028845714142,False
1.5979999999999348,0.20606193139290085,1.7176470588235293,1.7176470588235293,0.033000000000001785,0.6191827204793133,110.78996663053965,3.3963893158015113,-0.3792060146280582,0.21200938505945482,False
1.5989999999999347,0.20561909884050014,1.7176470588235293,1.7176470588235293,0.033000000000001785,0.5902644484313869,105.8125776497515,3.108681625289406,-0.37609974927881307,0.21163173177424127,False
1.5999999999999346,0.20517575894341306,1.7176470588235293,1.7176470588235293,0.033000000000001785,0.5642380035882529,101.3325611948193,2.850133974584117,-0.37325201297637156,0.2112570554930001,False
1.6009999999999345,0.20473191279553682,1.7058823529411764,1.7176470588235293,0.03294117647059003,-0.6362446202999885,-38.74114560489798,2.6178672175473867,-0.3706365263666398,0.2108851108261003,False
1.6019999999999344,0.2042875614920174,1.7058823529411764,1.7176470588235293,0.03288235294117827,-0.5520319229758794,-69.14938207609724,-4.788521021141728,-0.3754274430665436,0.21051207844296205,False
1.6029999999999343,0.20384270612924765,1.7058823529411764,1.7176470588235293,0.032823529411766514,-0.4762993189135921,-69.02826012475491,-6.392539343735944,-0.3818224158402874,0.21013345310908085,False
1.6039999999999341,0.20339734780486393,1.7058823529411764,1.7176470588235293,0.03276470588235476,-0.40819879878694443,-61.024730997869874,-6.3811954622234035,-0.38820608587147754,0.20974843844693894,False
1.604999999999934,0.20295148761774365,1.7058823529411764,1.7176470588235293,0.032705882352943,-0.3469671542023725,-51.55860016321145,-5.952721262835009,-0.3941613209968944,0.20935725432559382,False
1.605999999999934,0.2025051266680025,1.7058823529411764,1.7176470588235293,0.03264705882353124,-0.2919174976056688,-42.39474434104769,-5.446788641347458,-0.3996106597261405,0.20896036791119396,False
1.6069999999999338,0.20205826605699181,1.7058823529411764,1.7176470588235293,0.032588235294119486,-0.2424316301980467,-33.96840086328392,-4.956781947567706,-0.40457002482019955,0.20855827713928565,False
1.6079999999999337,0.20161090688729555,1.7058823529411764,1.7176470588235293,0.03252941176470773,-0.197953173060598,-26.33877997738065,-4.505735200418117,-0.40907837325853347,0.20815145250551575,False
1.6089999999999336,0.20116305026272807,1.7058823529411764,1.7176470588235293,0.03247058823529597,-0.15798138516630547,-19.4656700288189,-4.096786658385974,-0.413177800541359,0.20774032397924821,False
1.6099999999999335,0.2007146972883311,1.7058823529411764,1.7176470588235293,0.032411764705884215,-0.12206559959085338,-13.283950531621597,-3.727813735277419,-0.4169082798426937,0.20732528049546609,False
1.6109999999999334,0.20026584907037107,1.7058823529411764,1.7176470588235293,0.03235294117647246,-0.0898002161023579,-7.727813466701157,-3.3953754528305096,-0.4203063435991344,0.20690667273630645,False
1.6119999999999333,0.19981650671633627,1.7058823529411764,1.7176470588235293,0.0322941176470607,-0.060820194492123385,-2.7356374770426535,-3.0959940112294797,-0.42340504666616824,0.20648481659022316,False
1.6129999999999332,0.19936667133493444,1.7058823529411764,1.7176470588235293,0.032235294117648944,-0.03479699857232378,1.7487842638332327,-2.826412721253417,-0.4262341874074908,0.20605999651902707,False
1.613999999999933,0.19891634403608943,1.7058823529411764,1.7176470588235293,0.03217647058823719,-0.011434945773915635,5.776108415564014,-2.583661009439294,-0.42882059379117465,0.20563246867133297,False
1.614999999999933,0.1984655259309392,1.7058823529411764,1.7176470588235293,0.03211764705882543,0.009532078215240304,9.392023249670762,-2.3650616305586363,-0.43118841670017366,0.205202463706303,False
1.6159999999999328,0.1980142181318326,1.7058823529411764,1.7058823529411764,0.03211764705882543,1.0,124.93716537567623,-2.168199918782316,-0.43335939249573413,0.20477018933945274,False
1.6169999999999327,0.19756242175232677,1.7058823529411764,1.7058823529411764,0.03211764705882543,1.0,158.0486040081352,3.950722002579379,-0.42941143437360624,0.20433880346467448,False
1.6179999999999326,0.19711013790718437,1.7058823529411764,1.7058823529411764,0.03211764705882543,1.0,167.46738331843943,5.708092032626216,-0.4237060736126519,0.20391224425445906,False
1.6189999999999325,0.196657367712371,1.7058823529411764,1.7058823529411764,0.03211764705882543,0.9657771729876424,166.1228374134612,6.211829550584589,-0.41749693680043487,0.20349164229936229,False
1.6199999999999324,0.19620411228505175,1.7058823529411764,1.7058823529411764,0.03211764705882543,0.9013171027477107,158.1909494130669,6.146010743581228,-0.411353579454969,0.20307721659791256,False
1.6209999999999323,0.19575037274358956,1.7058823529411764,1.7058823529411764,0.03211764705882543,0.8433030395317714,149.1209135225582,5.731586048127828,-0.40562460936825906,0.2026687270664919,False
1.6219999999999322,0.19529615020754154,1.7058823529411764,1.7058823529411764,0.03211764705882543,0.7910903826374255,140.4081639880012,5.25687293923506,-0.40037031786216126,0.20226572917170677,False
1.622999999999932,0.19484144579765675,1.7058823529411764,1.7058823529411764,0.03211764705882543,0.7440989914325136,132.3948046734315,4.8009994051551255,-0.39557186831980656,0.20186775765278867,False
1.623999999999932,0.19438626063587303,1.7058823529411764,1.7058823529411764,0.03211764705882543,0.7018067393480922,125.14466575580992,4.382071442440587,-0.3911923179304225,0.20147437513871255,False
1.6249999999999318,0.1939305958453147,1.6941176470588235,1.7058823529411764,0.03205882352941367,-0.5133151110573078,-17.44230027002436,4.003471352053221,-0.38719134133157423,0.2010851828925812,False
1.6259999999999317,0.19347445255028906,1.6941176470588235,1.7058823529411764,0.032000000000001916,-0.44227771759864154,-50.114308035197865,-3.5356767220413885,-0.39072951958743646,0.20069622204583598,False
1.6269999999999316,0.1930178318762845,1.6941176470588235,1.7058823529411764,0.03194117647059016,-0.3784028870152531,-52.03098755889006,-5.259269867961302,-0.3959913212906633,0.20030286120436866,False
1.6279999999999315,0.1925607349499671,1.6941176470588235,1.7058823529411764,0.0318823529411784,-0.32097436301961446,-45.86164159733461,-5.355558642948689,-0.40134944617984697,0.19990419039388738,False
1.6289999999999314,0.19210316289917814,1.6941176470588235,1.7058823529411764,0.031823529411766645,-0.26934751495295084,-38.0463647958113,-5.023956226705174,-0.40637600185803746,0.1995003272375292,False
1.6299999999999313,0.1916451168529311,1.6941176470588235,1.7058823529411764,0.03176470588235489,-0.22294217522236476,-30.368454054892595,-4.605206829919835,-0.41098383884916356,0.1990916468796436,False
1.6309999999999312,0.19118659794140927,1.6941176470588235,1.7058823529411764,0.03170588235294313,-0.1812361929942486,-23.28193467074756,-4.193668349098017,-0.4151801654171347,0.1986785644352289,False
1.631999999999931,0.19072760729596214,1.6941176470588235,1.7058823529411764,0.031647058823531374,-0.14375963251835516,-16.85474163717403,-3.8133679135179945,-0.41899621710353024,0.1982614757973603,False
1.632999999999931,0.19026814604910372,1.6941176470588235,1.7058823529411764,0.03158823529411962,-0.11008955161946256,-11.064730923718354,-3.467904551434801,-0.4224668286935029,0.19784074382391442,False
1.6339999999999308,0.1898082153345089,1.6941176470588235,1.7058823529411764,0.03152941176470786,-0.07984530233987058,-5.858387530783494,-3.1561108551891413,-0.42562566778265015,0.19741669712154092,False
1.6349999999999307,0.18934781628701106,1.6941176470588235,1.7058823529411764,0.0314705882352961,-0.052684301517649176,-1.1802033258027194,-2.875159195204875,-0.4285035745405646,0.1969896320429724,False
1.6359999999999306,0.18888695004259898,1.6941176470588235,1.7058823529411764,0.031411764705884346,-0.028298224307061297,3.02171596554384,-2.6221161107921143,-0.4311284558611724,0.19655981556737837,False
1.6369999999999305,0.18842561773841454,1.6941176470588235,1.7058823529411764,0.03135294117647259,-0.006409578346943737,6.794748442746251,-2.394239007162392,-0.4335254762106702,0.19612748813822,False
1.6379999999999304,0.18796382051274904,1.6941176470588235,1.7058823529411764,0.03129411764706083,0.013231379487750501,10.181709276215505,-2.189023929747228,-0.4357172962512055,0.19569286628636867,False
1.6389999999999303,0.18750155950504135,1.6941176470588235,1.7058823529411764,0.031235294117649075,0.03084941800956375,13.221138027856622,-2.004208068441005,-0.4377243139703366,0.1952561450133479,False
1.6399999999999302,0.18703883585587455,1.6941176470588235,1.7058823529411764,0.031176470588237318,0.04664682914978419,15.947773669109225,-1.8377545832667408,-0.43956489063763804,0.194817499941032,False
1.64099999999993,0.18657565070697327,1.6941176470588235,1.7058823529411764,0.03111764705882556,0.06080567564657108,18.39309917166776,-1.6878274964118618,-0.44125555165468006,0.19437708924794111,False
1.64199999999993,0.18611200520120083,1.6941176470588235,1.6941176470588235,0.03111764705882556,1.0,127.66687747409611,-1.5527629008518347,-0.44281115861479464,0.19393505541908115,False
1.6429999999999298,0.18564790048255647,1.6941176470588235,1.6941176470588235,0.03111764705882556,1.0,158.9735762645071,4.234478867816685,-0.43857950924528477,0.19349435961281888,False
1.6439999999999297,0.18518333769617232,1.6941176470588235,1.6941176470588235,0.03111764705882556,1.0,167.87133327975715,5.8964904810807335,-0.43268581416344076,0.19305872648416827,False
1.6449999999999296,0.1847183179883109,1.6941176470588235,1.6941176470588235,0.03111764705882556,0.995978780262341,169.86375739706995,6.37278746256906,-0.42631578238560947,0.1926292252254812,False
1.6459999999999295,0.18425284250636217,1.6941176470588235,1.6941176470588235,0.03111764705882556,0.92749854929494,162.42052170190854,6.483647512540493,-0.41983484933579607,0.1922061494560582,False
1.6469999999999294,0.18378691239884057,1.6941176470588235,1.6941176470588235,0.03111764705882556,0.8658663414242784,153.07338416430528,6.095195155695613,-0.41374232883812007,0.19178936042011216,False
1.6479999999999293,0.1833205288153825,1.6941176470588235,1.6941176470588235,0.03111764705882556,0.8103973543406823,143.89003102342946,5.605934313559828,-0.4081390322990513,0.19137841929891894,False
1.6489999999999292,0.18285369290674278,1.6823529411764706,1.6941176470588235,0.031058823529413804,-0.41658355756397536,-0.6376716553947435,5.12527055958221,-0.40301636573206545,0.19097284116499466,False
1.649999999999929,0.18238640582479274,1.6823529411764706,1.6941176470588235,0.031000000000002047,-0.3562193194546412,-35.11575375290342,-2.51635295216757,-0.40553532269861126,0.19056856488723273,False
1.650999999999929,0.18191866872251689,1.6823529411764706,1.6941176470588235,0.03094117647059029,-0.30195032868565164,-38.67535411273089,-4.335309058000477,-0.4098732599880585,0.19016086015863196,False
1.6519999999999289,0.1814504827540099,1.6823529411764706,1.6941176470588235,0.030882352941178533,-0.253167060522972,-33.989846570452336,-4.518339681511977,-0.414394256810937,0.18974872595818956,False
1.6529999999999287,0.18098184907447423,1.6823529411764706,1.6941176470588235,0.030823529411766776,-0.20932094270597168,-27.511223841236806,-4.265072343125285,-0.41866201451786395,0.1893321973757334,False
1.6539999999999286,0.18051276884021694,1.6823529411764706,1.6941176470588235,0.03076470588235502,-0.16991826020008266,-21.037096308794194,-3.916879823536801,-0.42258160589649335,0.18891157511430717,False
1.6549999999999285,0.1800432432086467,1.6823529411764706,1.6941176470588235,0.030705882352943262,-0.13451466947419388,-15.031723938907517,-3.56887648252495,-0.4261532178907445,0.18848720724713966,False
1.6559999999999284,0.17957327333827136,1.6823529411764706,1.6941176470588235,0.030647058823531505,-0.10271026135030524,-9.581750056012321,-3.24563019256822,-0.42940160542296196,0.1880594293765133,False
1.6569999999999283,0.17910286038869494,1.6823529411764706,1.6941176470588235,0.030588235294119748,-0.0741451175682168,-4.670361358142281,-2.9517291346013232,-0.4323561117748243,0.1876285500555795,False
1.6579999999999282,0.17863200552061456,1.6823529411764706,1.6941176470588235,0.03052941176470799,-0.04849531169374869,-0.25433393023373474,-2.6862873249654315,-0.4350451944288606,0.18719484893707675,False
1.658999999999928,0.17816070989581786,1.6823529411764706,1.6941176470588235,0.030470588235296234,-0.025469309936138954,3.712416568585393,-2.447021068446951,-0.43749502734526025,0.18675857835799298,False
1.659999999999928,0.1776889746771801,1.6823529411764706,1.6941176470588235,0.030411764705884477,-0.004804731883701584,7.273953832569448,-2.2314950069962487,-0.4397293492837463,0.1863199656989293,False
1.6609999999999279,0.1772168010286607,1.6823529411764706,1.6941176470588235,0.03035294117647272,0.013734564834080518,10.470453321488765,-2.03738040327811,-0.44176957040912407,0.18587921576600067,False
1.6619999999999278,0.17674419011530135,1.6823529411764706,1.6941176470588235,0.030294117647060963,0.03036110835067274,13.33854780187347,-1.862553981565106,-0.44363497773882926,0.1854365130167089,False
1.6629999999999276,0.17627114310322253,1.6823529411764706,1.6941176470588235,0.030235294117649206,0.04526617398619429,15.910901035636744,-1.70507967151524,-0.4453429223354914,0.18499202358949643,False
1.6639999999999275,0.1757976611596207,1.6823529411764706,1.6941176470588235,0.03017647058823745,0.058621909528752125,18.217101746602367,-1.5632311874067841,-0.4469090290800303,0.18454589713481598,False
1.6649999999999274,0.17532374545276547,1.6823529411764706,1.6941176470588235,0.03011764705882569,0.07058324798764257,20.283670821467524,-1.435444750311739,-0.4483473591680683,0.18409826846006633,False
1.6659999999999273,0.1748493971519969,1.6823529411764706,1.6941176470588235,0.030058823529413935,0.08128962907123227,22.13354834027729,-1.3203187261270781,-0.4496705722454153,0.1836492590122112,False
1.6669999999999272,0.174374617427722,1.6823529411764706,1.6941176470588235,0.030000000000002178,0.09086654851705137,23.790769524524674,-1.216640783086196,-0.4508901157022215,0.1831989781846834,False
1.667999999999927,0.17389940745141266,1.6823529411764706,1.6823529411764706,0.030000000000002178,1.0,129.35806912238758,-1.123140507636518,-0.4520161665831614,0.18274752455868676,False
1.668999999999927,0.17342376839560225,1.6823529411764706,1.6823529411764706,0.030000000000002178,1.0,159.597983916046,4.468124153137643,-0.44755093628028125,0.18229774052415396,False
1.6699999999999269,0.17294770143388288,1.6823529411764706,1.6823529411764706,0.030000000000002178,1.0,168.18621289066482,6.073819650346359,-0.44147997504013486,0.18185322459101164,False
1.6709999999999268,0.17247120774090247,1.6823529411764706,1.6823529411764706,0.030000000000002178,1.0,170.5511507559733,6.533863865864304,-0.4349489287079057,0.18141500966838559,False
1.6719999999999267,0.17199428849236192,1.6823529411764706,1.6823529411764706,0.030000000000002178,0.9406723176456437,164.27184883733725,6.664554957511697,-0.4282871488465636,0.18098339116590556,False
1.6729999999999265,0.17151694486501184,1.6705882352941177,1.6823529411764706,0.02994117647059042,-0.3004537376483319,18.926885112906582,6.337804029083925,-0.42195207858879785,0.18055827109543077,False
1.6739999999999264,0.1710391780366503,1.6705882352941177,1.6823529411764706,0.029882352941178664,-0.25282012858938413,-17.27523207872742,-1.3468131944016248,-0.423301617951781,0.18013564379304653,False
1.6749999999999263,0.17056098918611948,1.6705882352941177,1.6823529411764706,0.029823529411766907,-0.21000870396574228,-22.670624584972344,-3.256753975533884,-0.42656111521742524,0.17971071196983657,False
1.6759999999999262,0.17008237949330277,1.6705882352941177,1.6823529411764706,0.02976470588235515,-0.17153724533387588,-19.718840269269815,-3.536695396397008,-0.43010057633780946,0.17928238066374483,False
1.676999999999926,0.1696033501391221,1.6705882352941177,1.6823529411764706,0.029705882352943393,-0.13697175609460743,-14.824591902493196,-3.3749504337263745,-0.4334783148406154,0.1788505907540885,False
1.677999999999926,0.1691239023055348,1.6705882352941177,1.6823529411764706,0.029647058823531636,-0.10592163930867729,-9.782921657080573,-3.110389211645219,-0.436591512986026,0.17841555537258333,False
1.6789999999999259,0.1686440371755306,1.6705882352941177,1.6823529411764706,0.02958823529411988,-0.07803535773075157,-5.068790839008586,-2.837989193006859,-0.4394323302418552,0.17797754298014068,False
1.6799999999999258,0.16816375593312904,1.6705882352941177,1.6823529411764706,0.02952941176470812,-0.052996527840029894,-0.781709370353958,-2.582883532244767,-0.44201805928731497,0.1775368173115934,False
1.6809999999999257,0.1676830597633764,1.6705882352941177,1.6823529411764706,0.029470588235296365,-0.03052040446779175,3.0829859711672953,-2.3503403449125075,-0.44437126105085334,0.17709362217494912,False
1.6819999999999256,0.16720194985234266,1.6705882352941177,1.6823529411764706,0.029411764705884608,-0.010350716962188936,6.556604721280369,-2.1401157540388858,-0.4465142527279595,0.17664817893912949,False
1.6829999999999254,0.16672042738711873,1.6705882352941177,1.6823529411764706,0.02935294117647285,0.007743178263442049,9.675116339391208,-1.950555774643229,-0.4484676976655703,0.176200687482762,False
1.6839999999999253,0.16623849355581355,1.6705882352941177,1.6823529411764706,0.029294117647061094,0.023968860437098352,12.473153135325495,-1.7797596159593692,-0.45025035854460377,0.17575132797143894,False
1.6849999999999252,0.16575614954755064,1.6705882352941177,1.6823529411764706,0.029235294117649337,0.038513150863977545,14.982373756421367,-1.6258970049704116,-0.4518791678857951,0.17530026272313273,False
1.6859999999999251,0.1652733965524661,1.6705882352941177,1.6823529411764706,0.02917647058823758,0.05154418871875718,17.23180726826826,-1.4872947952999362,-0.45336938516524555,0.1748476379598001,False
1.686999999999925,0.16479023576170487,1.6705882352941177,1.6823529411764706,0.029117647058825823,0.0632132992586473,19.24710297176247,-1.3624187828382248,-0.4547347357465302,0.17439358541096237,False
1.687999999999925,0.16430666836741822,1.6705882352941177,1.6823529411764706,0.029058823529414066,0.07365667521513669,21.052100913827324,-1.2499134157997205,-0.4559875895239239,0.17393822375849796,False
1.6889999999999248,0.16382269556276063,1.6705882352941177,1.6823529411764706,0.02900000000000231,0.08299689004656552,22.667480234569915,-1.1485187172796538,-0.457139056488977,0.17348165994432982,False
1.6899999999999247,0.163338318541887,1.6705882352941177,1.6823529411764706,0.02894117647059055,0.0913442598654398,24.112222495940195,-1.057141815073871,-0.45819915382783166,0.17302399034678076,False
1.6909999999999246,0.1628535384999492,1.6705882352941177,1.6823529411764706,0.028882352941178795,0.09879806917301501,25.402773816365706,-0.9747795317997396,-0.45917689560940045,0.17256530182853572,False
1.6919999999999245,0.16236835663309399,1.6705882352941177,1.6823529411764706,0.028823529411767038,0.10544767402042102,26.555052692344102,-0.9005627276103594,-0.46008042681702727,0.1721056726727444,False
1.6929999999999243,0.1618827741384593,1.6705882352941177,1.6705882352941177,0.028823529411767038,1.0,130.28859407830453,-0.8336500792242582,-0.4609170511595821,0.1716451734382021,False
1.6939999999999242,0.16139679221417175,1.6705882352941177,1.6705882352941177,0.028823529411767038,1.0,159.99958188510857,4.660717377562377,-0.45625929003171745,0.17118658477406917,False
1.6949999999999241,0.16091041205934337,1.6705882352941177,1.6705882352941177,0.028823529411767038,1.0,168.43227820647712,6.238550622379966,-0.4500236590192395,0.17073344281182973,False
1.695999999999924,0.16042363487406902,1.6588235294117646,1.6705882352941177,0.028764705882355277,-0.15967989872225083,36.72010572786845,6.690486285179071,-0.44333605035188284,0.17028676247634755,False
1.696999999999924,0.1599364618594227,1.6588235294117646,1.6705882352941177,0.028705882352943517,-0.12730014414414476,2.651412968029882,-0.27255343904505486,-0.4436114684163675,0.16984328823958122,False
1.6979999999999238,0.15944889421745556,1.6588235294117646,1.6705882352941177,0.028647058823531756,-0.09821718855326078,-3.735272522684885,-2.0693520404219155,-0.44568369481684456,0.16939864017928244,False
1.6989999999999237,0.1589609331511923,1.6588235294117646,1.6705882352941177,0.028588235294119996,-0.07210135205087669,-2.513547380825897,-2.4014920770226493,-0.44808807628983677,0.16895175381260064,False
1.6999999999999236,0.15847257986462834,1.6588235294117646,1.6705882352941177,0.028529411764708235,-0.04865592272814242,0.582779435542633,-2.3310471448984216,-0.45042202828140226,0.1685024982765988,False
1.7009999999999235,0.157983835562727,1.6588235294117646,1.6705882352941177,0.028470588235296475,-0.02761385986709306,3.9370106060123016,-2.1613892782029125,-0.4525863369774808,0.16805099360779432,False
1.7019999999999234,0.15749470145141595,1.6588235294117646,1.6705882352941177,0.028411764705884714,-0.008734826821560071,7.112410232051805,-1.9780587007839445,-0.4545673285149916,0.1675974162866037,False
1.7029999999999232,0.15700517873758515,1.6588235294117646,1.6705882352941177,0.028352941176472954,0.008197479390007964,10.008816016496452,-1.804165005300238,-0.4563744386343512,0.1671419449125073,False
1.7039999999999231,0.15651526862908327,1.6588235294117646,1.6705882352941177,0.028294117647061193,0.02337773145100759,12.620186722526991,-1.6450098332973488,-0.45802240480098616,0.1666847459983695,False
1.704999999999923,0.15602497233471474,1.6588235294117646,1.6705882352941177,0.028235294117649433,0.036981134776495825,14.965144937295403,-1.5009147768212912,-0.459526286168674,0.16622597115872914,False
1.705999999999923,0.155534291064237,1.6588235294117646,1.6705882352941177,0.028176470588237672,0.04916537424002353,17.067657333513587,-1.3708963002758543,-0.46090015844839183,0.16576575744067704,False
1.7069999999999228,0.15504322602835738,1.6588235294117646,1.6705882352941177,0.028117647058825912,0.06007236622778682,18.951236867672,-1.2536879442499622,-0.46215683097696136,0.1653042284487656,False
1.7079999999999227,0.15455177843872978,1.6588235294117646,1.6705882352941177,0.02805882352941415,0.06982983548736219,20.637383120596034,-1.1480470979594901,-0.4633078705576242,0.1648414955994642,False
1.7089999999999226,0.15405994950795243,1.6588235294117646,1.6705882352941177,0.02800000000000239,0.07855273429156838,22.145885492756644,-1.0528375346925944,-0.46436370783656983,0.1643776593105057,False
1.7099999999999225,0.15356774044956434,1.6588235294117646,1.6705882352941177,0.02794117647059063,0.08634451968594234,23.4944241046962,-0.96701338408082,-0.4653337276523493,0.1639128100918699,False
1.7109999999999224,0.1530751524780424,1.6588235294117646,1.6705882352941177,0.02788235294117887,0.09329830301146716,24.69887050431473,-0.8896402608394598,-0.4662263805147017,0.16344702953585283,False
1.7119999999999223,0.15258218680879843,1.6588235294117646,1.6705882352941177,0.02782352941176711,0.09949788447502783,25.773916143814677,-0.8198793660459114,-0.467049278185309,0.16298039120360625,False
1.7129999999999221,0.15208884465817643,1.6588235294117646,1.6705882352941177,0.02776470588235535,0.10501868426282084,26.732495425066126,-0.7569542454148015,-0.46780925601729695,0.16251296143271682,False
1.713999999999922,0.1515951272434488,1.6588235294117646,1.6705882352941177,0.02770588235294359,0.10992858054242283,27.585043010114678,-0.7001813248356457,-0.4685124658308076,0.16204480006717736,False
1.714999999999922,0.15110103578281434,1.6588235294117646,1.6705882352941177,0.027647058823531828,0.11428866366465278,28.344118313527584,-0.6490092133360911,-0.469164508092302,0.16157596107483133,False
1.7159999999999218,0.15060657149539458,1.6588235294117646,1.6705882352941177,0.027588235294120068,0.11815391494524807,29.01854341917621,-0.6027740333318666,-0.4697703194239117,0.16110649315497205,False
1.7169999999999217,0.15011173560123103,1.6588235294117646,1.6588235294117646,0.027588235294120068,1.0,131.1410659541372,-0.5610095852704573,-0.4703343702780415,0.16063644030335067,False
1.7179999999999216,0.14961652932128203,1.6470588235294117,1.6588235294117646,0.02752941176470831,0.019298788752744357,47.040131091381795,4.848251929464724,-0.46548914016796605,0.1601685280436267,False
1.7189999999999215,0.14912095387742003,1.6470588235294117,1.6588235294117646,0.027470588235296554,0.03254538046570617,24.41991202393164,0.40457035758533194,-0.4650875796760384,0.15970323918199447,False
1.7199999999999214,0.14862501049242785,1.6470588235294117,1.6588235294117646,0.027411764705884797,0.04440848947796033,19.307407733295474,-0.7862208729319384,-0.46587681317843566,0.15923775648361038,False
1.7209999999999213,0.14812870038999665,1.6470588235294117,1.6588235294117646,0.02735294117647304,0.055026464059577326,19.084570112085647,-1.050682853511724,-0.46693051513458667,0.15877135231646572,False
1.7219999999999211,0.1476320247947223,1.6470588235294117,1.6588235294117646,0.027294117647061283,0.06452381765362103,20.132875684139346,-1.0564230013219167,-0.4679899643077627,0.15830389157257924,False
1.722999999999921,0.14713498493210242,1.6470588235294117,1.6588235294117646,0.027235294117649526,0.0730126123588487,21.431192312135117,-0.9948943807743721,-0.4689878916774348,0.15783540213927413,False
1.723999999999921,0.1466375820285335,1.6470588235294117,1.6588235294117646,0.02717647058823777,0.08059370406414207,22.694990752370217,-0.9201250221375726,-0.4699110560509951,0.15736595215902355,False
1.7249999999999208,0.14613981731130785,1.6470588235294117,1.6588235294117646,0.02711764705882601,0.08735786306949436,23.852551152735078,-0.8471700572250722,-0.4707612713467653,0.15689561548794403,False
1.7259999999999207,0.1456416920086102,1.6470588235294117,1.6588235294117646,0.027058823529414255,0.09338678264489982,24.89382393197033,-0.7798250234900622,-0.4715441470484957,0.15642446227044704,False
1.7269999999999206,0.1451432073495153,1.6470588235294117,1.6588235294117646,0.027000000000002498,0.09875398673335305,25.8241336022583,-0.7186224660263475,-0.47226582522350535,0.1559525567751622,False
1.7279999999999205,0.14464436456398455,1.6470588235294117,1.6588235294117646,0.02694117647059074,0.10352564688354923,26.652972637299484,-0.6632814235154163,-0.4729321670162215,0.15547995726910688,False
1.7289999999999204,0.14414516488286291,1.6470588235294117,1.6588235294117646,0.026882352941178984,0.107761317489314,27.389928529603264,-0.6133003392605229,-0.47354853205004516,0.15500671640890845,False
1.7299999999999203,0.14364560953787597,1.6470588235294117,1.6588235294117646,0.026823529411767227,0.11151459750509057,28.044180756978786,-0.5681725632902462,-0.47411977333082017,0.1545328817448741,False
1.7309999999999202,0.14314569976162703,1.6470588235294117,1.6588235294117646,0.02676470588235547,0.11483372598987779,28.623690859412935,-0.5274129737894908,-0.4746502587718146,0.1540584962168466,False
1.73199999999992,0.14264543678759348,1.6470588235294117,1.6588235294117646,0.026705882352943713,0.11776211809677462,29.136166198449732,-0.4906008352204687,-0.47514393557714496,0.15358359860710546,False
1.73299999999992,0.1421448218501246,1.6470588235294117,1.6588235294117646,0.026647058823531956,0.12033884746357013,29.588114702489886,-0.4573288120542701,-0.47560434363912907,0.15310822395437806,False
1.7339999999999198,0.141643856184438,1.6470588235294117,1.6588235294117646,0.0265882352941202,0.12259908036427428,29.98578411644803,-0.42725298616338786,-0.4760346789533314,0.15263240392944413,False
1.7349999999999197,0.14114254102661672,1.6470588235294117,1.6588235294117646,0.02652941176470844,0.1245744664454963,30.334465118412478,-0.40004316634729914,-0.47643780734333024,0.15215616717217062,False
1.7359999999999196,0.14064087761360597,1.6470588235294117,1.6588235294117646,0.026470588235296685,0.12629349038918442,30.639063335903245,-0.3754197637155952,-0.47681631506111477,0.1516795395963837,False
1.7369999999999195,0.14013886718321056,1.6470588235294117,1.6588235294117646,0.026411764705884928,0.1277817884090919,30.903976477254645,-0.35312353031801336,-0.47717252912630836,0.1512025446592712,False
1.7379999999999194,0.13963651097409102,1.6470588235294117,1.6588235294117646,0.02635294117647317,0.12906243309759705,31.13308326996365,-0.3329220631815941,-0.4775085441695881,0.1507252036071932,False
1.7389999999999193,0.13913381022576154,1.6470588235294117,1.6588235294117646,0.026294117647061414,0.13015618978783983,31.330389280506235,-0.3146103923952475,-0.47782624986436484,0.15024753569435584,False
1.7399999999999192,0.1386307661785862,1.6470588235294117,1.6588235294117646,0.026235294117649657,0.13108174727964672,31.49841174495393,-0.2979768140751423,-0.47812732419145804,0.14976955839113607,False
1.740999999999919,0.13812738007377617,1.6352941176470588,1.6470588235294117,0.0261764705882379,0.13185592549286107,31.640594125727528,-0.28288834969646226,-0.4784133121634273,0.1492912875564125,False
1.741999999999919,0.13762365315338665,1.6352941176470588,1.6470588235294117,0.026117647058826143,0.1324938623553422,31.75934156362072,-0.26916299617889694,-0.4786855767989472,0.1488127375950466,False
1.7429999999999188,0.13711958666031387,1.6352941176470588,1.6470588235294117,0.026058823529414386,0.13300918200216352,31.85702730012046,-0.2566736702854537,-0.47894535404171157,0.14833392161241707,False
1.7439999999999187,0.13661518183829155,1.6352941176470588,1.6470588235294117,0.02600000000000263,0.13341414615489094,31.935769384393573,-0.24529496138547738,-0.4791937544322271,0.14785485154065942,False
1.7449999999999186,0.13611043993188854,1.6352941176470588,1.6470588235294117,0.02594117647059087,0.13371979036293394,31.997379671289707,-0.23491494721253742,-0.4794317765954253,0.1473755382573252,False
1.7459999999999185,0.13560536218650535,1.6352941176470588,1.6470588235294117,0.025882352941179115,0.13393604662076092,32.043528509946896,-0.22543789367351127,-0.4796603234281829,0.14689599168920411,False
1.7469999999999184,0.1350999498483711,1.6352941176470588,1.6470588235294117,0.025823529411767358,0.1340718537233934,32.07584755893486,-0.21677554251607511,-0.4798802095745763,0.1464162209043144,False
1.7479999999999183,0.1345942041645405,1.6352941176470588,1.6470588235294117,0.0257647058823556,0.13413525658635087,32.09572753800042,-0.20884167260229372,-0.4800921634624353,0.14593623419913757,False
1.7489999999999182,0.13408812638289083,1.6352941176470588,1.6470588235294117,0.025705882352943844,0.13413349563360086,32.10438840957942,-0.20156280170702517,-0.480296840041753,0.14545603917846547,False
1.749999999999918,0.1335817177521185,1.6352941176470588,1.6470588235294117,0.025647058823532087,0.13407308724671416,32.103036841221964,-0.1948744741705718,-0.480494829810816,0.14497564282436504,False
1.750999999999918,0.13307497952173658,1.6352941176470588,1.6470588235294117,0.02558823529412033,0.13395989616910425,32.09255850495672,-0.18871293053690338,-0.48068665951199435,0.14449505156028242,False
1.7519999999999178,0.13256791294207132,1.6352941176470588,1.6470588235294117,0.025529411764708573,0.13379920066984366,32.073841309479015,-0.18303138842171743,-0.4808728091084743,0.14401427130631034,False
1.7529999999999177,0.13206051926425902,1.6352941176470588,1.6470588235294117,0.025470588235296816,0.13359575119109734,32.04765805715783,-0.17778294120375457,-0.4810537116597193,0.14353330752602977,False
1.7539999999999176,0.13155279974024323,1.6352941176470588,1.6470588235294117,0.02541176470588506,0.13335382313081384,32.01495672557194,-0.17292676710000646,-0.48122975940603047,0.14305216527037132,False
1.7549999999999175,0.13104475562277146,1.6352941176470588,1.6470588235294117,0.0253529411764733,0.13307726434714695,31.976255477741425,-0.16841277122787002,-0.48140129449514396,0.14257084922307126,False
1.7559999999999174,0.13053638816539181,1.6352941176470588,1.6470588235294117,0.025294117647061545,0.1327695379124351,31.932153155533175,-0.164213595550689,-0.48156863171885034,0.14208936373939562,False
1.7569999999999173,0.13002769862245064,1.6352941176470588,1.6470588235294117,0.025235294117649788,0.13243376059178263,31.883218758837724,-0.16029760952846037,-0.4817320542402968,0.14160771287563276,False
1.7579999999999172,0.12951868824908877,1.6352941176470588,1.6470588235294117,0.02517647058823803,0.13207273747378362,31.82997138506035,-0.1566347580703576,-0.4818918151692381,0.14112590041993417,False
1.758999999999917,0.12900935830123872,1.6352941176470588,1.6470588235294117,0.025117647058826274,0.13168899313817273,31.772667492694755,-0.15319762328916284,-0.4820481401990576,0.14064392992104965,False
1.759999999999917,0.12849971003562166,1.6352941176470588,1.6470588235294117,0.025058823529414517,0.13128479970671114,31.711892307671963,-0.14997268045184603,-0.48220124149980387,0.140161804708797,False
1.7609999999999169,0.12798974470974372,1.6352941176470588,1.6470588235294117,0.02500000000000276,0.13086220208898397,31.64783637427872,-0.14692900750810725,-0.4823513003207113,0.13967952791628405,False
1.7619999999999167,0.1274794635818938,1.6235294117647059,1.6470588235294117,0.024882352941179242,-1.0,-99.0683342709499,-0.14405656237202316,-0.48249848787005417,0.13919710250038986,False
1.7629999999999166,0.12696886791113984,1.6235294117647059,1.6470588235294117,0.024764705882355725,-0.9417957339549958,-129.7608367066868,-7.05381857719096,-0.4895554684993103,0.1387110749964747,False
1.7639999999999165,0.1264579589573259,1.6235294117647059,1.6352941176470588,0.024705882352943968,0.3295014864993284,8.491742347027188,-8.671318976167216,-0.49823000254803507,0.1382171817266757,False
1.7649999999999164,0.12594673798106906,1.6235294117647059,1.6352941176470588,0.02464705882353221,0.3089042790258712,45.82360732424973,-1.350027012050373,-0.4995832694802327,0.13771827455092506,False
1.7659999999999163,0.1254352062437564,1.6235294117647059,1.6352941176470588,0.024588235294120454,0.2903079687703479,54.38276345985138,0.6316491669948335,-0.49895486066612166,0.1372190049456859,False
1.7669999999999162,0.12492336500754132,1.6235294117647059,1.6352941176470588,0.024529411764708697,0.2735124660109649,54.8838293694956,1.0909774385536677,-0.4978671177358415,0.13672059341721016,False
1.767999999999916,0.12441121553534136,1.6235294117647059,1.6352941176470588,0.02447058823529694,0.2583376899981082,53.25478065113408,1.1239457703292886,-0.4967463994902844,0.1362232861204803,False
1.768999999999916,0.1238987590908344,1.6235294117647059,1.6352941176470588,0.024411764705885183,0.2446215680571252,51.188405044666,1.0441981263227582,-0.4957054221767655,0.13572705967266288,False
1.7699999999999159,0.12338599693845582,1.6235294117647059,1.6352941176470588,0.024352941176473426,0.23221823478082876,49.14485095479007,0.9412995099024808,-0.49476733738352063,0.13523182275693338,False
1.7709999999999158,0.12287293034339522,1.6235294117647059,1.6352941176470588,0.02429411764706167,0.2209964113027499,47.248301370847415,0.8395972687748989,-0.4939309493961972,0.1347374730785183,False
1.7719999999999156,0.1223595605715936,1.6235294117647059,1.6352941176470588,0.02423529411764991,0.2108379466430672,45.51838651833611,0.7456630757593928,-0.49318849079159344,0.13424391282421783,False
1.7729999999999155,0.1218458888897395,1.6235294117647059,1.6352941176470588,0.024176470588238155,0.20163650491994084,43.949619069148255,0.6605367070779189,-0.49253115431551175,0.1337510524681797,False
1.7739999999999154,0.12133191656526694,1.6235294117647059,1.6352941176470588,0.024117647058826398,0.1932963838397153,42.52496495349941,0.5839288803913614,-0.4919504219403004,0.13325881114720198,False
1.7749999999999153,0.12081764486635148,1.6235294117647059,1.6352941176470588,0.02405882352941464,0.18573145133810043,41.233669222646405,0.514939281498293,-0.4914386759012204,0.13276711606598762,False
1.7759999999999152,0.12030307506190746,1.6235294117647059,1.6352941176470588,0.024000000000002884,0.17886418855723524,40.062939295692914,0.4529997236214034,-0.4909888665734128,0.13227590176294224,False
1.776999999999915,0.11978820842158468,1.6235294117647059,1.6352941176470588,0.023941176470591127,0.17262482852504477,38.99954180390934,0.3974341237947548,-0.49059462037222873,0.13178510948808356,False
1.777999999999915,0.11927304621576558,1.6235294117647059,1.6352941176470588,0.02388235294117937,0.16695058096666157,38.03265602653749,0.34754299931424454,-0.4902502631574461,0.13129468651529813,False
1.7789999999999149,0.11875758971556136,1.6235294117647059,1.6352941176470588,0.023823529411767613,0.16178493463470475,37.153424320825216,0.30275444859962913,-0.489950692656124,0.13080458550668506,False
1.7799999999999148,0.11824184019280987,1.6235294117647059,1.6352941176470588,0.023764705882355856,0.1570770294065319,36.35305656900111,0.2626003715993429,-0.48969127466432877,0.13031476399258698,False
1.7809999999999147,0.11772579892007178,1.6235294117647059,1.6352941176470588,0.0237058823529441,0.15278109117176453,35.62330451427464,0.2266161838846597,-0.48946783953452594,0.12982518390527717,False
1.7819999999999145,0.11720946717062763,1.6235294117647059,1.6352941176470588,0.02364705882353234,0.14885592323106206,34.957493489205916,0.19436591915764098,-0.48927665356033545,0.12933581112870998,False
1.7829999999999144,0.11669284621847469,1.6235294117647059,1.6352941176470588,0.023588235294120585,0.14526444855501802,34.34867796674406,0.16549682214569053,-0.48911433576797037,0.12884661510418377,False
1.7839999999999143,0.11617593733832395,1.611764705882353,1.6352941176470588,0.023470588235297067,-1.0,-98.193131115684,0.13964176518847965,-0.48897787229097095,0.1283575684704205,False
1.7849999999999142,0.11565874180559638,1.611764705882353,1.6352941176470588,0.02335294117647355,-0.9328122672586838,-128.3746053870684,-6.86662087204137,-0.49584770112460563,0.1278651551502984,False
1.785999999999914,0.1151412608964207,1.611764705882353,1.6235294117647059,0.023294117647061793,0.33617484182012736,9.754195265477975,-8.456993525076792,-0.5043079543627106,0.12736507678080253,False
1.786999999999914,0.11462349588762961,1.611764705882353,1.6235294117647059,0.023235294117650036,0.3134985341087083,46.80742364913741,-1.1421635128146916,-0.5054534010945484,0.12686019555608338,False
1.7879999999999139,0.1141054480567568,1.611764705882353,1.6235294117647059,0.02317647058823828,0.2930310336390192,55.067306896103084,0.8248546865142466,-0.5046318287599179,0.12635515239395498,False
1.7889999999999138,0.11358711868203382,1.611764705882353,1.6235294117647059,0.02311764705882652,0.2745514596868871,55.28358438863198,1.2684306803131142,-0.5033666733777472,0.1258511525967804,False
1.7899999999999137,0.113068509042387,1.611764705882353,1.6235294117647059,0.023058823529414765,0.2578610196005562,53.39696701040948,1.2864108382370463,-0.5020835297423255,0.12534842695046047,False
1.7909999999999136,0.11254962041743376,1.611764705882353,1.6235294117647059,0.023000000000003008,0.2427807999934464,51.093914582607816,1.1931131220987503,-0.500893676090724,0.12484693780408958,False
1.7919999999999134,0.11203045408748037,1.611764705882353,1.6235294117647059,0.02294117647059125,0.22914977881763568,48.842343362673326,1.0777679014688555,-0.49981916062734116,0.12434658084346904,False
1.7929999999999133,0.11151101133351814,1.611764705882353,1.6235294117647059,0.022882352941179494,0.21682303622999421,46.75511289104968,0.9651336675912557,-0.4988572731015665,0.12384724208541273,False
1.7939999999999132,0.11099129343722045,1.611764705882353,1.6235294117647059,0.022823529411767737,0.205670144371705,44.854829341875075,0.8611831179731447,-0.4979993305219564,0.12334881324336176,False
1.794999999999913,0.11047130168093948,1.611764705882353,1.6235294117647059,0.02276470588235598,0.1955737181698328,43.12956571123011,0.7671136082501091,-0.4972354524799485,0.12285119531246723,False
1.795999999999913,0.10995103734770342,1.611764705882353,1.6235294117647059,0.022705882352944223,0.18642811105873594,41.56631586173529,0.6822952516894606,-0.49655638839234373,0.12235429885338647,False
1.796999999999913,0.10943050172121246,1.611764705882353,1.6235294117647059,0.022647058823532466,0.178138241129337,40.15172010132483,0.6060409500391215,-0.49595357471715007,0.12185804333384906,False
1.7979999999999128,0.10890969608583667,1.611764705882353,1.6235294117647059,0.02258823529412071,0.17061853466346613,38.867492121763924,0.5376447922463791,-0.4954191537709142,0.12136235643220616,False
1.7989999999999127,0.10838862172661218,1.611764705882353,1.6235294117647059,0.02252941176470895,0.16379197531477052,37.70281209251468,0.47614010888099556,-0.49494623449280506,0.12086717320118905,False
1.7999999999999126,0.10786727992923817,1.611764705882353,1.6235294117647059,0.022470588235297195,0.1575892483715326,36.6442264471932,0.42095518915933355,-0.49452849749052724,0.12037243529876271,False
1.8009999999999124,0.1073456719800737,1.611764705882353,1.6235294117647059,0.022411764705885438,0.1519479705932067,35.68321433001137,0.3713788963755313,-0.4941603344705536,0.1198780903467415,False
1.8019999999999123,0.10682379916613471,1.611764705882353,1.6235294117647059,0.02235294117647368,0.14681199706330145,34.80849237357547,0.3269610090627104,-0.49383658732636915,0.1193840913501456,False
1.8029999999999122,0.10630166277509015,1.611764705882353,1.6235294117647059,0.022294117647061924,0.14213079735697495,34.01167974237493,0.2871050807447249,-0.49355269436703286,0.11889039617389925,False
1.8039999999999121,0.10577926409525984,1.611764705882353,1.6235294117647059,0.022235294117650167,0.13785889409186933,33.285234112352704,0.2513681788511259,-0.4933045368064771,0.11839696702316979,False
1.804999999999912,0.10525660441561056,1.6,1.6235294117647059,0.02211764705882665,-1.0,-98.43541106162324,0.21935168477783687,-0.49308839445222274,0.11790377002261808,False
1.805999999999912,0.10473368502575316,1.6,1.6235294117647059,0.02200000000000313,-0.9413813546091279,-129.37329039820187,-6.743402963076664,-0.49983503573674865,0.1174073077690282,False
1.8069999999999118,0.1042105072159392,1.6,1.6235294117647059,0.021882352941179614,-0.8499491015011631,-127.55960996827814,-8.373736573322029,-0.508212061807255,0.11690328367352651,False
1.8079999999999117,0.10368707227705812,1.6,1.611764705882353,0.021823529411767857,0.4092811027666032,18.624855952667684,-8.271106903767098,-0.5164865124845105,0.11639093383058657,False
1.8089999999999116,0.10316338150063326,1.6,1.611764705882353,0.0217647058823561,0.37782358072524364,56.96635809343711,-0.5298957741813799,-0.5170197725010808,0.11587418012748868,False
1.8099999999999115,0.10263943617881972,1.6,1.611764705882353,0.021705882352944343,0.34945298735860786,64.67225586754718,1.505438733470995,-0.5155176928505658,0.11535791083469961,False
1.8109999999999113,0.1021152376044005,1.6,1.611764705882353,0.021647058823532586,0.3238606297992237,63.89750032419255,1.9198501086248994,-0.513601190448114,0.11484335083475813,False
1.8119999999999112,0.10159078707078348,1.6,1.611764705882353,0.02158823529412083,0.3007686844663659,60.977584117392894,1.8855336856178098,-0.5117189923384481,0.11433069018710056,False
1.8129999999999111,0.10106608587199817,1.6,1.611764705882353,0.021529411764709072,0.27992711013738186,57.70332607225725,1.7376956567294635,-0.5099846208405071,0.11381983782617626,False
1.813999999999911,0.10054113530269282,1.6,1.611764705882353,0.021470588235297315,0.26111086971188424,54.56672980558581,1.57108861864343,-0.5084168460046142,0.11331063654017827,False
1.814999999999911,0.10001593665813047,1.6,1.611764705882353,0.021411764705885558,0.2441174297995245,51.67825658086492,1.4117461411264254,-0.507008404320801,0.11280292336402314,False
1.8159999999999108,0.0994904912341867,1.6,1.611764705882353,0.0213529411764738,0.22876451034898868,49.0553137978214,1.2655146114311542,-0.5057461858194274,0.11229654551937819,False
1.8169999999999107,0.09896480032734586,1.6,1.611764705882353,0.021294117647062044,0.21488805931409463,46.68105887706422,1.1333168473181507,-0.5046161576239495,0.11179136379934858,False
1.8179999999999106,0.09843886523469804,1.6,1.611764705882353,0.021235294117650287,0.20234042985327802,44.53341503181762,1.0142633555194103,-0.5036051762637773,0.11128725258522766,False
1.8189999999999105,0.09791268725393588,1.6,1.611764705882353,0.02117647058823853,0.19098873980913122,42.592207742379784,0.9071875425161099,-0.5027012647814935,0.1107840988185365,False
1.8199999999999104,0.09738626768335101,1.6,1.611764705882353,0.021117647058826773,0.18071339523998725,40.83450313726128,0.8110233132419715,-0.5018935122415376,0.11028180088475495,False
1.8209999999999102,0.0968596078218315,1.6,1.611764705882353,0.021058823529415016,0.17140676159834586,39.24264411176619,0.7245584439663754,-0.5011722198664254,0.10978026747423061,False
1.8219999999999101,0.09633270896885826,1.6,1.611764705882353,0.02100000000000326,0.16297196779145662,37.80088542620655,0.6468597797730951,-0.5005286219745994,0.10927941650955057,False
1.82299999999991,0.09580557242450174,1.6,1.611764705882353,0.020941176470591502,0.15532182983584447,36.49515727027922,0.5770952122046917,-0.49995478493959145,0.10877917426296499,False
1.82399999999991,0.09527819948941904,1.6,1.611764705882353,0.020882352941179745,0.1483778821463817,35.308422548610984,0.5145211799056357,-0.49944351864794073,0.10827947456860221,False
1.8249999999999098,0.09475059146485058,1.6,1.611764705882353,0.020823529411767988,0.14206950569645344,34.233055092587385,0.45823703760898377,-0.49898853358861717,0.10778025800041002,False
1.8259999999999097,0.0942227496526164,1.588235294117647,1.611764705882353,0.02070588235294447,-1.0,-98.07846311499819,0.40783998425550183,-0.4985839430125068,0.10728147122047305,False
1.8269999999999096,0.09369467535511386,1.588235294117647,1.611764705882353,0.020588235294120953,-0.940653112150611,-129.10423056653775,-6.586098863462387,-0.5051733192040688,0.10677959204434087,False
1.8279999999999095,0.09316636987531378,1.588235294117647,1.611764705882353,0.020470588235297436,-0.8507054479943801,-127.49012478114774,-8.221006139227406,-0.5133976528895681,0.10627030600519664,False
1.8289999999999094,0.09263783451675744,1.588235294117647,1.611764705882353,0.020352941176473918,-0.769870197312595,-117.55856666112389,-8.128861186267018,-0.5215298949990668,0.10575284166924229,False
1.8299999999999093,0.09210907058355329,1.588235294117647,1.6,0.020294117647062158,0.4798227047716097,29.843349163094626,-7.596544682767218,-0.5291298714773077,0.1052275112154192,False
1.8309999999999091,0.09158007938037392,1.588235294117647,1.6,0.020235294117650397,0.4397816107650446,67.53349209621652,0.2092489155167885,-0.5289240701647566,0.10469848366996569,False
1.831999999999909,0.09105086221245223,1.588235294117647,1.6,0.020176470588238637,0.4036858026297238,74.14607451813312,2.210279503665381,-0.5267172284192131,0.10417066244731969,False
1.832999999999909,0.09052142038557913,1.588235294117647,1.6,0.020117647058826876,0.37114075177852285,72.24405916436774,2.56699461035672,-0.5241536558216104,0.10364522643440481,False
1.8339999999999088,0.0899917552060997,1.588235294117647,1.6,0.020058823529415116,0.34179138248302987,68.26784367024567,2.4731778476490858,-0.5216838838702915,0.10312230709646733,False
1.8349999999999087,0.08946186798091012,1.588235294117647,1.6,0.020000000000003355,0.3153181265876741,64.03397375481957,2.269586584270923,-0.5194176881509005,0.10260175574490724,False
1.8359999999999086,0.08893176001745443,1.588235294117647,1.6,0.019941176470591595,0.29143337275244185,60.02421390177721,2.0523352980123177,-0.5173687300694896,0.10208336197256151,False
1.8369999999999085,0.0884014326237215,1.588235294117647,1.6,0.019882352941179834,0.26987827077132076,56.355632446288276,1.846916447904381,-0.5155251785516742,0.10156691445710028,False
1.8379999999999084,0.08787088710824113,1.588235294117647,1.6,0.019823529411768074,0.25041985545889994,53.02607237643599,1.6595265655680065,-0.5138690058876927,0.10105221680560186,False
1.8389999999999083,0.08734012478008184,1.588235294117647,1.6,0.019764705882356313,0.2328484581483091,50.016300286713616,1.4900538468363353,-0.5123822960551785,0.10053909059703021,False
1.8399999999999082,0.08680914694884684,1.588235294117647,1.6,0.019705882352944553,0.21697537703936554,47.29736535497932,1.3374827649740544,-0.5110481484463503,0.10002737481868315,False
1.840999999999908,0.0862779549246712,1.588235294117647,1.6,0.019647058823532793,0.20263078051190433,44.8414029977838,1.2002834438196126,-0.5098511922262616,0.09951692459359739,False
1.841999999999908,0.08574655001821845,1.588235294117647,1.6,0.019588235294121032,0.18966182010777735,42.61993597462195,1.0769832886377857,-0.5087775290610717,0.09900760967940993,False
1.8429999999999078,0.08521493354067747,1.588235294117647,1.6,0.01952941176470927,0.17793093221465112,40.61126947298759,0.9660771184918946,-0.5078147657139636,0.09849931297955733,False
1.8439999999999077,0.0846831068037588,1.588235294117647,1.6,0.01947058823529751,0.16731430958142574,38.794555944090604,0.8664184505464624,-0.506951655355277,0.09799192921752221,False
1.8449999999999076,0.08415107111969218,1.588235294117647,1.6,0.01941176470588575,0.15770052568211093,37.149665071005074,0.7769054906746806,-0.5061780528810594,0.09748536381276564,False
1.8459999999999075,0.08361882780122279,1.588235294117647,1.6,0.01935294117647399,0.1489892966433158,35.660264964292075,0.6964742676804819,-0.5054848770971389,0.09697953179790812,False
1.8469999999999074,0.08308637816160812,1.576470588235294,1.6,0.019235294117650473,-1.0,-97.57239505788948,0.6242616690221094,-0.5048639098665185,0.09647435685524512,False
1.8479999999999073,0.08255372351461468,1.576470588235294,1.6,0.019117647058826955,-0.9378421991306906,-128.5400968635162,-6.418325885497302,-0.5112855569274772,0.09596628156948692,False
1.8489999999999072,0.08202086517451505,1.576470588235294,1.6,0.019000000000003438,-0.8496462145117456,-127.1142619049528,-8.050075044661567,-0.5193390022987138,0.09545096872961661,False
1.849999999999907,0.08148780445608392,1.576470588235294,1.6,0.01888235294117992,-0.7703874754135177,-117.4219434834383,-7.967807486213732,-0.5273102324599803,0.0949276435432406,False
1.850999999999907,0.08095454267459574,1.576470588235294,1.6,0.018764705882356403,-0.6991722572839353,-106.29313279424287,-7.448067030562706,-0.5347617720818039,0.09439660696355966,False
1.8519999999999068,0.08042108114582099,1.576470588235294,1.588235294117647,0.018705882352944646,0.5418626155033089,40.43987147579912,-6.852229411954313,-0.541617520286035,0.09385841673215772,False
1.8529999999999067,0.07988742118602292,1.576470588235294,1.588235294117647,0.01864705882353289,0.4940292951294576,77.02440769672255,0.9183388449992038,-0.5407027113434495,0.09331725602786502,False
1.8539999999999066,0.07935356411195445,1.576470588235294,1.588235294117647,0.018588235294121132,0.45092048326357903,82.5013497741398,2.861030042470028,-0.5378451969616876,0.09277798148725593,False
1.8549999999999065,0.07881951124085498,1.576470588235294,1.588235294117647,0.018529411764709375,0.412063729054876,79.54056512934912,3.1578085447963327,-0.5346908843158056,0.09224171286340037,False
1.8559999999999064,0.0782852638904466,1.576470588235294,1.588235294117647,0.018470588235297618,0.3770338267376311,74.59400426786527,3.0081149442842365,-0.531686245510209,0.09170852371859095,False
1.8569999999999063,0.07775082337893167,1.576470588235294,1.588235294117647,0.01841176470588586,0.3454480911226986,69.47688424485341,2.7533185614885776,-0.5289363847573337,0.09117821182666186,False
1.8579999999999062,0.07721619102498904,1.576470588235294,1.588235294117647,0.018352941176474104,0.31696210553984705,64.68157739297236,2.4894642165493903,-0.5264503617178727,0.09065051787944858,False
1.858999999999906,0.07668136814777089,1.576470588235294,1.588235294117647,0.018294117647062347,0.2912658949858687,60.2980224626459,2.2426061969831097,-0.5242111817111349,0.09012518653630087,False
1.859999999999906,0.07614635606689951,1.576470588235294,1.588235294117647,0.01823529411765059,0.26808048195787626,56.32695931643695,2.0175061522590503,-0.5221970882756634,0.08960198183216059,False
1.8609999999999058,0.07561115610246416,1.576470588235294,1.588235294117647,0.018176470588238833,0.24715478670327096,52.74058678889995,1.814206018158165,-0.5203862828723425,0.08908068957949346,False
1.8619999999999057,0.07507576957501727,1.576470588235294,1.588235294117647,0.018117647058827076,0.22826283744471418,49.50392881330235,1.6312373768431414,-0.518758435244273,0.08856111665518614,False
1.8629999999999056,0.07454019780557201,1.576470588235294,1.588235294117647,0.01805882352941532,0.2112012595826011,46.57869828584277,1.466751940287115,-0.5172950632981633,0.08804308934232144,False
1.8639999999999055,0.07400444211559849,1.576470588235294,1.588235294117647,0.018000000000003562,0.19578701597728745,43.93741375538756,1.3187260089362098,-0.5159797085286519,0.08752645139430047,False
1.8649999999999054,0.07346850382702062,1.576470588235294,1.588235294117647,0.017941176470591805,0.18185537320309325,41.55063444256755,1.1857073952391466,-0.5147973645169981,0.08701106229700345,False
1.8659999999999053,0.07293238426221284,1.576470588235294,1.588235294117647,0.017882352941180048,0.16925807117690653,39.39499238798508,1.0661396038812885,-0.5137345141480547,0.08649679636903998,False
1.8669999999999052,0.07239608474399703,1.576470588235294,1.588235294117647,0.01782352941176829,0.15786167582392663,37.443087335521795,0.9587882401588604,-0.5127220896084874,0.08598356809291179,False
1.867999999999905,0.07185960659563866,1.5647058823529412,1.588235294117647,0.017705882352944773,-1.0,-96.95342112559626,0.8622043010457234,-0.5118115838647471,0.08547130126710617,False
1.868999999999905,0.07132295114084436,1.5647058823529412,1.588235294117647,0.017588235294121256,-0.9335614543473358,-127.81835611065667,-6.241887009411857,-0.5145014052001583,0.0849581447982566,False
1.8699999999999048,0.07078611970375812,1.5647058823529412,1.588235294117647,0.01747058823529774,-0.8473229559714315,-126.60417859456065,-7.868156080282874,-0.5215564741525003,0.08444011587005723,False
1.8709999999999047,0.07024911360895816,1.5647058823529412,1.588235294117647,0.01735294117647422,-0.7698259544919401,-117.17952504366554,-7.797052685358386,-0.5293889982117358,0.08391464316041457,False
1.8719999999999046,0.06971193418145363,1.5647058823529412,1.588235294117647,0.017235294117650703,-0.7001963002192207,-106.30936959846072,-7.291439268561722,-0.536933350460173,0.08338148199934667,False
1.8729999999999045,0.0691745827466815,1.5647058823529412,1.576470588235294,0.017176470588238946,0.5394115650968246,40.18764729449553,-6.709251173327316,-0.5439335582320032,0.08284104857208185,False
1.8739999999999044,0.06863706063050276,1.5647058823529412,1.576470588235294,0.01711764705882719,0.490293937998916,76.61353977861874,1.0488914560685392,-0.5467638984815804,0.08229569985922502,False
1.8749999999999043,0.06809936915919991,1.5647058823529412,1.576470588235294,0.017058823529415432,0.44602925008138605,81.9283368858476,2.983279633724102,-0.5447476310071522,0.08174994412073938,False
1.8759999999999042,0.06756150965947322,1.5647058823529412,1.576470588235294,0.017000000000003675,0.40613220742619666,78.79074560497509,3.2715765601251996,-0.5416204037010773,0.08120676012013489,False
1.876999999999904,0.06702348345843753,1.5647058823529412,1.576470588235294,0.01694117647059192,0.3701660455071142,73.68436359762684,3.1126240150162245,-0.5384280902745369,0.08066673589710475,False
1.877999999999904,0.06648529188361918,1.5647058823529412,1.576470588235294,0.01688235294118016,0.3377376762505277,68.42493894770485,2.8494649901854436,-0.535447270259426,0.08012979823489765,False
1.8789999999999039,0.06594693626295205,1.5647058823529412,1.576470588235294,0.016823529411768404,0.30849332039018784,63.49301129598356,2.5781715863634744,-0.5327332225431348,0.07959570801000135,False
1.8799999999999037,0.06540841792477528,1.5647058823529412,1.576470588235294,0.016764705882356647,0.2821145765864698,58.99295506644622,2.324172170942747,-0.5302822834956551,0.07906420027655241,False
1.8809999999999036,0.06486973819782935,1.5647058823529412,1.576470588235294,0.01670588235294489,0.2583148836337115,54.914036489664674,2.092992861676205,-0.5280734706954996,0.07853502241855967,False
1.8819999999999035,0.06433089841125293,1.5647058823529412,1.576470588235294,0.016647058823533133,0.2368363364468171,51.23001806716826,1.8840679166947694,-0.5260851660901447,0.07800794312132735,False
1.8829999999999034,0.06379189989457962,1.5647058823529412,1.576470588235294,0.016588235294121376,0.21744682044920013,47.90386735903352,1.6960129139312055,-0.5242949097617818,0.07748275310025975,False
1.8839999999999033,0.06325274397773484,1.5647058823529412,1.576470588235294,0.01652941176470962,0.1999374325219329,44.90039517513778,1.5268699035595392,-0.5226836723353411,0.07695926383190262,False
1.8849999999999032,0.06271343199103191,1.5647058823529412,1.576470588235294,0.016470588235297862,0.18412015985798041,42.18919202773911,1.3747801376647426,-0.5212326599221512,0.07643730568064598,False
1.885999999999903,0.062173965265169696,1.5647058823529412,1.576470588235294,0.016411764705886105,0.16982579093101122,39.73848041373202,1.2381361599169394,-0.5199263707035485,0.07591672618936733,False
1.886999999999903,0.06163434513122873,1.5647058823529412,1.576470588235294,0.01635294117647435,0.15690203536732703,37.52312105652509,1.1152584777204853,-0.518749526727602,0.07539738825388893,False
1.8879999999999029,0.061094572920668035,1.5647058823529412,1.576470588235294,0.01629411764706259,0.14521183183059944,35.5183320143446,1.0048190743510383,-0.5176896109060266,0.07487916871014956,False
1.8889999999999028,0.060554649965321894,1.5529411764705883,1.576470588235294,0.016176470588239074,-1.0,-97.4304275695365,0.9055072656861863,-0.5167343513244973,0.07436195674106812,False
1.8899999999999026,0.06001457759739668,1.5529411764705883,1.576470588235294,0.016058823529415556,-0.9467137103348715,-129.40117351194476,-6.121914778562003,-0.5193426241675815,0.07384391827910149,False
1.8909999999999025,0.059474357149466965,1.5529411764705883,1.576470588235294,0.01594117647059204,-0.8606893981249195,-128.53005625382875,-7.806623051931693,-0.5263068501300212,0.07332109355373372,False
1.8919999999999024,0.05893398995447315,1.5529411764705883,1.576470588235294,0.01582352941176852,-0.7833851641947852,-119.22632006011128,-7.75360250685313,-0.5340869730123702,0.07279089666960638,False
1.8929999999999023,0.05839347734571758,1.5529411764705883,1.576470588235294,0.015705882352945004,-0.7139290007164869,-108.41165768969888,-7.254319750932429,-0.5415909514563126,0.07225305772014161,False
1.8939999999999022,0.057852820656861384,1.5529411764705883,1.5647058823529412,0.015647058823533247,0.5255227228845792,38.04986738169215,-6.675000892304308,-0.5485555600037286,0.07170798449321879,False
1.894999999999902,0.057312021221921194,1.5529411764705883,1.5647058823529412,0.015588235294121488,0.47626456824318963,74.44880511590775,1.0813302890786163,-0.5513524752293769,0.071158030489832,False
1.895999999999902,0.056771080375266014,1.5529411764705883,1.5647058823529412,0.01552941176470973,0.43187340553652653,79.73708090740286,3.0143579881663394,-0.5493045222613394,0.07060770201979567,False
1.8969999999999019,0.0562299994516133,1.5529411764705883,1.5647058823529412,0.01547058823529797,0.3918625355711175,76.58292999669425,3.301317419984456,-0.5461468213291204,0.0700599763628326,False
1.8979999999999018,0.0556887797860266,1.5529411764705883,1.5647058823529412,0.015411764705886212,0.35579392907283713,71.45874627892263,3.1415532376891098,-0.542925226762761,0.06951544036572531,False
1.8989999999999017,0.05514742271391163,1.5529411764705883,1.5647058823529412,0.015352941176474453,0.3232733596949727,66.1827534135493,2.8775172487350043,-0.5399158731339921,0.06897401983145336,False
1.8999999999999015,0.05460592957101317,1.5529411764705883,1.5647058823529412,0.015294117647062695,0.2939460237254825,61.236263386930936,2.6054109069075206,-0.5371742109062183,0.0684354748142647,False
1.9009999999999014,0.0540643016934117,1.5529411764705883,1.5647058823529412,0.015235294117650936,0.26749259782352924,56.72068182182788,2.3507048852449515,-0.5346963666665178,0.06789953954239389,False
1.9019999999999013,0.053522540417520324,1.5529411764705883,1.5647058823529412,0.015176470588239177,0.2436256909823593,52.63144764278734,2.118767268702309,-0.5324614071819526,0.06736596067804819,False
1.9029999999999012,0.052980647080080844,1.5529411764705883,1.5647058823529412,0.015117647058827418,0.2220866512958944,48.937073132969104,1.9093592611493717,-0.5304475752358324,0.06683450620527781,False
1.903999999999901,0.05243862301816134,1.5529411764705883,1.5647058823529412,0.01505882352941566,0.202642692048664,45.6012548715394,1.7208190235490968,-0.5286322524212429,0.06630496631172811,False
1.904999999999901,0.05189646956915231,1.5529411764705883,1.5647058823529412,0.0150000000000039,0.18508430519674468,42.589081356632,1.5512261690228502,-0.5269964635036101,0.06577715197387508,False
1.9059999999999009,0.051354188070763494,1.5529411764705883,1.5647058823529412,0.014941176470592142,0.16922293350060527,39.86833603083141,1.3987381816673854,-0.5255212528703396,0.06525089313372347,False
1.9069999999999008,0.050811779861020576,1.5529411764705883,1.5647058823529412,0.014882352941180383,0.154888875444668,37.4117332072863,1.2616501803411049,-0.5241912793829648,0.06472603688938741,False
1.9079999999999007,0.05026924627826206,1.5529411764705883,1.5647058823529412,0.014823529411768625,0.1419293996649125,35.18851301231733,1.1385221736621023,-0.5229909850112722,0.064202445773147,False
1.9089999999999006,0.049726588661135315,1.5411764705882354,1.5647058823529412,0.014705882352945109,-1.0,-97.44553818369718,1.0277271942673747,-0.5219080535795861,0.06367999627719956,False
1.9099999999999004,0.049183808348594225,1.5411764705882354,1.5647058823529412,0.014588235294121593,-0.9521665980361362,-129.95795767966948,-5.982972708719352,-0.5243855012823618,0.06315684951392657,False
1.9109999999999003,0.048640906679895256,1.5411764705882354,1.5647058823529412,0.014470588235298077,-0.8670675852913514,-129.35225898957242,-7.696269471516171,-0.5312252752432958,0.0626290441509734,False
1.9119999999999002,0.048097884994594296,1.5411764705882354,1.5647058823529412,0.014352941176474562,-0.7905961208798679,-120.22196527662456,-7.657224217281663,-0.5389018882974873,0.06209398058303452,False
1.9129999999999001,0.04755474463254339,1.5411764705882354,1.5647058823529412,0.014235294117651046,-0.7218894499683552,-109.545032723124,-7.167049743573609,-0.54631413054385,0.06155137260155067,False
1.9139999999999,0.04701148693388753,1.5411764705882354,1.5647058823529412,0.01411764705882753,-0.6601710932068166,-99.24068985790088,-6.594952522012023,-0.5531950510713557,0.06100161802477087,False
1.9149999999999,0.046468113239060777,1.5411764705882354,1.5529411764705883,0.014058823529415771,0.5723166043491661,46.25966537454662,-6.042480044649209,-0.5595138148556787,0.060445263621855476,False
1.9159999999998998,0.04592462488878388,1.5411764705882354,1.5529411764705883,0.014000000000004013,0.5167908262672007,81.64889852617488,1.663140275871738,-0.5617034664202262,0.05988465499580613,False
1.9169999999998997,0.04538102322406029,1.5411764705882354,1.5529411764705883,0.013941176470592254,0.4667588024640195,85.9863607390865,3.5428831590412706,-0.5591004411452845,0.05932425307269432,False
1.9179999999998996,0.04483730958617309,1.5411764705882354,1.5529411764705883,0.013882352941180495,0.4216711575117443,81.9647621094652,3.779665870141179,-0.5554392137246397,0.05876698325955364,False
1.9189999999998995,0.04429348531668163,1.5411764705882354,1.5529411764705883,0.013823529411768736,0.3810334535252843,76.05694830600872,3.5741293369085136,-0.5517622400328047,0.05821338256219401,False
1.9199999999998993,0.043749551757418396,1.5411764705882354,1.5529411764705883,0.013764705882356978,0.34440069640805804,70.07397570834173,3.2687509334125373,-0.5483409066749063,0.05766333100321171,False
1.9209999999998992,0.04320551025048506,1.5411764705882354,1.5529411764705883,0.013705882352945219,0.31137239147314233,64.49649745634662,2.9593508154127455,-0.5452267235293037,0.0571165472160318,False
1.9219999999998991,0.042661362138250114,1.5411764705882354,1.5529411764705883,0.01364705882353346,0.281588093502306,59.40412951446167,2.671369073037898,-0.5424115216915113,0.05657272810842837,False
1.922999999999899,0.04211710876334493,1.5411764705882354,1.5529411764705883,0.013588235294121702,0.2547234017991413,54.80016474100613,2.409016996465342,-0.5398711500255895,0.056031586798612476,False
1.923999999999899,0.041572751468660615,1.5411764705882354,1.5529411764705883,0.013529411764709943,0.23048635573688095,50.64015687850777,2.1724760076410177,-0.5375806018119768,0.055492860938802284,False
1.9249999999998988,0.04102829159734467,1.5411764705882354,1.5529411764705883,0.013470588235298184,0.20861419075143467,46.88623790123004,1.9593954683124597,-0.5355144534974304,0.054956313435102266,False
1.9259999999998987,0.04048373049279787,1.5411764705882354,1.5529411764705883,0.013411764705886425,0.18887041873512103,43.49803933228397,1.767774783623836,-0.5336510934466369,0.05442173067918629,False
1.9269999999998986,0.03993906949867029,1.5411764705882354,1.5529411764705883,0.013352941176474667,0.17104220039102683,40.44023630355271,1.5954823825511584,-0.5319692326358778,0.05388892053788598,False
1.9279999999998985,0.03939430995885895,1.5411764705882354,1.5529411764705883,0.013294117647062908,0.15493798035192993,37.677490095193455,1.4406480826671964,-0.5304514043684313,0.05335771023860553,False
1.9289999999998984,0.03884945321750386,1.5411764705882354,1.5529411764705883,0.013235294117651149,0.14038535878733097,35.180095642926915,1.3014087093530335,-0.5290801394653603,0.052827944486187765,False
1.9299999999998982,0.03830450061898487,1.5294117647058822,1.5529411764705883,0.013117647058827632,-1.0,-97.35686327855512,1.176189502287765,-0.5278415736640492,0.052299483650596765,False
1.9309999999998981,0.03775945350791848,1.5294117647058822,1.5529411764705883,0.013000000000004114,-0.9564349182058205,-130.33689901772127,-5.829291005801926,-0.5301678982183903,0.05177047893200885,False
1.931999999999898,0.03721431322915398,1.5294117647058822,1.5529411764705883,0.012882352941180597,-0.8724973087381851,-130.00102987569767,-7.56725069585041,-0.5368663839134262,0.05123696181424608,False
1.932999999999898,0.036669081127770946,1.5294117647058822,1.5529411764705883,0.01276470588235708,-0.7970711072761354,-121.07160577604111,-7.542403592347768,-0.5444210049507731,0.05069631813638578,False
1.9339999999998978,0.036123758549075395,1.5294117647058822,1.5529411764705883,0.012647058823533562,-0.7293051730191137,-110.56360259827389,-7.062781164920533,-0.5517237843270835,0.05014824576821533,False
1.9349999999998977,0.03557834683859658,1.5294117647058822,1.5411764705882354,0.012588235294121803,0.5086253442828038,35.63234717241545,-6.499547290763017,-0.5585047779702902,0.049593131503208335,False
1.9359999999998976,0.03503284734208367,1.5294117647058822,1.5411764705882354,0.012529411764710044,0.45799810397218,71.79607728542724,1.2428725159202982,-0.5611332594497634,0.04903331251374922,False
1.9369999999998975,0.03448726140550263,1.5294117647058822,1.5411764705882354,0.012470588235298286,0.4123747641632064,76.87293838872795,3.1635909472951376,-0.5589299115674852,0.04847328094357979,False
1.9379999999998974,0.03394159037503218,1.5294117647058822,1.5411764705882354,0.012411764705886527,0.37125493480571786,73.52701166730081,3.4395001375955516,-0.5556284535353898,0.04791600179085876,False
1.9389999999998973,0.033395835597061524,1.5294117647058822,1.5411764705882354,0.012352941176474768,0.3341882648545659,68.22786558367176,3.2697211523078797,-0.5522737882589099,0.04736205068404179,False
1.9399999999998971,0.0328499984181863,1.5294117647058822,1.5411764705882354,0.01229411764706301,0.300769438369117,62.7994523138628,2.996559015066203,-0.5491406724409204,0.04681134348329025,False
1.940999999999897,0.03230408018520551,1.5294117647058822,1.5411764705882354,0.01223529411765125,0.2706336710028009,57.713767545046,2.716517533397508,-0.5462841431472265,0.046263631088901976,False
1.941999999999897,0.03175808224511812,1.5294117647058822,1.5411764705882354,0.012176470588239492,0.24345265684370426,53.06956531504626,2.4545736288262168,-0.5436985583927412,0.04571863976706234,False
1.9429999999998968,0.03121200594511992,1.5294117647058822,1.5411764705882354,0.012117647058827733,0.21893092057110528,48.86575364638588,2.2159577728492663,-0.54136336341406,0.04517610881951878,False
1.9439999999998967,0.03066585263259959,1.5294117647058822,1.5411764705882354,0.012058823529415974,0.19680253439635406,45.070400006822545,2.0006110267596013,-0.539254980231289,0.04463579967555503,False
1.9449999999998966,0.03011962365513629,1.5294117647058822,1.5411764705882354,0.012000000000004216,0.17682816330966603,41.641612483585654,1.806852486574215,-0.5373513753173809,0.044097496511662414,False
1.9459999999998965,0.029573320360495727,1.5294117647058822,1.5411764705882354,0.011941176470592457,0.15879240580223491,38.546238247970976,1.6324618489259002,-0.5356315671669699,0.04356100506684285,False
1.9469999999998964,0.02902694409662697,1.5294117647058822,1.5411764705882354,0.011882352941180698,0.1425014005161349,35.75089797866905,1.475693270041168,-0.5340776635933854,0.043026150466346044,False
1.9479999999998963,0.028480496211659136,1.5294117647058822,1.5411764705882354,0.01182352941176894,0.12778067222923303,33.22657558901696,1.3347781465806736,-0.5326722351875258,0.042492775541639854,False
1.9489999999998961,0.02793397805389822,1.5294117647058822,1.5411764705882354,0.01176470588235718,0.11447319324160934,30.94456473947023,1.2081856044253596,-0.5314009626893638,0.04196073895896319,False
1.949999999999896,0.027387390971823133,1.5176470588235293,1.5411764705882354,0.011647058823533663,-1.0,-98.53521749355635,1.0943984920779526,-0.530249449136412,0.041429913775776095,False
1.950999999999896,0.026840736314083326,1.5176470588235293,1.5411764705882354,0.011529411764710146,-0.9802178899448939,-133.38678757615295,-5.749296815778225,-0.5325771297518892,0.04089850050425314,False
1.9519999999998958,0.026294015429494822,1.5176470588235293,1.5411764705882354,0.011411764705886628,-0.895372571538645,-133.4896520788595,-7.586240468239491,-0.5392446569887268,0.04036258963211213,False
1.9529999999998957,0.025747229667037054,1.5176470588235293,1.5411764705882354,0.01129411764706311,-0.8191294320318434,-124.5855464930725,-7.584573407591928,-0.5468303070475773,0.039819552171101356,False
1.9539999999998956,0.025200380375849544,1.5176470588235293,1.5411764705882354,0.011176470588239593,-0.7506282535345448,-113.99934832483821,-7.106253925072609,-0.5541754731171968,0.03926904930156195,False
1.9549999999998955,0.024653468905228706,1.5176470588235293,1.5294117647058822,0.011117647058827835,0.48796398358364385,32.296224023135444,-6.538847384784382,-0.560998264831643,0.038711462456978436,False
1.9559999999998954,0.02410649660462392,1.5176470588235293,1.5294117647058822,0.011058823529416076,0.4379322911076422,68.556129338574,1.2088792027916178,-0.563663013520073,0.038149131837534406,False
1.9569999999998953,0.02355946482363511,1.5176470588235293,1.5294117647058822,0.011000000000004317,0.3928449443498284,73.72133994276989,3.134724394918022,-0.5614914331387509,0.03758655464105907,False
1.9579999999998952,0.02301237491200883,1.5176470588235293,1.5294117647058822,0.010941176470592558,0.35220750873838386,70.45795613715839,3.4153431465141986,-0.5582161984504143,0.03702670084280605,False
1.958999999999895,0.022465228219635053,1.5176470588235293,1.5294117647058822,0.0108823529411808,0.31557499315867155,65.23980451697605,3.249971079120916,-0.5548837214156148,0.0364701509107454,False
1.959999999999895,0.021918026096543843,1.5176470588235293,1.5294117647058822,0.010823529411769041,0.2825469056075183,59.87482013933794,2.9811296267129346,-0.5517680175861612,0.03591682505675586,False
1.9609999999998948,0.021370769892902198,1.5176470588235293,1.5294117647058822,0.010764705882357282,0.2527628032820683,54.84603884380964,2.7044836672854364,-0.548925338490605,0.03536647840722261,False
1.9619999999998947,0.020823460959010096,1.5176470588235293,1.5294117647058822,0.010705882352945523,0.2258982876597511,50.25771825113997,2.4455871130887266,-0.5463502057915826,0.034818840649113655,False
1.9629999999998946,0.020276100645298074,1.5176470588235293,1.5294117647058822,0.010647058823533765,0.20166140007025357,46.10495979783149,2.2099661793711927,-0.5440224972871819,0.03427365432633499,False
1.9639999999998945,0.0197286903023233,1.5176470588235293,1.5294117647058822,0.010588235294122006,0.1797893777102939,42.35323870951697,1.9973589876630111,-0.5419187985689986,0.033730683691566773,False
1.9649999999998944,0.019181231280766375,1.5176470588235293,1.5294117647058822,0.010529411764710247,0.16004573405691808,38.96506785863525,1.805945689916659,-0.5400171519718984,0.03318971574487978,False
1.9659999999998943,0.018633724931428015,1.5176470588235293,1.5294117647058822,0.010470588235298488,0.14221763123946798,35.90498621493816,1.633743673043817,-0.5382973333650893,0.03265055851510779,False
1.9669999999998942,0.018086172605225867,1.5176470588235293,1.5294117647058822,0.01041176470588673,0.1261135151743509,33.13955527126837,1.4788781531404878,-0.5367409668169595,0.0321130393929699,False
1.967999999999894,0.017538575653190554,1.5176470588235293,1.5294117647058822,0.010352941176474971,0.11156098718633364,30.64198123773633,1.3395851855938343,-0.5353318204638511,0.03157700301253685,False
1.968999999999894,0.01699093542646327,1.5176470588235293,1.5294117647058822,0.010294117647063212,0.09840488846770608,28.384765000982878,1.2144438778885218,-0.5340546938450098,0.031042309782273035,False
1.9699999999998938,0.016443253276291845,1.5058823529411764,1.5294117647058822,0.010176470588239696,-1.0,-99.22941636929966,1.102007053227616,-0.5328966062183694,0.03050883414626927,False
1.9709999999998937,0.015895530554027537,1.5058823529411764,1.5294117647058822,0.01005882352941618,-0.9960273344588138,-135.37450136445813,-5.64294418814006,-0.5351669139593851,0.02997480241167063,False
1.9719999999998936,0.015347768611121712,1.5058823529411764,1.5294117647058822,0.009941176470592665,-0.9110716598364665,-135.83107431657305,-7.548291112482928,-0.541762711951587,0.029436337614492724,False
1.9729999999998935,0.014799968799122673,1.5058823529411764,1.5294117647058822,0.00982352941176915,-0.8347291997351767,-127.02258459971867,-7.565301414821507,-0.54931930468924,0.028890796631308852,False
1.9739999999998934,0.014252132469671686,1.5058823529411764,1.5294117647058822,0.009705882352945634,-0.7661386327028384,-116.45347966390612,-7.092007784268811,-0.556648176399089,0.028337812909512382,False
1.9749999999998933,0.013704260974500598,1.5058823529411764,1.5294117647058822,0.009588235294122118,-0.7045247694325569,-106.19942773707409,-6.525468297100068,-0.5634566805988168,0.027777760505691473,False
1.9759999999998932,0.013156355665427851,1.5058823529411764,1.5176470588235293,0.009529411764710359,0.5278688839812942,39.28157238762593,-5.9755140839671546,-0.569707411969236,0.027211178481351583,False
1.976999999999893,0.012608417894355335,1.5058823529411764,1.5176470588235293,0.0094705882352986,0.4722584661714109,74.65445079014717,1.7292280575131738,-0.5718303077485731,0.026640409645300674,False
1.977999999999893,0.012060449013265032,1.5058823529411764,1.5176470588235293,0.009411764705886842,0.4221502666131033,78.97726082689722,3.6082465679376465,-0.5691618166011352,0.026069913607567927,False
1.9789999999998928,0.011512450374215836,1.5058823529411764,1.5176470588235293,0.009352941176475083,0.3769940634812141,74.94248981704634,3.8443970266886156,-0.5654352574156625,0.025502615091801087,False
1.9799999999998927,0.010964423329339607,1.5058823529411764,1.5176470588235293,0.009294117647063324,0.33629465713310164,69.02253310742367,3.63830366509639,-0.5616941350043667,0.02493905042134129,False
1.9809999999998926,0.010416369230838754,1.5058823529411764,1.5176470588235293,0.009235294117651565,0.29960636789038825,63.029170879015986,3.33242216005139,-0.5582085608498063,0.024379099092048606,False
1.9819999999998925,0.009868289430982283,1.5058823529411764,1.5176470588235293,0.009176470588239807,0.2665280840425342,57.43996089092124,3.02261193621044,-0.5550312382920095,0.02382247921935282,False
1.9829999999998924,0.00932018528210262,1.5058823529411764,1.5176470588235293,0.009117647058828048,0.23669880505005325,52.34013037570405,2.73414544869884,-0.552152687841041,0.02326888727272046,False
1.9839999999998923,0.008772058136592266,1.5058823529411764,1.5176470588235293,0.00905882352941629,0.2097936304274084,47.72970955038566,2.4715370983561726,-0.5495499955903068,0.02271803595878627,False
1.9849999999998922,0.008223909346900619,1.5058823529411764,1.5176470588235293,0.00900000000000453,0.185520149737616,43.56351454793761,2.2347880939962703,-0.5471967113511153,0.02216966262005249,False
1.985999999999892,0.0076757402655300185,1.5058823529411764,1.5176470588235293,0.008941176470592772,0.16361519358739074,39.80075692365095,2.021516626738302,-0.5450686535529532,0.021623529965959235,False
1.986999999999892,0.007127552245033336,1.5058823529411764,1.5176470588235293,0.008882352941181013,0.14384190952277612,36.40545887954481,1.8295606775672877,-0.5431430506981595,0.021079424127433244,False
1.9879999999998919,0.006579346638010017,1.5058823529411764,1.5176470588235293,0.008823529411769254,0.1259871303352109,33.34230868099033,1.6570259309503514,-0.5413997920763117,0.020537152734566404,False
1.9889999999998917,0.006031124797102903,1.5058823529411764,1.5176470588235293,0.008764705882357495,0.1098590055369903,30.57375894361873,1.5020406615768183,-0.53982025553329,0.019996542723813317,False
1.9899999999998916,0.005482888074995043,1.4941176470588236,1.5176470588235293,0.00864705882353398,-1.0,-98.51657753774795,1.3626240763377337,-0.5383878965048641,0.019457438676013544,False
1.9909999999998915,0.004934637824405741,1.4941176470588236,1.5176470588235293,0.008529411764710464,-0.989655381985634,-134.35153976781703,-5.460355003376408,-0.5404368190758511,0.018918026331311448,False
1.9919999999998914,0.0043863753980881446,1.4941176470588236,1.5176470588235293,0.008411764705886948,-0.9068663143753103,-134.9723628508006,-7.349225811720582,-0.5468415204160421,0.018374387189695918,False
1.9929999999998913,0.003838102148825291,1.4941176470588236,1.5176470588235293,0.008294117647063433,-0.8324738005848418,-126.44018956293141,-7.374857536706074,-0.5542036771234279,0.017823864605749275,False
1.9939999999998912,0.0032898194294269196,1.4941176470588236,1.5176470588235293,0.008176470588239917,-0.7656381852322426,-116.15544644500933,-6.916120222563856,-0.5613490196364377,0.017266088285979378,False
1.994999999999891,0.0027415285927261373,1.4941176470588236,1.5176470588235293,0.008058823529416401,-0.7056037784737262,-106.16255721317204,-6.36456301068418,-0.5679895303341207,0.016701419028228845,False
1.995999999999891,0.0021932309915762343,1.4941176470588236,1.5058823529411764,0.008000000000004642,0.5253683640795364,39.070527818036965,-5.828366408135485,-0.5740857994460813,0.016130381391868336,False
1.9969999999998909,0.0016449279788467277,1.4941176470588236,1.5058823529411764,0.007941176470592884,0.4684785864951232,74.2221430241653,1.8633162148436093,-0.5760685372354363,0.015555304243479173,False
1.9979999999998908,0.0010966209074209504,1.4941176470588236,1.5058823529411764,0.007882352941181125,0.4172189631397387,78.34629897275731,3.7306857349272664,-0.5732713097332407,0.014980634347123677,False
1.9989999999998906,0.0005483111301920961,1.4941176470588236,1.5058823529411764,0.007823529411769366,0.3710264785904805,74.1331729321991,3.9563784999696545,-0.5694280153473233,0.014409284705966632,False
1.9999999999998905,6.003408640338673e-14,1.4941176470588236,1.5058823529411764,0.007764705882357608,0.3293944189667358,68.05241056204459,3.740903805317855,-0.56557913329211,0.013841781156005874,False
2.0009999999998906,-0.0005483111300720281,1.4941176470588236,1.5058823529411764,0.007705882352945837,0.2918667417759452,61.921240125330016,3.4265641593842853,-0.5619956429808823,0.013277993790588949,False
2.0019999999998905,-0.0010966209073008828,1.4941176470588236,1.5058823529411764,0.0076470588235340795,0.2580330087748296,56.196107364423185,3.1095146680001244,-0.5587273645548805,0.012717632308443097,False
2.0029999999998904,-0.0016449279787266607,1.4941176470588236,1.5058823529411764,0.007588235294122322,0.22752382554441353,50.98105595752917,2.81390512920467,-0.5557658882001018,0.012160385706202774,False
2.0039999999998903,-0.0021932309914561685,1.4941176470588236,1.5058823529411764,0.007529411764710564,0.2000067371076269,46.25957947892403,2.545248893192713,-0.5530860896427442,0.01160595973639511,False
2.00499999999989,-0.002741528592606228,1.4941176470588236,1.5058823529411764,0.007470588235298806,0.17518253398510694,41.99764502275034,2.302671936503592,-0.5506623376856364,0.01105408554824502,False
2.00599999999989,-0.0032898194293070116,1.4941176470588236,1.5058823529411764,0.007411764705887048,0.152781927645427,38.15452013317431,2.0843799261442433,-0.5484686219413974,0.01050452008535962,False
2.00699999999989,-0.00383810214870523,1.4941176470588236,1.5058823529411764,0.00735294117647529,0.13256255841030307,34.68037340200489,1.8882190184940115,-0.5464824925891666,0.009957044554809238,False
2.00799999999989,-0.004386375397968086,1.4941176470588236,1.5058823529411764,0.007294117647063532,0.11430630256927943,31.545251034448484,1.7115550865953708,-0.5446824596076293,0.009411462093860864,False
2.0089999999998898,-0.004934637824285685,1.4941176470588236,1.5058823529411764,0.007235294117651774,0.09781684878294628,28.714479677830436,1.5528075233148435,-0.5430503993318951,0.00886759569201011,False
2.0099999999998897,-0.005482888074874989,1.4941176470588236,1.5058823529411764,0.0071764705882400165,0.08291751684583457,26.15792928678193,1.4101405522302783,-0.5415688325180091,0.008325286089938929,False
2.0109999999998895,-0.006031124796983008,1.4823529411764707,1.5058823529411764,0.007058823529416501,-1.0,-99.75661261457857,1.281966122886569,-0.5402228435723626,0.007784390280023913,False
2.0119999999998894,-0.006579346637890125,1.4823529411764707,1.5058823529411764,0.006941176470592985,-1.0,-135.87504919086047,-5.372960896834185,-0.542268306757327,0.0072431447179513485,False
2.0129999999998893,-0.0071275522449132924,1.4823529411764707,1.5058823529411764,0.006823529411769469,-0.9308107772782213,-138.15023040154927,-7.2768038165818725,-0.5485931906285061,0.006697713998116454,False
2.013999999999889,-0.007675740265409979,1.4823529411764707,1.5058823529411764,0.0067058823529459535,-0.8556120524915791,-130.00043224447057,-7.389944050532294,-0.555926590976422,0.0061454541213180475,False
2.014999999999889,-0.008223909346780585,1.4823529411764707,1.5058823529411764,0.006588235294122438,-0.7880508472424236,-119.74717731962562,-6.951412501455003,-0.5630972079183101,0.005585942252018608,False
2.015999999999889,-0.008772058136472392,1.4823529411764707,1.4941176470588236,0.00652941176471068,0.44969541395241397,26.358241606961975,-6.401498353222466,-0.5697737526131401,0.005019506787396538,False
2.016999999999889,-0.00932018528198275,1.4823529411764707,1.4941176470588236,0.006470588235298922,0.39890234314541817,62.4733234613426,1.3362852797049811,-0.5723062371156298,0.00444846682330531,False
2.0179999999998888,-0.00986828943086242,1.4823529411764707,1.4941176470588236,0.006411764705887164,0.3531297558897096,67.51615522077438,3.2545868247172054,-0.5700109506850736,0.0038773082464995507,False
2.0189999999998887,-0.01041636923071874,1.4823529411764707,1.4941176470588236,0.006352941176475406,0.31187560383015966,64.1443882095249,3.5288461130488,-0.5666190623558581,0.0033089932690507297,False
2.0199999999998886,-0.010964423329219597,1.4823529411764707,1.4941176470588236,0.0062941176470636484,0.27468804344715264,58.82497330670712,3.357853685005326,-0.5631759064248816,0.0027440958026335935,False
2.0209999999998884,-0.011512450374095835,1.4823529411764707,1.4941176470588236,0.006235294117651891,0.24116041557303425,53.3754248418435,3.08376810725491,-0.5599548861956327,0.0021825304330619685,False
2.0219999999998883,-0.01206044901314519,1.4823529411764707,1.4941176470588236,0.006176470588240133,0.21092672695691553,48.269478862211976,2.8027577094729854,-0.5570118474159538,0.0016240470854382845,False
2.022999999999888,-0.0126084178942355,1.4823529411764707,1.4941176470588236,0.006117647058828375,0.1836575836729966,43.610515787223754,2.5398899964315382,-0.5543402911714445,0.0010683710404315856,False
2.023999999999888,-0.013156355665308024,1.4823529411764707,1.4941176470588236,0.006058823529416617,0.1590565311880574,39.392683313223436,2.300637938716368,-0.5519202664677542,0.0005152407822741597,False
2.0249352722166853,-0.013668797287311373,1.4823529411764707,1.4941176470588236,0.006003807516663838,0.1382937023714814,35.87394462601747,2.0846964652623576,-0.5497273592888313,-3.55830087641148e-05,False
2.024999999999888,-0.013704260974380622,1.4823529411764707,1.4941176470588236,0.0,0.07825562720484303,33.13782656455101,2.081090405719797,-0.5508247739832723,0.00023955452768080322,False
2.025999999999888,-0.014252132469551721,1.4823529411764707,1.4941176470588236,0.0,0.07825562720484303,7.606646718556357,2.082893787156287,-0.550304290042864,0.00010191339703359992,False
2.026999999999888,-0.014799968799002713,1.4823529411764707,1.4941176470588236,-3.8075166589797537e-06,0.0769495173792469,-1.832186744081928,2.0837949426254907,-0.5500438703120725,3.314163787863662e-05,False
2.0279999999998877,-0.015347768611001917,1.4823529411764707,1.4941176470588236,-6.263104607073778e-05,0.056897816948194846,-6.434213822481839,2.0842455286137587,-0.5499136180290453,-1.232033118984039e-06,False
2.0289999999998876,-0.015895530553907748,1.4823529411764707,1.4941176470588236,-0.0001214545754824958,0.03879246303083613,-9.459515318435802,2.0840202469884277,-0.5499787477051746,1.5953784719883455e-05,False
2.0299999999998875,-0.01644325327617191,1.4823529411764707,1.4941176470588236,-0.00018027810489425382,0.022438820975801358,-11.8650179527031,2.084132885826204,-0.5499461838872713,7.360621319362036e-06,False
2.0309999999998873,-0.016990935426343345,1.4705882352941175,1.4941176470588236,-0.00023910163430601182,0.007661719596857991,-127.46307325636337,2.0841891826592227,-0.5499299013587607,3.064230425394236e-06,False
2.0319999999998872,-0.017538575653070636,1.4705882352941175,1.4941176470588236,-0.00029792516371776986,-0.0056964951736028155,-160.59421331608755,2.0842173403587787,-0.5499217599401987,9.160826815691724e-07,False
2.032999999999887,-0.01808617260510596,1.4705882352941175,1.4941176470588236,-0.000415572222541287,-1.0,-169.988137713062,2.084231417312723,-0.5499176891922484,-1.5797926440564637e-07,False
2.033999999999887,-0.01863372493130827,1.4705882352941175,1.4941176470588236,-0.0005332192813648042,-1.0,-165.5595002463958,2.0842243801493567,-0.5499197245694439,3.7905071462358274e-07,False
2.034999999999887,-0.01918123128064664,1.4705882352941175,1.4941176470588236,-0.0006508663401883214,-1.0,-156.22933834901588,2.0842278985673035,-0.5499187068816497,1.1053547652588445e-07,False
2.035999999999887,-0.019728690302203422,1.4705882352941175,1.5058823529411764,-0.0007685133990118385,-0.9394561527685321,-168.3208554986625,2.0842296575465,-0.5499181980371475,-2.3721956178840907e-08,False
2.0369999999998867,-0.02027610064517821,1.4705882352941175,1.5058823529411764,-0.0008861604578353557,-0.8709849332436398,-171.66737598413178,2.0842287782572138,-0.5499184524594489,4.3406744644829306e-08,False
2.0379999999998866,-0.02082346095889024,1.4705882352941175,1.5058823529411764,-0.001062631046070631,-1.0,-172.48835526099248,2.0842292173399652,-0.5499183252483113,9.842390472923604e-09,False
2.0389999999998865,-0.021370769892782353,1.4705882352941175,1.5058823529411764,-0.001239101634305906,-1.0,-172.5831622873475,2.084229438564774,-0.5499182616427322,-6.939783823506016e-09,False
2.0399999999998863,-0.021918026096424164,1.4705882352941175,1.5058823529411764,-0.0014155722225411812,-1.0,-172.4680293059457,2.0842300452926437,-0.5498695338324576,4.106537855286053e-09,False
2.0409999999998862,-0.02246522821951539,1.4705882352941175,1.5058823529411764,-0.0015920428107764563,-1.0,-172.29268361385084,-6.686086070159106,0.5498695338324576,4.106537855286053e-09,True
2.041999999999886,-0.023012374911889028,1.4705882352941175,1.5058823529411764,-0.0017685133990117314,-1.0,-172.1002632540317,1.897590503101762,0.5497145591195852,3.559092639463078e-05,False
2.042999999999886,-0.023559464823515317,1.4705882352941175,1.5058823529411764,-0.0019449839872470065,-1.0,-171.9030886198094,1.7456074658652105,0.5515363266120424,0.000586216349878709,False
2.043999999999886,-0.024106496604504132,1.4705882352941175,1.5058823529411764,-0.0021214545754822817,-1.0,-171.7049366751046,0.3875417282627222,0.5526027238070688,0.0011382858517089843,False
2.044999999999886,-0.024653468905108937,1.4705882352941175,1.5058823529411764,-0.002297925163717557,-1.0,-171.50605820560176,-0.11910205861289974,0.5527371259627561,0.001690955755642809,False
2.0459999999998857,-0.02520038037572994,1.4705882352941175,1.5058823529411764,-0.0024743957519528324,-1.0,-165.1939183599742,-0.36983376006772556,0.5524924737197371,0.0022435705335048504,False
2.0469999999998856,-0.02574722966691747,1.4705882352941175,1.5058823529411764,-0.0026508663401881077,-1.0,-156.91524854514662,-0.5371376862040967,0.552039171555882,0.0027958363337846396,False
2.0479999999998855,-0.026294015429375095,1.4705882352941175,1.5058823529411764,-0.002827336928423383,-0.9471091306876225,-148.7144029551798,-0.6716424154346262,0.5514346020824277,0.0033475732001530083,False
2.0489999999998854,-0.026840736313963613,1.4705882352941175,1.5058823529411764,-0.0030038075166586584,-0.8922843780767015,-141.14030078705858,-6.795028763914862,0.5477014392126116,0.0038971411971618223,False
2.0499999999998852,-0.027387390971703434,1.4705882352941175,1.5058823529411764,-0.0031802781048939337,-0.8431185713151074,-134.28163719649683,-8.555094826149718,0.5400262185361354,0.004441005007595211,False
2.050999999999885,-0.027933978053778535,1.4588235294117646,1.5058823529411764,-0.003356748693129209,-0.7990458158179072,-159.98588068262825,-9.059138221389928,0.531219250632994,0.00497662771867909,False
2.051999999999885,-0.028480496211539624,1.4588235294117646,1.5058823529411764,-0.0035332192813644844,-0.759556806458662,-167.24273470462055,-8.831727106735679,0.522273689219059,0.0055033741727362456,False
2.052999999999885,-0.02902694409650747,1.4588235294117646,1.5058823529411764,-0.0037685133990115176,-1.0,-169.19026797883637,-8.344865993825595,0.5136855074443435,0.006021353748159374,False
2.053999999999885,-0.029573320360376087,1.4588235294117646,1.5058823529411764,-0.004003807516658551,-1.0,-169.6104569215941,-8.991292092228507,0.5050173357526325,0.006530705156040075,False
2.0549999999998847,-0.03011962365501667,1.4588235294117646,1.5058823529411764,-0.004239101634305584,-1.0,-169.59081655980674,-9.174913343104118,0.4959343094468029,0.007031180956534187,False
2.0559999999998846,-0.030665852632479985,1.4588235294117646,1.5058823529411764,-0.004474395751952617,-1.0,-169.4438514267729,-9.224789348994824,0.48673440524312556,0.007522515301955249,False
2.0569999999998845,-0.031212005945000336,1.4588235294117646,1.5058823529411764,-0.0047096898695996505,-1.0,-169.26075831934324,-9.236125089028787,0.47750398392660226,0.008004634475595991,False
2.0579999999998844,-0.0317580822449987,1.4588235294117646,1.5058823529411764,-0.004944983987246684,-1.0,-169.06677185017776,-9.236230436512955,0.46826779337471774,0.008477520353700137,False
2.0589999999998843,-0.03230408018508612,1.4588235294117646,1.5058823529411764,-0.005180278104893717,-1.0,-168.8705224166756,-9.23303035010745,0.4590331595117291,0.008941170810628627,False
2.059999999999884,-0.03284999841806677,1.4588235294117646,1.5058823529411764,-0.00541557222254075,-1.0,-168.67390594898845,-9.228804777491836,0.44980226668988643,0.009395588514150567,False
2.060999999999884,-0.033395835596942,1.4588235294117646,1.5058823529411764,-0.005650866340187783,-1.0,-168.47675996787945,-9.224207237188368,0.4405757216507004,0.009840777490462225,False
2.061999999999884,-0.033941590374912685,1.4588235294117646,1.5058823529411764,-0.005886160457834817,-1.0,-164.9619044221256,-9.219437064910347,0.43135395682294064,0.010276742320727136,False
2.062999999999884,-0.03448726140538314,1.4588235294117646,1.5176470588235293,-0.00612145457548185,-1.0,-167.13051094180267,-9.214507093448786,0.4221369161186505,0.010703487741168671,False
2.0639999999998837,-0.035032847341964365,1.4588235294117646,1.5176470588235293,-0.006356748693128883,-0.9712871742085403,-167.6156450656887,-8.886011409109534,0.4130867399629055,0.011121099560549961,False
2.0649999999998836,-0.035578346838477284,1.4588235294117646,1.5176470588235293,-0.006650866340187674,-1.0,-167.61523709518374,-8.453351196595287,0.40441696779646136,0.01152985140031436,False
2.0659999999998835,-0.03612375854895597,1.4588235294117646,1.5176470588235293,-0.006944983987246465,-1.0,-167.47502625496486,-8.024698938643915,0.39617804372244647,0.011930148897456673,False
2.0669999999998834,-0.036669081127651534,1.4588235294117646,1.5176470588235293,-0.007239101634305256,-1.0,-167.29480091071008,-7.629100776061973,0.38835103874115395,0.012322413426437641,False
2.0679999999998833,-0.037214313229034596,1.4588235294117646,1.5176470588235293,-0.007533219281364047,-1.0,-167.10364987209056,-7.271256322255475,0.3809009710461725,0.012707039422542294,False
2.068999999999883,-0.03775945350779912,1.4588235294117646,1.5176470588235293,-0.00782733692842284,-1.0,-166.9090848759763,-8.636183415396312,0.3729471400780373,0.013083963467629564,False
2.069999999999883,-0.03830450061886568,1.4588235294117646,1.5176470588235293,-0.008121454575481631,-1.0,-166.71364764894363,-9.024966153243252,0.36411667776397716,0.013452495367550426,False
2.070999999999883,-0.03884945321738469,1.4470588235294117,1.5176470588235293,-0.008415572222540423,-1.0,-166.51806505417463,-9.132721274559307,0.35503772594925187,0.013812072560757765,False
2.071999999999883,-0.039394309958739646,1.4470588235294117,1.5176470588235293,-0.008709689869599215,-1.0,-166.32257439891657,-9.159545278242613,0.34589169803092695,0.014162537263654133,False
2.0729999999998827,-0.039939069498551014,1.4470588235294117,1.5176470588235293,-0.009062631046069764,-1.0,-166.12675256531398,-9.162979894286941,0.3367303378987048,0.014503848274662357,False
2.0739999999998826,-0.04048373049267861,1.4470588235294117,1.5176470588235293,-0.009415572222540313,-1.0,-165.9316177996554,-9.159556245588103,0.3275691612924755,0.014835998015158308,False
2.0749999999998825,-0.04102829159722559,1.4470588235294117,1.5176470588235293,-0.009768513399010862,-1.0,-165.73689879255207,-9.15410237953099,0.31841225089701275,0.015158988715768455,False
2.0759999999998824,-0.04157275146854155,1.4470588235294117,1.5176470588235293,-0.010121454575481411,-1.0,-165.54214939198587,-9.147951251334295,0.30926129663990426,0.015472825480560816,False
2.0769999999998823,-0.04211710876322589,1.4470588235294117,1.5176470588235293,-0.01047439575195196,-1.0,-165.34700842562984,-9.141560880226187,0.30011648002243096,0.01577751436462054,False
2.077999999999882,-0.042661362138130945,1.4470588235294117,1.5176470588235293,-0.010827336928422509,-1.0,-165.1525998598666,-9.135031457128425,0.290978234438398,0.016073061713159472,False
2.078999999999882,-0.04320551025036591,1.4470588235294117,1.5176470588235293,-0.011180278104893058,-1.0,-164.95860831632748,-9.12835357303318,0.2818465039700849,0.01635947407903072,False
2.079999999999882,-0.043749551757299276,1.4470588235294117,1.5176470588235293,-0.011533219281363607,-1.0,-164.76458214518738,-8.946020851246656,0.27280934432225246,0.016636801994942,False
2.080999999999882,-0.044293485316562686,1.4470588235294117,1.5176470588235293,-0.011886160457834156,-1.0,-164.57067864570033,-9.064275188818094,0.2638041810002365,0.016905108754935207,False
2.0819999999998817,-0.044837309586054176,1.4470588235294117,1.5176470588235293,-0.012239101634304705,-1.0,-164.3769481707977,-9.093341369864373,0.2547253781442374,0.017164373526886722,False
2.0829999999998816,-0.04538102322394139,1.4470588235294117,1.5176470588235293,-0.012592042810775254,-1.0,-164.18342289165008,-9.096597843441996,0.2456304141956874,0.017414551420810876,False
2.0839999999998815,-0.045924624888664854,1.4470588235294117,1.5176470588235293,-0.012944983987245803,-1.0,-163.9900650823948,-9.09233887444224,0.2365359316213725,0.017655634586859547,False
2.0849999999998814,-0.04646811323894178,1.4470588235294117,1.5176470588235293,-0.013297925163716352,-1.0,-163.79690632764326,-9.08584358709076,0.22744686379563683,0.01788762598253874,False
2.0859999999998813,-0.047011486933768554,1.4470588235294117,1.5176470588235293,-0.0136508663401869,-1.0,-163.60393931957074,-9.078650583764599,0.21836458666518727,0.018110531701772334,False
2.086999999999881,-0.047554744632424595,1.4470588235294117,1.5176470588235293,-0.01400380751665745,-1.0,-163.41117964705055,-9.071159098491,0.20928971870288246,0.01832435885248519,False
2.087999999999881,-0.04809788499447553,1.4470588235294117,1.5176470588235293,-0.014356748693127998,-1.0,-163.2186325150213,-9.06350103379749,0.2002223473954875,0.018529114880456644,False
2.088999999999881,-0.04864090667977636,1.4470588235294117,1.5176470588235293,-0.014709689869598547,-1.0,-163.02628683821638,-9.055718283350144,0.19116278323680616,0.018724807443754703,False
2.089999999999881,-0.04918380834847536,1.4470588235294117,1.5176470588235293,-0.015062631046069096,-1.0,-162.83413838483722,-9.047819932523522,0.18211096666024654,0.018911444314552987,False
2.0909999999998807,-0.04972658866101647,1.4470588235294117,1.5176470588235293,-0.015415572222539645,-1.0,-162.64220577275677,-9.039787065809769,0.17306721233519606,0.01908903340193429,False
2.0919999999998806,-0.05026924627814325,1.4352941176470588,1.5176470588235293,-0.015768513399010194,-1.0,-162.45048774741167,-9.031670910957708,0.16403143448007168,0.01925758272208156,False
2.0929999999998805,-0.05081177986090194,1.4352941176470588,1.5176470588235293,-0.016121454575480743,-1.0,-162.25898434244246,-9.023459048297646,0.15500391776338357,0.01941710039598707,False
2.0939999999998804,-0.05135418807064488,1.4352941176470588,1.5176470588235293,-0.01653321928136305,-1.0,-162.06770142937577,-9.015127235574026,0.14598457861819744,0.019567594641729077,False
2.0949999999998803,-0.05189646956903357,1.4352941176470588,1.5176470588235293,-0.016944983987245355,-1.0,-161.87665788203353,-9.00665614164313,0.13697373045011785,0.019709073793989007,False
2.09599999999988,-0.052438623018042634,1.4352941176470588,1.5176470588235293,-0.01735674869312766,-1.0,-161.68588817427099,-8.998106572498722,0.12797130929712114,0.01984154631211487,False
2.09699999999988,-0.05298064707996217,1.4352941176470588,1.5176470588235293,-0.017768513399009967,-1.0,-161.49516679384453,-8.989460150172329,0.11897756193742703,0.01996502074547454,False
2.09799999999988,-0.05352254041740168,1.4352941176470588,1.5176470588235293,-0.018180278104892273,-1.0,-161.30516696040905,-8.980695061107836,0.10999245292452127,0.02007950575172757,False
2.09899999999988,-0.05406430169329323,1.4352941176470588,1.5176470588235293,-0.01859204281077458,-1.0,-161.11469690382862,-8.971818052174012,0.10101622331239808,0.020185010087700194,False
2.0999999999998797,-0.05460592957089473,1.4352941176470588,1.5176470588235293,-0.019003807516656885,-1.0,-160.9246947179541,-8.962832919642006,0.09204887570863378,0.020281542636463916,False
2.1009999999998796,-0.055147422713793075,1.4352941176470588,1.5176470588235293,-0.01941557222253919,-1.0,-160.73499281904327,-8.953741449690684,0.08309060616141434,0.020369112375465983,False
2.1019999999998795,-0.05568877978590807,1.4352941176470588,1.5176470588235293,-0.019827336928421497,-1.0,-160.54563529094335,-8.944540672484091,0.07414145191087046,0.020447728404054975,False
2.1029999999998794,-0.056229999451494796,1.4352941176470588,1.5176470588235293,-0.020239101634303803,-1.0,-160.35630429396994,-8.935234588870882,0.06520157356236417,0.020517399915165036,False
2.1039999999998793,-0.05677108037514754,1.4352941176470588,1.5176470588235293,-0.02065086634018611,-1.0,-160.16730897044147,-8.92581980275819,0.05627104063372261,0.020578136222003975,False
2.104999999999879,-0.05731202122180291,1.4352941176470588,1.5176470588235293,-0.021062631046068415,-1.0,-159.97872940248007,-8.916300991406944,0.047349983106786044,0.020629946732627875,False
2.105999999999879,-0.057852820656743124,1.4352941176470588,1.5176470588235293,-0.02147439575195072,-1.0,-159.79027228159913,-8.906674651056822,0.03843849468952963,0.020672840971373778,False
2.106999999999879,-0.05839347734559921,1.4352941176470588,1.5176470588235293,-0.021886160457833027,-1.0,-159.60202318925727,-8.896943951227835,0.02953668447432323,0.02070682856013504,False
2.107999999999879,-0.0589339899543548,1.4352941176470588,1.5176470588235293,-0.022297925163715333,-1.0,-159.41401509628818,-8.887105846079766,0.020644661290466625,0.020731919232927797,False
2.1089999999998787,-0.05947435714934865,1.4352941176470588,1.5176470588235293,-0.02270968986959764,-1.0,-159.22617083735025,-8.877163409557378,0.01176252490955181,0.02074812282564531,False
2.1099999999998786,-0.06001457759727839,1.4352941176470588,1.5176470588235293,-0.023121454575479945,-1.0,-159.0386601539639,-8.867115889650245,0.002890386336038389,0.02075544928123645,False
2.1109999999998785,-0.0605546499652038,1.4352941176470588,1.5176470588235293,-0.02353321928136225,-1.0,-158.85186527389075,-8.85696310296682,-0.005971652878128134,0.020753908647999964,False
2.1119999999998784,-0.061094572920549976,1.423529411764706,1.5176470588235293,-0.023944983987244556,-1.0,-158.66468837393325,-8.846706756850644,-0.014823490059238876,0.020743511076591024,False
2.1129999999998783,-0.061634345131110546,1.423529411764706,1.5176470588235293,-0.024356748693126862,-1.0,-158.47757348747754,-8.836346097849146,-0.0236650117375638,0.020724266826092887,False
2.113999999999878,-0.06217396526505155,1.423529411764706,1.5176470588235293,-0.02482733692842093,-1.0,-158.29128455195638,-8.82588517824587,-0.0324961350313319,0.020696186252926078,False
2.114999999999878,-0.06271343199091378,1.423529411764706,1.5176470588235293,-0.025297925163714995,-1.0,-158.1050342503993,-8.815310349620484,-0.041316721911398846,0.020659279825145527,False
2.115999999999878,-0.06325274397761675,1.423529411764706,1.5176470588235293,-0.025768513399009062,-1.0,-157.91916596018893,-8.804658582346052,-0.05012672061937053,0.020613558104347007,False
2.116999999999878,-0.06379189989446173,1.423529411764706,1.5176470588235293,-0.026239101634303128,-1.0,-157.73368871582647,-8.793866693236012,-0.05892596557430622,0.02055903176214207,False
2.1179999999998778,-0.06433089841113507,1.423529411764706,1.5176470588235293,-0.026709689869597195,-1.0,-157.54801196725637,-8.782983626482281,-0.06771441165900195,0.020495711574346934,False
2.1189999999998776,-0.06486973819771137,1.423529411764706,1.5176470588235293,-0.02718027810489126,-1.0,-157.36270641540037,-8.772002569431018,-0.07649188074843517,0.020423608429144216,False
2.1199999999998775,-0.06540841792465735,1.423529411764706,1.5176470588235293,-0.027650866340185327,-1.0,-157.17786832537763,-8.760923192896575,-0.08525837017563238,0.020342733304965104,False
2.1209999999998774,-0.06594693626283414,1.423529411764706,1.5176470588235293,-0.028121454575479394,-1.0,-156.99330168044898,-8.749732197447898,-0.09401366915664004,0.020253097286328,False
2.1219999999998773,-0.0664852918835013,1.423529411764706,1.5176470588235293,-0.02859204281077346,-1.0,-156.80906292474555,-8.738442562647895,-0.10275778654020493,0.020154711560318624,False
2.122999999999877,-0.06702348345831985,1.423529411764706,1.5176470588235293,-0.029062631046067527,-1.0,-156.62482918783846,-8.727061903127233,-0.11149050799872617,0.020047587414048378,False
2.123999999999877,-0.06756150965935556,1.423529411764706,1.5176470588235293,-0.029533219281361593,-1.0,-156.44114804570432,-8.71557231254925,-0.12021185548602156,0.01993173623477192,False
2.124999999999877,-0.06809936915908214,1.423529411764706,1.5058823529411764,-0.03000380751665566,-1.0,-84.73018418836205,-8.703980009972337,-0.12892160224057192,0.01980716950685479,False
2.125999999999877,-0.06863706063038504,1.423529411764706,1.5058823529411764,-0.030474395751949726,-1.0,-73.19959497601519,-8.692286492248774,-0.13761976254346595,0.019673898827592736,False
2.1269999999998768,-0.06917458274656382,1.423529411764706,1.5058823529411764,-0.030886160457832032,-0.3811213577746032,-78.11165756921541,-8.68048710500195,-0.14630612517234687,0.01953193588464662,False
2.1279999999998767,-0.06971193418133613,1.423529411764706,1.5058823529411764,-0.03129792516371434,-0.4603659706902601,-86.9664703980457,-8.668592636488466,-0.15498068481894492,0.019381292483442777,False
2.1289999999998765,-0.0702491136088407,1.423529411764706,1.5058823529411764,-0.031709689869596644,-0.5320978870202349,-96.24412560746804,-8.656621209641042,-0.16364327671560516,0.019221980503616946,False
2.1299999999998764,-0.07078611970364071,1.423529411764706,1.5058823529411764,-0.03212145457547895,-0.5970683764230943,-104.9961402108043,-8.644517331187327,-0.17229385471449965,0.01905401194231296,False
2.1309999999998763,-0.07132295114072683,1.423529411764706,1.5058823529411764,-0.032533219281361256,-0.6559535815915508,-113.02720527073893,-8.632302481841078,-0.18093226225278175,0.018877398884909143,False
2.131999999999876,-0.07185960659552117,1.423529411764706,1.5058823529411764,-0.03294498398724356,-0.7093620309490449,-120.33758789357955,-8.620018741977951,-0.1895584173773155,0.018692153550043628,False
2.132999999999876,-0.07239608474387957,1.4117647058823528,1.5058823529411764,-0.03335674869312587,-0.7578414000766724,-145.23654898638733,-8.60762408230125,-0.19817225178825773,0.01849828821682786,False
2.133999999999876,-0.07293238426209557,1.4117647058823528,1.5058823529411764,-0.033768513399008174,-0.8018845969974199,-152.27386882458993,-8.595136247598914,-0.20677361007838285,0.018295815291270272,False
2.134999999999876,-0.07346850382690338,1.4117647058823528,1.5058823529411764,-0.03423910163430224,-1.0,-154.17056542871703,-8.582557560538415,-0.21536248688612655,0.01808474724462298,False
2.1359999999998758,-0.07400444211548131,1.4117647058823528,1.5058823529411764,-0.0347096898695963,-1.0,-154.5880429039951,-8.5698543531444,-0.22393865373406102,0.01786509667998028,False
2.1369999999998757,-0.07454019780545472,1.4117647058823528,1.5058823529411764,-0.03518027810489036,-1.0,-154.57956425356227,-8.55706014860492,-0.23250215787704406,0.017636876276679064,False
2.1379999999998756,-0.07507576957490002,1.4117647058823528,1.5058823529411764,-0.035650866340184426,-1.0,-154.44876832990613,-8.544176889144186,-0.2410527207620604,0.01740009884317478,False
2.1389999999998754,-0.07561115610234695,1.4117647058823528,1.5058823529411764,-0.03612145457547849,-1.0,-154.28320760659776,-8.53119739954382,-0.24959047024524758,0.01715477725105277,False
2.1399999999998753,-0.07614635606678248,1.4117647058823528,1.5058823529411764,-0.03659204281077255,-1.0,-154.10781841569624,-8.5181224971326,-0.258115060404042,0.01690092449155346,False
2.1409999999998752,-0.0766813681476539,1.4117647058823528,1.5058823529411764,-0.037062631046066614,-1.0,-153.9294923092081,-8.504936616168637,-0.2666266645475179,0.016638553633534236,False
2.141999999999875,-0.0772161910248721,1.4117647058823528,1.5058823529411764,-0.03753321928136068,-1.0,-153.7508135914065,-8.49166868835613,-0.27512488723853773,0.0163676778633623,False
2.142999999999875,-0.07775082337881462,1.4117647058823528,1.5058823529411764,-0.03800380751665474,-1.0,-153.57240171604303,-4.6938600343994255,-0.2817177334631705,0.01608925655869988,False
2.143999999999875,-0.07828526389032958,1.4117647058823528,1.5058823529411764,-0.0384743957519488,-1.0,-153.39377186517396,-4.080067598335166,-0.28610461408553656,0.015805345390344727,False
2.144999999999875,-0.07881951124073801,1.4117647058823528,1.5058823529411764,-0.038944983987242866,-1.0,-153.21555656623204,-4.336182320306027,-0.2903128205725921,0.015517136679777414,False
2.1459999999998747,-0.07935356411183767,1.4117647058823528,1.5058823529411764,-0.03941557222253693,-1.0,-153.0377724153986,-4.800848473028882,-0.29488125658834674,0.015224539646151168,False
2.1469999999998746,-0.0798874211859062,1.4117647058823528,1.5058823529411764,-0.03988616045783099,-1.0,-152.86011275171285,-5.287822265874567,-0.29992566654988817,0.01492713619241823,False
2.1479999999998745,-0.08042108114570415,1.4117647058823528,1.5058823529411764,-0.040356748693125055,-1.0,-152.68344788306038,-5.746916770794961,-0.30544296636399093,0.01462445188055047,False
2.1489999999998743,-0.08095454267447895,1.4117647058823528,1.5058823529411764,-0.04082733692841912,-1.0,-152.50618268362655,-6.167790852075808,-0.31140038204250314,0.014316030215286981,False
2.1499999999998742,-0.08148780445596718,1.4117647058823528,1.5058823529411764,-0.04129792516371318,-1.0,-152.3295917126285,-6.550453336213715,-0.31775944979289333,0.014001450303755927,False
2.150999999999874,-0.08202086517439836,1.4117647058823528,1.5058823529411764,-0.041768513399007244,-1.0,-152.15345707347808,-7.863622932873892,-0.32496653154119,0.013680087323122673,False
2.151999999999874,-0.08255372351449818,1.4117647058823528,1.5058823529411764,-0.04223910163430131,-1.0,-151.97795915744067,-8.231648460185728,-0.3330141333201483,0.013351096995115982,False
2.152999999999874,-0.08308637816149166,1.4117647058823528,1.5058823529411764,-0.04270968986959537,-1.0,-151.80242401569475,-8.32758332670961,-0.3412937696560052,0.013013943054783355,False
2.153999999999874,-0.08361882780110623,1.4,1.4941176470588236,-0.04318027810488943,-1.0,-151.6272796816811,-8.345143246562357,-0.3496301242094891,0.012668481112602457,False
2.1549999999998737,-0.08415107111957566,1.4,1.4941176470588236,-0.043650866340183496,-1.0,-151.4524803664895,-8.340058676838696,-0.35797271833212213,0.01231467970348781,False
2.1559999999998736,-0.08468310680364231,1.4,1.4941176470588236,-0.04412145457547756,-1.0,-151.27797605104018,-8.328391809793494,-0.36630696348517633,0.01195253986793641,False
2.1569999999998735,-0.08521493354056103,1.4,1.4941176470588236,-0.04459204281077162,-1.0,-151.10385164530064,-8.314777070851656,-0.37462851127158475,0.011582072143522398,False
2.1579999999998734,-0.0857465500181022,1.4,1.4941176470588236,-0.045062631046065685,-1.0,-150.93005356445616,-8.300533389975449,-0.38293621657434906,0.01120328978586865,False
2.1589999999998732,-0.08627795492455502,1.4,1.4941176470588236,-0.04553321928135975,-1.0,-150.75619037182366,-8.286024742105372,-0.3912294287410822,0.01081620697676464,False
2.159999999999873,-0.08680914694873056,1.4,1.4941176470588236,-0.04600380751665381,-1.0,-150.58315952375736,-8.271390167598941,-0.39950821570807704,0.010420838162045896,False
2.160999999999873,-0.08734012477996557,1.4,1.4941176470588236,-0.046474395751947874,-1.0,-150.4104800631741,-8.25665957875353,-0.40777214533975054,0.010017197995439727,False
2.161999999999873,-0.08787088710812493,1.4,1.4941176470588236,-0.04694498398724194,-1.0,-150.23841366673162,-8.241811017988457,-0.4160214864812728,0.009605301188595997,False
2.162999999999873,-0.08840143262360534,1.4,1.4941176470588236,-0.047415572222536,-1.0,-150.06632773837686,-8.226874759167877,-0.4242557100826128,0.009185162604385025,False
2.1639999999998727,-0.08893176001733846,1.4,1.4941176470588236,-0.04788616045783006,-1.0,-149.89464382184988,-8.211854609106787,-0.432475201479661,0.008756797159533343,False
2.1644038696287797,-0.0891458810124161,1.4,1.4941176470588236,-0.048356748693124126,-1.0,-149.8399647378311,-8.196732902815803,-0.4406793584603461,0.008320219893614507,False
2.1649999999998726,-0.0894618679807942,1.4,1.4941176470588236,-0.04882733692841819,-1.0,-160.21291077329965,-8.181556148185036,-0.4488686429900281,0.007875445905936643,False
2.1659999999998725,-0.0899917552059837,1.4,1.4941176470588236,-0.04901739322437444,-1.0,-167.03500919869919,-8.166241323241017,-0.45704239594138335,0.007422490400390321,False
2.1669999999998724,-0.09052142038546318,1.4,1.4941176470588236,0.0,-0.9681013180631437,-169.14039402860766,-8.150853598871516,-0.4652010874446933,0.006961368674048927,False
2.1679999999998723,-0.09105086221233633,1.4,1.4941176470588236,0.0,-0.9681013180631437,-169.91476900721884,-8.135385056388929,-0.4733440618401206,0.006492096113163458,False
2.168999999999872,-0.09158007938025806,1.4,1.4941176470588236,-0.00028053193933781265,-0.9693015655248387,-170.329038984845,-8.119841581546286,-0.48147181293667474,0.006014688193531692,False
2.169999999999872,-0.09210907058343762,1.4,1.4941176470588236,-0.000751120174631879,-0.9714754703234569,-170.66102202616386,-8.104191480355095,-0.4895836959337794,0.005529160452754279,False
2.170999999999872,-0.09263783451664184,1.4,1.4941176470588236,-0.0012217084099259454,-0.9739025728775084,-170.98810832118963,-8.088454488276076,-0.4976801398312319,0.005035528555039878,False
2.171999999999872,-0.09316636987519808,1.4,1.4941176470588236,-0.0016922966452200118,-0.9765575534114483,-171.33078182222616,-8.07263042756824,-0.5057605705962075,0.004533808213545902,False
2.1729999999998717,-0.0936946753549982,1.4,1.4941176470588236,-0.002162884880514078,-0.9794176241272881,-171.69256477305456,-8.056716173298357,-0.5138253378538404,0.00402401528181365,False
2.1739999999998716,-0.0942227496525008,1.4,1.4941176470588236,-0.0026334731158081446,-0.9824622760068382,-172.074339441113,-8.040715697839799,-0.521873973473017,0.0035061656401851045,False
2.1749999999998715,-0.09475059146473501,1.388235294117647,1.5058823529411764,-0.003104061351102211,-0.9856730509337276,-172.48782237326688,-8.024628368127791,-0.5299067037078087,0.0029802753262410746,False
2.1759999999998714,-0.09527819948930367,1.388235294117647,1.5058823529411764,-0.0035746495863962775,-0.9890333366032213,-172.466125144542,-8.008430781173292,-0.537923192221776,0.0024463603929597436,False
2.1769999999998713,-0.09580557242438643,1.388235294117647,1.5058823529411764,-0.0040452378216903435,-0.9925281819410604,-172.31819433363148,-7.9921739639855325,-0.5459235102368616,0.0019044370682893574,False
2.177999999999871,-0.09633270896874284,1.388235294117647,1.5058823529411764,-0.00451582605698441,-0.9961441309804093,-172.13412963356714,-7.9758294859534855,-0.5539075157315017,0.0013545215710347377,False
2.178999999999871,-0.09685960782171615,1.388235294117647,1.5058823529411764,-0.005104061351101992,-1.0,-171.94003405407824,-7.959413941522565,-0.5618751063054931,0.0007966302881939277,False
2.179999999999871,-0.09738626768323573,1.388235294117647,1.5058823529411764,-0.005692296645219574,-1.0,-171.7425011594232,-7.942892643013472,-0.5698263109511068,0.00023077959678448456,False
2.180999999999871,-0.09791268725382064,1.388235294117647,1.5058823529411764,-0.0062805319393371565,-1.0,-171.54428168313217,-7.926288181995395,-0.5777608222422222,-0.00034301394034294173,False
2.1819999999998707,-0.09843886523458298,1.388235294117647,1.5058823529411764,-0.006868767233454739,-1.0,-171.34627056284535,-7.930061282307359,-0.5737945268372341,-5.512560525592975e-05,False
2.1829999999998706,-0.09896480032723086,1.388235294117647,1.5058823529411764,-0.007457002527572321,-1.0,-171.1479481378551,-7.9319380456368265,-0.5718106576481998,8.807497830538462e-05,False
2.1839999999998705,-0.09949049123407161,1.388235294117647,1.5058823529411764,-0.008045237821689904,-1.0,-170.9494389588957,-7.931000769174804,-0.5728020947551825,1.653668228357142e-05,False
2.1849999999998704,-0.10001593665801543,1.388235294117647,1.5058823529411764,-0.008633473115807486,-1.0,-170.75140130943478,-7.930531712655697,-0.5732977670013355,-1.9278937918827772e-05,False
2.1859999999998703,-0.10054113530257786,1.388235294117647,1.5058823529411764,-0.009221708409925068,-1.0,-170.55293115742384,-7.930766349128781,-0.5730499347414868,-1.3672554390559165e-06,False
2.18699999999987,-0.1010660858718834,1.388235294117647,1.5058823529411764,-0.00980994370404265,-1.0,-170.35523540346205,-7.930883612177048,-0.5729260157136795,7.585681539751501e-06,False
2.18799999999987,-0.10159078707066874,1.388235294117647,1.5058823529411764,-0.010398178998160233,-1.0,-170.1575302897249,-7.930825002252607,-0.5729879754734167,3.1094550714806825e-06,False
2.18899999999987,-0.10211523760428584,1.388235294117647,1.5058823529411764,-0.010986414292277815,-1.0,-169.95992514580138,-7.930795644607552,-0.5730189551745618,8.71160315230426e-07,False
2.18999999999987,-0.10263943617870495,1.388235294117647,1.5058823529411764,-0.011574649586395397,-1.0,-169.76242062541507,-7.930780967491726,-0.5730344449804596,-2.480324432300645e-07,False
2.1909999999998697,-0.10316338150051857,1.388235294117647,1.5058823529411764,-0.012162884880512979,-1.0,-169.56503348625182,-7.930788304645428,-0.573026700081235,3.11567717558394e-07,False
2.1919999999998696,-0.10368707227694347,1.388235294117647,1.5058823529411764,-0.012751120174630561,-1.0,-169.36779467075064,-7.93078463540754,-0.573030572531781,3.176858245630598e-08,False
2.1929999999998695,-0.10421050721582477,1.388235294117647,1.5058823529411764,-0.013339355468748143,-1.0,-169.17066025246447,-7.930782801430086,-0.5730325087563592,-1.0813169416081799e-07,False
2.1939999999998694,-0.10473368502563876,1.388235294117647,1.5058823529411764,-0.013927590762865726,-1.0,-168.97344579080138,-7.930783718144071,-0.5730315406441292,-3.818149676343387e-08,False
2.1949999999998693,-0.10525660441549624,1.388235294117647,1.5058823529411764,-0.014515826056983308,-1.0,-168.77712229480525,-7.930784175944951,-0.5730310565879713,-3.20644250859549e-09,False
2.195999999999869,-0.10577926409514542,1.3764705882352941,1.5058823529411764,-0.01510406135110089,-1.0,-168.57986145164438,-7.930783704751422,-0.5730317431818313,-3.2271213557910393e-09,False
2.196999999999869,-0.1063016627749758,1.3764705882352941,1.5058823529411764,-0.015692296645218474,-1.0,-168.38344134857104,23.816612910083872,0.5730317431818313,-3.2271213557910393e-09,True
2.197999999999869,-0.10682379916602039,1.3764705882352941,1.5058823529411764,-0.016280531939336058,-1.0,-168.18707084047608,-7.932386401379916,0.5777661418077381,0.00034300954788731274,False
2.198999999999869,-0.10734567197995962,1.3764705882352941,1.5058823529411764,-0.01686876723345364,-1.0,-167.99091574158794,-8.488728896928672,0.5695559887740382,0.0009166705921323755,False
2.1999999999998687,-0.10786727992912414,1.3764705882352941,1.5058823529411764,-0.017515826056982983,-1.0,-167.79467055938392,-8.857086792061382,0.5608826788173694,0.0014818899018777972,False
2.2009999999998686,-0.1083886217264982,1.3764705882352941,1.5058823529411764,-0.018162884880512323,-1.0,-167.59867006573944,-8.975774396726004,0.5519666491186184,0.00203831454308406,False
2.2019999999998685,-0.1089096960857226,1.3764705882352941,1.5058823529411764,-0.018809943704041664,-1.0,-167.40294350348302,-9.023920666088593,0.5429664167890049,0.002585781056883854,False
2.2029999999998684,-0.10943050172109844,1.3764705882352941,1.5058823529411764,-0.019457002527571005,-1.0,-167.20714654652895,-9.052896691945534,0.5339283788223255,0.003124228430439288,False
2.2039999999998683,-0.10995103734758947,1.3764705882352941,1.5058823529411764,-0.020104061351100346,-1.0,-167.0116052062246,-9.07740033832715,0.5248628871285173,0.0036536240487304275,False
2.204999999999868,-0.11047130168082574,1.3764705882352941,1.5058823529411764,-0.020751120174629687,-1.0,-166.8161603787942,-9.101525116126998,0.5157737427269539,0.004173942338295284,False
2.205999999999868,-0.11099129343710674,1.3764705882352941,1.5058823529411764,-0.021398178998159028,-1.0,-166.6209820036803,-9.126356800198808,0.5066595199915791,0.0046851589588255095,False
2.206999999999868,-0.11151101133340438,1.3764705882352941,1.5058823529411764,-0.02204523782168837,-1.0,-166.42594592837688,-9.152077909042823,0.4975205514664322,0.005187248968605865,False
2.207999999999868,-0.11203045408736667,1.3764705882352941,1.5176470588235293,-0.02269229664521771,-1.0,-166.2310609864364,-9.178739012999774,0.4883549368493297,0.005680186705047607,False
2.2089999999998677,-0.11254962041732011,1.3764705882352941,1.5176470588235293,-0.02333935546874705,-1.0,-166.03635291070412,-9.206955320901093,0.4791622578710312,0.006163945276506167,False
2.2099999999998676,-0.11306850904227339,1.3764705882352941,1.5176470588235293,-0.02398641429227639,-1.0,-165.84181729084278,-9.212027782281664,0.46995264374869705,0.006638502721895721,False
2.2109999999998675,-0.11358711868192042,1.3764705882352941,1.5176470588235293,-0.024633473115805733,-1.0,-165.6474623149957,-9.210299497828153,0.46074156293493557,0.007103849800064584,False
2.2119999999998674,-0.1141054480566435,1.3764705882352941,1.5176470588235293,-0.02533935546874683,-1.0,-165.45326617992762,-9.206539035153982,0.45153310616300996,0.007559987130650542,False
2.2129999999998673,-0.1146234958875162,1.3764705882352941,1.5176470588235293,-0.02604523782168793,-1.0,-165.25924916649154,-9.202127587729978,0.44232877197904985,0.008006918045944273,False
2.213999999999867,-0.11514126089630734,1.3764705882352941,1.5176470588235293,-0.026751120174629026,-1.0,-165.06541028802286,-9.197412561263478,0.43312904480315484,0.008444646951030343,False
2.214999999999867,-0.11565874180548308,1.3764705882352941,1.5176470588235293,-0.027457002527570124,-1.0,-164.87178088073358,-9.19254219809414,0.42393399033083606,0.008873178446818192,False
2.215999999999867,-0.11617593733821073,1.3764705882352941,1.5176470588235293,-0.028162884880511222,-1.0,-164.67840214846603,-9.187560624035783,0.41474405218645843,0.009292517464725498,False
2.216999999999867,-0.11669284621836168,1.3647058823529412,1.5176470588235293,-0.02886876723345232,-1.0,-164.4850031275187,-9.18244374699829,0.405558909014304,0.00970266892603552,False
2.2179999999998667,-0.11720946717051468,1.3647058823529412,1.5176470588235293,-0.029574649586393418,-1.0,-164.2922919095657,-9.177195438259306,0.3963792587838759,0.010103638005971046,False
2.2189999999998666,-0.11772579891995875,1.3647058823529412,1.5176470588235293,-0.030280531939334516,-1.0,-164.09907409117727,-9.171852308845706,0.3872045459151618,0.0104954298918617,False
2.2199999999998665,-0.1182418401926969,1.3647058823529412,1.5176470588235293,-0.030986414292275614,-1.0,-163.90668668560613,-9.166366321860684,0.37803564495250114,0.010878049982320304,False
2.2209999999998664,-0.11875758971544845,1.3647058823529412,1.5176470588235293,-0.03175112017462847,-1.0,-163.71394814187414,-9.16080010982327,0.3688718426930067,0.011251503712690871,False
2.2219999999998663,-0.11927304621565273,1.3647058823529412,1.5176470588235293,-0.03251582605698133,-1.0,-163.52150613136865,-9.155115056349532,0.3597141140439183,0.01161579668485072,False
2.222999999999866,-0.11978820842147204,1.3647058823529412,1.5176470588235293,-0.03328053193933418,-1.0,-163.32941667430725,-9.149313094390639,0.3505616693752221,0.011970934566119189,False
2.223999999999866,-0.12030307506179488,1.3647058823529412,1.5176470588235293,-0.03404523782168704,-1.0,-163.13752277079436,-9.143398912930818,0.3414155446827496,0.012316923165657965,False
2.224999999999866,-0.12081764486623885,1.3647058823529412,1.5176470588235293,-0.03480994370403989,-1.0,-162.9458214783538,-9.137368852492203,0.3322749362427008,0.012653768398535574,False
2.225999999999866,-0.12133191656515435,1.3647058823529412,1.5176470588235293,-0.03557464958639275,-1.0,-162.75433675844994,-9.131228683971258,0.3231408545315793,0.012981476285258517,False
2.2269999999998658,-0.12184588888962701,1.3647058823529412,1.5176470588235293,-0.0363393554687456,-1.0,-162.5630840726567,-9.124973210309268,0.3140125504749927,0.01330005298274049,False
2.2279999999998656,-0.12235956057148113,1.3647058823529412,1.5176470588235293,-0.03710406135109846,-1.0,-162.37209591976082,-9.118594236131635,0.3048909556309226,0.01360950472619241,False
2.2289999999998655,-0.12287293034328299,1.3647058823529412,1.5176470588235293,-0.03786876723345131,-1.0,-162.18114971517755,-9.112143363851182,0.2957754174143507,0.013909837909858306,False
2.2299999999998654,-0.12338599693834365,1.3647058823529412,1.5176470588235293,-0.038633473115804166,-1.0,-161.99078731184088,-9.105522265037443,0.2866667349239959,0.014201058975823336,False
2.2309999999998653,-0.12389875909072215,1.3647058823529412,1.5176470588235293,-0.03939817899815702,-1.0,-161.80030291550847,-9.098828002273931,0.277564432468612,0.014483174558356118,False
2.231999999999865,-0.12441121553522917,1.3647058823529412,1.5176470588235293,-0.040162884880509876,-1.0,-161.6103723536668,-9.092015182304607,0.26846911632039505,0.0147561913223368,False
2.232999999999865,-0.1249233650074292,1.3647058823529412,1.5176470588235293,-0.04092759076286273,-1.0,-161.42008151812888,-9.08509642207753,0.25938047952080023,0.015020116120282145,False
2.233999999999865,-0.12543520624364432,1.3647058823529412,1.5176470588235293,-0.041692296645215586,-1.0,-161.23025031828612,-9.07805237620939,0.2502989635638735,0.015274955831614537,False
2.234999999999865,-0.12594673798095724,1.3647058823529412,1.5176470588235293,-0.04245700252756844,-1.0,-161.04073267036267,-9.070903123802672,0.24122445122551187,0.015520717539723275,False
2.2359999999998648,-0.12645795895721412,1.3647058823529412,1.5176470588235293,-0.043221708409921296,-1.0,-160.85143700077035,-9.06364940281692,0.23215718828031487,0.015757408349864967,False
2.2369999999998647,-0.126968867911028,1.3647058823529412,1.5176470588235293,-0.04398641429227415,-1.0,-160.66251532800518,-9.056272484581923,0.22309723547008256,0.015985035562688345,False
2.2379999999998645,-0.127479463581782,1.3647058823529412,1.5176470588235293,-0.044751120174627006,-1.0,-160.47402515860674,-9.048791741881145,0.2140446768963841,0.016203606510199153,False
2.2389999999998644,-0.127989744709632,1.3529411764705883,1.5176470588235293,-0.04551582605697986,-1.0,-160.28543432711623,-9.041195727636815,0.2049997272341133,0.016413128713068045,False
2.2399999999998643,-0.12849971003551003,1.3529411764705883,1.5176470588235293,-0.046280531939332716,-1.0,-160.09658231967194,-9.033497268487533,0.195962322507607,0.016613609730462227,False
2.240999999999864,-0.1290093583011273,1.3529411764705883,1.5176470588235293,-0.04704523782168557,-1.0,-159.90868418824965,-9.025686143881845,0.18693280184183447,0.016805057293017237,False
2.241999999999864,-0.12951868824897741,1.3529411764705883,1.5176470588235293,-0.047809943704038425,-1.0,-159.72075064085038,-9.017766092850442,0.17791099541549663,0.01698747918552045,False
2.242999999999864,-0.1300276986223392,1.3529411764705883,1.5176470588235293,-0.04863347311580304,-1.0,-159.53314759027097,-9.009736512060943,0.16889733200273727,0.017160883349020425,False
2.243999999999864,-0.13053638816528046,1.3529411764705883,1.5176470588235293,-0.04945700252756765,-1.0,-159.3459655999508,-9.001597894449064,0.15989157271137044,0.017325277796650718,False
2.2449999999998638,-0.13104475562266016,1.3529411764705883,1.5176470588235293,-0.05028053193933226,-1.0,-159.15890875806832,-8.993351745049756,0.15089419243027458,0.01748067067836964,False
2.2459999999998637,-0.13155279974013215,1.3529411764705883,1.5176470588235293,-0.05110406135109687,-1.0,-158.9720722413347,-8.984994583372984,0.14190492526930162,0.01762707023383612,False
2.2469999999998636,-0.13206051926414802,1.3529411764705883,1.5176470588235293,-0.051927590762861485,-1.0,-158.78547698480057,-8.976531170883696,0.13292425428545127,0.01776448482216836,False
2.2479999999998634,-0.13256791294196038,1.3529411764705883,1.5176470588235293,-0.0527511201746261,-1.0,-158.59913962181136,-8.967957359918417,0.12395192264321324,0.01789292290844938,False
2.2489999999998633,-0.1330749795216256,1.3529411764705883,1.5176470588235293,-0.05357464958639071,-1.0,-158.4129771222023,-8.959279150312096,0.11498838607139274,0.01801239306090201,False
2.249999999999863,-0.13358171775200758,1.3529411764705883,1.5176470588235293,-0.05439817899815532,-1.0,-158.22715430074925,-8.950495202080369,0.10603342460716136,0.018122903965047888,False
2.250999999999863,-0.13408812638277998,1.3529411764705883,1.5058823529411764,-0.05522170840991993,-1.0,-158.04170244608454,-8.94159380155368,0.09708744634102098,0.018224464398351167,False
2.251999999999863,-0.13459420416442983,1.3529411764705883,1.5058823529411764,-0.056045237821684545,-1.0,-157.85632616033672,-8.932611513450814,0.08815028642549007,0.018317083264280942,False
2.252999999999863,-0.13509994984826051,1.3529411764705883,1.5058823529411764,-0.056868767233449156,-1.0,-157.6714742935559,-8.923484638894484,0.0792222865583674,0.018400769548561218,False
2.253999999999863,-0.13560536218639485,1.3529411764705883,1.5058823529411764,-0.05769229664521377,-1.0,-157.48645020444587,-8.914286201714832,0.0703033621325843,0.018475532372931588,False
2.2549999999998627,-0.136110439931778,1.3529411764705883,1.5058823529411764,-0.05845700252756662,-1.0,-157.30201313265547,-8.904950422474547,0.06139377413102967,0.01854138093903921,False
2.2559999999998626,-0.13661518183818105,1.3529411764705883,1.5058823529411764,-0.05922170840991948,-1.0,-157.11762513975114,-8.895515802146075,0.05249351886279764,0.018598324585795325,False
2.2569999999998624,-0.13711958666020346,1.3529411764705883,1.5058823529411764,-0.05998641429227233,-1.0,-156.93381304564653,-8.885981191444719,0.043602785382175185,0.018646372736284115,False
2.2579999999998623,-0.13762365315327646,1.3529411764705883,1.5058823529411764,-0.06075112017462519,-1.0,-156.75039942443897,-8.876342170499623,0.03472161472881447,0.018685534936632508,False
2.2589999999998622,-0.13812738007366604,1.3529411764705883,1.5058823529411764,-0.06151582605697804,-1.0,-156.5667860222669,-8.866595948145076,0.025850149987217082,0.018715820817901165,False
2.259999999999862,-0.13863076617847597,1.3411764705882352,1.5058823529411764,-0.0622805319393309,-1.0,-156.38363160572084,-8.856745329020606,0.01698847822395193,0.018737240132197835,False
2.260999999999862,-0.1391338102256514,1.3411764705882352,1.5058823529411764,-0.06304523782168375,-1.0,-156.20081013982332,-8.84679134420336,0.008136709407816689,0.018749802725555105,False
2.261999999999862,-0.13963651097398097,1.3411764705882352,1.5058823529411764,-0.06380994370403661,-1.0,-156.01827491050395,-8.836734368360114,-0.0007050529697092045,0.018753518553806862,False
2.262999999999862,-0.1401388671831006,1.3411764705882352,1.5058823529411764,-0.06457464958638948,-1.0,-155.8360420600789,-8.826565297736684,-0.009536701688731018,0.018748397676659735,False
2.2639999999998617,-0.14064087761349622,1.3411764705882352,1.5058823529411764,-0.06539817899815409,-1.0,-155.65409983375343,-8.816309821313386,-0.018358143470889772,0.01873445025398095,False
2.2649999999998616,-0.14114254102650703,1.3411764705882352,1.5058823529411764,-0.0662217084099187,-1.0,-155.47247414721514,-8.805933819406551,-0.027169256560433865,0.01871168655472114,False
2.2659999999998615,-0.1416438561843283,1.3411764705882352,1.5058823529411764,-0.06704523782168331,-1.0,-155.29110096855104,-8.795470715815627,-0.035969973273948186,0.018680116939678967,False
2.2669999999998613,-0.14214482185001492,1.3411764705882352,1.5058823529411764,-0.06786876723344792,-1.0,-155.10986676402513,-8.784873621966131,-0.044760124247241184,0.01863975189211363,False
2.2679999999998612,-0.14264543678748387,1.3411764705882352,1.5058823529411764,-0.06869229664521254,-1.0,-154.92891983664552,-8.774186192410783,-0.05353968281144966,0.01859060198860409,False
2.268999999999861,-0.14314569976151753,1.3411764705882352,1.5058823529411764,-0.06951582605697715,-1.0,-154.74893972345103,-8.763399108391923,-0.0623084388043585,0.01853267792924602,False
2.269999999999861,-0.14364560953776667,1.3411764705882352,1.5058823529411764,-0.07033935546874176,-1.0,-154.56871085162282,-8.752510873283333,-0.07106643853358864,0.01846599049095757,False
2.270999999999861,-0.1441451648827537,1.3411764705882352,1.5058823529411764,-0.07116288488050637,-1.0,-154.38886467461984,-8.741525333791328,-0.07981340384883484,0.018390550571258442,False
2.271999999999861,-0.14464436456387528,1.3411764705882352,1.5058823529411764,-0.07198641429227098,-1.0,-154.20939292753957,-8.730450632195074,-0.08854945204472359,0.01830636914428851,False
2.2729999999998607,-0.1451432073494061,1.3411764705882352,1.5058823529411764,-0.0728099437040356,-1.0,-154.03005104382927,-8.719253797875123,-0.09727423723269074,0.0182134573009708,False
2.2739999999998606,-0.14564169200850108,1.3411764705882352,1.5058823529411764,-0.07363347311580021,-1.0,-153.85139970739192,-8.707930826962588,-0.10598790204914123,0.01811182623313116,False
2.2749999999998605,-0.14613981731119882,1.3411764705882352,1.5058823529411764,-0.07445700252756482,-1.0,-153.6727113213544,-8.696542955002315,-0.11469006208930893,0.018001487252025362,False
2.2759999999998604,-0.14663758202842467,1.3411764705882352,1.5058823529411764,-0.07528053193932943,-1.0,-153.4944235123549,-8.685039678190954,-0.123380932617866,0.017882451757489874,False
2.2769999999998602,-0.14713498493199367,1.3411764705882352,1.5058823529411764,-0.07610406135109404,-1.0,-153.31681577952352,-8.673440462714021,-0.1320600926377117,0.01775473124533555,False
2.27799999999986,-0.1476320247946135,1.3411764705882352,1.5058823529411764,-0.07692759076285866,-1.0,-153.1391532602016,-8.661748745728062,-0.1407277656258929,0.017618337320169725,False
2.27899999999986,-0.14812870038988793,1.3411764705882352,1.5058823529411764,-0.07775112017462327,-1.0,-152.9623882599358,-8.649951752880362,-0.14938354088509453,0.01747328166684297,False
2.27999999999986,-0.1486250104923192,1.3411764705882352,1.5058823529411764,-0.07857464958638788,-1.0,-152.7848635589101,-8.638051220693274,-0.15802761112636948,0.017319576095999725,False
2.28099999999986,-0.14912095387731145,1.3411764705882352,1.5058823529411764,-0.07939817899815249,-1.0,-152.6078463336388,-8.626051996264106,-0.16665960191432175,0.01715723248890363,False
2.2819999999998597,-0.1496165293211737,1.3411764705882352,1.5058823529411764,-0.0802217084099171,-1.0,-152.4313014200934,-8.61395200530074,-0.17527965384361996,0.01698626286733691,False
2.2829999999998596,-0.15011173560112276,1.3294117647058823,1.5058823529411764,-0.08104523782168171,-1.0,-152.25529437254235,-8.601749140871116,-0.1838874667905808,0.0168066793060829,False
2.2839999999998595,-0.15060657149528628,1.3294117647058823,1.5058823529411764,-0.08186876723344633,-1.0,-152.07961667878803,-8.589451484225117,-0.1924830895869456,0.016618494035210984,False
2.2849999999998594,-0.1511010357827061,1.3294117647058823,1.4941176470588236,-0.08269229664521094,-1.0,-151.90402234585463,-8.577060189898887,-0.20106633894467188,0.01642171931989086,False
2.2859999999998593,-0.15159512724334065,1.3294117647058823,1.4941176470588236,-0.08351582605697555,-1.0,-151.72938295838142,-8.5645617949514,-0.20963713791365712,0.016216367589547493,False
2.286999999999859,-0.15208884465806838,1.3294117647058823,1.4941176470588236,-0.08439817899815193,-1.0,-151.55446659250345,-8.5519771901102,-0.21819543800991642,0.016002451300745183,False
2.287999999999859,-0.1525821868086906,1.3294117647058823,1.4941176470588236,-0.0852805319393283,-1.0,-151.38023787944886,-8.539273206976514,-0.22674101205638786,0.015779983084258188,False
2.288999999999859,-0.15307515247793463,1.3294117647058823,1.4941176470588236,-0.08610406135109291,-1.0,-151.2064391079771,-8.526486741181438,-0.23527396283317514,0.015548975596583145,False
2.289999999999859,-0.1535677404494565,1.3294117647058823,1.4941176470588236,-0.08692759076285753,-1.0,-151.0324178406941,-8.513592251558455,-0.24379391057249428,0.015309441668531773,False
2.2909999999998587,-0.1540599495078447,1.3294117647058823,1.4941176470588236,-0.08775112017462214,-1.0,-150.85899781506023,-8.500616219372132,-0.2523011255187929,0.015061394151298507,False
2.2919999999998586,-0.15455177843862214,1.3294117647058823,1.4941176470588236,-0.08857464958638675,-1.0,-150.68596799903472,-8.487549457745779,-0.2607950781188915,0.014804846057865622,False
2.2929999999998585,-0.1550432260282498,1.3294117647058823,1.4941176470588236,-0.08939817899815136,-1.0,-150.51332727990126,-8.474362100012224,-0.2692761805070288,0.014539810430842917,False
2.2939999999998584,-0.15553429106412964,1.3294117647058823,1.4941176470588236,-0.09022170840991597,-1.0,-150.3410186831661,-8.461086042387386,-0.277743741742382,0.01426630047748705,False
2.2949999999998583,-0.15602497233460746,1.3294117647058823,1.4941176470588236,-0.09104523782168059,-1.0,-150.16915007755043,-8.447719091580744,-0.2861983190857198,0.013984329451243987,False
2.295044921874858,-0.15604700563098678,1.3294117647058823,1.4941176470588236,-0.0918687672334452,-1.0,-150.16512952319553,-8.434254005630814,-0.29463911968650724,0.013693910738711944,False
2.295999999999858,-0.15651526862897594,1.3294117647058823,1.4941176470588236,-0.09269229664520981,-1.0,-166.97794545692867,-8.420696790699443,-0.3030667868979468,0.013395057791806992,False
2.296999999999858,-0.1570051787374779,1.3294117647058823,1.4941176470588236,-0.09351582605697442,-1.0,-172.0757376194443,-8.407042610957557,-0.3114804601399018,0.013087784174018317,False
2.297999999999858,-0.15749470145130878,1.3294117647058823,1.4941176470588236,-0.09433935546873903,-1.0,-173.4010861111287,-8.393296291596188,-0.31988082455821876,0.01277210354050757,False
2.298999999999858,-0.1579838355626199,1.3294117647058823,1.4941176470588236,-0.094376349954033,-1.0,-173.64084539720528,-8.379452810512566,-0.32826700705626727,0.012448029629217205,False
2.2999999999998577,-0.15847257986452148,1.3294117647058823,1.4941176470588236,0.0,-1.0,-173.56803506766605,-8.365506545646275,-0.33663966916223537,0.012115576302503647,False
2.3009999999998576,-0.15896093315108556,1.3294117647058823,1.4941176470588236,0.0,-1.0,-173.40550277511682,-8.351466812025393,-0.3449979843537638,0.011774757479102727,False
2.3019999999998575,-0.15944889421734876,1.3294117647058823,1.4941176470588236,-0.0007865349264706413,-1.0,-173.2169062924799,-8.33736729084575,-0.3533425549759729,0.011425587223349652,False
2.3029999999998574,-0.15993646185931598,1.3294117647058823,1.4941176470588236,-0.0016100643382352569,-1.0,-173.02086504169296,-8.323146970663663,-0.361672677313905,0.011068079609611883,False
2.3039999999998573,-0.16042363487396236,1.3294117647058823,1.4941176470588236,-0.0024335937499998725,-1.0,-172.82294160769337,-8.308836261639104,-0.3699887780375182,0.010702248898168771,False
2.304999999999857,-0.16091041205923695,1.3176470588235294,1.4941176470588236,-0.003257123161764488,-1.0,-172.62421779276124,-8.294437572775118,-0.3782903315841988,0.010328109345180737,False
2.305999999999857,-0.16139679221406542,1.3176470588235294,1.5058823529411764,-0.004080652573529103,-1.0,-172.4259910090162,-8.279936530641818,-0.386577569756995,0.009945675412722257,False
2.306999999999857,-0.16188277413835306,1.3176470588235294,1.5058823529411764,-0.004904181985293719,-1.0,-172.22708915541315,-8.265363244305522,-0.3948501996830403,0.00955496152974589,False
2.307999999999857,-0.16236835663298768,1.3176470588235294,1.5058823529411764,-0.005727711397058334,-1.0,-172.0284747307545,-8.25068064342779,-0.40310820459805086,0.009155982347332656,False
2.3089999999998567,-0.16285353849984302,1.3176470588235294,1.5058823529411764,-0.006551240808822949,-1.0,-171.83001080487836,-8.235909476857216,-0.41135155116939187,0.008748752471728996,False
2.3099999999998566,-0.16333831854178088,1.3176470588235294,1.5058823529411764,-0.007374770220587565,-1.0,-171.6315946289281,-8.221068346131146,-0.41957994915849567,0.008333286742254887,False
2.3109999999998565,-0.16382269556265475,1.3176470588235294,1.5058823529411764,-0.008257123161763939,-1.0,-171.4333338954615,-8.206114435440792,-0.42779366675837005,0.00790959993779941,False
2.3119999999998564,-0.16430666836731242,1.3176470588235294,1.5058823529411764,-0.00919829963235207,-1.0,-171.2352842781998,-8.191102364546527,-0.4359921097688881,0.007477707070590115,False
2.3129999999998563,-0.16479023576159915,1.3176470588235294,1.5058823529411764,-0.010139476102940201,-1.0,-171.03712085140006,-8.175941298156163,-0.44417583032430347,0.007037623105981435,False
2.313999999999856,-0.16527339655236034,1.3176470588235294,1.5058823529411764,-0.011080652573528332,-1.0,-170.83916070655172,-8.160700635021989,-0.45234391640971044,0.0065893632534363865,False
2.314999999999856,-0.165756149547445,1.3176470588235294,1.5058823529411764,-0.012021829044116463,-1.0,-170.64139032801512,-8.145378080635759,-0.4604972192351824,0.006132942693676987,False
2.315999999999856,-0.16623849355570797,1.3176470588235294,1.5058823529411764,-0.012963005514704595,-1.0,-170.44355860797668,-8.129976302061541,-0.4686346025550009,0.0056683768028233375,False
2.316999999999856,-0.16672042738701337,1.3176470588235294,1.5058823529411764,-0.013904181985292726,-1.0,-170.24622182174562,-8.11448696746293,-0.4767571492695408,0.00519568093821996,False
2.3179999999998557,-0.1672019498522374,1.3176470588235294,1.5058823529411764,-0.014845358455880857,-1.0,-170.04874749827252,-8.098893624634874,-0.4848635022964584,0.0047148706312452595,False
2.3189999999998556,-0.16768305976327108,1.3176470588235294,1.5058823529411764,-0.01578653492646899,-1.0,-169.85129977080032,-8.083246850236762,-0.49295492137369434,0.004225961434470556,False
2.3199999999998555,-0.16816375593302382,1.3176470588235294,1.5058823529411764,-0.016727711397057123,-1.0,-169.65404991918726,-8.067477414314284,-0.5010299226825726,0.003728969029704675,False
2.3209999999998554,-0.16864403717542545,1.3176470588235294,1.5058823529411764,-0.017668887867645255,-1.0,-169.45700249999967,-8.051640205868907,-0.5090898425563279,0.003223909166245255,False
2.3219999999998553,-0.16912390230542979,1.3176470588235294,1.5058823529411764,-0.01861006433823339,-1.0,-169.26011134642994,-8.03571928992775,-0.5171331607973128,0.002710797680150631,False
2.322999999999855,-0.16960335013901726,1.3176470588235294,1.5058823529411764,-0.01955124080882152,-1.0,-169.06319929370855,-8.019681382746816,-0.5251612105973127,0.002189650517868613,False
2.323999999999855,-0.17008237949319807,1.3176470588235294,1.5058823529411764,-0.020492417279409654,-1.0,-168.86625710277,-8.003570862644661,-0.5331724988767657,0.0016604836771080792,False
2.324999999999855,-0.1705609891860147,1.3176470588235294,1.5058823529411764,-0.021433593749997787,-1.0,-168.66961110457606,-7.987374702366004,-0.5411682850925934,0.0011233133127340196,False
2.325999999999855,-0.17103917803654564,1.3176470588235294,1.5058823529411764,-0.02237477022058592,-1.0,-168.47313331206817,-7.971096290530056,-0.5491472304514888,0.0005781555676304015,False
2.3269999999998547,-0.17151694486490726,1.3176470588235294,1.5058823529411764,-0.023315946691174053,-1.0,-168.27682020323863,-7.95472894830251,-0.5571103972835549,2.502678528775261e-05,False
2.3279999999998546,-0.17199428849225745,1.3058823529411765,1.5058823529411764,-0.024257123161762185,-1.0,-168.08065534944845,-7.938282537242646,-0.565056682459807,-0.0005360567427071814,False
2.3289999999998545,-0.17247120774079822,1.3058823529411765,1.5058823529411764,-0.02519829963235032,-1.0,-167.88466202353698,-7.941972361080386,-0.5610845227760087,-0.0002545219417088734,False
2.3299999999998544,-0.17294770143377874,1.3058823529411765,1.5058823529411764,-0.02613947610293845,-1.0,-167.6889149665253,-7.943807329531529,-0.5590977043746429,-0.00011449922596835506,False
2.3309999999998543,-0.17342376839549806,1.3058823529411765,1.5058823529411764,-0.027080652573526584,-1.0,-167.49309317849946,-7.944722288436003,-0.5581041117402598,-4.467412073128902e-05,False
2.331999999999854,-0.17389940745130855,1.3058823529411765,1.5058823529411764,-0.028021829044114717,-1.0,-167.29751957075257,-7.945179252732447,-0.5576072697214476,-9.808141380682908e-06,False
2.332999999999854,-0.174374617427618,1.3058823529411765,1.5058823529411764,-0.02896300551470285,-1.0,-167.1022213050421,-7.945407641185301,-0.5573588373031528,7.613203718475604e-06,False
2.333999999999854,-0.174849397151893,1.3058823529411765,1.5058823529411764,-0.02996300551470274,-1.0,-166.90686681827867,-7.945293152353829,-0.5574829833481073,-1.0964978956910689e-06,False
2.334999999999854,-0.1753237454526618,1.3058823529411765,1.5058823529411764,-0.03096300551470263,-1.0,-166.7117686386607,-7.945350362019703,-0.5574209105697537,3.2585953833366874e-06,False
2.3359999999998537,-0.1757976611595171,1.3058823529411765,1.5058823529411764,-0.03196300551470252,-1.0,-166.51691509596617,-7.945321790923108,-0.5574519470183166,1.081109360941223e-06,False
2.3369999999998536,-0.17627114310311892,1.3058823529411765,1.5058823529411764,-0.03296300551470241,-1.0,-166.32203179409657,-7.9453073949158775,-0.5574674651965449,-7.679113968533276e-09,False
2.3379999999998535,-0.17674419011519782,1.3058823529411765,1.5058823529411764,-0.0339630055147023,-1.0,-166.1277135275707,-7.945307731686376,-0.5574675274217405,-7.67950554562405e-09,False
2.3389999999998534,-0.17721680102855725,1.3058823529411765,1.5058823529411764,-0.03496300551470219,-1.0,-165.9332113923636,23.854738470269233,0.5574675274217405,-7.67950554562405e-09,True
2.3399999999998533,-0.17768897467707676,1.3058823529411765,1.5058823529411764,-0.03596300551470208,-1.0,-165.73920246861394,-7.952119791559198,0.5650620738488887,0.0005360440371838102,False
2.340999999999853,-0.17816070989571475,1.3058823529411765,1.5176470588235293,-0.03696300551470197,-1.0,-165.54480650041307,-8.849023353111383,0.5566610250334928,0.0010969055615108897,False
2.341999999999853,-0.17863200552051156,1.3058823529411765,1.5176470588235293,-0.03796300551470186,-1.0,-165.3508365069085,-9.12597797588806,0.5476740041691992,0.0016490730547945895,False
2.342999999999853,-0.17910286038859186,1.3058823529411765,1.5176470588235293,-0.03896300551470175,-1.0,-165.15720723698715,-9.203219847710251,0.538508939615263,0.0021921645072770202,False
2.343999999999853,-0.1795732733381684,1.3058823529411765,1.5176470588235293,-0.03996300551470164,-1.0,-164.96355528748265,-9.222903088478118,0.5292963299166131,0.002726067118422322,False
2.3449999999998528,-0.1800432432085438,1.3058823529411765,1.5176470588235293,-0.04096300551470153,-1.0,-164.77018502252855,-9.225926247966813,0.5200714924303741,0.0032507510154647667,False
2.3459999999998526,-0.18051276884011416,1.3058823529411765,1.5176470588235293,-0.04196300551470142,-1.0,-164.57712257529303,-9.224084938353514,0.5108468818870217,0.003766210177131031,False
2.3469999999998525,-0.18098184907437168,1.3058823529411765,1.5176470588235293,-0.043021829044113065,-1.0,-164.38403653067894,-9.220738565451132,0.5016241158740398,0.004272445666443643,False
2.3479999999998524,-0.1814504827539075,1.3058823529411765,1.5176470588235293,-0.04408065257352471,-1.0,-164.1912388658157,-9.216883480103714,0.4924056206733859,0.004769460507989526,False
2.3489999999998523,-0.1819186687224144,1.3058823529411765,1.5176470588235293,-0.04513947610293636,-1.0,-163.99871699925572,-9.212801893988315,0.48319051127499457,0.005257258568067164,False
2.349999999999852,-0.1823864058246904,1.3058823529411765,1.5176470588235293,-0.046198299632348006,-1.0,-163.80618509276027,-9.208562466162762,0.47398005044762864,0.005735843821739833,False
2.350999999999852,-0.18285369290664052,1.3058823529411765,1.5176470588235293,-0.04725712316175965,-1.0,-163.61433491081164,-9.204224898619879,0.4647734889730222,0.006205220588240323,False
2.351999999999852,-0.1833205288152803,1.2941176470588236,1.5176470588235293,-0.0483159466911713,-1.0,-163.42202824338617,-9.199732561253464,0.4555716297065306,0.006665393120765635,False
2.352999999999852,-0.1837869123987386,1.2941176470588236,1.5176470588235293,-0.049374770220582946,-1.0,-163.23031417880995,-9.195135542694013,0.44637413029232026,0.007116365999240576,False
2.3539999999998518,-0.18425284250626034,1.2941176470588236,1.5176470588235293,-0.05043359374999459,-1.0,-163.03847226950936,-9.19042304451181,0.4371813689001749,0.007558143723221648,False
2.3549999999998517,-0.184718317988209,1.2941176470588236,1.5176470588235293,-0.05149241727940624,-1.0,-162.84718428360097,-9.185597295937454,0.4279933918068342,0.007990731102781942,False
2.3559999999998515,-0.18518333769607054,1.2941176470588236,1.5176470588235293,-0.05255124080881789,-1.0,-162.6561558992883,-9.180653626138472,0.418810190148147,0.008414132870100519,False
2.3569999999998514,-0.1856479004824548,1.2941176470588236,1.5176470588235293,-0.053610064338229534,-1.0,-162.46507910733092,-9.175606787450345,0.4096321808027094,0.008828354054658915,False
2.3579999999998513,-0.18611200520109936,1.2941176470588236,1.5176470588235293,-0.05472771139705294,-1.0,-162.2742898731051,-9.170428312170902,0.40045900651658384,0.009233399627257641,False
2.358999999999851,-0.1865756507068719,1.2941176470588236,1.5176470588235293,-0.05584535845587634,-1.0,-162.083730973405,-9.165144370096101,0.39129141271962664,0.009629274835121831,False
2.359999999999851,-0.1870388358557733,1.2941176470588236,1.5176470588235293,-0.056963005514699745,-1.0,-161.89342339827434,-9.159748278611834,0.38212874740330177,0.010015984897208239,False
2.360999999999851,-0.18750155950494005,1.2941176470588236,1.5176470588235293,-0.05808065257352315,-1.0,-161.70343760500927,-9.15422881062893,0.3729720030517069,0.010393535269309638,False
2.361999999999851,-0.18796382051264784,1.2941176470588236,1.5176470588235293,-0.05919829963234655,-1.0,-161.51345440483942,-9.148617620612827,0.36382031995839437,0.010761931416227935,False
2.3629999999998508,-0.18842561773831348,1.2941176470588236,1.5176470588235293,-0.06031594669116996,-1.0,-161.3237896186995,-9.142875554685538,0.35467484697973806,0.011121178994867422,False
2.3639999999998507,-0.18888695004249814,1.2941176470588236,1.5176470588235293,-0.06143359374999336,-1.0,-161.13446895824552,-9.137019595608463,0.3455346212928995,0.011471283717901843,False
2.3649999999998506,-0.18934781628691028,1.2941176470588236,1.5176470588235293,-0.06255124080881677,-1.0,-160.94516787925733,-9.1310496845843,0.3364008670906387,0.0118122514554456,False
2.3659999999998504,-0.18980821533440825,1.2941176470588236,1.5176470588235293,-0.06366888786764018,-1.0,-160.75619315111405,-9.12497460932769,0.3272725806853521,0.012144088171603753,False
2.3669999999998503,-0.19026814604900305,1.2941176470588236,1.5176470588235293,-0.06478653492646358,-1.0,-160.56752735192586,-9.118785850507923,0.31815096658747033,0.01246679993686835,False
2.3679999999998502,-0.19072760729586158,1.2941176470588236,1.5176470588235293,-0.06590418198528698,-1.0,-160.3789202613549,-9.112476744664152,0.30903508468526164,0.012780392957842519,False
2.36899999999985,-0.1911865979413088,1.2941176470588236,1.5176470588235293,-0.06702182904411039,-1.0,-160.19108217804308,-9.106048544847303,0.29992605577957704,0.013084873518256298,False
2.36999999999985,-0.19164511685283087,1.2941176470588236,1.5176470588235293,-0.06813947610293379,-1.0,-160.00279224951396,-9.09951265334751,0.29082306431541033,0.013380248076250012,False
2.37099999999985,-0.192103162899078,1.2941176470588236,1.5176470588235293,-0.0692571231617572,-1.0,-159.81499583735473,-9.092872085890649,0.2817270594767521,0.013666523127294663,False
2.37199999999985,-0.19256073494986706,1.2941176470588236,1.5176470588235293,-0.0703747702205806,-1.0,-159.62734182225142,-9.086114492247905,0.272637406437981,0.01394370536024347,False
2.3729999999998497,-0.19301783187618446,1.2941176470588236,1.5176470588235293,-0.071492417279404,-1.0,-159.44031543993285,-9.079252345587662,0.2635548555480758,0.014211801479848735,False
2.3739999999998496,-0.1934744525501891,1.2941176470588236,1.5176470588235293,-0.0726100643382274,-1.0,-159.2532016932759,-9.072274422805869,0.25447898970023536,0.014470818403897835,False
2.3749999999998495,-0.19393059584521485,1.2941176470588236,1.5176470588235293,-0.07372771139705081,-1.0,-159.0666440607004,-9.06519495935161,0.2454103290070128,0.014720763051851474,False
2.3759999999998493,-0.1943862606357734,1.2823529411764705,1.5176470588235293,-0.07484535845587421,-1.0,-158.87981326796188,-9.057990475092375,0.23634869207710624,0.014961642564645087,False
2.3769999999998492,-0.19484144579755722,1.2823529411764705,1.5058823529411764,-0.07596300551469762,-1.0,-158.6934721676629,-9.050680368300567,0.2272943736312124,0.015193464086589477,False
2.377999999999849,-0.19529615020744204,1.2823529411764705,1.5058823529411764,-0.07708065257352102,-1.0,-158.50750853634247,-9.043268387006218,0.21824740948402543,0.015416234980667643,False
2.378999999999849,-0.19575037274349014,1.2823529411764705,1.5058823529411764,-0.07819829963234443,-1.0,-158.32163284678757,-9.035730983827008,0.2092078756811863,0.015629962613271313,False
2.379999999999849,-0.19620411228495244,1.2823529411764705,1.5058823529411764,-0.07931594669116783,-1.0,-158.13655596202378,-9.028093623834552,0.20017602025153325,0.015834654563554408,False
2.380999999999849,-0.1966573677122718,1.2823529411764705,1.5058823529411764,-0.08043359374999123,-1.0,-157.9510557996242,-9.020345758251755,0.19115172477715994,0.016030318427368254,False
2.3819999999998487,-0.19711013790708543,1.2823529411764705,1.5058823529411764,-0.0816100643382264,-1.0,-157.76607245221393,-9.012482506041147,0.18213540341187462,0.016216961993214228,False
2.3829999999998486,-0.1975624217522279,1.2823529411764705,1.5058823529411764,-0.0827277113970498,-1.0,-157.5812531346229,-9.004528017415797,0.17312679248980323,0.016394593083975437,False
2.3839999999998485,-0.1980142181317337,1.2823529411764705,1.5058823529411764,-0.08384535845587321,-1.0,-157.39708802666337,-8.996446855534066,0.1641264212226774,0.01656321969178575,False
2.3849999999998484,-0.1984655259308404,1.2823529411764705,1.5058823529411764,-0.08496300551469661,-1.0,-157.21285323192336,-8.98827496792414,0.1551339376588789,0.01672284986565193,False
2.3859999999998482,-0.19891634403599076,1.2823529411764705,1.5058823529411764,-0.08608065257352002,-1.0,-157.02921851681305,-8.979961731794038,0.14614994594458547,0.016873491807515146,False
2.386999999999848,-0.1993666713348359,1.2823529411764705,1.5058823529411764,-0.08719829963234342,-1.0,-156.84530380994866,-8.971558022697053,0.13717405911037167,0.01701515380605692,False
2.387999999999848,-0.1998165067162379,1.2823529411764705,1.5058823529411764,-0.08831594669116682,-1.0,-156.6618879267112,-8.963049262294064,0.12820688045501064,0.01714784427504628,False
2.388999999999848,-0.2002658490702728,1.2823529411764705,1.5058823529411764,-0.08943359374999023,-1.0,-156.4788216094398,-8.954427416011464,0.11924802213186668,0.017271571723797223,False
2.389999999999848,-0.20071469728823288,1.2823529411764705,1.5058823529411764,-0.09055124080881363,-1.0,-156.2960536919156,-8.945698403546956,0.11029807239110101,0.017386344769563054,False
2.3909999999998477,-0.20116305026262993,1.2823529411764705,1.5058823529411764,-0.09166888786763704,-1.0,-156.11360068384852,-8.936871643259932,0.10135668321877485,0.01749217214602765,False
2.3919999999998476,-0.20161090688719752,1.2823529411764705,1.5058823529411764,-0.09278653492646044,-1.0,-155.93137542402178,-8.9279253913531,0.09242437869195061,0.017589062675023043,False
2.3929999999998475,-0.2020582660568939,1.2823529411764705,1.5058823529411764,-0.09390418198528384,-1.0,-155.74961614603862,-8.918876287977078,0.08350089528480194,0.017677025311570803,False
2.3939999999998474,-0.2025051266679048,1.2823529411764705,1.5058823529411764,-0.09502182904410725,-1.0,-155.56792395900916,-8.909728102614453,0.07458666386923814,0.017756069089009646,False
2.3949999999998473,-0.2029514876176461,1.2823529411764705,1.5058823529411764,-0.09613947610293065,-1.0,-155.3866142766824,-8.900457768471034,0.06568151225020498,0.017826203177203997,False
2.395999999999847,-0.20339734780476634,1.2823529411764705,1.5058823529411764,-0.09725712316175406,-1.0,-155.20567750970534,-8.89111261255068,0.056785774058202225,0.017887436818336037,False
2.396999999999847,-0.2038427061291502,1.2823529411764705,1.5058823529411764,-0.09837477022057746,-1.0,-155.02501557273976,-8.88162093314148,0.0478993714029729,0.017939779391468697,False
2.397999999999847,-0.20428756149192007,1.2823529411764705,1.5058823529411764,-0.09949241727940086,-1.0,-154.84509591923666,-8.87204922618759,0.03902256218989696,0.017983240356624547,False
2.398999999999847,-0.20473191279543956,1.2823529411764705,1.5058823529411764,-0.10061006433822427,-1.0,-154.66443476860374,-8.862350983535945,0.030155344948593104,0.018017829310606037,False
2.3999999999998467,-0.20517575894331605,1.2705882352941176,1.5058823529411764,-0.10172771139704767,-1.0,-154.48463649038138,-8.852567323984186,0.02129789583019865,0.01804355592994284,False
2.4009999999998466,-0.20561909884040327,1.2705882352941176,1.5058823529411764,-0.10284535845587107,-1.0,-154.30513891697294,-8.842682231267318,0.012450266339965967,0.01806043001127046,False
2.4019999999998465,-0.20606193139280396,1.2705882352941176,1.5058823529411764,-0.10396300551469448,-1.0,-154.12568684654207,-8.83267573764747,0.0036125886890388884,0.018068461438445153,False
2.4029999999998464,-0.20650425550787307,1.2705882352941176,1.5058823529411764,-0.10508065257351788,-1.0,-153.94715905941325,-8.822573386132115,-0.005215035831505804,0.01806766021486198,False
2.4039999999998463,-0.2069460700942197,1.2705882352941176,1.5058823529411764,-0.10619829963234129,-1.0,-153.7685753535947,-8.812362011817289,-0.014032502934750777,0.018058036445881477,False
2.404999999999846,-0.2073873740617103,1.2705882352941176,1.5058823529411764,-0.10731594669116469,-1.0,-153.59020417729158,-8.802054254917344,-0.022839714243998895,0.018039600337044735,False
2.405999999999846,-0.20782816632147114,1.2705882352941176,1.5058823529411764,-0.10849241727939986,-1.0,-153.41210024345955,-8.791643170173966,-0.03163655537511738,0.01801236220331118,False
2.406999999999846,-0.20826844578589118,1.2705882352941176,1.5058823529411764,-0.10966888786763503,-1.0,-153.23469249427075,-8.781120633026887,-0.04042295086338234,0.017976332449830212,False
2.407999999999846,-0.2087082113686245,1.2705882352941176,1.5058823529411764,-0.1108453584558702,-1.0,-153.05739405944,-8.770498250603229,-0.04919873931153577,0.017931521606331484,False
2.4089999999998457,-0.2091474619845934,1.2705882352941176,1.5058823529411764,-0.11202182904410536,-1.0,-152.88040472942765,-8.759778627483785,-0.057963907157359267,0.0178779402828312,False
2.4099999999998456,-0.20958619654999064,1.2705882352941176,1.5058823529411764,-0.11319829963234053,-1.0,-152.70373770912175,-8.74894774584388,-0.0667182317377872,0.01781559921525173,False
2.4109999999998455,-0.21002441398228225,1.2705882352941176,1.5058823529411764,-0.1143747702205757,-1.0,-152.52739202189912,-8.738015383375036,-0.07546176132939997,0.017744509218822903,False
2.4119999999998454,-0.21046211320021024,1.2705882352941176,1.5058823529411764,-0.11555124080881087,-1.0,-152.3513771941387,-8.726989712809818,-0.0841942063801654,0.017664681236838512,False
2.4129999999998453,-0.21089929312379535,1.2705882352941176,1.4941176470588236,-0.11672771139704603,-1.0,-152.17568730088834,-8.715847846772919,-0.09291569145357866,0.017576126288703312,False
2.413999999999845,-0.2113359526743394,1.2705882352941176,1.4941176470588236,-0.1179041819852812,-1.0,-152.00025966237806,-8.704636443604768,-0.10162585922961055,0.01747885551494974,False
2.414999999999845,-0.21177209077442866,1.2705882352941176,1.4941176470588236,-0.11908065257351637,-1.0,-151.82522482440132,-8.693284589751498,-0.11032490060400892,0.017372880136791686,False
2.415999999999845,-0.2122077063479356,1.2705882352941176,1.4941176470588236,-0.12025712316175154,-1.0,-151.65061357650134,-8.681845273105779,-0.11901237961998122,0.017258211497730963,False
2.416999999999845,-0.212642798320022,1.2705882352941176,1.4941176470588236,-0.1214335937499867,-1.0,-151.47629296206637,-8.670301631288233,-0.12768854162104395,0.017134861040102766,False
2.4179999999998447,-0.2130773656171418,1.2705882352941176,1.4941176470588236,-0.12261006433822187,-1.0,-151.30208438203277,-8.658673573890535,-0.13635294003347515,0.01700284029960148,False
2.4189999999998446,-0.21351140716704334,1.2705882352941176,1.4941176470588236,-0.12372771139704528,-1.0,-151.1283726170556,-8.646933122392351,-0.14500583010986542,0.016862160918936053,False
2.4199999999998445,-0.2139449218987721,1.2705882352941176,1.4941176470588236,-0.12484535845586868,-1.0,-150.95511534220975,-8.635102229820419,-0.15364676584936823,0.016712834620463017,False
2.4209999999998444,-0.21437790874267382,1.2705882352941176,1.4941176470588236,-0.12596300551469208,-1.0,-150.7821851998923,-8.62315042252489,-0.1622759657631663,0.016554873260556068,False
2.4219999999998443,-0.21481036663039643,1.2705882352941176,1.4941176470588236,-0.1270806525735155,-1.0,-150.60984384362564,-8.611105685278773,-0.17089303096553768,0.01638828876090049,False
2.422999999999844,-0.21524229449489304,1.2705882352941176,1.4941176470588236,-0.12819829963233892,-1.0,-150.43722057289344,-8.598972426055374,-0.17949811839735128,0.01621309319357291,False
2.4233288116453515,-0.2153842014347942,1.2705882352941176,1.4941176470588236,-0.12931594669116234,-1.0,-150.39495608401862,-8.58672882796296,-0.18809093725150539,0.016029298663808932,False
2.423999999999844,-0.21567369127042457,1.2705882352941176,1.4941176470588236,-0.13043359374998575,-1.0,-163.80869780047422,-8.574415019983164,-0.19667152072271765,0.015836917443465423,False
2.424999999999844,-0.21610455589256242,1.2705882352941176,1.4941176470588236,-0.13155124080880917,-1.0,-170.97656496031232,-8.561968415797722,-0.2052397226565774,0.015635961819468,False
2.425999999999844,-0.21653488729819076,1.2588235294117647,1.4941176470588236,-0.1326688878676326,-1.0,-172.8986369309981,-8.549433284259147,-0.21379538832353365,0.015426444273622919,False
2.4269999999998437,-0.21696468442550992,1.2588235294117647,1.4941176470588236,-0.133786534926456,-1.0,-173.30989948329562,-8.536799267770958,-0.22233856537709765,0.015208377294499316,False
2.4279999999998436,-0.21739394621403807,1.2588235294117647,1.4941176470588236,-0.13490418198527943,-1.0,-173.28665210219708,-8.524083356744981,-0.23086891780719074,0.014981773563156671,False
2.4289999999998435,-0.21782267160461444,1.2588235294117647,1.4941176470588236,-0.13527167735378764,-1.0,-173.13830176003484,-8.511255813850683,-0.23938670381897806,0.014746645750608226,False
2.4299999999998434,-0.2182508595394018,1.2588235294117647,1.4941176470588236,0.0,-1.0,-172.95521290688544,-8.498346170987553,-0.24789135924120967,0.014503006729455077,False
2.4309999999998433,-0.21867850896188884,1.2588235294117647,1.4941176470588236,0.0,-1.0,-172.76101188831993,-8.485310605560112,-0.25638336039382503,0.014250869369008315,False
2.431999999999843,-0.21910561881689314,1.2588235294117647,1.4941176470588236,-0.0007501516903151872,-1.0,-172.5630075006702,-8.472192135961773,-0.2648619112445953,0.013990246743178702,False
2.432999999999843,-0.21953218805056374,1.2588235294117647,1.4941176470588236,-0.001867798749138594,-1.0,-172.3645689270019,-8.458977196320442,-0.273327720749981,0.013721151928243153,False
2.433999999999843,-0.21995821561038337,1.2588235294117647,1.4941176470588236,-0.0030442693373737588,-1.0,-172.16620723940986,-8.445672691593158,-0.2817797970252356,0.01344359817845715,False
2.434999999999843,-0.22038370044517142,1.2588235294117647,1.5058823529411764,-0.004220739925608924,-1.0,-171.96842499478217,-8.432267846753227,-0.29021903489158757,0.013157598765799354,False
2.4359999999998427,-0.2208086415050863,1.2588235294117647,1.5058823529411764,-0.005397210513844088,-1.0,-171.7699973867046,-8.418770885349128,-0.298644269164469,0.012863167121552093,False
2.4369999999998426,-0.22123303774162809,1.2588235294117647,1.5058823529411764,-0.006573681102079253,-1.0,-171.57156466521437,-8.405182799581977,-0.3070565423727758,0.012560316721782136,False
2.4379999999998425,-0.22165688810764148,1.2588235294117647,1.5058823529411764,-0.007750151690314417,-1.0,-171.37350390196664,-8.391491986209775,-0.31545457428077894,0.012249061169598823,False
2.4389999999998424,-0.22208019155731776,1.2588235294117647,1.5058823529411764,-0.008926622278549581,-1.0,-171.17557386119447,-8.377709634816178,-0.32383948239687677,0.011929414150283101,False
2.4399999999998423,-0.22250294704619766,1.2588235294117647,1.5058823529411764,-0.010103092866784746,-1.0,-170.9777169453038,-8.363836732607695,-0.33220994901557,0.011601389438919965,False
2.440999999999842,-0.22292515353117415,1.2588235294117647,1.5058823529411764,-0.01127956345501991,-1.0,-170.78000117871977,-8.349871274368748,-0.3405671007976168,0.011265000926223512,False
2.441999999999842,-0.22334680997049458,1.2588235294117647,1.5058823529411764,-0.012456034043255074,-1.0,-170.5828362673898,-8.335831444641068,-0.3489096657536424,0.010920262545505974,False
2.442999999999842,-0.2237679153237636,1.2588235294117647,1.5058823529411764,-0.013691328160901997,-1.0,-170.38542888439977,-8.321648144499333,-0.35723867216448524,0.010567188391924057,False
2.443999999999842,-0.22418846855194577,1.2588235294117647,1.5058823529411764,-0.01492662227854892,-1.0,-170.18789829207594,-8.30739628901283,-0.365552949745722,0.010205792581949485,False
2.4449999999998417,-0.2246084686173677,1.2588235294117647,1.5058823529411764,-0.016161916396195842,-1.0,-169.99063461625624,-8.293055707494892,-0.37385339003282964,0.009836089430393397,False
2.4459999999998416,-0.22502791448372095,1.2588235294117647,1.5058823529411764,-0.017397210513842763,-1.0,-169.7935437345511,-8.27860607295517,-0.38213903833766366,0.009458093216013786,False
2.4469999999998415,-0.22544680511606463,1.2588235294117647,1.5058823529411764,-0.018632504631489685,-1.0,-169.59658993922426,-8.264097518312562,-0.39041053311753526,0.009071818451174754,False
2.4479999999998414,-0.22586513948082768,1.2588235294117647,1.5058823529411764,-0.019867798749136606,-1.0,-169.39975000477617,-8.249479186360817,-0.39866721816979445,0.008677279574752374,False
2.4489999999998413,-0.2262829165458115,1.2588235294117647,1.5058823529411764,-0.021103092866783527,-1.0,-169.2030555589202,-8.23476041838231,-0.4069093945627682,0.008274491291253079,False
2.449999999999841,-0.22670013528019306,1.2588235294117647,1.5058823529411764,-0.02233838698443045,-1.0,-169.00651050506667,-8.219952998393238,-0.41513673979700394,0.007863468223467594,False
2.450999999999841,-0.2271167946545263,1.2588235294117647,1.5058823529411764,-0.02357368110207737,-1.0,-168.81016392776476,-8.205068718553305,-0.4233492112101139,0.007444225272086263,False
2.451999999999841,-0.22753289364074586,1.2470588235294118,1.5058823529411764,-0.02480897521972429,-1.0,-168.613751385967,-8.190088695323286,-0.43154687668550945,0.007016777228591108,False
2.452999999999841,-0.22794843121216865,1.2470588235294118,1.5058823529411764,-0.026044269337371213,-1.0,-168.41789517818384,-8.175012574355554,-0.4397292889010533,0.006581139170355195,False
2.4539999999998408,-0.22836340634349717,1.2470588235294118,1.5058823529411764,-0.027279563455018134,-1.0,-168.2217906032348,-8.159849945789555,-0.44789690442367347,0.006137326076157512,False
2.4549999999998406,-0.2287778180108213,1.2470588235294118,1.5058823529411764,-0.028514857572665055,-1.0,-168.02592662223896,-8.144595853193016,-0.45604889448053226,0.00568535320084796,False
2.4559999999998405,-0.2291916651916218,1.2470588235294118,1.5058823529411764,-0.029750151690311977,-1.0,-167.83046508013283,-8.129251790229944,-0.4641860916538768,0.005225235713204862,False
2.4569999999998404,-0.22960494686477165,1.2470588235294118,1.5058823529411764,-0.030985445807958898,-1.0,-167.63481408737655,-8.113821085063083,-0.47230731303536033,0.004756989033787031,False
2.4579999999998403,-0.23001766201053953,1.2470588235294118,1.5058823529411764,-0.03222073992560582,-1.0,-167.43910355501714,-8.098293531615328,-0.4804137168875948,0.004280628528070529,False
2.45899999999984,-0.2304298096105917,1.2470588235294118,1.5058823529411764,-0.033456034043252744,-1.0,-167.2437742398495,-8.08268573176274,-0.4885038286149,0.003796169776356555,False
2.45999999999984,-0.23084138864799508,1.2470588235294118,1.5058823529411764,-0.034750151690311426,-1.0,-167.0486221894429,-8.066989194324224,-0.49657906325815176,0.0033036283441883895,False
2.46099999999984,-0.23125239810721906,1.2470588235294118,1.5058823529411764,-0.03604426933737011,-1.0,-166.8533732353931,-8.051206571752395,-0.5046377457704317,0.002803019958340899,False
2.46199999999984,-0.231662836974139,1.2470588235294118,1.5058823529411764,-0.03733838698442879,-1.0,-166.65843121312687,-8.035321602535229,-0.51268142987383,0.0022943603892976506,False
2.4629999999998398,-0.23207270423603757,1.2470588235294118,1.5058823529411764,-0.03863250463148747,-1.0,-166.46372409483658,-8.019358266755193,-0.5207083467179416,0.0017776655170552895,False
2.4639999999998397,-0.2324819988816082,1.2470588235294118,1.5058823529411764,-0.03992662227854615,-1.0,-166.2697577967137,-8.003315425704146,-0.5287200952198037,0.001252951320111711,False
2.4649999999998395,-0.23289071990095686,1.2470588235294118,1.5058823529411764,-0.041220739925604835,-1.0,-166.07545713969128,-7.987181415430681,-0.5367149449369836,0.0007202338134945672,False
2.4659999999998394,-0.23329886628560514,1.2470588235294118,1.5058823529411764,-0.04251485757266352,-1.0,-165.88134995141553,-7.970979057641914,-0.5446943959978139,0.00017952917226660904,False
2.4669999999998393,-0.23370643702849236,1.2470588235294118,1.5058823529411764,-0.0438089752197222,-1.0,-165.68748054895767,-7.954651355749928,-0.5526568691469848,-0.0003691464491416205,False
2.467999999999839,-0.23411343112397837,1.2470588235294118,1.5058823529411764,-0.04510309286678088,-1.0,-165.49390742139983,-7.958260284216317,-0.5486766253384795,-9.381358025033808e-05,False
2.468999999999839,-0.23451984756784564,1.2470588235294118,1.5058823529411764,-0.04639721051383956,-1.0,-165.30006893769587,-7.960055611294759,-0.5466857575389465,4.3106654419928435e-05,False
2.469999999999839,-0.23492568535730193,1.2470588235294118,1.5058823529411764,-0.047691328160898244,-1.0,-165.1065758158854,-7.959158791213922,-0.5476807075405764,-2.5291248384202792e-05,False
2.470999999999839,-0.23533094349098288,1.2470588235294118,1.5058823529411764,-0.048985445807956926,-1.0,-164.91331351381336,-7.9596074276325455,-0.5471832458931075,8.923248628248448e-06,False
2.4719999999998388,-0.23573562096895434,1.2470588235294118,1.5058823529411764,-0.05027956345501561,-1.0,-164.7202694622942,-7.9593825560150195,-0.5474319809578877,-8.180114027297336e-06,False
2.4729999999998387,-0.23613971679271473,1.2470588235294118,1.5058823529411764,-0.05157368110207429,-1.0,-164.5273737768126,-7.959494905566778,-0.5473076141861691,3.7253891718543935e-07,False
2.4739999999998386,-0.236543229965198,1.2470588235294118,1.5176470588235293,-0.05286779874913297,-1.0,-164.3341573504623,-7.959438573205053,-0.547369797731356,-3.90354465884253e-06,False
2.4749999999998384,-0.23694615949077538,1.2470588235294118,1.5176470588235293,-0.05416191639619165,-1.0,-164.14207004915966,-7.959466779625882,-0.5473387060090016,-1.7654421447458318e-06,False
2.4759999999998383,-0.23734850437525837,1.2470588235294118,1.5176470588235293,-0.055456034043250335,-1.0,-163.9499805284374,-7.959480912579282,-0.5473231601101717,-6.96436432070532e-07,False
2.476999999999838,-0.23775026362590093,1.2470588235294118,1.5176470588235293,-0.05675015169030902,-1.0,-163.75796197913482,-7.959487939368247,-0.5473153871512954,-1.6194496191932793e-07,False
2.477999999999838,-0.238151436251402,1.2470588235294118,1.5176470588235293,-0.0580442693373677,-1.0,-163.56667175182915,-7.95949142878375,-0.5473115006695064,1.0529792660558404e-07,False
2.478999999999838,-0.23855202126190803,1.2352941176470589,1.5176470588235293,-0.05933838698442638,-1.0,-163.37494344630804,-7.95948968695267,-0.5473134439105964,-2.8323280444366687e-08,False
2.479999999999838,-0.2389520176690154,1.2352941176470589,1.5176470588235293,-0.06063250463148506,-1.0,-163.18328737447712,-7.959490557709722,-0.5473124722900992,3.8487382383801754e-08,False
2.480999999999838,-0.2393514244857727,1.2352941176470589,1.5176470588235293,-0.061926622278543744,-1.0,-162.99167806549517,-7.959490122676902,-0.5473129581003583,5.082065917039965e-09,False
2.4819999999998377,-0.2397502407266833,1.2352941176470589,1.5176470588235293,-0.06327956345501418,-1.0,-162.80037515656733,-7.959489905142033,-0.5473132010054808,-1.1620603557217894e-08,False
2.4829999999998376,-0.24014846540770782,1.2352941176470589,1.5176470588235293,-0.06463250463148462,-1.0,-162.6094342993717,-7.959490068421496,-0.547313079552919,-3.2692677719486175e-09,False
2.4839999999998374,-0.24054609754626635,1.2352941176470589,1.5176470588235293,-0.06598544580795507,-1.0,-162.41873930443927,-7.959490207452518,-0.5473134252091422,-3.270296126159363e-09,False
2.4849999999998373,-0.24094313616124108,1.2352941176470589,1.5176470588235293,-0.06733838698442551,-1.0,-162.22828399869184,23.90108449998288,0.5473134252091422,-3.270296126159363e-09,True
2.4859999999998372,-0.24133958027297886,1.2352941176470589,1.5176470588235293,-0.06869132816089596,-1.0,-162.03804413834263,-7.962095437770226,0.5526625513469303,0.0003691422589398526,False
2.486999999999837,-0.24173542890329322,1.2352941176470589,1.5176470588235293,-0.07010309286677815,-1.0,-161.84801416531562,-8.678988047615286,0.5443417426912058,0.0009176443728653204,False
2.487999999999837,-0.24213068107546698,1.2352941176470589,1.5176470588235293,-0.07151485757266035,-1.0,-161.6582303040874,-9.065313790700442,0.5354699013138146,0.0014575501842193873,False
2.488999999999837,-0.24252533581425467,1.2352941176470589,1.5176470588235293,-0.07292662227854255,-1.0,-161.4686471406213,-9.173964315673611,0.5263499253907491,0.0019884600693612143,False
2.489999999999837,-0.24291939214588493,1.2352941176470589,1.5176470588235293,-0.07433838698442474,-1.0,-161.27929183132082,-9.202563780563839,0.517162025493398,0.002510216032156046,False
2.4909999999998367,-0.24331284909806292,1.2352941176470589,1.5176470588235293,-0.07575015169030694,-1.0,-161.09015814872183,-9.208052303175728,0.507956341410043,0.0030227751926062826,False
2.4919999999998366,-0.24370570569997285,1.2352941176470589,1.5176470588235293,-0.07716191639618913,-1.0,-160.90128133790083,-9.206798400145658,0.49874930339410906,0.0035261280000710568,False
2.4929999999998365,-0.24409796098228004,1.2352941176470589,1.5176470588235293,-0.07857368110207133,-1.0,-160.712731063114,-9.203591574973258,0.4895437245447008,0.004020274496247535,False
2.4939999999998363,-0.2444896139771336,1.2352941176470589,1.5176470588235293,-0.07998544580795353,-1.0,-160.52420607174682,-9.199668232732057,0.48034247429807536,0.0045052175784052306,False
2.4949999999998362,-0.24488066371816863,1.2352941176470589,1.5176470588235293,-0.08139721051383572,-1.0,-160.33552600971242,-9.195431723135341,0.47114456248648195,0.004980961083945624,False
2.495999999999836,-0.2452711092405087,1.2352941176470589,1.5176470588235293,-0.08280897521971792,-1.0,-160.14760960139506,-9.191043457701689,0.4619516685726988,0.005447509180111013,False
2.496999999999836,-0.2456609495807685,1.2352941176470589,1.5058823529411764,-0.08422073992560011,-1.0,-159.96018126804745,-9.186544931924704,0.45276256084818384,0.005904866286394237,False
2.497999999999836,-0.24605018377705568,1.2352941176470589,1.5058823529411764,-0.08563250463148231,-1.0,-159.7727954996069,-9.181953326354874,0.44357859564163693,0.006353036843639044,False
2.498999999999836,-0.24643881086897354,1.2352941176470589,1.5058823529411764,-0.0870442693373645,-1.0,-159.58561317234967,-9.177206893143302,0.43439877119794956,0.006792025522331915,False
2.4999999999998357,-0.24682682989762328,1.2352941176470589,1.5058823529411764,-0.0884560340432467,-1.0,-159.39875852578913,-9.172343888963544,0.42522420231702923,0.007221836987103806,False
2.5009999999998356,-0.2472142399056066,1.2352941176470589,1.5058823529411764,-0.0898677987491289,-1.0,-159.21193030265346,-9.16737329946558,0.4160541827804538,0.0076424761777595055,False
2.5019999999998355,-0.2476010399370277,1.2352941176470589,1.5058823529411764,-0.09127956345501109,-1.0,-159.02544689014903,-9.162298857651919,0.4068894652469911,0.008053947979561072,False
2.5029999999998354,-0.24798722903749615,1.2352941176470589,1.5058823529411764,-0.09269132816089329,-1.0,-158.83928161052862,-9.157098071119439,0.39772969608963177,0.008456257560243211,False
2.5039999999998352,-0.2483728062541286,1.2352941176470589,1.5058823529411764,-0.09410309286677548,-1.0,-158.6532204788053,-9.151794475444552,0.38857527723214363,0.008849410025248276,False
2.504999999999835,-0.24875777063555166,1.2352941176470589,1.5058823529411764,-0.09545603404324593,-1.0,-158.46774553304732,-9.146392289349974,0.37942620299945656,0.009233410766379388,False
2.505999999999835,-0.24914212123190396,1.2352941176470589,1.5058823529411764,-0.09680897521971638,-1.0,-158.28223837681665,-9.140862316292258,0.3702825158026684,0.009608265105412577,False
2.506999999999835,-0.24952585709483857,1.223529411764706,1.5058823529411764,-0.09816191639618682,-1.0,-158.09705536109348,-9.135204606821985,0.36114458436320374,0.009973978656696574,False
2.507999999999835,-0.2499089772775254,1.223529411764706,1.5058823529411764,-0.09951485757265727,-1.0,-157.91290552313433,-9.129439085512317,0.3520121251630577,0.010330556993004347,False
2.5089999999998347,-0.2502914808346536,1.223529411764706,1.5058823529411764,-0.10086779874912771,-1.0,-157.72779650763516,-9.123568246064334,0.34288579401319846,0.010678005953297572,False
2.5099999999998346,-0.2506733668224335,1.223529411764706,1.5058823529411764,-0.10222073992559816,-1.0,-157.54290503307223,-9.117577646315127,0.3337650208214861,0.011016331344654259,False
2.5109999999998345,-0.2510546342985996,1.223529411764706,1.5058823529411764,-0.1035736811020686,-1.0,-157.35854574273722,-9.111481662908778,0.3246507178130357,0.011345539213657841,False
2.5119999999998344,-0.2514352823224121,1.223529411764706,1.5058823529411764,-0.10492662227853905,-1.0,-157.17499770556097,-9.105266289649366,0.3155420984894673,0.01166563560846477,False
2.5129999999998343,-0.2518153099546599,1.223529411764706,1.5058823529411764,-0.1062795634550095,-1.0,-156.9913769470788,-9.098945039248028,0.30644025479752957,0.01197662678342434,False
2.513999999999834,-0.25219471625766254,1.223529411764706,1.5058823529411764,-0.10763250463147994,-1.0,-156.80807310938943,-9.092512333700766,0.2973442551050601,0.012278519027900883,False
2.514999999999834,-0.2525735002952728,1.223529411764706,1.5058823529411764,-0.10904426933736214,-1.0,-156.62506711753946,-9.085956025988406,0.2882552985547909,0.01257131880150263,False
2.515999999999834,-0.2529516611328787,1.223529411764706,1.5058823529411764,-0.11045603404324433,-1.0,-156.44228568676556,-9.079314657821195,0.27917238607699657,0.012855032636196334,False
2.516999999999834,-0.253329197837406,1.223529411764706,1.5058823529411764,-0.11186779874912653,-1.0,-156.25983982780724,-9.07253351491791,0.2700967362852142,0.013129667192606834,False
2.5179999999998337,-0.25370610947732025,1.223529411764706,1.5058823529411764,-0.11327956345500872,-1.0,-156.0776215529943,-9.06565612834345,0.26102737631137823,0.013395229243953052,False
2.5189999999998336,-0.2540823951226296,1.223529411764706,1.5058823529411764,-0.11469132816089092,-1.0,-155.8957029288765,-9.05867057311859,0.2519654670410178,0.013651725659482064,False
2.5199999999998335,-0.25445805384488646,1.223529411764706,1.5058823529411764,-0.11610309286677312,-1.0,-155.71460319194682,-9.05156649986504,0.2429101106925331,0.013899163445736872,False
2.5209999999998334,-0.25483308471719046,1.223529411764706,1.5058823529411764,-0.11751485757265531,-1.0,-155.53315894874902,-9.04433243178239,0.2338623815450804,0.014137549684636357,False
2.5219999999998333,-0.2552074868141902,1.223529411764706,1.5058823529411764,-0.11892662227853751,-1.0,-155.35178201771276,-9.037005353142762,0.22482151371905454,0.014366891631553077,False
2.522999999999833,-0.2555812592120856,1.223529411764706,1.5058823529411764,-0.1203383869844197,-1.0,-155.17131698719035,-9.029567427430061,0.2157884045421582,0.014587196582794688,False
2.523999999999833,-0.2559544009886305,1.223529411764706,1.5058823529411764,-0.1217501516903019,-1.0,-154.99083772455364,-9.022004225966633,0.20676246572075005,0.014798472018598042,False
2.524999999999833,-0.25632691122313467,1.223529411764706,1.5058823529411764,-0.1231619163961841,-1.0,-154.81073341463957,-9.014343844156492,0.1977444210807199,0.015000725453888671,False
2.525999999999833,-0.2566987889964659,1.223529411764706,1.5058823529411764,-0.12457368110206629,-1.0,-154.6309994185102,-9.006570695699027,0.18873385915586752,0.015193964595543952,False
2.5269999999998327,-0.2570700333910531,1.223529411764706,1.5058823529411764,-0.1259854458079485,-1.0,-154.451813867134,-8.99872640700342,0.1797312920359872,0.015378197163249703,False
2.5279999999998326,-0.2574406434908875,1.223529411764706,1.5058823529411764,-0.12739721051383068,-1.0,-154.27224830720874,-8.990739203772634,0.17073650095129303,0.015553431061660593,False
2.5289999999998325,-0.2578106183815255,1.223529411764706,1.5058823529411764,-0.12880897521971288,-1.0,-154.093584721658,-8.982649579701937,0.1617498439442756,0.015719674226826148,False
2.5299999999998324,-0.2581799571500909,1.223529411764706,1.5058823529411764,-0.13022073992559507,-1.0,-153.91479121967788,-8.974452464223704,0.15277127538158028,0.01587693478837905,False
2.5309999999998323,-0.2585486588852769,1.223529411764706,1.5058823529411764,-0.13163250463147727,-1.0,-153.7364643115185,-8.966152145332002,0.1438009735468644,0.016025220906471932,False
2.531999999999832,-0.2589167226773485,1.223529411764706,1.5058823529411764,-0.13304426933735947,-1.0,-153.5584875065188,-8.957725142591203,0.13483904975860264,0.01616454091968248,False
2.532999999999832,-0.2592841476181452,1.223529411764706,1.5058823529411764,-0.13445603404324166,-1.0,-153.38084451424956,-8.94919119588127,0.12588556443455676,0.01629490322151773,False
2.533999999999832,-0.25965093280108237,1.223529411764706,1.5058823529411764,-0.13586779874912386,-1.0,-153.20351758116533,-8.940562255024716,0.11694072503040621,0.01641631636728558,False
2.534999999999832,-0.2600170773211539,1.223529411764706,1.5058823529411764,-0.13727956345500605,-1.0,-153.02651549006177,-8.93181705479327,0.10800449089464073,0.01652878897118469,False
2.5359999999998317,-0.26038258027493477,1.223529411764706,1.5058823529411764,-0.13869132816088825,-1.0,-152.84983347792013,-8.92297284957864,0.09907714536764277,0.01663232978975522,False
2.5369999999998316,-0.26074744076058265,1.2117647058823529,1.5058823529411764,-0.14010309286677045,-1.0,-152.6734964744574,-8.913986715934747,0.09015861394075396,0.016726947666523013,False
2.5379999999998315,-0.26111165787784046,1.2117647058823529,1.4941176470588236,-0.14151485757265264,-1.0,-152.4974139223853,-8.904948627664306,0.08124919811914702,0.016812651572434053,False
2.5389999999998314,-0.2614752307280389,1.2117647058823529,1.4941176470588236,-0.14292662227853484,-1.0,-152.32173311784453,-8.895792263601095,0.07234877782957824,0.016889450558578812,False
2.5399999999998313,-0.2618381584140981,1.2117647058823529,1.4941176470588236,-0.14433838698441703,-1.0,-152.1463690009091,-8.886520855295082,0.06345766754213349,0.0169573537807223,False
2.540999999999831,-0.26220044004052984,1.2117647058823529,1.4941176470588236,-0.14575015169029923,-1.0,-151.9713413103195,-8.877176771761732,0.054575777546216724,0.01701637050229265,False
2.541999999999831,-0.26256207471344045,1.2117647058823529,1.4941176470588236,-0.14716191639618142,-1.0,-151.79670879102724,-8.867685595459468,0.04570338152015612,0.017066510081069238,False
2.542999999999831,-0.2629230615405322,1.2117647058823529,1.4941176470588236,-0.14857368110206362,-1.0,-151.62249549736038,-8.858090254932929,0.036840465174611266,0.017107782004043687,False
2.543999999999831,-0.26328339963110586,1.2117647058823529,1.4941176470588236,-0.14998544580794582,-1.0,-151.44845133217908,-8.848373435215134,0.027987254810343122,0.01714019586331715,False
2.5449999999998307,-0.26364308809606335,1.2117647058823529,1.4941176470588236,-0.15145603404323976,-1.0,-151.27466694373194,-8.838562667980604,0.01914377210166219,0.017163761376727017,False
2.5459999999998306,-0.2640021260479089,1.2117647058823529,1.4941176470588236,-0.15286779874912196,-1.0,-151.10131960930747,-8.828652241626898,0.010310173020882961,0.017178488348865158,False
2.5469999999998305,-0.264360512600752,1.2117647058823529,1.4941176470588236,-0.15427956345500415,-1.0,-150.92808236448758,-8.8186385891596,0.0014865246410997077,0.01718438669772105,False
2.5479999999998304,-0.26471824687030965,1.2117647058823529,1.4941176470588236,-0.15569132816088635,-1.0,-150.7554756217714,-8.808526170664065,-0.007327058981589333,0.017181466430650896,False
2.5484947509763924,-0.26489499478667905,1.2117647058823529,1.4941176470588236,-0.15710309286676855,-1.0,-150.68424435543807,-8.798302723930366,-0.0161304694544794,0.017169737666325992,False
2.5489999999998303,-0.2650753279739081,1.2117647058823529,1.4941176470588236,-0.15851485757265074,-1.0,-161.45985026807838,-8.787984278886848,-0.024923617955705902,0.017149210623410155,False
2.54999999999983,-0.26543175503048505,1.2117647058823529,1.4941176470588236,-0.15992662227853294,-1.0,-170.07644367666458,-8.777553979420562,-0.0337063829164553,0.017119895622611517,False
2.55099999999983,-0.26578752716059223,1.2117647058823529,1.4941176470588236,-0.16133838698441513,-1.0,-172.41559047783002,-8.767028471819593,-0.04247867548050001,0.01708180309497439,False
2.55199999999983,-0.2661426434863974,1.2117647058823529,1.4941176470588236,-0.16275015169029733,-1.0,-172.94705155404984,-8.756393103497986,-0.051240389736780724,0.01703494356171871,False
2.55299999999983,-0.2664971031316861,1.2117647058823529,1.4941176470588236,-0.16416191639617952,-1.0,-172.95932472846425,-8.745658785229452,-0.05999140535396832,0.016979327666496003,False
2.5539999999998297,-0.2668509052218646,1.2117647058823529,1.4941176470588236,-0.16557368110206172,-1.0,-172.82093037616235,-8.734822990035855,-0.06873166524826833,0.016914966130335395,False
2.5549999999998296,-0.2672040488839614,1.2117647058823529,1.4941176470588236,-0.16698544580794392,-1.0,-172.64040856863008,-8.723886788175287,-0.07746099059110044,0.016841869805393938,False
2.5559999999998295,-0.2675565332466294,1.2117647058823529,1.4941176470588236,-0.16768391777485503,-1.0,-172.4472951412776,-8.712843781098062,-0.08617939735629272,0.01676004961051774,False
2.5569999999998294,-0.26790835744014874,1.2117647058823529,1.4941176470588236,0.0,-1.0,-172.25047593573927,-8.701669974436996,-0.09488659937875951,0.01666951661559074,False
2.5579999999998293,-0.26825952059642777,1.2117647058823529,1.4941176470588236,0.0,-1.0,-172.0528037305336,-8.690431557951293,-0.10358271909953833,0.01657028195566158,False
2.558999999999829,-0.26861002184900695,1.2117647058823529,1.4941176470588236,-0.00071329273897108,-1.0,-171.8549571073379,-8.67909658542988,-0.11226739928788995,0.01646235690010582,False
2.559999999999829,-0.26895986033305885,1.2117647058823529,1.5058823529411764,-0.002125057444853278,-1.0,-171.6571506304321,-8.667656514896995,-0.12094087450911557,0.016345752763050572,False
2.560999999999829,-0.2693090351853919,1.2117647058823529,1.5058823529411764,-0.003536822150735476,-1.0,-171.4595258858221,-8.656110200630243,-0.12960264432182203,0.016220481007159743,False
2.561999999999829,-0.2696575455444519,1.2117647058823529,1.5058823529411764,-0.004948586856617674,-1.0,-171.26176367474693,-8.644467597591442,-0.13825306050999728,0.016086553155475327,False
2.5629999999998287,-0.27000539055032413,1.2117647058823529,1.5058823529411764,-0.0063603515624998715,-1.0,-171.06420814133762,-8.632716945058972,-0.14689151245564294,0.015943980872082195,False
2.5639999999998286,-0.2703525693447356,1.2117647058823529,1.5058823529411764,-0.007772116268382069,-1.0,-170.86677583203297,-8.620864539523787,-0.15551845440973233,0.01579277589061963,False
2.5649999999998285,-0.27069908107105717,1.2117647058823529,1.5058823529411764,-0.009183880974264267,-1.0,-170.66941292736718,-8.608925051239405,-0.16413318856006828,0.015632950071498224,False
2.5659999999998284,-0.27104492487430554,1.2117647058823529,1.5058823529411764,-0.010595645680146464,-1.0,-170.47220144828748,-8.59686850623098,-0.17273625231596976,0.015464515354572637,False
2.5669999999998283,-0.27139009990114565,1.2117647058823529,1.5058823529411764,-0.012007410386028662,-1.0,-170.27508302861654,-8.584739551824553,-0.18132688508469494,0.01528748378729097,False
2.567999999999828,-0.27173460529989235,1.2,1.5058823529411764,-0.01341917509191086,-1.0,-170.07790692528,-8.572489190145877,-0.18990567111389603,0.015101867514464113,False
2.568999999999828,-0.27207844022051275,1.2,1.5058823529411764,-0.014830939797793057,-1.0,-169.88130599370314,-8.560147946137446,-0.19847182003513414,0.014907678769251503,False
2.569999999999828,-0.27242160381462827,1.2,1.5058823529411764,-0.01630152803308701,-1.0,-169.68464997532254,-8.547748387423468,-0.20702593141111061,0.014704929900663315,False
2.570999999999828,-0.2727640952355172,1.2,1.5058823529411764,-0.017772116268380968,-1.0,-169.4879231825697,-8.535183298446801,-0.21556724295577961,0.014493633312801634,False
2.5719999999998278,-0.2731059136381158,1.2,1.5058823529411764,-0.019242704503674924,-1.0,-169.2914214962442,-8.522523497308516,-0.22409623706212595,0.01427380158176242,False
2.5729999999998276,-0.2734470581790212,1.2,1.5058823529411764,-0.02071329273896888,-1.0,-169.09513591388136,-8.509772424471167,-0.23261226011434408,0.014045447331609805,False
2.5739999999998275,-0.2737875280164931,1.2,1.5058823529411764,-0.022183880974262837,-1.0,-168.89880243738966,-8.496961002565163,-0.24111573131006225,0.013808583346542086,False
2.5749999999998274,-0.274127322310456,1.2,1.5058823529411764,-0.023654469209556793,-1.0,-168.70298117175525,-8.484026752912959,-0.24960614274720594,0.01356322240735167,False
2.5759999999998273,-0.27446644022250133,1.2,1.5058823529411764,-0.02512505744485075,-1.0,-168.50704734879676,-8.47100352061352,-0.25808371400747854,0.013309377491008101,False
2.576999999999827,-0.2748048809158893,1.2,1.5058823529411764,-0.026595645680144706,-1.0,-168.3112438372387,-8.457882596480983,-0.2665481279645186,0.013047061567675492,False
2.577999999999827,-0.2751426435555511,1.2,1.5058823529411764,-0.02812505744485042,-1.0,-168.11557565820536,-8.44466147313618,-0.2749993984319412,0.01277628781750251,False
2.578999999999827,-0.2754797273080911,1.2,1.5058823529411764,-0.029654469209556132,-1.0,-167.91997097262134,-8.431352273276504,-0.28343743705239605,0.012497069397748035,False
2.579999999999827,-0.2758161313417886,1.2,1.5058823529411764,-0.031183880974261845,-1.0,-167.72457301396966,-8.417936733075765,-0.29186201684771407,0.012209419684324947,False
2.5809999999998268,-0.2761518548266001,1.2,1.5058823529411764,-0.03271329273896756,-1.0,-167.5290670013362,-8.404436719087183,-0.3002732993251866,0.011913352025162074,False
2.5819999999998267,-0.27648689693416106,1.2,1.5058823529411764,-0.034242704503673276,-1.0,-167.33432850264018,-8.390859262893565,-0.308670818780224,0.011608879979587393,False
2.5829999999998265,-0.27682125683778874,1.2,1.5058823529411764,-0.03577211626837899,-1.0,-167.13923244089904,-8.377163634036627,-0.31705498804743704,0.011296017076680088,False
2.5839999999998264,-0.27715493371248323,1.2,1.5058823529411764,-0.03730152803308471,-1.0,-166.9444248894944,-8.363353897357925,-0.3254250590912165,0.01097477706597189,False
2.5849999999998263,-0.27748792673492995,1.2,1.5058823529411764,-0.038830939797790426,-1.0,-166.74981138664407,-8.349487687666706,-0.33378169237615474,0.010645173692969271,False
2.585999999999826,-0.2778202350835016,1.2,1.5058823529411764,-0.04036035156249614,-1.0,-166.55538263055266,-8.335510015019205,-0.34212395442482285,0.010307220881283333,False
2.586999999999826,-0.2781518579382606,1.2,1.5058823529411764,-0.04188976332720186,-1.0,-166.3612155116413,-8.3214405283679,-0.35045268413342995,0.009960932567534863,False
2.587999999999826,-0.27848279448096036,1.2,1.5058823529411764,-0.043419175091907576,-1.0,-166.16701028510712,-8.307286918279027,-0.3587667771484167,0.009606322847032871,False
2.588999999999826,-0.27881304389504785,1.2,1.5058823529411764,-0.04494858685661329,-1.0,-165.97304166815562,-8.293045864052361,-0.3670672225231835,0.009243405855975825,False
2.5899999999998258,-0.2791426053656656,1.2,1.5058823529411764,-0.04647799862131901,-1.0,-165.77927903160602,-8.278684198489122,-0.37535280225284123,0.008872195851879486,False
2.5909999999998257,-0.2794714780796533,1.2,1.5058823529411764,-0.048007410386024726,-1.0,-165.58569745450663,-8.264254088255472,-0.38362455403711165,0.00849270718603496,False
2.5919999999998256,-0.2797996612255503,1.2,1.5058823529411764,-0.04953682215073044,-1.0,-165.39224472236106,-8.249714411297095,-0.39188126045588584,0.008104954285157139,False
2.5929999999998254,-0.2801271539935972,1.2,1.5058823529411764,-0.05106623391543616,-1.0,-165.19901140309054,-8.235088580250586,-0.40012392542320036,0.007708951708110233,False
2.5939999999998253,-0.28045395557573816,1.2,1.5058823529411764,-0.05259564568014188,-1.0,-165.006021059067,-8.220372565595705,-0.4083514087766603,0.007304714045590905,False
2.5949999999998252,-0.280780065165623,1.2,1.5058823529411764,-0.054125057444847594,-1.0,-164.81303779818342,-8.205570713485894,-0.4165646017000993,0.006892256059700053,False
2.595999999999825,-0.28110548195860857,1.2,1.5058823529411764,-0.05565446920955331,-1.0,-164.62059226157726,-8.190670920059219,-0.42476252835266953,0.006471592497806335,False
2.596999999999825,-0.28143020515176126,1.2,1.5058823529411764,-0.05718388097425903,-1.0,-164.42802188548654,-8.175689996664667,-0.4329458664598105,0.0060427383228714064,False
2.597999999999825,-0.2817542339438589,1.2,1.5058823529411764,-0.058713292738964744,-1.0,-164.23571433311062,-8.160609318002548,-0.4411138950325839,0.005605708444337721,False
2.598999999999825,-0.28207756753539265,1.2,1.5058823529411764,-0.06024270450367046,-1.0,-164.04391231339375,-8.14544866156375,-0.4492669998213937,0.005160518022002975,False
2.5999999999998247,-0.282400205128569,1.2,1.5058823529411764,-0.06177211626837618,-1.0,-163.8519168600195,-8.130188212992275,-0.45740478627264164,0.0047071821309396635,False
2.6009999999998246,-0.28272214592731176,1.2,1.5058823529411764,-0.0633015280330819,-1.0,-163.65999720110423,-8.114845799148044,-0.465527283750125,0.004245716122990637,False
2.6019999999998245,-0.28304338913726407,1.188235294117647,1.5058823529411764,-0.0648309397977876,-1.0,-163.46825869475683,-8.099414109588558,-0.47363448141782033,0.003776135242989468,False
2.6029999999998243,-0.2833639339657901,1.188235294117647,1.5058823529411764,-0.06636035156249331,-1.0,-163.2768855739988,-8.08388998125654,-0.4817260111749083,0.0032984550249550645,False
2.6039999999998242,-0.28368377962197755,1.188235294117647,1.5058823529411764,-0.06788976332719902,-1.0,-163.08585546383617,-8.06828789094178,-0.4898022715161135,0.0028126908877227196,False
2.604999999999824,-0.28400292531663895,1.188235294117647,1.5058823529411764,-0.06941917509190473,-1.0,-162.8948226741191,-8.052592975481314,-0.49786248655770865,0.0023188585372986817,False
2.605999999999824,-0.28432137026231386,1.188235294117647,1.5058823529411764,-0.07094858685661044,-1.0,-162.7040950860518,-8.036811407152793,-0.5059074603682672,0.0018169735704652748,False
2.606999999999824,-0.2846391136732713,1.188235294117647,1.5058823529411764,-0.07247799862131615,-1.0,-162.51364805127184,-8.020928986261932,-0.5139360094548934,0.0013070518636507144,False
2.607999999999824,-0.28495615476551095,1.188235294117647,1.5058823529411764,-0.07400741038602186,-1.0,-162.32325678512652,-8.004971848299052,-0.5219493203881158,0.0007891092088452971,False
2.6089999999998237,-0.28527249275676536,1.188235294117647,1.5058823529411764,-0.07553682215072757,-1.0,-162.1334189368189,-7.988911385640961,-0.5299458603488613,0.0002631616452515929,False
2.6099999999998236,-0.285588126866502,1.188235294117647,1.5058823529411764,-0.07706623391543328,-1.0,-161.9434950542349,-7.972780298584242,-0.5379271367350067,-0.0002707748388208974,False
2.6109999999998235,-0.28590305631592505,1.188235294117647,1.5058823529411764,-0.07859564568013899,-1.0,-161.7538576786363,-7.9762917287720345,-0.5339372716220058,-2.809133600525797e-06,False
2.6119999999998234,-0.28621728032797744,1.188235294117647,1.5058823529411764,-0.08018388097425647,-1.0,-161.56493308075144,-7.978037375817441,-0.531941758090153,0.00013042569482241573,False
2.6129999999998232,-0.2865307981273426,1.188235294117647,1.5058823529411764,-0.08177211626837394,-1.0,-161.37555825291292,-7.977166287194207,-0.532938951360238,6.387065130401597e-05,False
2.613999999999823,-0.28684360894044664,1.188235294117647,1.5058823529411764,-0.08336035156249141,-1.0,-161.18615470582182,-7.976731097407595,-0.5334375100325784,3.054638743569639e-05,False
2.614999999999823,-0.28715571199545986,1.188235294117647,1.5058823529411764,-0.08494858685660889,-1.0,-160.99765608896934,-7.976513267432034,-0.533686780313577,1.3872570651962694e-05,False
2.615999999999823,-0.28746710652229907,1.188235294117647,1.5058823529411764,-0.08653682215072636,-1.0,-160.80863832416094,-7.97640428314689,-0.5338114129351499,5.53274113309489e-06,False
2.616999999999823,-0.28777779175262896,1.188235294117647,1.5058823529411764,-0.08812505744484384,-1.0,-160.6202706658915,-7.976349775503692,-0.5338737285880824,1.3620961043316072e-06,False
2.6179999999998227,-0.2880877669198651,1.188235294117647,1.5058823529411764,-0.08971329273896131,-1.0,-160.43254143766939,-7.976322610724648,-0.5339048862461443,-7.234089755647562e-07,False
2.6189999999998226,-0.28839703125917426,1.188235294117647,1.5058823529411764,-0.09130152803307878,-1.0,-160.24467709847866,-7.976336205383257,-0.5338893074311295,3.1935877811722114e-07,False
2.6199999999998225,-0.2887055840074775,1.188235294117647,1.5058823529411764,-0.09288976332719626,-1.0,-160.05711366745348,-7.976329418494679,-0.533897096842017,-2.0202129518613633e-07,False
2.6209999999998224,-0.28901342440345157,1.188235294117647,1.5058823529411764,-0.09447799862131373,-1.0,-159.86985412633396,-7.976332813911761,-0.5338932021374582,5.8669692442560246e-08,False
2.6219999999998223,-0.28932055168753096,1.188235294117647,1.5058823529411764,-0.0960662339154312,-1.0,-159.68266172944058,-7.976331117307213,-0.5338951494899583,-7.167556365739572e-08,False
2.622999999999822,-0.28962696510190955,1.188235294117647,1.5058823529411764,-0.09765446920954868,-1.0,-159.49608779333172,-7.976331965987183,-0.5338941758137626,-6.5028761787617314e-09,False
2.623999999999822,-0.2899326638905427,1.188235294117647,1.5058823529411764,-0.09924270450366615,-1.0,-159.3094209500822,-7.976328448808679,-0.533895377597192,-6.596357751492703e-09,False
2.624999999999822,-0.290237647299149,1.188235294117647,1.5058823529411764,-0.10083093979778363,-1.0,-159.12308353945258,23.955124860818014,0.533895377597192,-6.596357751492703e-09,True
2.625999999999822,-0.2905419145752124,1.188235294117647,1.5058823529411764,-0.1024191750919011,-1.0,-158.93732634230346,-7.976106948370891,0.5379318965571356,0.00027076324118289227,False
2.6269999999998217,-0.29084546496798336,1.188235294117647,1.5058823529411764,-0.10400741038601857,-1.0,-158.75145989283305,-8.553236714271087,0.5296678557908452,0.0008045630882863859,False
2.6279999999998216,-0.29114829772848166,1.188235294117647,1.5058823529411764,-0.10559564568013605,-1.0,-158.56590917470683,-9.016010801477165,0.5208826544529301,0.0013298383351204117,False
2.6289999999998215,-0.29145041210949735,1.188235294117647,1.5058823529411764,-0.10718388097425352,-1.0,-158.38022081398168,-9.146545853360662,0.5118018993959051,0.001846180580247469,False
2.6299999999998214,-0.2917518073655936,1.188235294117647,1.5058823529411764,-0.108772116268371,-1.0,-158.19529395086812,-9.181308956296789,0.5026375168048874,0.0023534002851489802,False
2.6309999999998213,-0.29205248275310736,1.188235294117647,1.5058823529411764,-0.11036035156248847,-1.0,-158.00990242435918,-9.188487628724301,0.49345300770848616,0.002851445514046104,False
2.631999999999821,-0.29235243753015194,1.188235294117647,1.5058823529411764,-0.11194858685660594,-1.0,-157.82582697652052,-9.187573129262928,0.4842646645434465,0.0033403043507506942,False
2.632999999999821,-0.29265167095661887,1.188235294117647,1.5058823529411764,-0.11353682215072342,-1.0,-157.64164012560727,-9.184305789178294,0.4750789658999654,0.003819976132249186,False
2.633999999999821,-0.29295018229417935,1.188235294117647,1.5058823529411764,-0.11512505744484089,-1.0,-157.45758090428163,-9.180259360173318,0.46589652162717654,0.004290463878991161,False
2.634999999999821,-0.29324797080628634,1.188235294117647,1.5058823529411764,-0.11671329273895836,-1.0,-157.27386912254366,-9.175886365538933,0.45671853801786055,0.004751771375938277,False
2.6359999999998207,-0.29354503575817625,1.188235294117647,1.5058823529411764,-0.11830152803307584,-1.0,-157.09084895919813,-9.171359294462022,0.4475449024070306,0.005203903100172651,False
2.6369999999998206,-0.2938413764168709,1.1764705882352942,1.5058823529411764,-0.11988976332719331,-1.0,-156.90729968546623,-9.166692153873335,0.4383758217049115,0.0056468634313585845,False
2.6379999999998205,-0.29413699205117916,1.1764705882352942,1.5058823529411764,-0.12147799862131078,-1.0,-156.72418615454893,-9.16191527090857,0.4292116419334567,0.006080657166980052,False
2.6389999999998204,-0.29443188193169884,1.1764705882352942,1.5058823529411764,-0.12306623391542826,-1.0,-156.5415292967017,-9.157023245235258,0.4200519901984955,0.00650528895521712,False
2.6399999999998203,-0.2947260453308184,1.1764705882352942,1.5058823529411764,-0.12465446920954573,-1.0,-156.3591237150203,-9.152004233278001,0.4108977162928576,0.0069207638109476475,False
2.64099999999982,-0.29501948152271884,1.1764705882352942,1.5058823529411764,-0.1262427045036632,-1.0,-156.17702912773328,-9.146880290862029,0.40174798851370525,0.007327086639406454,False
2.64199999999982,-0.2953121897833758,1.1764705882352942,1.5058823529411764,-0.12783093979778068,-1.0,-155.99547936294715,-9.141635143764391,0.3926040590088905,0.007724262663472298,False
2.64299999999982,-0.2956041693905606,1.1764705882352942,1.5058823529411764,-0.12941917509189815,-1.0,-155.81433730088378,-9.13628419025679,0.3834647407599696,0.00811229704387999,False
2.64399999999982,-0.2958954196238426,1.1764705882352942,1.5058823529411764,-0.13100741038601563,-1.0,-155.63333579099657,-9.130810207037285,0.37433157839264525,0.008491195201009863,False
2.6449999999998197,-0.29618593976459073,1.1764705882352942,1.5058823529411764,-0.1325956456801331,-1.0,-155.45211440442864,-9.125231781300895,0.3652031586233994,0.008860962554784444,False
2.6459999999998196,-0.2964757290959755,1.1764705882352942,1.5058823529411764,-0.13418388097425057,-1.0,-155.27129234454128,-9.11952281023676,0.3560811895172788,0.009221604723411606,False
2.6469999999998195,-0.2967647869029705,1.1764705882352942,1.5058823529411764,-0.1358309397977798,-1.0,-155.09044346755613,-9.11372872442494,0.3469641577541537,0.009573127387011915,False
2.6479999999998194,-0.2970531124723543,1.1764705882352942,1.5058823529411764,-0.13747799862130902,-1.0,-154.91056138607624,-9.107812759819133,0.3378537865663356,0.0099155363508076,False
2.6489999999998193,-0.29734070509271227,1.1764705882352942,1.5058823529411764,-0.13912505744483825,-1.0,-154.73122949509482,-9.101768674946564,0.3287486130457783,0.010248837544934978,False
2.649999999999819,-0.2976275640544382,1.1764705882352942,1.5058823529411764,-0.14077211626836747,-1.0,-154.55178955403048,-9.09562614187656,0.31965027830264353,0.010573036979677552,False
2.650999999999819,-0.2979136886497361,1.1764705882352942,1.5058823529411764,-0.1424191750918967,-1.0,-154.37270300075173,-9.089364369497272,0.3105574490663299,0.010888140841457603,False
2.651999999999819,-0.298199078172622,1.1764705882352942,1.5058823529411764,-0.14406623391542592,-1.0,-154.19396958380665,-9.082993416359608,0.3014715733590948,0.011194155339736412,False
2.652999999999819,-0.2984837319189254,1.1764705882352942,1.5058823529411764,-0.14571329273895514,-1.0,-154.01539715368887,-9.076518901549742,0.2923915513022045,0.011491086903187168,False
2.6539999999998187,-0.2987676491862919,1.1764705882352942,1.5058823529411764,-0.14736035156248437,-1.0,-153.83746770927866,-9.069928551061773,0.283318555590475,0.011778941942395963,False
2.6549999999998186,-0.2990508292741836,1.1764705882352942,1.5058823529411764,-0.1490074103860136,-1.0,-153.65961878163,-9.063220906228354,0.27425179505600744,0.012057727121024587,False
2.6559999999998185,-0.2993332714838819,1.1764705882352942,1.5058823529411764,-0.1506544692095428,-1.0,-153.48197379978558,-9.056402366227184,0.2651921280085773,0.012327449067775456,False
2.6569999999998184,-0.29961497511848856,1.1764705882352942,1.5058823529411764,-0.15230152803307204,-1.0,-153.30487041516633,-9.049472287270433,0.2561390895116049,0.012588114681167106,False
2.6579999999998183,-0.29989593948292803,1.1764705882352942,1.5058823529411764,-0.15394858685660126,-1.0,-153.1277413341797,-9.042426803581854,0.24709320022439465,0.012839730811465838,False
2.658999999999818,-0.3001761638839486,1.1764705882352942,1.4941176470588236,-0.15559564568013048,-1.0,-152.95108032269422,-9.03526749626224,0.2380543339799666,0.013082304583705268,False
2.659999999999818,-0.3004556476301244,1.1764705882352942,1.4941176470588236,-0.1572427045036597,-1.0,-152.77479890215264,-9.028018922731212,0.22902267252642144,0.013315843073297667,False
2.660999999999818,-0.3007343900318571,1.1764705882352942,1.4941176470588236,-0.15888976332718893,-1.0,-152.59884614141336,-9.020643826452606,0.21999839532232207,0.013540353612134378,False
2.661999999999818,-0.30101239040137745,1.1764705882352942,1.4941176470588236,-0.16053682215071816,-1.0,-152.42324373781395,-9.01315743826176,0.21098140943650026,0.013755843502349591,False
2.6629999999998177,-0.3012896480527474,1.1764705882352942,1.4941176470588236,-0.16218388097424738,-1.0,-152.2480207383941,-9.005567869779119,0.20197216042686095,0.013962320291375136,False
2.6639999999998176,-0.3015661623018608,1.1764705882352942,1.4941176470588236,-0.1638309397977766,-1.0,-152.07323198205964,-8.997869749444103,0.19297030505816976,0.014159791513887798,False
2.6649999999998175,-0.30184193246644675,1.1764705882352942,1.4941176470588236,-0.16547799862130583,-1.0,-151.89858003143576,-8.990063497222762,0.1839764943951976,0.01434826491647162,False
2.6659999999998174,-0.3021169578660695,1.1764705882352942,1.4941176470588236,-0.16712505744483505,-1.0,-151.72420864688874,-8.982145181302341,0.17499022035828343,0.014527748265807869,False
2.6669999999998173,-0.30239123782213134,1.1764705882352942,1.4941176470588236,-0.16877211626836428,-1.0,-151.54976765459176,-8.974111426904503,0.1660122716504193,0.014698249513213217,False
2.667999999999817,-0.30266477165787364,1.1764705882352942,1.4941176470588236,-0.1704191750918935,-1.0,-151.37692336990025,-8.965981976094106,0.15704204084349063,0.014859776663666063,False
2.668999999999817,-0.3029375586983789,1.1764705882352942,1.4941176470588236,-0.17200741038601097,-1.0,-151.20303962063394,-8.95773448210298,0.1480803675509742,0.01501233786779065,False
2.669999999999817,-0.30320959827057226,1.1764705882352942,1.4941176470588236,-0.17359564568012845,-1.0,-151.02998175820943,-8.949383839728156,0.139126627311538,0.015155941361542148,False
2.670251495361145,-0.3032778972506973,1.1764705882352942,1.4941176470588236,-0.17518388097424592,-1.0,-150.99974445400883,-8.940923907633241,0.1301816475655188,0.015290595497599395,False
2.670999999999817,-0.303480889703223,1.1764705882352942,1.4941176470588236,-0.1767721162683634,-1.0,-164.62833956811716,-8.932358682380253,0.12124484274426414,0.01541630874089913,False
2.6719999999998167,-0.30375143232694657,1.1764705882352942,1.4941176470588236,-0.17836035156248087,-1.0,-170.78893529749965,-8.923682323027943,0.11231697297722033,0.01553308964637701,False
2.6729999999998166,-0.3040212254742059,1.1764705882352942,1.4941176470588236,-0.17994858685659834,-1.0,-172.42123910111744,-8.914908090597123,0.10339754221958115,0.015640946903544877,False
2.6739999999998165,-0.30429026847931323,1.1764705882352942,1.4941176470588236,-0.18153682215071582,-1.0,-172.7500601449291,-8.906022473591953,0.09448719620380644,0.01573988926976803,False
2.6749999999998164,-0.3045585606784317,1.1764705882352942,1.4941176470588236,-0.1831250574448333,-1.0,-172.70318437899576,-8.897021115581536,0.08558557248267626,0.015829925654649784,False
2.6759999999998163,-0.3048261014095768,1.1764705882352942,1.4941176470588236,-0.18471329273895076,-1.0,-172.5487495749397,-8.887942038373144,0.07669317553203377,0.015911065025492263,False
2.676999999999816,-0.3050928900126187,1.1647058823529413,1.4941176470588236,-0.18630152803306824,-1.0,-172.36373344949146,-8.878726658733024,0.06780977362306098,0.01598331650112087,False
2.677999999999816,-0.30535892582928287,1.1647058823529413,1.4941176470588236,-0.1878897633271857,-1.0,-172.1695664614821,-8.869404728401214,0.05893575952796185,0.016046689264766236,False
2.678999999999816,-0.30562420820315245,1.1647058823529413,1.4941176470588236,-0.18947799862130318,-1.0,-171.97237641806035,-8.859974822858096,0.05007103275838442,0.016101192662064237,False
2.679999999999816,-0.30588873647966947,1.1647058823529413,1.4941176470588236,-0.18987743243047112,-1.0,-171.7753974671868,-8.850444929245425,0.04121584725786099,0.01614683609972527,False
2.6809999999998158,-0.3061525100061367,1.1647058823529413,1.4941176470588236,0.0,-1.0,-171.57789881012346,-8.840824206942568,0.032370198715388494,0.016183629123649394,False
2.6819999999998156,-0.30641552813171924,1.1647058823529413,1.5058823529411764,0.0,-1.0,-171.3803065219621,-8.831077873525892,0.023534253846703646,0.01621158134841552,False
2.6829999999998155,-0.30667779020744595,1.1647058823529413,1.5058823529411764,-0.0011888014849495388,-1.0,-171.183022195614,-8.821242494043569,0.014708092555655151,0.01623070252213527,False
2.6839999999998154,-0.3069392955862113,1.1647058823529413,1.5058823529411764,-0.0027770367790670106,-1.0,-170.98566491054765,-8.811296672974073,0.005891821892164764,0.016241002478799563,False
2.6849999999998153,-0.30720004362277664,1.1647058823529413,1.5058823529411764,-0.004365272073184483,-1.0,-170.7883368549401,-8.8012455595616,-0.002914448828837088,0.016242491165369854,False
2.685999999999815,-0.30746003367377234,1.1647058823529413,1.5058823529411764,-0.005953507367301955,-1.0,-170.59138402704983,-8.791104939061105,-0.011710620999390804,0.01623517863083437,False
2.686999999999815,-0.30771926509769854,1.1647058823529413,1.5058823529411764,-0.007541742661419427,-1.0,-170.39435145201168,-8.780843637098238,-0.020496604443468385,0.0162190750177578,False
2.687999999999815,-0.30797773725492744,1.1647058823529413,1.5058823529411764,-0.009129977955536899,-1.0,-170.19727401169254,-8.77048777403599,-0.02927225257504258,0.016194190590409774,False
2.688999999999815,-0.30823544950770504,1.1647058823529413,1.5058823529411764,-0.01077703677906613,-1.0,-170.00042499571043,-8.76004563054125,-0.038037547229653704,0.016160535689980774,False
2.6899999999998148,-0.3084924012201517,1.1647058823529413,1.5058823529411764,-0.01242409560259536,-1.0,-169.80377559193977,-8.7494763378338,-0.04679226830246437,0.016118120783884353,False
2.6909999999998147,-0.30874859175826475,1.1647058823529413,1.5058823529411764,-0.014071154426124591,-1.0,-169.60725791002008,-8.738778568294963,-0.05553644863982455,0.016066956425045183,False
2.6919999999998145,-0.3090040204899194,1.1647058823529413,1.5058823529411764,-0.01571821324965382,-1.0,-169.4108797206757,-8.72802539450191,-0.06426978416561648,0.016007053310463967,False
2.6929999999998144,-0.3092586867848706,1.1647058823529413,1.5058823529411764,-0.01736527207318305,-1.0,-169.2146118499481,-8.717121732964603,-0.07299243762492282,0.01593842219975451,False
2.6939999999998143,-0.3095125900147547,1.1647058823529413,1.5058823529411764,-0.01907115442612404,-1.0,-169.01849046976918,-8.70614292745366,-0.08170397711021125,0.01586107399396844,False
2.694999999999814,-0.30976572955309073,1.1647058823529413,1.5058823529411764,-0.020777036779065026,-1.0,-168.82248624621005,-8.695083658595562,-0.09040469484591628,0.01577501965914043,False
2.695999999999814,-0.3100181047752819,1.1647058823529413,1.5058823529411764,-0.022482919132006014,-1.0,-168.62661293446826,-8.683898887952589,-0.09909407163979782,0.015680270276862283,False
2.696999999999814,-0.3102697150586176,1.1647058823529413,1.5058823529411764,-0.024188801484947002,-1.0,-168.43089317348287,-8.672624512795755,-0.10777245533445087,0.01557683701586497,False
2.697999999999814,-0.31052055978227433,1.1647058823529413,1.5058823529411764,-0.02589468383788799,-1.0,-168.2353070138829,-8.661241759032201,-0.11643926145302375,0.015464731157505815,False
2.6989999999998138,-0.31077063832731777,1.1647058823529413,1.5058823529411764,-0.027600566190828978,-1.0,-168.03989163127952,-8.64976082257703,-0.12509489125673723,0.015343964085275968,False
2.6999999999998137,-0.3110199500767038,1.1647058823529413,1.5058823529411764,-0.029306448543769965,-1.0,-167.84455151221815,-8.63818843348062,-0.13373873905129502,0.015214547269018743,False
2.7009999999998136,-0.31126849441528076,1.1647058823529413,1.5058823529411764,-0.031012330896710953,-1.0,-167.64938328516442,-8.626506263341943,-0.14237120728546104,0.015076492301787215,False
2.7019999999998134,-0.31151627072979005,1.1647058823529413,1.5058823529411764,-0.03271821324965194,-1.0,-167.45442699508058,-8.614723950907157,-0.15099171097458639,0.014929810840349193,False
2.7029999999998133,-0.31176327840886814,1.1647058823529413,1.5058823529411764,-0.03442409560259293,-1.0,-167.2596055925752,-8.602859487357883,-0.15960059998336654,0.0147745146926449,False
2.703999999999813,-0.31200951684304834,1.1647058823529413,1.5058823529411764,-0.036129977955533917,-1.0,-167.06491084684163,-8.590880848221127,-0.16819739044530477,0.01461061569401796,False
2.704999999999813,-0.3122549854247616,1.1647058823529413,1.5058823529411764,-0.037835860308474904,-1.0,-166.8703860292098,-8.57879815948497,-0.17678228742685143,0.014438125864548025,False
2.705999999999813,-0.3124996835483387,1.1647058823529413,1.5058823529411764,-0.03954174266141589,-1.0,-166.67601557891916,-8.566606323034254,-0.18535495735393626,0.014257057237923311,False
2.706999999999813,-0.3127436106100113,1.1647058823529413,1.5058823529411764,-0.04124762501435688,-1.0,-166.48181313746156,-8.554331070097483,-0.19391542900803163,0.014067422055574747,False
2.707999999999813,-0.3129867660079137,1.1647058823529413,1.5058823529411764,-0.04295350736729787,-1.0,-166.2877714238428,-8.541929573393622,-0.20246358768250622,0.013869232542636943,False
2.7089999999998127,-0.31322914914208405,1.1647058823529413,1.5058823529411764,-0.044659389720238855,-1.0,-166.09390042158162,-8.529477917061914,-0.21099922844007934,0.013662501146283073,False
2.7099999999998126,-0.31347075941446606,1.1647058823529413,1.5058823529411764,-0.04636527207317984,-1.0,-165.9002174490379,-8.51691261202676,-0.21952252188369648,0.013447240266789355,False
2.7109999999998124,-0.3137115962289105,1.1647058823529413,1.5058823529411764,-0.04807115442612083,-1.0,-165.70667948147542,-8.504242914756686,-0.22803296416722257,0.013223462535724748,False
2.7119999999998123,-0.31395165899117616,1.1647058823529413,1.5058823529411764,-0.04977703677906182,-1.0,-165.51343098248586,-8.49147521450242,-0.23653099485538295,0.012991180552868627,False
2.7129999999998122,-0.3141909471089324,1.1647058823529413,1.5058823529411764,-0.051482919132002807,-1.0,-165.32049221674043,-8.478641465640859,-0.24501584475959523,0.012750407144581123,False
2.713999999999812,-0.31442945999175953,1.1647058823529413,1.5058823529411764,-0.053188801484943794,-1.0,-165.12732301725111,-8.465657473738515,-0.25348823642907214,0.012501155102398385,False
2.714999999999812,-0.3146671970511506,1.1647058823529413,1.5058823529411764,-0.05489468383788478,-1.0,-164.93432873134793,-8.452597471274403,-0.2619470887810919,0.012243437450175611,False
2.715999999999812,-0.3149041577005131,1.1647058823529413,1.5058823529411764,-0.05660056619082577,-1.0,-164.74192272109113,-8.43943995740349,-0.2703934105785915,0.011977267201405187,False
2.716999999999812,-0.31514034135517016,1.1647058823529413,1.5058823529411764,-0.05830644854376676,-1.0,-164.5494026971695,-8.4261933822189,-0.2788258984695569,0.011702657555496794,False
2.7179999999998117,-0.31537574743236213,1.1647058823529413,1.5058823529411764,-0.060012330896707745,-1.0,-164.3571487084111,-8.412848454207795,-0.2872457671335364,0.011419621726748071,False
2.7189999999998116,-0.3156103753512479,1.1647058823529413,1.5058823529411764,-0.06171821324964873,-1.0,-164.16551564525213,-8.399421926784193,-0.2956515390698997,0.011128173079994889,False
2.7199999999998115,-0.31584422453290634,1.1647058823529413,1.5058823529411764,-0.06342409560258973,-1.0,-163.97323835052643,-8.385911508544552,-0.304044576325016,0.010828325029987316,False
2.7209999999998113,-0.31607729440033794,1.1529411764705881,1.5058823529411764,-0.06512997795553072,-1.0,-163.78169691959462,-8.372290190265684,-0.3124233036491439,0.010520091093759213,False
2.7219999999998112,-0.3163095843784659,1.1529411764705881,1.5058823529411764,-0.0668358603084717,-1.0,-163.59030913326757,-8.358558373292881,-0.320789095105682,0.010203484906007938,False
2.722999999999811,-0.31654109389413765,1.1529411764705881,1.5058823529411764,-0.06854174266141269,-1.0,-163.3987924107877,-8.344726446750327,-0.32914038136811524,0.009878520168835456,False
2.723999999999811,-0.31677182237612683,1.1529411764705881,1.5058823529411764,-0.07024762501435368,-1.0,-163.20762015119178,-8.330794438094518,-0.33747847695238387,0.009545210755308462,False
2.724999999999811,-0.3170017692551336,1.1529411764705881,1.5058823529411764,-0.07195350736729467,-1.0,-163.0169107505595,-8.316796315064733,-0.34580196271340946,0.009203570533987866,False
2.725999999999811,-0.317230933963787,1.1529411764705881,1.5058823529411764,-0.07365938972023565,-1.0,-162.82597531060406,-8.302722523192573,-0.3541119961527487,0.00885361357401003,False
2.7269999999998107,-0.3174593159366458,1.1529411764705881,1.5058823529411764,-0.07536527207317664,-1.0,-162.63543405002014,-8.288534426100563,-0.3624073899681684,0.008495353877320881,False
2.7279999999998106,-0.31768691461020027,1.1529411764705881,1.5058823529411764,-0.07707115442611763,-1.0,-162.44517725414917,-8.274251651006706,-0.3706889687464182,0.008128805720782903,False
2.7289999999998105,-0.3179137294228732,1.1529411764705881,1.5058823529411764,-0.07877703677905862,-1.0,-162.255244232392,-8.259887496451212,-0.3789559038801326,0.00775398327938718,False
2.7299999999998104,-0.31813975981502174,1.1529411764705881,1.5058823529411764,-0.0804829191319996,-1.0,-162.0653139554473,-8.245412742817575,-0.38720862869758194,0.007370901038556844,False
2.7309999999998102,-0.3183650052289382,1.1529411764705881,1.5058823529411764,-0.0821888014849406,-1.0,-161.87569544827355,-8.230875544199941,-0.39544675827157366,0.006979573339481862,False
2.73199999999981,-0.318589465108852,1.1529411764705881,1.5058823529411764,-0.08389468383788158,-1.0,-161.68636967575432,-8.216224203201767,-0.4036702558055958,0.006580014859584519,False
2.73299999999981,-0.3188131389009307,1.1529411764705881,1.5058823529411764,-0.08565938972023433,-1.0,-161.4970971102403,-8.201483909331863,-0.4118792269929824,0.006172240113238076,False
2.73399999999981,-0.31903602605328146,1.1529411764705881,1.5058823529411764,-0.08742409560258708,-1.0,-161.3084283000616,-8.18666079259146,-0.4200731127151646,0.005756263971088587,False
2.73499999999981,-0.3192581260159522,1.1529411764705881,1.5058823529411764,-0.08918880148493984,-1.0,-161.1196268836121,-8.171728511778477,-0.4282525585357393,0.005332101132428772,False
2.7359999999998097,-0.3194794382409337,1.1529411764705881,1.5058823529411764,-0.09095350736729259,-1.0,-160.9314139908847,-8.156718820022414,-0.4364164640769048,0.004899766648205796,False
2.7369999999998096,-0.3196999621821598,1.1529411764705881,1.5058823529411764,-0.09271821324964534,-1.0,-160.74283639395415,-8.141613556925904,-0.444566007430877,0.004459275412612169,False
2.7379999999998095,-0.3199196972955097,1.1529411764705881,1.5058823529411764,-0.09448291913199809,-1.0,-160.55470041578025,-8.126430019942577,-0.45269959286743205,0.004010642637786666,False
2.7389999999998094,-0.32013864303880873,1.1529411764705881,1.5058823529411764,-0.09624762501435084,-1.0,-160.36673252285055,-8.11114660387908,-0.4608188659555027,0.0035538834129172263,False
2.7399999999998093,-0.32035679887183016,1.1529411764705881,1.5058823529411764,-0.0980123308967036,-1.0,-160.17900507527924,-8.095787746644364,-0.46892180181562587,0.00308901310160595,False
2.740999999999809,-0.3205741642562961,1.1529411764705881,1.5058823529411764,-0.09977703677905635,-1.0,-159.99167653469223,-8.080337586080702,-0.47701042904396246,0.002616046996099258,False
2.741999999999809,-0.3207907386558791,1.1529411764705881,1.5058823529411764,-0.1015417426614091,-1.0,-159.80497611430974,-8.064793035476727,-0.48508240004380615,0.002135000600618335,False
2.742999999999809,-0.32100652153620324,1.1529411764705881,1.5058823529411764,-0.10330644854376185,-1.0,-159.61811486718008,-8.049157841146851,-0.49313998419714633,0.001645889424544039,False
2.743999999999809,-0.32122151236484586,1.1529411764705881,1.5058823529411764,-0.1050711544261146,-1.0,-159.43153215141575,-8.033408803028923,-0.5011806489590563,0.001148729123038914,False
2.7449999999998087,-0.3214357106113384,1.1529411764705881,1.5058823529411764,-0.10683586030846735,-1.0,-159.24520717148502,-8.017647302802661,-0.5092067886113669,0.0006435354268616519,False
2.7459999999998086,-0.32164911574716804,1.1529411764705881,1.5058823529411764,-0.1086005661908201,-1.0,-159.05906904675942,-8.00171501426623,-0.5172158700959094,0.0001303241084366756,False
2.7469999999998085,-0.3218617272457786,1.1529411764705881,1.5058823529411764,-0.11036527207317286,-1.0,-158.87326654283555,-7.9857330275748035,-0.5252101642785287,-0.000390888879478768,False
2.7479999999998084,-0.3220735445825726,1.1529411764705881,1.5058823529411764,-0.11212997795552561,-1.0,-158.68770721867278,-7.989161208033534,-0.5212137267099232,-0.00012928328277088155,False
2.7489999999998083,-0.32228456723491183,1.1529411764705881,1.5058823529411764,-0.11389468383787836,-1.0,-158.50237916169652,-7.990864362677714,-0.5192149745773759,7.702557324982682e-07,False
2.749999999999808,-0.32249479468211867,1.1529411764705881,1.5058823529411764,-0.11565938972023111,-1.0,-158.3173258800718,-7.990015592718253,-0.5202137781180963,-6.419404075901625e-05,False
2.750999999999808,-0.3227042264054779,1.1529411764705881,1.5058823529411764,-0.11742409560258386,-1.0,-158.13254468134917,-7.990440622787478,-0.5197143910919313,-3.1696286608655784e-05,False
2.751999999999808,-0.32291286188823765,1.1529411764705881,1.5058823529411764,-0.11918880148493662,-1.0,-157.94797167853082,-7.990652593637216,-0.5194646865118362,-1.545911378786393e-05,False
2.752999999999808,-0.32312070061561043,1.1529411764705881,1.5058823529411764,-0.12095350736728937,-1.0,-157.76369733033462,-7.9907584293002145,-0.5193398314626881,-7.343453593585836e-06,False
2.7539999999998077,-0.32332774207477494,1.1529411764705881,1.5058823529411764,-0.12271821324964212,-1.0,-157.5798509067736,-7.99081135431873,-0.5192774032495766,-3.2863550693999194e-06,False
2.7549999999998076,-0.32353398575487696,1.1529411764705881,1.5058823529411764,-0.12448291913199487,-1.0,-157.39603028829842,-7.990837870329829,-0.5192461889709671,-1.257988702913221e-06,False
2.7559999999998075,-0.32373943114703063,1.1529411764705881,1.5058823529411764,-0.1262476250143476,-1.0,-157.2125700023008,-7.990851140717194,-0.5192305817885543,-2.43851243636603e-07,False
2.7569999999998074,-0.32394407774432005,1.1529411764705881,1.5058823529411764,-0.12801233089670036,-1.0,-157.02948958025289,-7.990857761109739,-0.5192227781865523,2.632060549153206e-07,False
2.7579999999998073,-0.32414792504179984,1.1529411764705881,1.5058823529411764,-0.1297770367790531,-1.0,-156.84648553548942,-7.990854454873273,-0.5192266799884362,9.678358229932808e-09,False
2.758999999999807,-0.3243509725364972,1.1529411764705881,1.5058823529411764,-0.13154174266140586,-1.0,-156.66384950790456,-7.990852800274897,-0.5192286308886986,-1.1708620455696792e-07,False
2.759999999999807,-0.3245532197274126,1.1529411764705881,1.5058823529411764,-0.13330644854375862,-1.0,-156.48156635002775,-7.99085362762218,-0.5192276554386239,-5.370386362651774e-08,False
2.760999999999807,-0.32475466611552123,1.1529411764705881,1.5058823529411764,-0.13507115442611137,-1.0,-156.29939369051652,-7.990854040899541,-0.5192271677135453,-2.2012737929332762e-08,False
2.761999999999807,-0.3249553112037742,1.1529411764705881,1.5058823529411764,-0.13683586030846412,-1.0,-156.11788194421018,-7.990854244376091,-0.5192269238509938,-6.167186128636932e-09,False
2.7629999999998067,-0.32515515449709953,1.1529411764705881,1.5058823529411764,-0.13860056619081687,-1.0,-155.936308635821,-7.990854201893494,-0.5192269310544406,-6.167046083938033e-09,False
2.7639999999998066,-0.3253541955024039,1.1529411764705881,1.5058823529411764,-0.14036527207316962,-1.0,-155.75509807026438,23.994943543112655,0.5192269310544406,-6.167046083938033e-09,True
2.7649999999998065,-0.3255524337285734,1.1529411764705881,1.5058823529411764,-0.14212997795552237,-1.0,-155.5744771916375,-7.994370110745294,0.5252145482413773,0.000390878459397525,False
2.7659999999998064,-0.3257498686864749,1.1529411764705881,1.5058823529411764,-0.14389468383787513,-1.0,-155.39393807310495,-8.72228830288455,0.5168574103311626,0.0009119144297687371,False
2.7669999999998063,-0.32594649988895724,1.1529411764705881,1.5058823529411764,-0.14565938972022788,-1.0,-155.2134233307605,-9.054944027278635,0.5079675959285486,0.0014243269094637839,False
2.767999999999806,-0.3261423268508524,1.1529411764705881,1.5058823529411764,-0.14742409560258063,-1.0,-155.03321950893545,-9.147914531042945,0.49886735734433246,0.0019277443684771044,False
2.768999999999806,-0.32633734908897705,1.1529411764705881,1.5058823529411764,-0.14918880148493338,-1.0,-154.85363600018042,-9.171786321538812,0.4897063507214643,0.0024220312103433546,False
2.769999999999806,-0.32653156612213297,1.1529411764705881,1.5058823529411764,-0.15095350736728613,-1.0,-154.67392970382832,-9.175663639511898,0.48053373559036827,0.0029071512278352053,False
2.770999999999806,-0.32672497747110896,1.1529411764705881,1.5058823529411764,-0.15271821324963888,-1.0,-154.49473844285274,-9.173736531523724,0.4713579955057399,0.003383097091411415,False
2.7719999999998057,-0.3269175826586819,1.1529411764705881,1.5058823529411764,-0.15448291913199164,-1.0,-154.31588385825546,-9.17005555260481,0.46218706062219245,0.003849869586966341,False
2.7729999999998056,-0.3271093812096176,1.1411764705882352,1.5058823529411764,-0.1562476250143444,-1.0,-154.1373575850025,-9.165792673647786,0.45301827349578944,0.004307472260655168,False
2.7739999999998055,-0.327300372650672,1.1411764705882352,1.5058823529411764,-0.15801233089669714,-1.0,-153.95913415281984,-9.161223898590281,0.44385552471042006,0.0047559091220559565,False
2.7749999999998054,-0.327490556510593,1.1411764705882352,1.5058823529411764,-0.1597770367790499,-1.0,-153.78123933373882,-9.156571212838097,0.4346959855695654,0.005195184890421814,False
2.7759999999998053,-0.32767993232012066,1.1411764705882352,1.5058823529411764,-0.16154174266140264,-1.0,-153.60364650669896,-9.151750024069994,0.4255423474697796,0.00562530401604661,False
2.776999999999805,-0.327868499611989,1.1411764705882352,1.5058823529411764,-0.1633064485437554,-1.0,-153.42640017152434,-9.146816983251137,0.41639266960911203,0.006046271542127018,False
2.777999999999805,-0.328056257920927,1.1411764705882352,1.4941176470588236,-0.16507115442610815,-1.0,-153.2495500666504,-9.141776635279495,0.40724864233614794,0.006458092156218508,False
2.778999999999805,-0.3282432067836597,1.1411764705882352,1.4941176470588236,-0.1668358603084609,-1.0,-153.07282092459744,-9.136606266727947,0.3981093099389005,0.0068607711518334944,False
2.779999999999805,-0.32842934573890936,1.1411764705882352,1.4941176470588236,-0.16860056619081365,-1.0,-152.89649340873362,-9.131333422318972,0.38897536014606326,0.007254313446228244,False
2.7809999999998047,-0.32861467432739655,1.1411764705882352,1.4941176470588236,-0.1703652720731664,-1.0,-152.72050148561635,-9.12593865671866,0.37984682378999696,0.007638724557330114,False
2.7819999999998046,-0.32879919209184144,1.1411764705882352,1.4941176470588236,-0.17212997795551915,-1.0,-152.54480516734415,-9.120445770285832,0.37072342363270205,0.008014009643648793,False
2.7829999999998045,-0.3289828985769649,1.1411764705882352,1.4941176470588236,-0.1738946838378719,-1.0,-152.36945100362894,-9.114805942735353,0.36160610867944076,0.008380174426605175,False
2.7839999999998044,-0.32916579332948925,1.1411764705882352,1.4941176470588236,-0.17565938972022466,-1.0,-152.19443705232004,-9.10907927545489,0.35249376653481185,0.008737224331722184,False
2.7849999999998043,-0.32934787589814,1.1411764705882352,1.4941176470588236,-0.17748291913198916,-1.0,-152.01974461644707,-9.103230591328618,0.3433880914157092,0.009085165273620275,False
2.785999999999804,-0.32952914583364656,1.1411764705882352,1.4941176470588236,-0.17930644854375366,-1.0,-151.84540200981985,-9.097273074714968,0.33428729553908554,0.009424002940673169,False
2.786999999999804,-0.3297096026887432,1.1411764705882352,1.4941176470588236,-0.18112997795551816,-1.0,-151.67090530227887,-9.091210209160652,0.3251936519960165,0.0097537434224716,False
2.787999999999804,-0.32988924601817077,1.1411764705882352,1.4941176470588236,-0.18295350736728266,-1.0,-151.49763312180792,-9.085018568672524,0.31610490203582,0.010074392679762751,False
2.788999999999804,-0.33006807537867705,1.1411764705882352,1.4941176470588236,-0.18477703677904717,-1.0,-151.3242978636235,-9.078737811971845,0.30702368610166536,0.010385956976489884,False
2.7897215728757807,-0.33019660797344336,1.1411764705882352,1.4941176470588236,-0.18654174266139992,-1.0,-151.20869947598254,-9.072318884968983,0.29794748480358807,0.010688442549036156,False
2.7899999999998037,-0.33024609032901847,1.1411764705882352,1.4941176470588236,-0.18830644854375267,-1.0,-157.65075747337863,-9.065812539705222,0.28887909241113935,0.010981855834938417,False
2.7909999999998036,-0.3304232904299607,1.1411764705882352,1.4941176470588236,-0.19007115442610542,-1.0,-168.5794111010219,-9.059175231162245,0.27981593926809434,0.011266203344351227,False
2.7919999999998035,-0.3305996752442803,1.1411764705882352,1.4941176470588236,-0.19183586030845817,-1.0,-171.58486310489724,-9.05243856126609,0.2707607686187579,0.011541491690662015,False
2.7929999999998034,-0.33077524433676514,1.1411764705882352,1.4941176470588236,-0.19360056619081092,-1.0,-172.30867745436697,-9.04558941638912,0.2617111534988307,0.011807727651055406,False
2.7939999999998033,-0.3309499972742159,1.1411764705882352,1.4941176470588236,-0.19536527207316368,-1.0,-172.37626459231265,-9.038618305075836,0.25266960879977773,0.012064918020433999,False
2.794999999999803,-0.3311239336254473,1.1411764705882352,1.4941176470588236,-0.19712997795551643,-1.0,-172.25467775257547,-9.031554458160834,0.24363401443487007,0.012313069836127477,False
2.795999999999803,-0.3312970529612884,1.1411764705882352,1.4941176470588236,-0.19889468383786918,-1.0,-172.07893516602408,-9.024360256979655,0.23460650962514312,0.012552190083304696,False
2.796999999999803,-0.33146935485458473,1.1411764705882352,1.4941176470588236,-0.20065938972022193,-1.0,-171.88821990077275,-9.017081679748443,0.22558539750112191,0.0127822860444481,False
2.797999999999803,-0.3316408388801983,1.1411764705882352,1.4941176470588236,-0.20242409560257468,-1.0,-171.69259252901176,-9.009665663585915,0.21657235219269674,0.013003364902584033,False
2.7989999999998028,-0.33181150461500936,1.1411764705882352,1.4941176470588236,-0.20418880148492743,-1.0,-171.49564129365518,-9.002162309177834,0.20756617523870113,0.013215434176035303,False
2.7999999999998026,-0.3319813516379172,1.1411764705882352,1.4941176470588236,-0.2059535073672802,-1.0,-171.2989132422271,-8.994535088816823,0.1985680255667145,0.013418501259150131,False
2.8009999999998025,-0.33215037952984117,1.1411764705882352,1.4941176470588236,-0.20722687126606287,-1.0,-171.1017146765889,-8.98680360423547,0.18957722057026244,0.013612573892775044,False
2.8019999999998024,-0.33231858787372176,1.1411764705882352,1.5058823529411764,0.0,-1.0,-170.90419132876798,-8.978968255647612,0.1805944109418122,0.013797659691881207,False
2.8029999999998023,-0.33248597625452153,1.1411764705882352,1.5058823529411764,0.0,-1.0,-170.70725000840375,-8.97100993722925,0.1716194016246521,0.013973766608345392,False
2.803999999999802,-0.3326525442592264,1.1411764705882352,1.5058823529411764,-0.00049134198357007,-1.0,-170.51080013873832,-8.9629647577116,0.16265238447209188,0.014140902486408048,False
2.804999999999802,-0.33281829147684633,1.1411764705882352,1.5058823529411764,-0.002256047865922817,-1.0,-170.31398972858094,-8.954785563625183,0.1536935838556122,0.014299075479424059,False
2.805999999999802,-0.3329832174984164,1.1411764705882352,1.5058823529411764,-0.004020753748275564,-1.0,-170.11738812586117,-8.946527246862107,0.14474281550868773,0.01444829366652852,False
2.806999999999802,-0.33314732191699825,1.1411764705882352,1.5058823529411764,-0.0057854596306283115,-1.0,-169.92095505870338,-8.938149102554398,0.13580062019429304,0.014588565391265563,False
2.8079999999998018,-0.33331060432768056,1.1411764705882352,1.5058823529411764,-0.007550165512981059,-1.0,-169.7246398341895,-8.929652343493625,0.12686655349814677,0.014719898968357603,False
2.8089999999998017,-0.33347306432758,1.1411764705882352,1.5058823529411764,-0.009314871395333806,-1.0,-169.52846986585348,-8.921046331637157,0.11794138644191422,0.014842302942952322,False
2.8099999999998015,-0.3336347015158429,1.1411764705882352,1.5058823529411764,-0.011079577277686553,-1.0,-169.3324017048023,-8.912345853134628,0.10902449922616114,0.014955785878940812,False
2.8109999999998014,-0.3337955154936454,1.1411764705882352,1.5058823529411764,-0.0128442831600393,-1.0,-169.13647180493942,-8.903540472416726,0.10011674970197226,0.015060356505800091,False
2.8119999999998013,-0.3339555058641951,1.1411764705882352,1.5058823529411764,-0.014608989042392046,-1.0,-168.9406664265116,-8.894608509028828,0.0912174854749171,0.01515602361923769,False
2.812999999999801,-0.33411467223273156,1.1411764705882352,1.5058823529411764,-0.016373694924744792,-1.0,-168.74500326532717,-8.885620586601105,0.0823275515822909,0.015242796138240061,False
2.813999999999801,-0.33427301420652766,1.1411764705882352,1.5058823529411764,-0.01813840080709754,-1.0,-168.54946495872684,-8.876455923310761,0.07344634656321841,0.015320683085400725,False
2.814999999999801,-0.3344305313948903,1.1411764705882352,1.5058823529411764,-0.01990310668945029,-1.0,-168.35407545855392,-8.867236053598294,0.0645746499188582,0.01538969358271407,False
2.815999999999801,-0.3345872234091615,1.1411764705882352,1.5058823529411764,-0.021726636101214794,-1.0,-168.15885050565643,-8.857894139702006,0.055711955727086995,0.015449836885238233,False
2.8169999999998008,-0.3347430898627193,1.1411764705882352,1.5058823529411764,-0.0235501655129793,-1.0,-167.96369020394496,-8.84843377818113,0.04685889904673848,0.01550112231095393,False
2.8179999999998007,-0.3348981303709786,1.1411764705882352,1.5058823529411764,-0.025373694924743805,-1.0,-167.76876594335494,-8.838881343163516,0.03801515670205565,0.01554355933942789,False
2.8189999999998006,-0.3350523445513925,1.1411764705882352,1.5058823529411764,-0.02719722433650831,-1.0,-167.57396438863262,-8.829222438888605,0.029181167593014985,0.015577157499872025,False
2.8199999999998004,-0.3352057320234528,1.1411764705882352,1.5058823529411764,-0.029020753748272815,-1.0,-167.3793034670217,-8.819457126059339,0.020356785604396088,0.01560192647725002,False
2.8209999999998003,-0.33535829240869114,1.1411764705882352,1.5058823529411764,-0.03084428316003732,-1.0,-167.18479376549794,-8.809571921575344,0.011542295136288136,0.01561787601655935,False
2.8219999999998002,-0.33551002533068,1.1411764705882352,1.5058823529411764,-0.032667812571801826,-1.0,-166.99044915119504,-8.79961013862892,0.0027376949419637272,0.015625016011925424,False
2.8229999999998,-0.33566093041503337,1.1411764705882352,1.5058823529411764,-0.034491341983566334,-1.0,-166.79625465122103,-8.789530275809314,-0.0060568769815463165,0.015623356421036561,False
2.8239999999998,-0.335811007289408,1.1411764705882352,1.5058823529411764,-0.036314871395330836,-1.0,-166.60222977611468,-8.779347351004393,-0.014841307808373283,0.01561290732805593,False
2.8249999999998,-0.3359602555835041,1.1411764705882352,1.5058823529411764,-0.03813840080709534,-1.0,-166.40835855392515,-8.769063295201637,-0.023615522328064582,0.015593678914658612,False
2.8259999999998,-0.3361086749290665,1.1411764705882352,1.5058823529411764,-0.03996193021885984,-1.0,-166.21466226426924,-8.758672594766523,-0.03237938518585474,0.015565681459179536,False
2.8269999999997997,-0.336256264959885,1.1411764705882352,1.5058823529411764,-0.04178545963062434,-1.0,-166.021123819323,-8.748186357185112,-0.04113281019379982,0.015528925364796,False
2.8279999999997996,-0.336403025311796,1.1411764705882352,1.5058823529411764,-0.04360898904238884,-1.0,-165.82776754932434,-8.737595057478707,-0.049875720224954165,0.015483421096774213,False
2.8289999999997995,-0.33654895562268283,1.1411764705882352,1.5058823529411764,-0.045432518454153345,-1.0,-165.63459571516373,-8.726908082242929,-0.05860793249040727,0.015429179275185279,False
2.8299999999997993,-0.33669405553247694,1.1411764705882352,1.5058823529411764,-0.04725604786591785,-1.0,-165.4416578168417,-8.716113476833915,-0.06732950710738363,0.015366210551798883,False
2.8309999999997992,-0.33683832468315894,1.1411764705882352,1.5058823529411764,-0.04907957727768235,-1.0,-165.2487145330444,-8.705205417604882,-0.07604007404626491,0.015294525767030767,False
2.831999999999799,-0.3369817627187588,1.1411764705882352,1.5058823529411764,-0.05090310668944685,-1.0,-165.05631064382555,-8.694194613006319,-0.08473989839367073,0.015214135776998917,False
2.832999999999799,-0.33712436928535755,1.1411764705882352,1.5058823529411764,-0.05272663610121135,-1.0,-164.86377061102237,-8.683081160549586,-0.09342837753402497,0.015125051645256595,False
2.833999999999799,-0.3372661440310876,1.1411764705882352,1.5058823529411764,-0.054550165512975854,-1.0,-164.6714710780349,-8.67187419382923,-0.10210604960896616,0.015027284428377705,False
2.834999999999799,-0.337407086606134,1.1411764705882352,1.5058823529411764,-0.056373694924740356,-1.0,-164.47913334231646,-8.66055786913708,-0.11077203495566076,0.014920845391961715,False
2.8359999999997987,-0.3375471966627348,1.1411764705882352,1.5058823529411764,-0.05819722433650486,-1.0,-164.2874224917783,-8.649184192408573,-0.11942717193134716,0.014805745786552466,False
2.8369999999997986,-0.33768647385518236,1.1411764705882352,1.5058823529411764,-0.06002075374826936,-1.0,-164.0955314755827,-8.637662383473744,-0.1280702955540145,0.014681997057489684,False
2.8379999999997985,-0.33782491783982416,1.1411764705882352,1.5058823529411764,-0.06184428316003386,-1.0,-163.90421073991862,-8.626067112523724,-0.13670249024342196,0.014549610664832412,False
2.8389999999997984,-0.33796252827506335,1.1411764705882352,1.5058823529411764,-0.06366781257179836,-1.0,-163.7128280800033,-8.614351985966675,-0.1453223433014796,0.014408598250745839,False
2.8399999999997982,-0.33809930482135986,1.1411764705882352,1.5058823529411764,-0.06549134198356286,-1.0,-163.5217010146598,-8.6025463014051,-0.1539311696966328,0.014258971497496229,False
2.840999999999798,-0.33823524714123115,1.1294117647058823,1.5058823529411764,-0.06731487139532737,-1.0,-163.33129092630057,-8.590642875656606,-0.1625273719686053,0.014100742226665514,False
2.841999999999798,-0.33837035489925316,1.1294117647058823,1.5058823529411764,-0.06913840080709187,-1.0,-163.1404093366261,-8.578632261633727,-0.17111240910146666,0.01393392234302262,False
2.842999999999798,-0.33850462776206086,1.1294117647058823,1.5058823529411764,-0.07096193021885637,-1.0,-162.94899398499248,-8.566538034840555,-0.17968459463941164,0.013758523837997994,False
2.843999999999798,-0.33863806539834934,1.1294117647058823,1.5058823529411764,-0.07278545963062087,-1.0,-162.7591012613754,-8.554323017061675,-0.18824541553033064,0.01357455884382083,False
2.8449999999997977,-0.33877066747887435,1.1294117647058823,1.5058823529411764,-0.07460898904238537,-1.0,-162.5690033974793,-8.542036759818698,-0.19679322231306728,0.013382039518427622,False
2.8459999999997976,-0.3389024336764537,1.1294117647058823,1.5058823529411764,-0.07643251845414988,-1.0,-162.37897509369907,-8.529624294372963,-0.2053293986732157,0.013180978222892237,False
2.8469999999997975,-0.33903336366596715,1.1294117647058823,1.5058823529411764,-0.07825604786591438,-1.0,-162.18924931837591,-8.517137072438024,-0.21385246876286726,0.012971387279597119,False
2.8479999999997974,-0.3391634571243581,1.1294117647058823,1.5058823529411764,-0.08007957727767888,-1.0,-161.99977479514015,-8.504547727684661,-0.22236357666092157,0.012753279275545766,False
2.8489999999997973,-0.33929271373063385,1.1294117647058823,1.5058823529411764,-0.08190310668944338,-1.0,-161.8105196161452,-8.4918522501421,-0.23086156324412258,0.012526666693509146,False
2.849999999999797,-0.3394211331658666,1.1294117647058823,1.5058823529411764,-0.08372663610120788,-1.0,-161.62145342929966,-8.47907048725252,-0.23934717712589115,0.01229156234496309,False
2.850999999999797,-0.33954871511319407,1.1294117647058823,1.5058823529411764,-0.08555016551297238,-1.0,-161.4326470661281,-8.466182745846007,-0.2478197172640427,0.012047978884131571,False
2.851999999999797,-0.3396754592578205,1.1294117647058823,1.5058823529411764,-0.08737369492473689,-1.0,-161.2440409407454,-8.453208773966901,-0.25627942652815516,0.011795929335806428,False
2.852999999999797,-0.3398013652870173,1.1294117647058823,1.5058823529411764,-0.08919722433650139,-1.0,-161.05531238037574,-8.440119416861702,-0.26472615262058186,0.011535426532287278,False
2.8539999999997967,-0.33992643289012403,1.1294117647058823,1.5058823529411764,-0.09102075374826589,-1.0,-160.86765137676792,-8.426960419679107,-0.27315955059711494,0.011266483704899362,False
2.8549999999997966,-0.3400506617585487,1.1294117647058823,1.5058823529411764,-0.09290310668944216,-1.0,-160.67974728370768,-8.413678926380246,-0.28158009149778773,0.010989113871040158,False
2.8559999999997965,-0.3401740515857689,1.1294117647058823,1.5058823529411764,-0.09478545963061842,-1.0,-160.4919563290768,-8.40033169502268,-0.28998679478654105,0.010703330451344565,False
2.8569999999997964,-0.34029660206733253,1.1294117647058823,1.5058823529411764,-0.09666781257179469,-1.0,-160.30475608245175,-8.38687109040422,-0.2983807748010734,0.010409146656407367,False
2.8579999999997963,-0.3404183129008584,1.1294117647058823,1.5058823529411764,-0.09855016551297095,-1.0,-160.1174986862358,-8.373309543441776,-0.30676041155101574,0.010106576084432687,False
2.858999999999796,-0.3405391837860372,1.1294117647058823,1.5058823529411764,-0.10043251845414722,-1.0,-159.93054823150305,-8.359688734236109,-0.3151274313430314,0.009795632157040749,False
2.859999999999796,-0.34065921442463204,1.1294117647058823,1.5058823529411764,-0.10231487139532348,-1.0,-159.74428366787325,-8.34593733818686,-0.3234796614483027,0.00947632862818981,False
2.860999999999796,-0.34077840452047914,1.1294117647058823,1.5058823529411764,-0.10419722433649975,-1.0,-159.55724666015468,-8.33210672367156,-0.33181931726690334,0.009148679138509475,False
2.861999999999796,-0.34089675377948897,1.1294117647058823,1.5058823529411764,-0.10607957727767602,-1.0,-159.37096839328342,-8.318156360512626,-0.34014377185442796,0.00881269760660093,False
2.8629999999997957,-0.34101426190964634,1.1294117647058823,1.5058823529411764,-0.10796193021885228,-1.0,-159.18497845435692,-8.30415281839139,-0.34845563196212354,0.008468397911187893,False
2.8639999999997956,-0.3411309286210117,1.1294117647058823,1.5058823529411764,-0.10984428316002855,-1.0,-158.99924035325614,-8.290019518935944,-0.35675199406436275,0.00811579410499731,False
2.8649999999997955,-0.3412467536257214,1.1294117647058823,1.5058823529411764,-0.11172663610120481,-1.0,-158.81377189993057,-8.275809774450268,-0.36503563423731034,0.007754900304988702,False
2.8659999999997954,-0.34136173663798897,1.1294117647058823,1.5058823529411764,-0.11360898904238108,-1.0,-158.62855635058418,-8.261514368619952,-0.3733035808070532,0.007385730697951608,False
2.8669999999997953,-0.3414758773741051,1.1294117647058823,1.5058823529411764,-0.11549134198355734,-1.0,-158.44359110255118,-8.24711343842746,-0.38155858160745,0.00700829963886965,False
2.867999999999795,-0.341589175552439,1.1294117647058823,1.5058823529411764,-0.11737369492473361,-1.0,-158.25889329603672,-8.23264063112796,-0.38979781216631776,0.006622621436168501,False
2.868999999999795,-0.3417016308934386,1.1294117647058823,1.5058823529411764,-0.11925604786590988,-1.0,-158.07446096383734,-8.218053227491724,-0.3980237462843441,0.006228710686810745,False
2.869999999999795,-0.34181324311963146,1.1294117647058823,1.5058823529411764,-0.12113840080708614,-1.0,-157.89027548817103,-8.203396530953368,-0.4062339541014317,0.005826581825152732,False
2.870999999999795,-0.3419240119556256,1.1294117647058823,1.5058823529411764,-0.12302075374826241,-1.0,-157.70637466228212,-8.188632479472634,-0.4144303976895379,0.0054162496860241625,False
2.8719999999997947,-0.3420339371281099,1.1294117647058823,1.5058823529411764,-0.12490310668943867,-1.0,-157.5227337357129,-8.17379238367655,-0.42261127757427414,0.004997728832514888,False
2.8729999999997946,-0.342143018365855,1.1294117647058823,1.5058823529411764,-0.12678545963061494,-1.0,-157.3393815785838,-8.158850776350649,-0.43077781956586736,0.0045710343262125195,False
2.8739999999997945,-0.3422512553997136,1.1294117647058823,1.5058823529411764,-0.1286678125717912,-1.0,-157.15626059068705,-8.143814530642683,-0.43892904906927965,0.0041361808733413035,False
2.8749999999997944,-0.3423586479626218,1.1294117647058823,1.5058823529411764,-0.13055016551296744,-1.0,-156.9731507437175,-8.128707086592666,-0.4470652834441295,0.0036931837530175776,False
2.8759999999997943,-0.34246519578959894,1.1294117647058823,1.5058823529411764,-0.1324325184541437,-1.0,-156.79071706998118,-8.113485157015909,-0.45518653638177675,0.003242057823975616,False
2.876999999999794,-0.342570898617749,1.1294117647058823,1.5058823529411764,-0.13431487139531995,-1.0,-156.6089018614342,-8.098201629274826,-0.46329208424821244,0.0027828185611435364,False
2.877999999999794,-0.3426757561862606,1.1294117647058823,1.5058823529411764,-0.1361972243364962,-1.0,-156.42670704721496,-8.082805262513492,-0.4713830178016199,0.0023154809927313502,False
2.878999999999794,-0.34277976823640827,1.1294117647058823,1.5058823529411764,-0.13807957727767245,-1.0,-156.24494991070534,-8.067340217037364,-0.47945752193433716,0.0018400607696491438,False
2.879999999999794,-0.3428829345115525,1.1294117647058823,1.5058823529411764,-0.1399619302188487,-1.0,-156.06350782984336,-8.051776260091836,-0.48751777792776707,0.0013565731064573436,False
2.8809999999997937,-0.34298525475714087,1.1294117647058823,1.5058823529411764,-0.14184428316002495,-1.0,-155.88239548304173,-8.03610058058729,-0.4955608900887172,0.0008650338162843411,False
2.8819999999997936,-0.3430867287207083,1.1294117647058823,1.5058823529411764,-0.1437266361012012,-1.0,-155.70149876336325,-8.020392326820788,-0.5035900767195328,0.0003654583260669938,False
2.8829999999997935,-0.3431873561518778,1.1294117647058823,1.5058823529411764,-0.14560898904237746,-1.0,-155.52097799667263,-8.004558154672363,-0.5116015029492095,-0.0001421374250157867,False
2.8839999999997934,-0.3432871368023612,1.1294117647058823,1.5058823529411764,-0.1474913419835537,-1.0,-155.3407383975342,-8.007897102062778,-0.5075968765707319,0.00011266159736659698,False
2.8849999999997933,-0.3433860704259598,1.1294117647058823,1.5058823529411764,-0.14937369492472996,-1.0,-155.1607655556334,-8.006238426730123,-0.5095987229158135,-1.448785097459863e-05,False
2.885999999999793,-0.3434841567785646,1.1294117647058823,1.5058823529411764,-0.1512560478659062,-1.0,-154.98110708583684,-8.007067399861779,-0.508597833503971,4.914942894709121e-05,False
2.886999999999793,-0.34358139561815726,1.1294117647058823,1.5058823529411764,-0.15313840080708246,-1.0,-154.80172480083112,-8.0066549355649,-0.50909826068438,1.7346426240027794e-05,False
2.887999999999793,-0.3436777867048107,1.1294117647058823,1.5058823529411764,-0.15502075374825872,-1.0,-154.6226480835832,-8.006447578167458,-0.5093484628082002,1.4331963968785764e-06,False
2.888999999999793,-0.3437733298006894,1.1294117647058823,1.5058823529411764,-0.15690310668943497,-1.0,-154.44387899520567,-8.006345781989674,-0.5094735617438533,-6.526350538092857e-06,False
2.8899999999997927,-0.34386802467005034,1.1294117647058823,1.5058823529411764,-0.15878545963061122,-1.0,-154.26541568479794,-8.006396893463856,-0.5094110124515921,-2.5463327396198476e-06,False
2.8909999999997926,-0.34396187107924336,1.1294117647058823,1.5058823529411764,-0.16066781257178747,-1.0,-154.08725288213958,-8.006422114713965,-0.5093797376731336,-5.565070883633395e-07,False
2.8919999999997925,-0.34405486879671165,1.1294117647058823,1.5058823529411764,-0.16255016551296372,-1.0,-153.909429335853,-8.006434706951621,-0.5093641002514591,4.3835992504138053e-07,False
2.8929999999997924,-0.3441470175929927,1.1294117647058823,1.4941176470588236,-0.16443251845413998,-1.0,-153.73197129810683,-8.00642841815764,-0.5093719189650162,-5.906976386637879e-08,False
2.8939999999997923,-0.34423831724071857,1.1294117647058823,1.4941176470588236,-0.16631487139531623,-1.0,-153.55507943872655,-8.006431542232033,-0.5093680096088911,1.8964603512496835e-07,False
2.894999999999792,-0.3443287675146163,1.1294117647058823,1.4941176470588236,-0.16819722433649248,-1.0,-153.37784504352814,-8.00642997421313,-0.5093699642871138,6.528837423516396e-08,False
2.895999999999792,-0.3444183681915089,1.1294117647058823,1.4941176470588236,-0.17007957727766873,-1.0,-153.2011797549406,-8.006429194191899,-0.5093709416261011,3.1093648356701253e-09,False
2.896999999999792,-0.34450711905031556,1.1294117647058823,1.4941176470588236,-0.17196193021884498,-1.0,-153.02487790614077,-8.006428806059223,-0.5093714302955628,-2.7980184489617266e-08,False
2.897999999999792,-0.3445950198720525,1.1294117647058823,1.4941176470588236,-0.17384428316002123,-1.0,-152.84892770699696,-8.006429009462202,-0.5093711859608365,-1.2435406211856578e-08,False
2.8989999999997917,-0.344682070439833,1.1294117647058823,1.4941176470588236,-0.1757266361011975,-1.0,-152.67328929840505,-8.006429109014135,-0.5093710637934715,-4.663019869141273e-09,False
2.8999999999997916,-0.34476827053886855,1.1294117647058823,1.4941176470588236,-0.17760898904237374,-1.0,-152.49799477146038,-8.006420723879739,-0.5093717794850079,-4.554208768369378e-09,False
2.9009999999997915,-0.34485361995646896,1.1294117647058823,1.4941176470588236,-0.17949134198355,-1.0,-152.323028281997,24.044503563175553,0.5093717794850079,-4.554208768369378e-09,True
2.9019999999997914,-0.344938118482043,1.1294117647058823,1.4941176470588236,-0.18137369492472624,-1.0,-152.14838011808925,-8.002168793564778,0.5116051297656818,0.00014212927390683253,False
2.9029999999997913,-0.345021765907099,1.1294117647058823,1.4941176470588236,-0.1832560478659025,-1.0,-151.97388267271185,-8.349670212361618,0.5034289441861177,0.0006496463194749247,False
2.903999999999791,-0.3451045620252452,1.1294117647058823,1.4941176470588236,-0.18513840080707875,-1.0,-151.80012570223374,-8.93442625132798,0.4947870552356401,0.0011487542752138223,False
2.904999999999791,-0.34518650663219047,1.1294117647058823,1.4941176470588236,-0.187020753748255,-1.0,-151.62639791644352,-9.099878946825866,0.48576985416048407,0.0016390327394559822,False
2.9054824981687366,-0.3452257401509665,1.1294117647058823,1.4941176470588236,-0.18890310668943125,-1.0,-151.5568691838186,-9.144471471400669,0.4766476276152036,0.0021202414390151967,False
2.905999999999791,-0.3452675995257446,1.1294117647058823,1.4941176470588236,-0.19072663610119575,-1.0,-161.68973306196656,-9.154244405362528,0.46749842092744076,0.0025923144719874384,False
2.906999999999791,-0.3453478405058189,1.1294117647058823,1.4941176470588236,-0.19255016551296025,-1.0,-169.52200350008968,-9.153873291752351,0.4583441248167676,0.0030552357077644585,False
2.9079999999997908,-0.3454272293744268,1.1294117647058823,1.4941176470588236,-0.19437369492472475,-1.0,-171.63647774296794,-9.150525375404541,0.44919224554035697,0.0035090038992140254,False
2.9089999999997906,-0.34550576593568416,1.1294117647058823,1.4941176470588236,-0.19619722433648926,-1.0,-172.10407923507083,-9.146264974098239,0.44004346344455136,0.003953621722125991,False
2.9099999999997905,-0.34558344999580975,1.1294117647058823,1.4941176470588236,-0.19802075374825376,-1.0,-172.0978773599418,-9.141617598634786,0.43089997019271337,0.0043890934415277555,False
2.9109999999997904,-0.3456602813631259,1.1294117647058823,1.4941176470588236,-0.19984428316001826,-1.0,-171.9554384003996,-9.136793392098602,0.42176027266088956,0.004815423537800191,False
2.9119999999997903,-0.34573625984805884,1.1294117647058823,1.4941176470588236,-0.20166781257178276,-1.0,-171.7743802178465,-9.131844003245087,0.41262648266588803,0.005232616913516033,False
2.91299999999979,-0.3458113852631392,1.1294117647058823,1.4941176470588236,-0.20349134198354726,-1.0,-171.58099918811695,-9.12676692241263,0.40349662914085105,0.005640678451151457,False
2.91399999999979,-0.34588565742300265,1.1294117647058823,1.4941176470588236,-0.20531487139531177,-1.0,-171.38579985028304,-9.121537673386129,0.3943730363922093,0.00603961327707415,False
2.91499999999979,-0.3459590761443898,1.1294117647058823,1.4941176470588236,-0.20713840080707627,-1.0,-171.18860292573072,-9.11622856217424,0.3852535987148732,0.006429426583220245,False
2.91599999999979,-0.3460316412461473,1.1294117647058823,1.4941176470588236,-0.20896193021884077,-1.0,-170.99220223056523,-9.11082373513126,0.37614061476874355,0.006810123678347398,False
2.9169999999997898,-0.34610335254922814,1.1294117647058823,1.4941176470588236,-0.21078545963060527,-1.0,-170.79616070564666,-9.105274052358123,0.3670320507410491,0.007181710006069149,False
2.9179999999997897,-0.3461742098766916,1.1294117647058823,1.5058823529411764,-0.21260898904236977,-1.0,-170.59932630790956,-9.099630681316022,0.3579300804752668,0.007544191055855748,False
2.9189999999997895,-0.3462442130537044,1.1294117647058823,1.5058823529411764,-0.21348883864456455,-1.0,-170.4028530275093,-9.093856686035668,0.34883289992997374,0.007897572546531085,False
2.9199999999997894,-0.3463133619075406,1.1294117647058823,1.5058823529411764,0.0,-1.0,-170.20593089742016,-9.0879949744432,0.33974236180552375,0.008241860158265451,False
2.9209999999997893,-0.34638165626758227,1.1294117647058823,1.5058823529411764,0.0,-1.0,-170.0101920062887,-9.081996925259013,0.33065703653263345,0.008577059862276866,False
2.921999999999789,-0.34644909596531986,1.1294117647058823,1.5058823529411764,-0.0009436798095697295,-1.0,-169.81397038742514,-9.075908779571321,0.3215783531116479,0.008903177535754427,False
2.922999999999789,-0.3465156808343527,1.1294117647058823,1.5058823529411764,-0.002767209221334235,-1.0,-169.6178620944816,-9.069691460833466,0.3125053495104557,0.009220219395001242,False
2.923999999999789,-0.3465814107103891,1.1294117647058823,1.5058823529411764,-0.0045907386330987406,-1.0,-169.4219370382556,-9.063372594302125,0.303438956012917,0.009528191525397552,False
2.924999999999789,-0.34664628543124726,1.1294117647058823,1.5058823529411764,-0.006414268044863246,-1.0,-169.22612322318676,-9.056940008485958,0.2943787290849237,0.009827100377673051,False
2.9259999999997888,-0.3467103048368552,1.1294117647058823,1.5058823529411764,-0.008237797456627751,-1.0,-169.03043800984997,-9.050389650966036,0.285325070370222,0.010116952255195927,False
2.9269999999997887,-0.34677346876925147,1.1294117647058823,1.5058823529411764,-0.010061326868392256,-1.0,-168.834910904558,-9.043739910016605,0.276278064081223,0.010397753832695053,False
2.9279999999997885,-0.3468357770725852,1.1294117647058823,1.5058823529411764,-0.011884856280156762,-1.0,-168.6395058580004,-9.036964184811918,0.2672375944282325,0.010669511640997258,False
2.9289999999997884,-0.34689722959311703,1.1294117647058823,1.5058823529411764,-0.013708385691921267,-1.0,-168.4442385213239,-9.030089212005358,0.25820424208061443,0.010932232568953785,False
2.9299999999997883,-0.34695782617921883,1.1294117647058823,1.5058823529411764,-0.015531915103685772,-1.0,-168.24910807963067,-9.023093806421796,0.24917742663863893,0.011185923384549655,False
2.930999999999788,-0.34701756668137457,1.1294117647058823,1.5058823529411764,-0.017355444515450277,-1.0,-168.05415573779575,-9.015994978970472,0.24015815145265354,0.011430591181797308,False
2.931999999999788,-0.34707645095218054,1.1294117647058823,1.5058823529411764,-0.019178973927214783,-1.0,-167.8594353379595,-9.008783625466053,0.23114545596172892,0.011666242969655481,False
2.932999999999788,-0.34713447884634563,1.1294117647058823,1.5058823529411764,-0.021002503338979288,-1.0,-167.66464820160434,-9.001455765678797,0.22214067382712316,0.011892886040570235,False
2.933999999999788,-0.3471916502206918,1.1294117647058823,1.5058823529411764,-0.02288485628015555,-1.0,-167.47009341730583,-8.994033198809975,0.21314256919663221,0.012110527649612481,False
2.934999999999788,-0.34724796493415433,1.1294117647058823,1.5058823529411764,-0.024767209221331812,-1.0,-167.2757110646839,-8.986480808812747,0.2041526887244178,0.012319175282018537,False
2.9359999999997877,-0.3473034228477823,1.1294117647058823,1.5058823529411764,-0.026649562162508075,-1.0,-167.0814463590466,-8.978844274114522,0.19516964185807953,0.012518836438387927,False
2.9369999999997876,-0.3473580238247388,1.1294117647058823,1.5058823529411764,-0.028531915103684337,-1.0,-166.88736856215203,-8.971074143008678,0.18619506868617552,0.01270951879444203,False
2.9379999999997874,-0.34741176773030136,1.1294117647058823,1.5058823529411764,-0.0304142680448606,-1.0,-166.69344677761833,-8.963218258964575,0.17722754246874436,0.012891230094516743,False
2.9389999999997873,-0.34746465443186225,1.1294117647058823,1.5058823529411764,-0.03229662098603686,-1.0,-166.49971865846982,-8.95523695227047,0.16826868355402086,0.013063978205846384,False
2.9399999999997872,-0.3475166837989288,1.1294117647058823,1.5058823529411764,-0.03417897392721313,-1.0,-166.30624174896698,-8.947157390779381,0.15931713533840072,0.013227771112821083,False
2.940999999999787,-0.3475678557031236,1.1294117647058823,1.5058823529411764,-0.03606132686838939,-1.0,-166.11272108863528,-8.938969237274867,0.15037440140729127,0.01338261687748588,False
2.941999999999787,-0.34761817001818524,1.1294117647058823,1.5058823529411764,-0.03794367980956566,-1.0,-165.91945602423843,-8.93066925713034,0.1414392789677733,0.013528523717653063,False
2.942999999999787,-0.34766762661996803,1.1294117647058823,1.5058823529411764,-0.039826032750741924,-1.0,-165.7264467170205,-8.922264586427447,0.13251308664373537,0.013665499895320345,False
2.943999999999787,-0.34771622538644276,1.1294117647058823,1.5058823529411764,-0.04170838569191819,-1.0,-165.5334149892312,-8.913754088415475,0.12359483385967279,0.013793553857312268,False
2.9449999999997867,-0.3477639661976968,1.1294117647058823,1.5058823529411764,-0.043590738633094456,-1.0,-165.3409676469121,-8.905136402543548,0.11468560022642862,0.013912694068453725,False
2.9459999999997866,-0.3478108489359344,1.1294117647058823,1.5058823529411764,-0.04547309157427072,-1.0,-165.14832320237645,-8.896399151699871,0.10578465327469237,0.014022929197988516,False
2.9469999999997865,-0.3478568734854771,1.1294117647058823,1.5058823529411764,-0.04735544451544699,-1.0,-164.95619759597713,-8.887552421205891,0.09689282518563558,0.01412426793121404,False
2.9479999999997863,-0.34790203973276396,1.1294117647058823,1.5058823529411764,-0.04923779745662325,-1.0,-164.76367850838167,-8.878619860033371,0.0880096216711081,0.014216719157803032,False
2.9489999999997862,-0.3479463475663517,1.1294117647058823,1.5058823529411764,-0.05112015039779952,-1.0,-164.57157423968883,-8.86955550760943,0.07913562340982835,0.014300291774822858,False
2.949999999999786,-0.3479897968769151,1.1294117647058823,1.5058823529411764,-0.053002503338975784,-1.0,-164.37973010269843,-8.860419178877022,0.07027057202019699,0.014374994875515489,False
2.950999999999786,-0.34803238755724736,1.1294117647058823,1.5058823529411764,-0.05488485628015205,-1.0,-164.18809221757053,-8.85114396682979,0.061414832544837254,0.014440837573222268,False
2.951999999999786,-0.34807411950226025,1.1294117647058823,1.5058823529411764,-0.056767209221328316,-1.0,-163.9966616289702,-8.841790778042009,0.05256834146696291,0.014497829162615928,False
2.952999999999786,-0.34811499260898426,1.1294117647058823,1.5058823529411764,-0.05864956216250458,-1.0,-163.80540769715864,-8.832335931458795,0.04373128745873809,0.014545978973742447,False
2.9539999999997857,-0.34815500677656913,1.1294117647058823,1.5058823529411764,-0.06053191510368085,-1.0,-163.6143542267575,-8.822763019876012,0.03490373897180341,0.014585296488534901,False
2.9549999999997856,-0.34819416190628383,1.1294117647058823,1.5058823529411764,-0.06241426804485711,-1.0,-163.42349585241035,-8.813030071721512,0.026085835236144165,0.014615791273645193,False
2.9559999999997855,-0.34823245790151697,1.1294117647058823,1.5058823529411764,-0.06429662098603338,-1.0,-163.23284456378616,-8.803271838612977,0.01727769373319153,0.014637473038879576,False
2.9569999999997854,-0.348269894667777,1.1294117647058823,1.5058823529411764,-0.06617897392720964,-1.0,-163.0423860392374,-8.793386011488241,0.008479356812791468,0.014650351563406263,False
2.9579999999997852,-0.34830647211269244,1.1294117647058823,1.5058823529411764,-0.06806132686838591,-1.0,-162.85214384708817,-8.783381868357766,-0.0003090239076539864,0.014654436729963563,False
2.958999999999785,-0.3483421901460121,1.1294117647058823,1.5058823529411764,-0.06994367980956218,-1.0,-162.66213055120093,-8.773290524688226,-0.009087355714374842,0.01464973854037571,False
2.959999999999785,-0.3483770486796052,1.1294117647058823,1.5058823529411764,-0.07182603275073844,-1.0,-162.47238053439008,-8.763080644521718,-0.01785555553975416,0.014636267084561047,False
2.960999999999785,-0.34841104762746183,1.1294117647058823,1.5058823529411764,-0.07370838569191471,-1.0,-162.28266523549604,-8.75278332506373,-0.02661346185023644,0.014614032576639445,False
2.961999999999785,-0.34844418690569295,1.1294117647058823,1.5058823529411764,-0.07559073863309097,-1.0,-162.0935130153501,-8.742366706740425,-0.03536107481273169,0.014583045308298915,False
2.9629999999997847,-0.3484764664325307,1.1294117647058823,1.5058823529411764,-0.07747309157426724,-1.0,-161.90427253264858,-8.731857230835493,-0.04409813644247137,0.014543315703495848,False
2.9639999999997846,-0.3485078861283286,1.1294117647058823,1.5058823529411764,-0.0793554445154435,-1.0,-161.71532199282805,-8.721242690990952,-0.052824748413705644,0.014494854261758866,False
2.9649999999997845,-0.3485384459155616,1.1294117647058823,1.5058823529411764,-0.08123779745661977,-1.0,-161.52704771312122,-8.710500289089065,-0.06154054760077225,0.014437671614118274,False
2.9659999999997844,-0.3485681457188265,1.1294117647058823,1.5058823529411764,-0.08312015039779604,-1.0,-161.33786977811783,-8.6997156494768,-0.0702457359057461,0.014371778474257406,False
2.9669999999997843,-0.34859698546484197,1.1294117647058823,1.5058823529411764,-0.0850025033389723,-1.0,-161.1495650340818,-8.688783533314368,-0.07893989986994615,0.014297185655827783,False
2.967999999999784,-0.3486249650824488,1.1294117647058823,1.5058823529411764,-0.08688485628014857,-1.0,-160.96122394511042,-8.677769179648578,-0.08762326353045101,0.014213904077637916,False
2.968999999999784,-0.34865208450261004,1.1294117647058823,1.5058823529411764,-0.08876720922132483,-1.0,-160.77392727748952,-8.666647680934947,-0.09629538679470921,0.014121944750693255,False
2.969999999999784,-0.3486783436584113,1.1294117647058823,1.5058823529411764,-0.0906495621625011,-1.0,-160.5861480135923,-8.65543302510662,-0.10495650552834467,0.014021318809938595,False
2.970999999999784,-0.34870374248506064,1.1294117647058823,1.5058823529411764,-0.09253191510367736,-1.0,-160.39872864964138,-8.644104229207892,-0.11360620703565415,0.013912037450469303,False
2.9719999999997837,-0.348728280919889,1.1294117647058823,1.5058823529411764,-0.09441426804485363,-1.0,-160.21157513426877,-8.632708564792992,-0.1222446640472159,0.013794112022328098,False
2.9729999999997836,-0.3487519589023503,1.1294117647058823,1.5058823529411764,-0.0962966209860299,-1.0,-160.02467451408512,-8.621156939000088,-0.13087156731673869,0.01366755390209146,False
2.9739999999997835,-0.3487747763740214,1.1294117647058823,1.5058823529411764,-0.09817897392720616,-1.0,-159.8380290464414,-8.609526012300737,-0.1394869118215611,0.013532374671799163,False
2.9749999999997834,-0.3487967332786025,1.1294117647058823,1.5058823529411764,-0.10006132686838243,-1.0,-159.6516221137834,-8.597809082828503,-0.14809060699422497,0.013388585906734671,False
2.9759999999997833,-0.34881782956191704,1.1294117647058823,1.5058823529411764,-0.1019436798095587,-1.0,-159.46545493425563,-8.585976260273412,-0.1566824365550145,0.013236199395768956,False
2.976999999999783,-0.3488380651719121,1.1294117647058823,1.5058823529411764,-0.10382603275073496,-1.0,-159.27954342916232,-8.574060943991404,-0.1652625569252757,0.01307522689276968,False
2.977999999999783,-0.3488574400586584,1.1294117647058823,1.5058823529411764,-0.10570838569191122,-1.0,-159.0938826850581,-8.562032370380198,-0.173830459375815,0.012905680396395393,False
2.978999999999783,-0.34887595417435013,1.1294117647058823,1.5058823529411764,-0.10759073863308749,-1.0,-158.9084579136199,-8.549912948670233,-0.18238662025918598,0.012727571850426861,False
2.979999999999783,-0.3488936074733057,1.1294117647058823,1.5058823529411764,-0.10947309157426376,-1.0,-158.72332154491974,-8.53769446042201,-0.19093018948210042,0.01254091345755129,False
2.9809999999997827,-0.3489103999119674,1.1294117647058823,1.5058823529411764,-0.11135544451544002,-1.0,-158.5385278507304,-8.525371255978843,-0.19946200261611155,0.012345717356325807,False
2.9819999999997826,-0.3489263314489014,1.1294117647058823,1.5058823529411764,-0.11323779745661629,-1.0,-158.35379003704483,-8.512964369665777,-0.20798084400416447,0.01214199594436496,False
2.9829999999997825,-0.34894140204479834,1.1294117647058823,1.5058823529411764,-0.11512015039779255,-1.0,-158.169393031353,-8.500440718956233,-0.2164879163420962,0.011929761560932024,False
2.9839999999997824,-0.3489556116624729,1.1294117647058823,1.5058823529411764,-0.11700250333896882,-1.0,-157.98533545622413,-8.487844109584,-0.22498164726539835,0.011709026788944121,False
2.9849999999997823,-0.3489689602668644,1.1294117647058823,1.5058823529411764,-0.11888485628014508,-1.0,-157.80138200061302,-8.47512753624624,-0.23346358111800428,0.01147980417433249,False
2.985999999999782,-0.34898144782503643,1.1294117647058823,1.5058823529411764,-0.12076720922132135,-1.0,-157.6180422615676,-8.462334291671434,-0.24193183108016916,0.011242106475702115,False
2.986999999999782,-0.34899307430617715,1.1294117647058823,1.5058823529411764,-0.12264956216249762,-1.0,-157.43473193644502,-8.449414883985733,-0.250388212162571,0.010995946457311218,False
2.987999999999782,-0.34900383968159937,1.1294117647058823,1.5058823529411764,-0.12453191510367388,-1.0,-157.25161242701768,-8.436429239521388,-0.2588306074682545,0.01074133705196104,False
2.988999999999782,-0.3490137439247407,1.1294117647058823,1.5058823529411764,-0.12641426804485015,-1.0,-157.06881213365196,-8.423365246110258,-0.2672610424780037,0.01047829123448756,False
2.9899999999997817,-0.3490227870111633,1.1294117647058823,1.5058823529411764,-0.1282966209860264,-1.0,-156.88589629127935,-8.41016294181573,-0.2756772642950139,0.010206822082129103,False
2.9909999999997816,-0.3490309689185543,1.1294117647058823,1.5058823529411764,-0.13017897392720265,-1.0,-156.70387248588892,-8.39688677496967,-0.2840813253097173,0.00992694279946831,False
2.9919999999997815,-0.34903828962672556,1.1294117647058823,1.5058823529411764,-0.1320613268683789,-1.0,-156.5219459199448,-8.383499435529162,-0.2924709955234003,0.00963866663648131,False
2.9929999999997814,-0.3490447491176141,1.1294117647058823,1.5058823529411764,-0.13394367980955516,-1.0,-156.34021076335327,-8.370037041976389,-0.3008482619750963,0.009342007024605034,False
2.9939999999997813,-0.3490503473752817,1.1294117647058823,1.5058823529411764,-0.1358260327507314,-1.0,-156.15883974095783,-8.356460887148412,-0.3092110445175735,0.009036977365335853,False
2.994999999999781,-0.34905508438591515,1.1294117647058823,1.5058823529411764,-0.13770838569190766,-1.0,-155.97786224914506,-8.3428046540506,-0.3175611004113038,0.008723591314249645,False
2.995999999999781,-0.3490589601378265,1.1294117647058823,1.5058823529411764,-0.1395907386330839,-1.0,-155.79699095497833,-8.32905148017298,-0.3258966549876695,0.008401862427551973,False
2.996999999999781,-0.3490619746214526,1.1294117647058823,1.5058823529411764,-0.14147309157426016,-1.0,-155.61649286848277,-8.315197631713177,-0.33421909256126126,0.008071804579094798,False
2.997999999999781,-0.3490641278293556,1.1294117647058823,1.5058823529411764,-0.14335544451543641,-1.0,-155.43626456768442,-8.30126492204015,-0.34252707605306426,0.007733431483634955,False
2.9989999999997807,-0.3490654197562226,1.1294117647058823,1.5058823529411764,-0.14523779745661267,-1.0,-155.25633512968446,-8.287219019281839,-0.3508214911852638,0.007386757228365676,False
2.9999999999997806,-0.3490658503988659,1.1294117647058823,1.5058823529411764,-0.14712015039778892,-1.0,-155.07670717864224,-8.273103733458106,-0.35910155641603286,0.007031795692412961,False
3.0009999999997805,-0.34906541975622296,1.1294117647058823,1.5058823529411764,-0.14900250333896517,-1.0,-154.8973337525178,-8.258873750592796,-0.36736755707163904,0.006668561165840725,False
3.0019999999997804,-0.3490641278293563,1.1294117647058823,1.5058823529411764,-0.15088485628014142,-1.0,-154.71826597556222,-8.244572187329224,-0.3756193516916685,0.006297067699741461,False
3.0029999999997803,-0.3490619746214538,1.1294117647058823,1.5058823529411764,-0.15276720922131767,-1.0,-154.5395666368003,-8.230164294125663,-0.38385656025131026,0.005917329774326286,False
3.00399999999978,-0.349058960137828,1.1294117647058823,1.5058823529411764,-0.15464956216249393,-1.0,-154.36113540473303,-8.215673489148504,-0.392079722649911,0.005529361623196743,False
3.00499999999978,-0.3490550843859171,1.1294117647058823,1.5058823529411764,-0.15653191510367018,-1.0,-154.1830103049889,-8.201095577930777,-0.40028777846401464,0.005133177902039468,False
3.00599999999978,-0.3490503473752839,1.1294117647058823,1.4941176470588236,-0.15841426804484643,-1.0,-154.00518231476812,-8.186430623884757,-0.40848194757217127,0.004728793033013671,False
3.00699999999978,-0.34904474911761674,1.1294117647058823,1.4941176470588236,-0.16029662098602268,-1.0,-153.82766676573507,-8.171655148250018,-0.4166605088627655,0.004316221831546616,False
3.0079999999997797,-0.34903828962672856,1.1294117647058823,1.4941176470588236,-0.16217897392719893,-1.0,-153.65045875798447,-8.156783370460689,-0.42482527379120927,0.0038954789393968515,False
3.0089999999997796,-0.3490309689185576,1.1294117647058823,1.4941176470588236,-0.16406132686837518,-1.0,-153.4735979534545,-8.141842918429381,-0.4329739816649444,0.003466579334474601,False
3.0099999999997795,-0.34902278701116707,1.1294117647058823,1.4941176470588236,-0.16594367980955144,-1.0,-153.29713063970777,-8.126797552093706,-0.44110895208922163,0.0030295378732233653,False
3.0109999999997794,-0.3490137439247448,1.1294117647058823,1.4941176470588236,-0.1678260327507277,-1.0,-153.12078701746324,-8.111673265593282,-0.4492274990701079,0.0025843696655176366,False
3.0119999999997793,-0.3490038396816039,1.1294117647058823,1.4941176470588236,-0.16970838569190394,-1.0,-152.944838379978,-8.096457059167737,-0.4573322736963964,0.0021310897921246546,False
3.012999999999779,-0.3489930743061821,1.1294117647058823,1.4941176470588236,-0.1715907386330802,-1.0,-152.76917384522278,-8.08114792910678,-0.4654203538432795,0.0016697134906860638,False
3.013999999999779,-0.34898144782504176,1.1294117647058823,1.4941176470588236,-0.17347309157425644,-1.0,-152.59389960004864,-8.065761691564086,-0.4734945249528909,0.001200256072155267,False
3.014999999999779,-0.3489689602668701,1.1294117647058823,1.4941176470588236,-0.1753554445154327,-1.0,-152.41844209530763,-8.050260175375787,-0.4815518344084149,0.0007227328990725664,False
3.015999999999779,-0.34895561166247896,1.1294117647058823,1.4941176470588236,-0.17723779745660895,-1.0,-152.24422344072545,-8.03471358705271,-0.48959498816108465,0.00023715951661504666,False
3.0169999999997787,-0.3489414020448047,1.1294117647058823,1.4941176470588236,-0.1791201503977852,-1.0,-152.06973504960644,-8.019042292778296,-0.497621242286634,-0.0002564485974831213,False
3.0179999999997786,-0.3489263314489082,1.1294117647058823,1.4941176470588236,-0.18100250333896145,-1.0,-151.89625414650746,-8.022292045313193,-0.49360909134664055,-8.641502860200468e-06,False
3.018648803710716,-0.34891609309212535,1.1294117647058823,1.4941176470588236,-0.1828848562801377,-1.0,-151.79490084435503,-8.023909996805195,-0.4916022826249225,0.00011450985838037089,False
3.0189999999997785,-0.34891039991197453,1.1294117647058823,1.4941176470588236,-0.18476720922131395,-1.0,-159.17252641049188,-8.023099903076949,-0.49260522026200837,5.2996890808395445e-05,False
3.0199999999997784,-0.34889360747331327,1.1294117647058823,1.4941176470588236,-0.1866495621624902,-1.0,-168.60827004490935,-8.022695420154063,-0.4931066560865619,2.2193395058017437e-05,False
3.0209999999997783,-0.34887595417435807,1.1294117647058823,1.4941176470588236,-0.1884730915742547,-1.0,-171.18429017679904,-8.02249320086792,-0.4933573622785037,6.779894922289261e-06,False
3.021999999999778,-0.34885744005866665,1.1294117647058823,1.4941176470588236,-0.1902966209860192,-1.0,-171.7857704480507,-8.022394755776896,-0.49348271240960645,-9.297930774640099e-07,False
3.022999999999778,-0.3488380651719208,1.1294117647058823,1.4941176470588236,-0.1921201503977837,-1.0,-171.81772530904706,-8.02244418764329,-0.49342003758849334,2.925295745340198e-06,False
3.023999999999778,-0.34881782956192614,1.1294117647058823,1.4941176470588236,-0.19394367980954821,-1.0,-171.68817053882458,-8.022421003615367,-0.49345137507205444,9.978125389114061e-07,False
3.024999999999778,-0.34879673327861194,1.1294117647058823,1.4941176470588236,-0.19576720922131272,-1.0,-171.50939340729292,-8.022408031415004,-0.49346704377246536,3.402503122406317e-08,False
3.0259999999997778,-0.34877477637403126,1.1294117647058823,1.4941176470588236,-0.19759073863307722,-1.0,-171.31763003398424,-8.022401096045241,-0.49347487811148394,-4.478801986544581e-07,False
3.0269999999997776,-0.34875195890236055,1.1294117647058823,1.4941176470588236,-0.19941426804484172,-1.0,-171.12241296196603,-8.022404559151017,-0.49347096094294185,-2.0692662738011226e-07,False
3.0279999999997775,-0.3487282809198996,1.1294117647058823,1.4941176470588236,-0.20123779745660622,-1.0,-170.92657695975817,-8.022406300609383,-0.49346900235794616,-8.64505589941645e-08,False
3.0289999999997774,-0.3487037424850716,1.1294117647058823,1.4941176470588236,-0.20306132686837072,-1.0,-170.73014809244663,-8.022407168450924,-0.49346802306526755,-2.6212704114074545e-08,False
3.0299999999997773,-0.3486783436584226,1.1294117647058823,1.4941176470588236,-0.20488485628013522,-1.0,-170.53378765936066,-8.02240760282057,-0.49346753341888316,3.906178388168001e-09,False
3.030999999999777,-0.34865208450262175,1.1294117647058823,1.4941176470588236,-0.20670838569189973,-1.0,-170.33751338888382,-8.02240738687472,-0.4934677782420769,-1.115325901769531e-08,False
3.031999999999777,-0.3486249650824609,1.1294117647058823,1.5058823529411764,-0.20853191510366423,-1.0,-170.1413263171332,-8.022407423605033,-0.4934676558304805,-3.623539380842147e-09,False
3.032999999999777,-0.3485969854648544,1.1294117647058823,1.5058823529411764,-0.21035544451542873,-1.0,-169.94528318749636,-8.022405403802296,-0.49346861588427826,-3.6774149094034173e-09,False
3.033999999999777,-0.3485681457188393,1.1294117647058823,1.5058823529411764,-0.21153855716478506,-1.0,-169.7493785468878,24.090694958600043,0.49346861588427826,-3.6774149094034173e-09,True
3.0349999999997768,-0.34853844591557487,1.1294117647058823,1.5058823529411764,0.0,-1.0,-169.55367375595893,-8.022098089593957,0.4976265492594099,0.00025644310367125325,False
3.0359999999997767,-0.3485078861283422,1.1294117647058823,1.5058823529411764,0.0,-1.0,-169.3580626964872,-8.564668620323062,0.48933245298384864,0.000749922574838107,False
3.0369999999997765,-0.3484764664325447,1.1294117647058823,1.5058823529411764,-0.000640416762408179,-1.0,-169.1628254505449,-8.985438432615943,0.4805581475358275,0.0012348678682218505,False
3.0379999999997764,-0.34844418690570733,1.1294117647058823,1.5058823529411764,-0.0024639461741726844,-1.0,-168.96679827477706,-9.103543559013133,0.47151289545794167,0.001710903368401895,False
3.0389999999997763,-0.34841104762747654,1.1294117647058823,1.5058823529411764,-0.00428747558593719,-1.0,-168.77150603954948,-9.13440867148285,0.4623946840827601,0.00217785714518341,False
3.039999999999776,-0.3483770486796203,1.1294117647058823,1.5058823529411764,-0.006111004997701695,-1.0,-168.57645833582814,-9.140086078853148,0.45325668911643047,0.0026356828190203397,False
3.040999999999776,-0.3483421901460276,1.1294117647058823,1.5058823529411764,-0.0079345344094662,-1.0,-168.38146773961094,-9.138422109154174,0.4441181571599948,0.0030843702233006557,False
3.041999999999776,-0.3483064721127083,1.1294117647058823,1.5058823529411764,-0.009758063821230706,-1.0,-168.1866077609961,-9.134619316386875,0.43498095843685697,0.003523919776294822,False
3.042999999999776,-0.3482698946677933,1.1294117647058823,1.5058823529411764,-0.011581593232995211,-1.0,-167.99187227311197,-9.130012996939367,0.42584926950073465,0.003954334866211689,False
3.0439999999997758,-0.34823245790153357,1.1294117647058823,1.5058823529411764,-0.013405122644759716,-1.0,-167.797319632696,-9.125223067215478,0.4167210907711718,0.004375620048459674,False
3.0449999999997757,-0.3481941619063008,1.1294117647058823,1.5058823529411764,-0.015228652056524222,-1.0,-167.60297398423705,-9.120177360773805,0.4075988804852683,0.00478778000592769,False
3.0459999999997756,-0.3481550067765865,1.1294117647058823,1.5058823529411764,-0.017052181468288727,-1.0,-167.40889494729672,-9.115074273425869,0.39848084760138247,0.00519081987757017,False
3.0469999999997754,-0.348114992609002,1.1294117647058823,1.5058823529411764,-0.018875710880053232,-1.0,-167.21474125113144,-9.109861279046406,0.3893687028355111,0.005584744621956139,False
3.0479999999997753,-0.3480741195022784,1.1294117647058823,1.5058823529411764,-0.020699240291817737,-1.0,-167.0206668954391,-9.104481814321446,0.3802613003593671,0.0059695596349434495,False
3.0489999999997752,-0.3480323875572659,1.1294117647058823,1.5058823529411764,-0.022522769703582243,-1.0,-166.8271067512875,-9.099021221851126,0.37115968987476505,0.006345270098206001,False
3.049999999999775,-0.347989796876934,1.1294117647058823,1.5058823529411764,-0.024405122644758505,-1.0,-166.63307597917907,-9.093388612741984,0.3620634376998133,0.006711881675368121,False
3.050999999999775,-0.34794634756637094,1.1294117647058823,1.5058823529411764,-0.026287475585934767,-1.0,-166.44011644089653,-9.087737479450295,0.35297283361294995,0.007069399779817825,False
3.051999999999775,-0.3479020397327836,1.1294117647058823,1.5058823529411764,-0.02816982852711103,-1.0,-166.24637984689835,-9.081903583821873,0.34388814245159005,0.007417830281471053,False
3.052999999999775,-0.3478568734854971,1.1294117647058823,1.5058823529411764,-0.03005218146828729,-1.0,-166.0532851407949,-9.075993163504327,0.33480898468061154,0.007757178815985236,False
3.0539999999997747,-0.34781084893595476,1.1294117647058823,1.5058823529411764,-0.031934534409463554,-1.0,-165.86020528586133,-9.069946545857354,0.3257363010704251,0.008087451471224156,False
3.0549999999997746,-0.34776396619771754,1.1294117647058823,1.5058823529411764,-0.03381688735063982,-1.0,-165.6675295748041,-9.063802880686664,0.3166690736803965,0.008408654132923304,False
3.0559999999997745,-0.34771622538646385,1.1294117647058823,1.5058823529411764,-0.035699240291816085,-1.0,-165.47484799771735,-9.057545233289492,0.30760881319512995,0.008720793086310153,False
3.0569999999997743,-0.3476676266199895,1.1294117647058823,1.5058823529411764,-0.03758159323299235,-1.0,-165.28227772336965,-9.05116575081895,0.29855399493395796,0.00902387446894331,False
3.0579999999997742,-0.3476181700182071,1.1294117647058823,1.5058823529411764,-0.03946394617416862,-1.0,-165.08982837912137,-9.044695672200325,0.2895065691900027,0.009317904757759619,False
3.058999999999774,-0.3475678557031459,1.1294117647058823,1.5058823529411764,-0.04134629911534488,-1.0,-164.8976892079351,-9.038084446484975,0.2804646440977772,0.009602890347715429,False
3.059999999999774,-0.3475166837989514,1.1294117647058823,1.5058823529411764,-0.04322865205652115,-1.0,-164.70583867062464,-9.031391554183369,0.2714304635676987,0.009878837904683961,False
3.060999999999774,-0.3474646544318853,1.1294117647058823,1.5058823529411764,-0.045111004997697414,-1.0,-164.51427584147967,-9.02456149873109,0.2624019189234782,0.010145754084134713,False
3.061999999999774,-0.3474117677303248,1.1294117647058823,1.5058823529411764,-0.04699335793887368,-1.0,-164.32270246565753,-9.017642842445484,0.2533813880182987,0.01040364573703123,False
3.0629999999997737,-0.3473580238247626,1.1294117647058823,1.5058823529411764,-0.048875710880049945,-1.0,-164.1312362133405,-9.010595548307169,0.24436670518572182,0.010652519776573704,False
3.0639999999997736,-0.34730342284780646,1.1294117647058823,1.5058823529411764,-0.05075806382122621,-1.0,-163.94020912350632,-9.003434811598355,0.23536023932617417,0.010892383244762561,False
3.0649999999997735,-0.34724796493417887,1.1294117647058823,1.5058823529411764,-0.05264041676240248,-1.0,-163.74919128206693,-8.996186836927198,0.22635990268131895,0.011123243313006907,False
3.0659999999997734,-0.34719165022071674,1.1294117647058823,1.5058823529411764,-0.05452276970357874,-1.0,-163.5583171743842,-8.98879592729254,0.217367908322741,0.011345107211440098,False
3.0669999999997732,-0.34713447884637094,1.1294117647058823,1.5058823529411764,-0.05640512264475501,-1.0,-163.3675746647045,-8.981337659714871,0.2083823804034652,0.01155798235665863,False
3.067999999999773,-0.3470764509522062,1.1294117647058823,1.5058823529411764,-0.058287475585931274,-1.0,-163.17716846670348,-8.973730064751434,0.19940526830425373,0.011761876171655413,False
3.068999999999773,-0.3470175666814006,1.1294117647058823,1.5058823529411764,-0.06016982852710754,-1.0,-162.98705884469166,-8.966054005091156,0.19043499854823567,0.011956796308672668,False
3.069999999999773,-0.34695782617924525,1.1294117647058823,1.5058823529411764,-0.062052181468283805,-1.0,-162.79696090153848,-8.958245320640179,0.18147318119775055,0.012142750387769288,False
3.070999999999773,-0.3468972295931438,1.1294117647058823,1.5058823529411764,-0.06393453440946006,-1.0,-162.60746929098462,-8.95033485425859,0.17251860635174146,0.012319746286891396,False
3.0719999999997727,-0.34683577707261243,1.1294117647058823,1.5058823529411764,-0.06581688735063633,-1.0,-162.41783849596976,-8.94231694513297,0.1635725184285744,0.012487791838015983,False
3.0729999999997726,-0.346773468769279,1.1294117647058823,1.5058823529411764,-0.0676992402918126,-1.0,-162.22850242874173,-8.934185368146139,0.15463407582812488,0.01264689514127709,False
3.0739999999997725,-0.34671030483688314,1.1294117647058823,1.5058823529411764,-0.06958159323298886,-1.0,-162.03924786690226,-8.925954999431488,0.14570415324708516,0.012797064244936665,False
3.0749999999997724,-0.34664628543127557,1.1294117647058823,1.5058823529411764,-0.07146394617416513,-1.0,-161.85071086970257,-8.917609956529017,0.13678226473047203,0.012938307459982163,False
3.0759999999997722,-0.34658141071041776,1.1294117647058823,1.5058823529411764,-0.07334629911534139,-1.0,-161.6613556342541,-8.909164893352168,0.12786894595045803,0.01307063305555346,False
3.076999999999772,-0.3465156808343817,1.1294117647058823,1.5058823529411764,-0.07522865205651766,-1.0,-161.47303525996477,-8.900603767679373,0.11896402660651612,0.013194049547143386,False
3.077999999999772,-0.3464490959653493,1.1294117647058823,1.5058823529411764,-0.07711100499769392,-1.0,-161.2848535233677,-8.891920483749969,0.1100677709428099,0.013308565437762555,False
3.078999999999772,-0.346381656267612,1.1294117647058823,1.5058823529411764,-0.07899335793887019,-1.0,-161.0968452905811,-8.883137405975408,0.10118025947961778,0.013414189457112157,False
3.079999999999772,-0.3463133619075707,1.1294117647058823,1.5058823529411764,-0.08087571088004646,-1.0,-160.90903969751156,-8.87424235177646,0.09230153355876965,0.013510930347355723,False
3.0809999999997717,-0.34624421305373493,1.1294117647058823,1.5058823529411764,-0.08275806382122272,-1.0,-160.72147351845575,-8.865265313938096,0.08343182951939335,0.013598797031681712,False
3.0819999999997716,-0.34617420987672254,1.1294117647058823,1.5058823529411764,-0.08464041676239899,-1.0,-160.53414437882168,-8.856150760019402,0.07457106304088658,0.013677798473597529,False
3.0829999999997715,-0.3461033525492594,1.1294117647058823,1.5058823529411764,-0.08652276970357525,-1.0,-160.34704929546695,-8.846971628521278,0.06571956450990109,0.013747943788857351,False
3.0839999999997714,-0.346031641246179,1.1294117647058823,1.5058823529411764,-0.08840512264475152,-1.0,-160.16019368592603,-8.837646912421917,0.05687719266207484,0.013809242164811095,False
3.0849999999997713,-0.34595907614442184,1.1294117647058823,1.5058823529411764,-0.09028747558592778,-1.0,-159.97359542091007,-8.82825665080437,0.04804429982562823,0.01386170291148174,False
3.085999999999771,-0.345885657423035,1.1294117647058823,1.5058823529411764,-0.09216982852710405,-1.0,-159.78721558774478,-8.818733195425036,0.03922075268642481,0.013905335436486765,False
3.086999999999771,-0.34581138526317207,1.1294117647058823,1.5058823529411764,-0.09405218146828032,-1.0,-159.60108075977968,-8.809122495670922,0.030406868055788187,0.013940149246628895,False
3.087999999999771,-0.345736259848092,1.1294117647058823,1.5058823529411764,-0.09593453440945658,-1.0,-159.41518636103802,-8.799404007614967,0.021602572184488366,0.013966153966404122,False
3.088999999999771,-0.3456602813631594,1.1294117647058823,1.5058823529411764,-0.09781688735063285,-1.0,-159.22954998381607,-8.78957172592624,0.012808105602161382,0.013983359304918579,False
3.0899999999997707,-0.3455834499958436,1.1294117647058823,1.5058823529411764,-0.09969924029180911,-1.0,-159.0441723013916,-8.779657503792286,0.004023480986232388,0.013991775098231915,False
3.0909999999997706,-0.3455057659357184,1.1294117647058823,1.5058823529411764,-0.10158159323298538,-1.0,-158.85904180223534,-8.769600680405235,-0.004751148509584836,0.013991411264483724,False
3.0919999999997705,-0.34542722937446146,1.1294117647058823,1.5058823529411764,-0.10346394617416164,-1.0,-158.67413341645667,-8.759486163852037,-0.013515682781284918,0.01398227784868497,False
3.0929999999997704,-0.34534784050585393,1.1294117647058823,1.5058823529411764,-0.10534629911533791,-1.0,-158.4895034552826,-8.74922493816673,-0.022270053838792894,0.013964384981283209,False
3.0939999999997703,-0.34526759952578,1.1294117647058823,1.5058823529411764,-0.10722865205651418,-1.0,-158.3051336077119,-8.738880333295455,-0.03101408763825264,0.01393774290976778,False
3.09499999999977,-0.3451865066322263,1.1294117647058823,1.5058823529411764,-0.10911100499769044,-1.0,-158.12105485750553,-8.728451410959773,-0.03974777207138021,0.013902361982102488,False
3.09599999999977,-0.3451045620252814,1.1294117647058823,1.5058823529411764,-0.11099335793886671,-1.0,-157.93729462513036,-8.717851896572435,-0.048470909421330886,0.013858252639658874,False
3.09699999999977,-0.34502176590713557,1.1294117647058823,1.5058823529411764,-0.11287571088004297,-1.0,-157.75391028152242,-8.707207049633617,-0.05718344457340151,0.01380542546634165,False
3.09799999999977,-0.34493811848207995,1.1294117647058823,1.5058823529411764,-0.11475806382121924,-1.0,-157.57057317519508,-8.69641498618684,-0.06588526294144004,0.013743891109870501,False
3.0989999999997697,-0.34485361995650626,1.1294117647058823,1.5058823529411764,-0.1166404167623955,-1.0,-157.38743005099855,-8.685605123637911,-0.07457624802310871,0.013673660359559726,False
3.0999999999997696,-0.3447682705389062,1.1294117647058823,1.5058823529411764,-0.11852276970357177,-1.0,-157.2047869339766,-8.674617010761889,-0.08325640592711918,0.013594744028978319,False
3.1009999999997695,-0.34468207043987104,1.1294117647058823,1.5058823529411764,-0.12040512264474804,-1.0,-157.0220684389895,-8.663572504519317,-0.09192542771379546,0.013507153118611094,False
3.1019999999997694,-0.3445950198720909,1.1294117647058823,1.5058823529411764,-0.1222874755859243,-1.0,-156.83977218112014,-8.652401634518537,-0.10058351739468459,0.01341089864189232,False
3.1029999999997693,-0.34450711905035436,1.1294117647058823,1.5058823529411764,-0.12416982852710057,-1.0,-156.65782034748855,-8.641146915664534,-0.10923015598589475,0.013305991812534149,False
3.103999999999769,-0.34441836819154803,1.1294117647058823,1.5058823529411764,-0.12605218146827682,-1.0,-156.4761459520853,-8.629790286006909,-0.11786579560832298,0.013192443832529896,False
3.104999999999769,-0.3443287675146558,1.1294117647058823,1.5058823529411764,-0.12793453440945307,-1.0,-156.29477964611507,-8.618320771257617,-0.12648964262924578,0.013070266121055912,False
3.105999999999769,-0.34423831724075843,1.1294117647058823,1.5058823529411764,-0.12981688735062932,-1.0,-156.11364651230616,-8.606771934383202,-0.13510243557592705,0.012939470078365161,False
3.106999999999769,-0.344147017593033,1.1294117647058823,1.5058823529411764,-0.13169924029180557,-1.0,-155.93283907521544,-8.595093218775922,-0.14370308295019002,0.012800067326374192,False
3.1079999999997687,-0.3440548687967523,1.1294117647058823,1.5058823529411764,-0.13358159323298183,-1.0,-155.7523181034119,-8.58334409076076,-0.1522926240302923,0.012652069470678578,False
3.1089999999997686,-0.34396187107928433,1.1294117647058823,1.5058823529411764,-0.13546394617415808,-1.0,-155.5721064268761,-8.571467123701888,-0.16086967130451937,0.012495488329162703,False
3.1099999999997685,-0.3438680246700917,1.1294117647058823,1.5058823529411764,-0.13734629911533433,-1.0,-155.3921431307479,-8.559510118237672,-0.1694355506280629,0.012330335718174844,False
3.1109999999997684,-0.34377332980073116,1.1294117647058823,1.5058823529411764,-0.13922865205651058,-1.0,-155.21248937868575,-8.54745311561287,-0.17798861237312702,0.012156623640964648,False
3.1119999999997683,-0.3436777867048528,1.1294117647058823,1.5058823529411764,-0.14111100499768683,-1.0,-155.03312541095184,-8.535279048592427,-0.18653042184520216,0.01197436412676604,False
3.112999999999768,-0.3435813956181998,1.1294117647058823,1.5058823529411764,-0.14299335793886309,-1.0,-154.85406909816538,-8.523033356998058,-0.19505911605735562,0.01178356935960272,False
3.113999999999768,-0.3434841567786075,1.1294117647058823,1.5058823529411764,-0.14487571088003934,-1.0,-154.67530254684598,-8.510662620223716,-0.20357643714143372,0.011584251589444265,False
3.114999999999768,-0.34338607042600305,1.1294117647058823,1.5058823529411764,-0.1467580638212156,-1.0,-154.49685180667294,-8.49822622335031,-0.2120804035811977,0.011376423167931785,False
3.115999999999768,-0.3432871368024048,1.1294117647058823,1.4941176470588236,-0.14864041676239184,-1.0,-154.31870304941785,-8.48567187622508,-0.22057282664654154,0.011160096563147932,False
3.1169999999997677,-0.34318735615192175,1.1294117647058823,1.4941176470588236,-0.1505227697035681,-1.0,-154.14084566556176,-8.473045814117757,-0.22905172233400525,0.010935284284421618,False
3.1179999999997676,-0.34308672872075263,1.1294117647058823,1.4941176470588236,-0.15240512264474435,-1.0,-153.96330833191251,-8.46029189583284,-0.23751883394565532,0.010701999020550468,False
3.1189999999997675,-0.3429852547571856,1.1294117647058823,1.4941176470588236,-0.1542874755859206,-1.0,-153.7860811001052,-8.44746015513049,-0.24597229443750335,0.010460253449221668,False
3.1199999999997674,-0.3428829345115976,1.1294117647058823,1.4941176470588236,-0.15616982852709685,-1.0,-153.60917294852973,-8.434509346017123,-0.2544136580226313,0.01021006049091135,False
3.1209999999997673,-0.34277976823645373,1.1294117647058823,1.4941176470588236,-0.1580521814682731,-1.0,-153.43255502634656,-8.421483127634637,-0.262841318113446,0.009951432993313475,False
3.121999999999767,-0.34267575618630647,1.1294117647058823,1.4941176470588236,-0.15993453440944935,-1.0,-153.2562772646607,-8.408372288771007,-0.27125653059747923,0.009684384089930975,False
3.122999999999767,-0.34257089861779516,1.1294117647058823,1.4941176470588236,-0.1618168873506256,-1.0,-153.07981312038132,-8.39513155744792,-0.27965805355677986,0.009408926786731359,False
3.123999999999767,-0.3424651957896455,1.1294117647058823,1.4941176470588236,-0.16369924029180186,-1.0,-152.90458547738754,-8.381828412347653,-0.2880466994271518,0.009125074433417386,False
3.124999999999767,-0.3423586479626688,1.1294117647058823,1.4941176470588236,-0.1655815932329781,-1.0,-152.72926772664277,-8.368409561958707,-0.29642171789177446,0.008832840213078104,False
3.1259999999997667,-0.342251255399761,1.1294117647058823,1.4941176470588236,-0.16746394617415436,-1.0,-152.55431204939143,-8.354902782604427,-0.3047834038861872,0.008532237676529348,False
3.1269999999997666,-0.3421430183659027,1.1294117647058823,1.4941176470588236,-0.1693462991153306,-1.0,-152.37963968124666,-8.3413014547742,-0.3131315465348264,0.008223280190286151,False
3.1279999999997665,-0.342033937128158,1.1294117647058823,1.4941176470588236,-0.17122865205650686,-1.0,-152.20531372892043,-8.327595977956854,-0.3214658813772356,0.007905981500641009,False
3.1288486938474227,-0.3419406984857879,1.1294117647058823,1.4941176470588236,-0.17311100499768312,-1.0,-152.06298139549787,-8.313820167730485,-0.32978677332843753,0.007580355164220783,False
3.1289999999997664,-0.34192401195567407,1.1294117647058823,1.4941176470588236,-0.17499335793885937,-1.0,-155.54167560800553,-8.2999191280958,-0.33809338873522055,0.0072464151061900055,False
3.1299999999997663,-0.34181324311968025,1.1294117647058823,1.4941176470588236,-0.17687571088003562,-1.0,-167.34806678430044,-8.285963455578639,-0.34638664805689445,0.006904175082071655,False
3.130999999999766,-0.34170163089348776,1.1294117647058823,1.4941176470588236,-0.17875806382121187,-1.0,-170.6054261128851,-8.271875990009928,-0.3546651883451461,0.006553649184275425,False
3.131999999999766,-0.3415891755524886,1.1294117647058823,1.4941176470588236,-0.18064041676238812,-1.0,-171.4027577450277,-8.257737318698279,-0.3629304259805126,0.006194851376088689,False
3.132999999999766,-0.3414758773741551,1.1294117647058823,1.4941176470588236,-0.18246394617415262,-1.0,-171.49277552604138,-8.243478042593923,-0.3711805561413971,0.005827795901648504,False
3.133999999999766,-0.34136173663803926,1.1294117647058823,1.4941176470588236,-0.18428747558591713,-1.0,-171.37866602612638,-8.229142252330941,-0.37941737745820947,0.005452496939710237,False
3.1349999999997658,-0.34124675362577206,1.1294117647058823,1.4941176470588236,-0.18611100499768163,-1.0,-171.20582923677256,-8.214712963361528,-0.38763876746605574,0.005068968879128909,False
3.1359999999997656,-0.3411309286210627,1.1294117647058823,1.4941176470588236,-0.18793453440944613,-1.0,-171.01590508370145,-8.200179187234765,-0.39584676224347587,0.004677226125888032,False
3.1369999999997655,-0.3410142619096977,1.1294117647058823,1.4941176470588236,-0.18975806382121063,-1.0,-170.82197626392565,-8.185576254095642,-0.4040390888329096,0.004277283206921239,False
3.1379999999997654,-0.3408967537795407,1.1294117647058823,1.4941176470588236,-0.19158159323297513,-1.0,-170.6261317473029,-8.1708531986686,-0.4122178402273327,0.003869154761181175,False
3.1389999999997653,-0.3407784045205313,1.1294117647058823,1.4941176470588236,-0.19340512264473964,-1.0,-170.43013708703512,-8.156074301832069,-0.42038079086065566,0.0034528554468377993,False
3.139999999999765,-0.34065921442468455,1.1294117647058823,1.4941176470588236,-0.19522865205650414,-1.0,-170.23418058283713,-8.141166924243109,-0.428529883648068,0.0030284001354563394,False
3.140999999999765,-0.3405391837860901,1.1294117647058823,1.4941176470588236,-0.19705218146826864,-1.0,-170.03834694714337,-8.126192409284158,-0.43666314044786736,0.0025958036197152156,False
3.141999999999765,-0.3404183129009116,1.1294117647058823,1.4941176470588236,-0.19887571088003314,-1.0,-169.84262489911336,-8.111119626366838,-0.4447821532534315,0.0021550810052010693,False
3.142999999999765,-0.3402966020673861,1.1294117647058823,1.5058823529411764,-0.20069924029179764,-1.0,-169.64696817739153,-8.095954776154969,-0.4528854063281507,0.00170624721778355,False
3.1439999999997648,-0.3401740515858229,1.1294117647058823,1.5058823529411764,-0.20252276970356214,-1.0,-169.45147067608715,-8.080694082039527,-0.4609739270699774,0.0012493175888122988,False
3.1449999999997647,-0.34005066175860305,1.1294117647058823,1.5058823529411764,-0.20434629911532665,-1.0,-169.25607620833134,-8.065363676837313,-0.4690468513505648,0.0007843071893937932,False
3.1459999999997645,-0.33992643289017876,1.1294117647058823,1.5058823529411764,-0.20589391730811143,-1.0,-169.06084334216916,-8.049949895083076,-0.47710450825484907,0.00031123155130920383,False
3.1469999999997644,-0.33980136528707244,1.1294117647058823,1.5058823529411764,0.0,-1.0,-168.8656950815748,-8.03444790997681,-0.48514681202552873,-0.00016989411997512716,False
3.1479999999997643,-0.33967545925787596,1.1294117647058823,1.5058823529411764,0.0,-1.0,-168.67073545541086,-8.037617573526553,-0.48112643964391527,7.16738120611792e-05,False
3.148999999999764,-0.33954871511324985,1.1294117647058823,1.5058823529411764,-0.00027591121897970817,-1.0,-168.4759317242296,-8.03604406121633,-0.4831356173063365,-4.8858941626409724e-05,False
3.149999999999764,-0.33942113316592276,1.1294117647058823,1.5058823529411764,-0.0020994406307442135,-1.0,-168.28120795096163,-8.036832481906266,-0.4821310819324292,1.1470218204772463e-05,False
3.150999999999764,-0.3392927137306904,1.1294117647058823,1.5058823529411764,-0.003922970042508718,-1.0,-168.08667238613734,-8.03643431136784,-0.4826333764817245,-1.867867064591721e-05,False
3.151999999999764,-0.33916345712441504,1.1294117647058823,1.5058823529411764,-0.005746499454273224,-1.0,-167.8922233783936,-8.036630405806862,-0.48238223140490044,-3.600302067848735e-06,False
3.1529999999997638,-0.3390333636660245,1.1294117647058823,1.5058823529411764,-0.007570028866037729,-1.0,-167.69780668548984,-8.03673032353652,-0.4822566572328108,3.935939119377775e-06,False
3.1539999999997637,-0.3389024336765113,1.1294117647058823,1.5058823529411764,-0.009393558277802234,-1.0,-167.50410893279079,-8.03667988962828,-0.48231944438089797,1.680637817752115e-07,False
3.1549999999997635,-0.3387706674789324,1.1294117647058823,1.5058823529411764,-0.01121708768956674,-1.0,-167.3099337523261,-8.036650372901862,-0.48235083781143784,-1.7160578346578794e-06,False
3.1559999999997634,-0.3386380653984077,1.1294117647058823,1.5058823529411764,-0.013040617101331245,-1.0,-167.11604848827042,-8.036663612793259,-0.4823351411080427,-7.739816975306677e-07,False
3.1569999999997633,-0.33850462776211965,1.1294117647058823,1.5058823529411764,-0.01486414651309575,-1.0,-166.92237908767805,-8.03667142174703,-0.4823272927480209,-3.029551257530686e-07,False
3.157999999999763,-0.3383703548993123,1.1294117647058823,1.5058823529411764,-0.016687675924860257,-1.0,-166.728891178682,-8.036675651172224,-0.48232336856542624,-6.744471393035487e-08,False
3.158999999999763,-0.33823524714129066,1.1294117647058823,1.5058823529411764,-0.018511205336624762,-1.0,-166.53563796708332,-8.036677779414397,-0.48232140647340577,5.0309773437160536e-08,False
3.159999999999763,-0.33809930482141975,1.1411764705882352,1.5058823529411764,-0.020334734748389267,-1.0,-166.34268628539434,-8.036676715819693,-0.48232238751947637,-8.567410367950692e-09,False
3.160999999999763,-0.3379625282751236,1.1411764705882352,1.5058823529411764,-0.022158264160153773,-1.0,-166.14942642767627,-8.036676338381021,-0.4823230959405936,-8.54820266708908e-09,False
3.161999999999763,-0.3378249178398847,1.1411764705882352,1.5058823529411764,-0.023981793571918278,-1.0,-165.95651035610928,24.136852574732114,0.4823230959405936,-8.54820266708908e-09,True
3.1629999999997627,-0.3376864738552433,1.1411764705882352,1.5058823529411764,-0.02586414651309454,-1.0,-165.76383797071358,-8.033556859264495,0.48515081044947345,0.00016987807526701266,False
3.1639999999997626,-0.3375471966627961,1.1411764705882352,1.5058823529411764,-0.027746499454270802,-1.0,-165.57140478097472,-8.430183714565624,0.47691870045703355,0.0006509127898996999,False
3.1649999999997624,-0.33740708660619567,1.1411764705882352,1.5058823529411764,-0.029628852395447065,-1.0,-165.37896893105525,-8.93563240775709,0.46823612460122854,0.0011234902095729397,False
3.1659999999997623,-0.33726614403114974,1.1411764705882352,1.5058823529411764,-0.03151120533662333,-1.0,-165.18707413519007,-9.078001109605182,0.4592289008057169,0.001587222687637174,False
3.1669999999997622,-0.33712436928542,1.1411764705882352,1.5058823529411764,-0.03339355827779959,-1.0,-164.99512083526412,-9.115784785201667,0.4501324825775724,0.0020419033820756618,False
3.167999999999762,-0.3369817627188216,1.1411764705882352,1.5058823529411764,-0.03527591121897586,-1.0,-164.80333818948264,-9.123330787209266,0.4410124017513938,0.0024874757969507483,False
3.168999999999762,-0.33683832468322206,1.1411764705882352,1.5058823529411764,-0.037158264160152124,-1.0,-164.61164887754532,-9.12218085029915,0.4318902085274489,0.0029239270994660524,False
3.169999999999762,-0.3366940555325405,1.1411764705882352,1.5058823529411764,-0.03904061710132839,-1.0,-164.42020859971907,-9.118347252520248,0.4227693620698589,0.003351256865428766,False
3.170999999999762,-0.3365489556227466,1.1411764705882352,1.5058823529411764,-0.040922970042504656,-1.0,-164.2285779379865,-9.113660358525285,0.41365395103696256,0.0037694685135151135,False
3.1719999999997617,-0.3364030253118602,1.1411764705882352,1.5058823529411764,-0.04280532298368092,-1.0,-164.03741469338644,-9.108709835300571,0.40454218171398953,0.00417856656852289,False
3.1729999999997616,-0.3362562649599496,1.1411764705882352,1.5058823529411764,-0.04468767592485719,-1.0,-163.84659829781094,-9.10357542475881,0.3954366058606502,0.004578555948115117,False
3.1739999999997615,-0.3361086749291315,1.1411764705882352,1.5058823529411764,-0.04657002886603345,-1.0,-163.65630895767174,-9.098301956564882,0.3863351347457297,0.004969441814451936,False
3.1749999999997613,-0.33596025558356946,1.1411764705882352,1.5058823529411764,-0.04845238180720972,-1.0,-163.46581003183644,-9.092918965027678,0.377240015189314,0.0053512293701990085,False
3.1759999999997612,-0.3358110072894737,1.1411764705882352,1.5058823529411764,-0.050334734748385984,-1.0,-163.27556642256465,-9.087396326891493,0.36814942209473434,0.0057239240912147025,False
3.176999999999761,-0.3356609304150994,1.1411764705882352,1.5058823529411764,-0.05221708768956225,-1.0,-163.0855843965108,-9.081803387239956,0.3590651976690648,0.0060875313780029295,False
3.177999999999761,-0.3355100253307464,1.1411764705882352,1.5058823529411764,-0.054099440630738516,-1.0,-162.89563160264925,-9.076047897763928,0.34998596695135553,0.006442056967611513,False
3.178999999999761,-0.335358292408758,1.1411764705882352,1.5058823529411764,-0.05598179357191478,-1.0,-162.70623878488658,-9.070240390301127,0.3409130559761838,0.006787506453498552,False
3.179999999999761,-0.33520573202351994,1.1411764705882352,1.5058823529411764,-0.05780532298367928,-1.0,-162.5167483913894,-9.064272953457078,0.33184564456581356,0.007123885814411791,False
3.1809999999997607,-0.33505234455146,1.1411764705882352,1.5058823529411764,-0.059628852395443785,-1.0,-162.32752326201737,-9.058235695844896,0.32278446802909955,0.007451200844099931,False
3.1819999999997606,-0.33489813037104643,1.1411764705882352,1.5058823529411764,-0.06145238180720829,-1.0,-162.13838148494864,-9.052073930775885,0.3137293152735374,0.007769457748182014,False
3.1829999999997605,-0.33474308986278756,1.1411764705882352,1.5058823529411764,-0.06327591121897279,-1.0,-161.9495729507467,-9.045758939723704,0.3046803212079968,0.008078662540172227,False
3.1839999999997604,-0.33458722340923014,1.1411764705882352,1.5058823529411764,-0.06509944063073729,-1.0,-161.76106095474086,-9.039375881903373,0.29563790669560785,0.008378821666928413,False
3.1849999999997602,-0.3344305313949593,1.1411764705882352,1.5058823529411764,-0.06692297004250179,-1.0,-161.57260357988451,-9.032857586597482,0.28660156844138807,0.00866994137984882,False
3.18599999999976,-0.334273014206597,1.1411764705882352,1.5058823529411764,-0.0687464994542663,-1.0,-161.38471905932482,-9.02626119265748,0.27757229619180535,0.008952028324102752,False
3.18699999999976,-0.3341146722328012,1.1411764705882352,1.5058823529411764,-0.0705700288660308,-1.0,-161.19675460319795,-9.019507958103114,0.2685490673406571,0.009225088983863384,False
3.18799999999976,-0.33395550586426515,1.1411764705882352,1.5058823529411764,-0.0723935582777953,-1.0,-161.00906137726702,-9.01267952195506,0.25953336986589065,0.009489130212495488,False
3.18899999999976,-0.33379551549371583,1.1411764705882352,1.5058823529411764,-0.0742170876895598,-1.0,-160.8210337093468,-9.005712420640688,0.2505237353810393,0.00974415874657033,False
3.1899999999997597,-0.3336347015159137,1.1411764705882352,1.5058823529411764,-0.0760406171013243,-1.0,-160.63410590156525,-8.998648529072812,0.2415220290359499,0.009990181636111999,False
3.1909999999997596,-0.33347306432765117,1.1411764705882352,1.5058823529411764,-0.0778641465130888,-1.0,-160.4472002537054,-8.991488312311853,0.2325264612352179,0.010227205866715867,False
3.1919999999997595,-0.33331060432775206,1.1411764705882352,1.5058823529411764,-0.0796876759248533,-1.0,-160.26046737304338,-8.98418050605696,0.22353914409817435,0.010455238673541941,False
3.1929999999997594,-0.33314732191707014,1.1411764705882352,1.5058823529411764,-0.0815112053366178,-1.0,-160.07397938285075,-8.976804242966367,0.21455812681572672,0.01067428729872996,False
3.1939999999997593,-0.3329832174984886,1.1411764705882352,1.5058823529411764,-0.08333473474838231,-1.0,-159.88779157182591,-8.969286353202051,0.20558560677334872,0.010884359166369824,False
3.194999999999759,-0.3328182914769189,1.1411764705882352,1.5058823529411764,-0.08515826416014681,-1.0,-159.70195311966557,-8.961686083300053,0.1966196043033072,0.011085461765789804,False
3.195999999999759,-0.3326525442592993,1.1411764705882352,1.5058823529411764,-0.08698179357191131,-1.0,-159.51595093551327,-8.953974135071245,0.18766227499593913,0.011277602703173963,False
3.196999999999759,-0.33248597625459486,1.1411764705882352,1.5058823529411764,-0.08880532298367581,-1.0,-159.33034299387688,-8.946147718349945,0.17871173645715865,0.011460789706487104,False
3.197999999999759,-0.33231858787379537,1.1411764705882352,1.5058823529411764,-0.09062885239544032,-1.0,-159.14504066336124,-8.938213351296083,0.1697700054047472,0.011635030572557504,False
3.1989999999997587,-0.33215037952991516,1.1411764705882352,1.5058823529411764,-0.09245238180720482,-1.0,-158.9600140189173,-8.93016914666055,0.1608353984376721,0.011800333275074619,False
3.1999999999997586,-0.3319813516379916,1.1411764705882352,1.5058823529411764,-0.09427591121896932,-1.0,-158.7753186880317,-8.922041295691672,0.15190967217020437,0.011956705803658256,False
3.2009999999997585,-0.3318115046150841,1.1411764705882352,1.5058823529411764,-0.09609944063073382,-1.0,-158.59097488303334,-8.913765465037075,0.14299142989181493,0.012104156357452878,False
3.2019999999997584,-0.33164083888027335,1.1411764705882352,1.5058823529411764,-0.09792297004249832,-1.0,-158.4066836628702,-8.905415825910964,0.13408213715938866,0.012242693133223206,False
3.2029999999997583,-0.33146935485466017,1.1411764705882352,1.5058823529411764,-0.09974649945426282,-1.0,-158.2225847328024,-8.896909783589777,0.12518071839205688,0.012372324565051947,False
3.203999999999758,-0.3312970529613643,1.1411764705882352,1.5058823529411764,-0.10157002886602733,-1.0,-158.03867884226148,-8.88833956297214,0.11628830874373208,0.012493059070631115,False
3.204999999999758,-0.33112393362552345,1.1411764705882352,1.5058823529411764,-0.10339355827779183,-1.0,-157.85515803996444,-8.879638022722766,0.10740414475480023,0.01260490530191189,False
3.205999999999758,-0.3309499972742925,1.1411764705882352,1.5058823529411764,-0.10521708768955633,-1.0,-157.67191581011167,-8.870845022071661,0.09852904125703625,0.01270787188740107,False
3.206999999999758,-0.3307752443368421,1.1411764705882352,1.5058823529411764,-0.10704061710132083,-1.0,-157.4889368126176,-8.86194337115911,0.0896625434400942,0.012801967684089094,False
3.2079999999997577,-0.33059967524435757,1.1411764705882352,1.5058823529411764,-0.10886414651308533,-1.0,-157.306248871269,-8.852904800111649,0.08080519246078716,0.012887201545553298,False
3.2089999999997576,-0.3304232904300384,1.1411764705882352,1.5058823529411764,-0.11068767592484983,-1.0,-157.123850848483,-8.8438195622213,0.07195678375925245,0.012963582537315246,False
3.2099999999997575,-0.3302460903290964,1.1411764705882352,1.5058823529411764,-0.11251120533661434,-1.0,-156.94178037740377,-8.834567387602322,0.06311761484494202,0.013031119731534636,False
3.2109999999997574,-0.3300680753787554,1.1411764705882352,1.5058823529411764,-0.11433473474837884,-1.0,-156.7598150994533,-8.82526842380304,0.05428768979465083,0.013089822386519174,False
3.2119999999997573,-0.3298892460182495,1.1411764705882352,1.5058823529411764,-0.11615826416014334,-1.0,-156.57847208624094,-8.815809815594351,0.04546714521934662,0.013139699800513318,False
3.212999999999757,-0.32970960268882227,1.1411764705882352,1.5058823529411764,-0.11798179357190784,-1.0,-156.39718294598455,-8.806298640816475,0.03665610447681184,0.013180761426956952,False
3.213999999999757,-0.32952914583372594,1.1411764705882352,1.5058823529411764,-0.11980532298367234,-1.0,-156.216080672055,-8.796662649706438,0.02785460676057718,0.013213016780584237,False
3.214999999999757,-0.3293478758982198,1.1411764705882352,1.5058823529411764,-0.12162885239543685,-1.0,-156.03532785611637,-8.786919104563033,0.019062832541655486,0.013236475500905034,False
3.215999999999757,-0.32916579332956936,1.1411764705882352,1.5058823529411764,-0.12345238180720135,-1.0,-155.8547143902783,-8.777103169574346,0.010280808695136387,0.013251147320795442,False
3.2169999999997567,-0.3289828985770453,1.1411764705882352,1.5058823529411764,-0.12527591121896586,-1.0,-155.6747487467573,-8.76713444417416,0.0015086957587609694,0.013257042073111663,False
3.2179999999997566,-0.3287991920919222,1.1411764705882352,1.5058823529411764,-0.12709944063073036,-1.0,-155.49481553855125,-8.757101706686646,-0.007253419168442422,0.013254169711507202,False
3.2189999999997565,-0.32861467432747776,1.1411764705882352,1.5058823529411764,-0.12892297004249487,-1.0,-155.31525120992774,-8.746913381349888,-0.01600544026175961,0.013242540281796512,False
3.2199999999997564,-0.32842934573899085,1.1411764705882352,1.5058823529411764,-0.13074649945425937,-1.0,-155.13596674173468,-8.736682701396706,-0.02474721380535024,0.013222163955147819,False
3.2209999999997563,-0.3282432067837416,1.1411764705882352,1.5058823529411764,-0.13257002886602387,-1.0,-154.9570334344899,-8.726265947664361,-0.033478723245087244,0.013193050987112,False
3.221999999999756,-0.32805625792100923,1.1411764705882352,1.4941176470588236,-0.13439355827778837,-1.0,-154.77783767138584,-8.715797823624213,-0.04219971054418232,0.013155211770319973,False
3.222999999999756,-0.3278684996120716,1.1411764705882352,1.4941176470588236,-0.13621708768955287,-1.0,-154.5996269299251,-8.705233015507819,-0.050910277994453315,0.013108656777579816,False
3.223999999999756,-0.32767993232020365,1.1411764705882352,1.4941176470588236,-0.13804061710131738,-1.0,-154.4210665296348,-8.69453551212252,-0.059610105474570005,0.01305339658515805,False
3.224999999999756,-0.3274905565106763,1.1411764705882352,1.4941176470588236,-0.13986414651308188,-1.0,-154.24373319750035,-8.683782466786077,-0.06829932249294453,0.012989441874204128,False
3.2259999999997557,-0.32730037265075573,1.1411764705882352,1.4941176470588236,-0.14168767592484638,-1.0,-154.06630662934174,-8.672875680789774,-0.07697759620330123,0.012916803412999724,False
3.2269999999997556,-0.3271093812097016,1.1411764705882352,1.4941176470588236,-0.14351120533661088,-1.0,-153.889163160017,-8.661929974221477,-0.08564504709674114,0.012835492096194006,False
3.2279999999997555,-0.3269175826587663,1.1529411764705881,1.4941176470588236,-0.14533473474837538,-1.0,-153.712292057944,-8.650831552838467,-0.09430139176966197,0.012745518873534438,False
3.2289999999997554,-0.32672497747119367,1.1529411764705881,1.4941176470588236,-0.14715826416013988,-1.0,-153.53575295896295,-8.639677594498869,-0.1029466651599998,0.012646894851858041,False
3.2299999999997553,-0.32653156612221795,1.1529411764705881,1.4941176470588236,-0.1489817935719044,-1.0,-153.3594989786375,-8.628398650515793,-0.11158070665739278,0.012539631161356838,False
3.230999999999755,-0.3263373490890625,1.1529411764705881,1.4941176470588236,-0.1508053229836689,-1.0,-153.1835846933094,-8.617024653582087,-0.12020338731799599,0.012423739123014694,False
3.231999999999755,-0.32614232685093825,1.1529411764705881,1.4941176470588236,-0.1526288523954334,-1.0,-153.00797789478528,-8.605561471259428,-0.12881474356275605,0.012299230051844178,False
3.232999999999755,-0.32594649988904334,1.1529411764705881,1.4941176470588236,-0.1544523818071979,-1.0,-152.8327229432812,-8.593967237344675,-0.13741440758369405,0.012166115486450786,False
3.233999999999755,-0.3257498686865614,1.1529411764705881,1.4941176470588236,-0.1562759112189624,-1.0,-152.65765766121567,-8.582310090296962,-0.14600268732609534,0.012024406932601511,False
3.2349999999997547,-0.3255524337286603,1.1529411764705881,1.4941176470588236,-0.1580994406307269,-1.0,-152.4828424737139,-8.570509040339502,-0.15457891117140005,0.01187411614450996,False
3.23562832641577,-0.3254279691780926,1.1529411764705881,1.4941176470588236,-0.1599229700424914,-1.0,-152.385404565636,-8.55864444386417,-0.16314372025022614,0.011715254822456932,False
3.2359999999997546,-0.3253541955024911,1.1529411764705881,1.4941176470588236,-0.1617464994542559,-1.0,-159.66513830476967,-8.54665134594781,-0.17169608692039573,0.011547834930236872,False
3.2369999999997545,-0.3251551544971871,1.1529411764705881,1.4941176470588236,-0.1635700288660204,-1.0,-168.3321963222109,-8.534570511641892,-0.18023702778616787,0.011371868367500433,False
3.2379999999997544,-0.3249553112038621,1.1529411764705881,1.4941176470588236,-0.1653935582777849,-1.0,-170.68687071957908,-8.522401106299755,-0.18876513473958248,0.011187367296885957,False
3.2389999999997543,-0.32475466611560955,1.1529411764705881,1.4941176470588236,-0.1672170876895494,-1.0,-171.22438803874905,-8.51010841348057,-0.19728181461453906,0.010994343818788263,False
3.239999999999754,-0.3245532197275012,1.1529411764705881,1.4941176470588236,-0.1690406171013139,-1.0,-171.2393536478445,-8.497766723917978,-0.20578528286522535,0.010792810279009748,False
3.240999999999754,-0.3243509725365861,1.1529411764705881,1.4941176470588236,-0.17080532298366666,-1.0,-171.10331659016455,-8.485281737965229,-0.21427731538908726,0.010582778979414592,False
3.241999999999754,-0.3241479250418892,1.1529411764705881,1.4941176470588236,-0.1725700288660194,-1.0,-170.92458480544806,-8.472747427024903,-0.22275578691369766,0.010364262434659557,False
3.242999999999754,-0.3239440777444097,1.1529411764705881,1.4941176470588236,-0.17433473474837216,-1.0,-170.73379833224308,-8.460062307307613,-0.23122276199472638,0.010137273163550047,False
3.2439999999997537,-0.32373943114712067,1.1529411764705881,1.4941176470588236,-0.1760994406307249,-1.0,-170.53944815479818,-8.447334922341033,-0.23967586923833464,0.009901823851086781,False
3.2449999999997536,-0.32353398575496733,1.1529411764705881,1.4941176470588236,-0.17786414651307766,-1.0,-170.3438737924382,-8.434469933981664,-0.24811737465115033,0.00965792723692206,False
3.2459999999997535,-0.32332774207486564,1.1529411764705881,1.4941176470588236,-0.17962885239543042,-1.0,-170.14822167662024,-8.421520376409246,-0.256544762469445,0.009405596167852697,False
3.2469999999997534,-0.32312070061570153,1.1529411764705881,1.4941176470588236,-0.18133473474837142,-1.0,-169.95296046205505,-8.408492545698579,-0.2649603697408196,0.009144843614291055,False
3.2479999999997533,-0.322912861888329,1.1529411764705881,1.4941176470588236,-0.18304061710131242,-1.0,-169.75748212594786,-8.395335864476944,-0.27336169754970346,0.008875682576349703,False
3.248999999999753,-0.3227042264055697,1.1529411764705881,1.4941176470588236,-0.18474649945425342,-1.0,-169.5618902632839,-8.38212492721882,-0.281750988348003,0.008598126250741153,False
3.249999999999753,-0.3224947946822108,1.1529411764705881,1.5058823529411764,-0.18645238180719442,-1.0,-169.36653225676878,-8.368769629947154,-0.290125909023444,0.008312187794163766,False
3.250999999999753,-0.32228456723500426,1.1529411764705881,1.5058823529411764,-0.18815826416013542,-1.0,-169.17137060440098,-8.355360836478692,-0.2984884554347098,0.008017880633813973,False
3.251999999999753,-0.32207354458266546,1.1529411764705881,1.5058823529411764,-0.18986414651307643,-1.0,-168.97633733186962,-8.341827951972292,-0.3068366210695931,0.007715218084582264,False
3.2529999999997528,-0.32186172724587175,1.1529411764705881,1.5058823529411764,-0.19157002886601743,-1.0,-168.78143686757687,-8.328214159051072,-0.315172007529158,0.007404213796122565,False
3.2539999999997526,-0.32164911574726157,1.1529411764705881,1.5058823529411764,-0.19327591121895843,-1.0,-168.5866802459177,-8.31451154560042,-0.32349307376285413,0.007084881242234022,False
3.2549999999997525,-0.3214357106114323,1.1529411764705881,1.5058823529411764,-0.19434776216392588,-1.0,-168.39206319742735,-8.300691108715517,-0.3318008934847369,0.006757234287482306,False
3.2559999999997524,-0.32122151236494006,1.1529411764705881,1.5058823529411764,0.0,-1.0,-168.19757504715133,-8.286819802929902,-0.3400945118196612,0.006421286570490506,False
3.2569999999997523,-0.32100652153629783,1.1529411764705881,1.5058823529411764,0.0,-1.0,-168.00324207222727,-8.272806144386784,-0.3483743734902797,0.006077052158479475,False
3.257999999999752,-0.32079073865597396,1.1529411764705881,1.5058823529411764,-0.0006340314079735398,-1.0,-167.8090530328847,-8.258755404278979,-0.3566401938365834,0.005724544860884163,False
3.258999999999752,-0.32057416425639135,1.1529411764705881,1.5058823529411764,-0.002339913760914529,-1.0,-167.61499483637962,-8.244565571549836,-0.36489172230034,0.0053637789337001186,False
3.259999999999752,-0.32035679887192575,1.1529411764705881,1.5058823529411764,-0.004045796113855519,-1.0,-167.4211224912975,-8.23032247390066,-0.3731293868120817,0.004994768367362738,False
3.260999999999752,-0.3201386430389047,1.1529411764705881,1.5058823529411764,-0.005751678466796508,-1.0,-167.227357367351,-8.215967055825047,-0.3813522218662889,0.004617527592455819,False
3.2619999999997518,-0.319919697295606,1.1529411764705881,1.5058823529411764,-0.007457560819737498,-1.0,-167.0337649803093,-8.201521279046837,-0.3895613569013125,0.004232070795234962,False
3.2629999999997517,-0.31969996218225644,1.1529411764705881,1.5058823529411764,-0.009163443172678486,-1.0,-166.8403311042232,-8.187001561159297,-0.39775514904030274,0.0038384125685751815,False
3.2639999999997515,-0.31947943824103064,1.1529411764705881,1.5058823529411764,-0.010869325525619476,-1.0,-166.64706544598727,-8.172355286938314,-0.4059353631879305,0.003436567310214611,False
3.2649999999997514,-0.3192581260160496,1.1529411764705881,1.5058823529411764,-0.012575207878560465,-1.0,-166.4539365360077,-8.15766017205458,-0.41409977457900743,0.003026549763105495,False
3.2659999999997513,-0.31903602605337916,1.1529411764705881,1.5058823529411764,-0.014281090231501455,-1.0,-166.26099151272004,-8.14282723808648,-0.42225065990068295,0.0026083745505424455,False
3.266999999999751,-0.31881313890102875,1.1529411764705881,1.5058823529411764,-0.015986972584442444,-1.0,-166.06820080757268,-8.127920124079923,-0.43038535480824314,0.002182056559432419,False
3.267999999999751,-0.31858946510895036,1.1529411764705881,1.5058823529411764,-0.017692854937383432,-1.0,-165.8755950209903,-8.112940427545524,-0.43850648315808316,0.0017476106529371723,False
3.268999999999751,-0.3183650052290369,1.1529411764705881,1.5058823529411764,-0.01939873729032442,-1.0,-165.6831692663728,-8.097864636204132,-0.4466111778000765,0.00130505183265075,False
3.269999999999751,-0.31813975981512077,1.1529411764705881,1.5058823529411764,-0.021104619643265408,-1.0,-165.49097991205255,-8.082706722280813,-0.45470216180905193,0.0008543951835310784,False
3.2709999999997508,-0.31791372942297264,1.1529411764705881,1.5058823529411764,-0.022810501996206396,-1.0,-165.29877667119536,-8.067434860838484,-0.4627765537358566,0.0003956558298361401,False
3.2719999999997507,-0.3176869146103,1.1529411764705881,1.5058823529411764,-0.024575207878559144,-1.0,-165.10712104619964,-8.052114825396364,-0.47083696803666664,-7.11509022447353e-05,False
3.2729999999997506,-0.3174593159367459,1.1529411764705881,1.5058823529411764,-0.026339913760911892,-1.0,-164.91540085707177,-8.055187909195572,-0.4668073625383176,0.0001632598589429781,False
3.2739999999997504,-0.31723093396388746,1.1529411764705881,1.5058823529411764,-0.02810461964326464,-1.0,-164.72385428025075,-8.053643259843152,-0.46882094165316707,4.63063211857657e-05,False
3.2749999999997503,-0.3170017692552344,1.1529411764705881,1.5058823529411764,-0.02986932552561739,-1.0,-164.53248254793183,-8.052866429765084,-0.46982759478140684,-1.2359211015738472e-05,False
3.2759999999997502,-0.3167718223762279,1.1529411764705881,1.5058823529411764,-0.03163403140797014,-1.0,-164.3413008989671,-8.053253042062725,-0.469324279576117,1.6989283575078783e-05,False
3.27699999999975,-0.3165410938942391,1.1529411764705881,1.5058823529411764,-0.03339873729032288,-1.0,-164.15030454767785,-8.053060208924366,-0.4695759420721456,2.3189678657126143e-06,False
3.27799999999975,-0.3163095843785677,1.1529411764705881,1.5058823529411764,-0.035163443172675626,-1.0,-163.95950279130736,-8.052956874984895,-0.46970177131100765,-5.019139163901507e-06,False
3.27899999999975,-0.3160772944004401,1.1529411764705881,1.5058823529411764,-0.03692814905502837,-1.0,-163.76881329841234,-8.053008078744247,-0.4696388568661951,-1.3498398877394584e-06,False
3.27999999999975,-0.31584422453300887,1.1647058823529413,1.5058823529411764,-0.038692854937381116,-1.0,-163.57840633446315,-8.053035976404201,-0.4696073995173094,4.846254295477837e-07,False
3.2809999999997497,-0.3156103753513507,1.1647058823529413,1.5058823529411764,-0.04045756081973386,-1.0,-163.38795560564216,-8.05301829558248,-0.4696231282020571,-4.325918690762991e-07,False
3.2819999999997496,-0.3153757474324653,1.1647058823529413,1.5058823529411764,-0.042222266702086605,-1.0,-163.19794663873992,-8.05302717700491,-0.4696152638637639,2.6020620168417076e-08,False
3.2829999999997495,-0.3151403413552737,1.1647058823529413,1.5058823529411764,-0.04398697258443935,-1.0,-163.00806793988204,-8.0530223900889,-0.469619196033817,-2.0328466455137814e-07,False
3.2839999999997493,-0.31490415770061697,1.1647058823529413,1.5058823529411764,-0.045751678466792095,-1.0,-162.8184391612585,-8.053024798928819,-0.4696172299490727,-8.863178218913498e-08,False
3.2849999999997492,-0.3146671970512548,1.1647058823529413,1.5058823529411764,-0.04751638434914484,-1.0,-162.62915394843625,-8.053025995293149,-0.4696162469064885,-3.1305521009760015e-08,False
3.285999999999749,-0.3144294599918641,1.1647058823529413,1.5058823529411764,-0.049281090231497585,-1.0,-162.4400645774204,-8.053026592873787,-0.46961575538514505,-2.6424355247956294e-09,False
3.286999999999749,-0.31419094710903733,1.1647058823529413,1.5058823529411764,-0.05104579611385033,-1.0,-162.25123964283208,-8.053047565481405,-0.46961768776686413,-2.777466656420444e-09,False
3.287999999999749,-0.31395165899128136,1.1647058823529413,1.5058823529411764,-0.052810501996203074,-1.0,-162.06247088950565,24.190340525750408,0.46961768776686413,-2.777466656420444e-09,True
3.288999999999749,-0.31371159622901584,1.1647058823529413,1.5058823529411764,-0.05457520787855582,-1.0,-161.87375321015426,-8.046453413279114,0.47083899614915353,7.114566252248416e-05,False
3.2899999999997487,-0.313470759414572,1.1647058823529413,1.5058823529411764,-0.056339913760908564,-1.0,-161.6853981599686,-8.236608094410064,0.46269845027532724,0.0005379143576987626,False
3.2909999999997486,-0.3132291491421903,1.1647058823529413,1.5058823529411764,-0.05810461964326131,-1.0,-161.49723001136414,-8.867304824751463,0.4541455897817918,0.000996336380783323,False
3.2919999999997485,-0.3129867660080203,1.1647058823529413,1.5058823529411764,-0.05986932552561405,-1.0,-161.3093626894926,-9.045519845901485,0.4451899898354986,0.0014460041353507114,False
3.2929999999997484,-0.31274361061011824,1.1647058823529413,1.5058823529411764,-0.0616340314079668,-1.0,-161.12157058381615,-9.093498747959783,0.4361197787613953,0.0018866590312457444,False
3.2939999999997482,-0.312499683548446,1.1647058823529413,1.5058823529411764,-0.06339873729031954,-1.0,-160.93455213641795,-9.103903712297617,0.4270216633110963,0.0023182297118767062,False
3.294999999999748,-0.3122549854248692,1.1647058823529413,1.5058823529411764,-0.0651634431726723,-1.0,-160.74715844405227,-9.10340398187689,0.41791755267722014,0.0027406993376797575,False
3.295999999999748,-0.31200951684315625,1.1647058823529413,1.5058823529411764,-0.06692814905502505,-1.0,-160.56015897632167,-9.099680584703979,0.40881633792332506,0.0031540662397802435,False
3.296999999999748,-0.31176327840897644,1.1647058823529413,1.5058823529411764,-0.0686928549373778,-1.0,-160.3734802938622,-9.094914200847779,0.3997188493080426,0.003558333854818371,False
3.297999999999748,-0.3115162707298986,1.1647058823529413,1.5058823529411764,-0.07045756081973055,-1.0,-160.18688148268555,-9.089853232642978,0.390626525368218,0.003953506498687176,False
3.2989999999997477,-0.31126849441538973,1.1647058823529413,1.5058823529411764,-0.0722222667020833,-1.0,-160.00086809111656,-9.084527632290943,0.3815394078929317,0.004339589487728183,False
3.2999999999997476,-0.3110199500768131,1.1647058823529413,1.5058823529411764,-0.07398697258443605,-1.0,-159.81487055522058,-9.079124012449556,0.3724573859087663,0.004716587843289225,False
3.3009999999997475,-0.31077063832742746,1.1647058823529413,1.5058823529411764,-0.0757516784667888,-1.0,-159.62910036474864,-9.073559321033091,0.3633813598229044,0.005084507237156612,False
3.3019999999997474,-0.3105205597823843,1.1647058823529413,1.5058823529411764,-0.07745756081972979,-1.0,-159.44356965954927,-9.067915819382412,0.35431020053982615,0.005443352980173955,False
3.3029999999997472,-0.3102697150587279,1.1647058823529413,1.5058823529411764,-0.07916344317267078,-1.0,-159.25828748460003,-9.062140862901533,0.3452456923090026,0.005793130944244834,False
3.303999999999747,-0.31001810477539254,1.1647058823529413,1.5058823529411764,-0.08086932552561177,-1.0,-159.07317079036326,-9.056250507263016,0.3361858939944418,0.006133846705966782,False
3.304999999999747,-0.30976572955320164,1.1647058823529413,1.5058823529411764,-0.08257520787855276,-1.0,-158.88837770663872,-9.050267579411154,0.3271333097411705,0.006465506320740375,False
3.305999999999747,-0.309512590014866,1.1647058823529413,1.5058823529411764,-0.08428109023149374,-1.0,-158.703615180168,-9.044138537694778,0.3180853769321981,0.006788115639386512,False
3.306999999999747,-0.3092586867849822,1.1647058823529413,1.5058823529411764,-0.08598697258443473,-1.0,-158.51974116682328,-9.037942088279816,0.30904510963045534,0.007101680890002633,False
3.3079999999997467,-0.3090040204900313,1.1647058823529413,1.5058823529411764,-0.08769285493737572,-1.0,-158.33531751580475,-9.031585360433883,0.30000954692316656,0.0074062082007805,False
3.3089999999997466,-0.30874859175837704,1.1647058823529413,1.5058823529411764,-0.08939873729031671,-1.0,-158.1514091409029,-9.0251617825505,0.29098198642230116,0.007701703968897989,False
3.3099999999997465,-0.30849240122026433,1.1647058823529413,1.5058823529411764,-0.0911046196432577,-1.0,-157.96841077233773,-9.018596223766709,0.28195929656158264,0.007988174600041729,False
3.3109999999997464,-0.308235449507818,1.1647058823529413,1.5058823529411764,-0.09281050199619868,-1.0,-157.7846782788137,-9.011932519318751,0.2729448298111399,0.008265626658939403,False
3.3119999999997463,-0.3079777372550408,1.1647058823529413,1.5058823529411764,-0.09451638434913967,-1.0,-157.60185785087168,-9.005162688128113,0.26393551223239214,0.008534066826295946,False
3.312999999999746,-0.30771926509781217,1.1647058823529413,1.5058823529411764,-0.09622226670208066,-1.0,-157.41921383850197,-8.998259921989936,0.2549345340074326,0.00879350183998131,False
3.313999999999746,-0.3074600336738863,1.1647058823529413,1.5058823529411764,-0.09792814905502165,-1.0,-157.23679635584932,-8.991276158284206,0.24593908152421132,0.009043938649910172,False
3.314999999999746,-0.307200043622891,1.1647058823529413,1.5058823529411764,-0.09963403140796263,-1.0,-157.0541781773182,-8.984168440209586,0.23695198828557074,0.009285384171184321,False
3.315999999999746,-0.30693929558632593,1.1647058823529413,1.5058823529411764,-0.10133991376090362,-1.0,-156.8724185106734,-8.97696558736859,0.22797085604277773,0.009517845600148548,False
3.3169999999997457,-0.3066777902075609,1.1647058823529413,1.5058823529411764,-0.10304579611384461,-1.0,-156.6912166502518,-8.969616861663761,0.2189980624823128,0.009741330042813018,False
3.3179999999997456,-0.30641552813183454,1.1647058823529413,1.5058823529411764,-0.1047516784667856,-1.0,-156.5098578748842,-8.962194990758714,0.21003173125512492,0.009955844949698714,False
3.3189999999997455,-0.3061525100062523,1.1647058823529413,1.5058823529411764,-0.10645756081972658,-1.0,-156.32884066604458,-8.954647671895259,0.2010736623811273,0.010161397628352099,False
3.3199999999997454,-0.30588873647978543,1.1647058823529413,1.5058823529411764,-0.10816344317266757,-1.0,-156.1481465791915,-8.946994996313526,0.19212256257648658,0.010357995752567283,False
3.3209999999997453,-0.3056242082032687,1.1647058823529413,1.5058823529411764,-0.10986932552560856,-1.0,-155.9678633119648,-8.939259365675436,0.18317964254371757,0.010545646836816842,False
3.321999999999745,-0.3053589258293995,1.1647058823529413,1.5058823529411764,-0.11157520787854955,-1.0,-155.78746307427656,-8.931357161639504,0.17424419628691612,0.01072435876826674,False
3.322999999999745,-0.30509289001273565,1.1647058823529413,1.5058823529411764,-0.11328109023149054,-1.0,-155.60751307188096,-8.923398758733505,0.1653168924945221,0.010894139295471979,False
3.323999999999745,-0.30482610140969413,1.1764705882352942,1.5058823529411764,-0.11498697258443152,-1.0,-155.42788771016632,-8.91529018246909,0.15639753284579647,0.011054996519267273,False
3.324999999999745,-0.3045585606785493,1.1764705882352942,1.5058823529411764,-0.11669285493737251,-1.0,-155.24805546328412,-8.907118561520042,0.1474862919041497,0.01120693841657389,False
3.3259999999997447,-0.3042902684794312,1.1764705882352942,1.4941176470588236,-0.1183987372903135,-1.0,-155.06915422945528,-8.898798641441536,0.13858341497631535,0.01134997327934341,False
3.3269999999997446,-0.3040212254743242,1.1764705882352942,1.4941176470588236,-0.12010461964325449,-1.0,-154.89052911416704,-8.890405792446288,0.12968869426070562,0.011484109321661115,False
3.3279999999997445,-0.3037514323270652,1.1764705882352942,1.4941176470588236,-0.12181050199619547,-1.0,-154.71245640816912,-8.88189592910842,0.1208026912219684,0.011609355021421304,False
3.3289999999997444,-0.3034808897033419,1.1764705882352942,1.4941176470588236,-0.12351638434913646,-1.0,-154.53429519060458,-8.873258423318564,0.11192494533073222,0.011725718830458033,False
3.3299999999997443,-0.3032095982706915,1.1764705882352942,1.4941176470588236,-0.12522226670207745,-1.0,-154.35648675564468,-8.864545266056979,0.10305622563738304,0.011833209420495495,False
3.330999999999744,-0.30293755869849853,1.1764705882352942,1.4941176470588236,-0.12692814905501845,-1.0,-154.17899228824797,-8.855684713320738,0.09419592281890996,0.011931835488499453,False
3.331999999999744,-0.3026647716579936,1.1764705882352942,1.4941176470588236,-0.12863403140795945,-1.0,-154.0017562866629,-8.846746251877203,0.08534489421402261,0.01202160589926398,False
3.332999999999744,-0.3023912378222516,1.1764705882352942,1.4941176470588236,-0.13033991376090046,-1.0,-153.82486196420848,-8.83767348075717,0.07650250481203157,0.01210252959523064,False
3.333999999999744,-0.3021169578661901,1.1764705882352942,1.4941176470588236,-0.13204579611384146,-1.0,-153.64823494798338,-8.828536137632389,0.06766956704330766,0.012174615631526772,False
3.3349999999997437,-0.3018419324665676,1.1764705882352942,1.4941176470588236,-0.13375167846678246,-1.0,-153.47197346891795,-8.819294083135814,0.05884550188214032,0.012237873164556719,False
3.3359999999997436,-0.301566162301982,1.1764705882352942,1.4941176470588236,-0.13545756081972346,-1.0,-153.29603479477507,-8.809924097210065,0.050031022660347424,0.012292311425947226,False
3.3369999999997435,-0.3012896480528689,1.1764705882352942,1.4941176470588236,-0.13716344317266446,-1.0,-153.12039770793822,-8.800471070552321,0.04122571764619747,0.01233793979606111,False
3.3379999999997434,-0.30101239040149935,1.1764705882352942,1.4941176470588236,-0.13886932552560546,-1.0,-152.94515690850216,-8.79088217509085,0.03243012505701179,0.012374767716034964,False
3.3389999999997433,-0.30073439003197927,1.1764705882352942,1.4941176470588236,-0.14057520787854647,-1.0,-152.7703206855328,-8.781222960712372,0.023644011744889157,0.01240280478499768,False
3.33999159240697,-0.30045799427407344,1.1764705882352942,1.4941176470588236,-0.14228109023148747,-1.0,-152.59723588518884,-8.771431187534581,0.014867723424423529,0.012422060651483043,False
3.339999999999743,-0.3004556476302469,1.1764705882352942,1.4941176470588236,-0.14398697258442847,-1.0,-152.796013567408,-8.761561560754588,0.006101207954947009,0.012432545117576042,False
3.340999999999743,-0.3001761638840714,1.1764705882352942,1.4941176470588236,-0.14569285493736947,-1.0,-166.15826224569582,-8.751559083530266,-0.0026553496157259186,0.012434268046618601,False
3.341999999999743,-0.2998959394830512,1.1764705882352942,1.4941176470588236,-0.14739873729031047,-1.0,-169.86493831502887,-8.74146276330251,-0.011401851096575627,0.01242723944588961,False
3.342999999999743,-0.29961497511861207,1.1764705882352942,1.4941176470588236,-0.14910461964325147,-1.0,-170.79207773300922,-8.731271187467756,-0.020138234870077657,0.012411469404262831,False
3.3439999999997427,-0.2993332714840057,1.1764705882352942,1.4941176470588236,-0.15081050199619248,-1.0,-170.91935355479504,-8.72096194147867,-0.028864332620668325,0.012386968118980228,False
3.3449999999997426,-0.29905082927430776,1.1764705882352942,1.4941176470588236,-0.1524575608197217,-1.0,-170.81590562582068,-8.710575328106781,-0.03758011640065323,0.012353745897562938,False
3.3459999999997425,-0.2987676491864164,1.1764705882352942,1.4941176470588236,-0.15410461964325092,-1.0,-170.6468029344712,-8.700061944003643,-0.04628542932523513,0.012311813121894069,False
3.3469999999997424,-0.2984837319190502,1.1764705882352942,1.4941176470588236,-0.1556928549373684,-1.0,-170.45887382726536,-8.68947625278687,-0.05498018893365032,0.012261180317557867,False
3.3479999999997423,-0.29819907817274693,1.1764705882352942,1.4941176470588236,-0.15728109023148587,-1.0,-170.26549632042133,-8.678749824261683,-0.06366433204876358,0.012201858053187024,False
3.348999999999742,-0.29791368864986156,1.1764705882352942,1.4941176470588236,-0.15886932552560334,-1.0,-170.07100407486539,-8.667922283856301,-0.07233761234258868,0.012133857087163937,False
3.349999999999742,-0.297627564054564,1.1764705882352942,1.4941176470588236,-0.16045756081972082,-1.0,-169.8757473000327,-8.657024666321876,-0.0810001715134568,0.012057188190753342,False
3.350999999999742,-0.29734070509283833,1.1764705882352942,1.4941176470588236,-0.1620457961138383,-1.0,-169.6805541942389,-8.646010982389116,-0.08965156996122715,0.011971862326994646,False
3.351999999999742,-0.29705311247248073,1.1764705882352942,1.4941176470588236,-0.16363403140795577,-1.0,-169.4853790973658,-8.634914349554817,-0.09829218815861668,0.011877890443548794,False
3.3529999999997417,-0.2967647869030972,1.1764705882352942,1.4941176470588236,-0.16522226670207324,-1.0,-169.29040329221138,-8.623681183829872,-0.10692129240184028,0.011775283710279121,False
3.3539999999997416,-0.29647572909610254,1.1764705882352942,1.4941176470588236,-0.1668105019961907,-1.0,-169.09552795436437,-8.612396467383135,-0.11553956292764148,0.011664053279198396,False
3.3549999999997415,-0.29618593976471813,1.1764705882352942,1.5058823529411764,-0.1683987372903082,-1.0,-168.90077873419466,-8.60096922052586,-0.12414597635409806,0.011544210515696167,False
3.3559999999997414,-0.2958954196239703,1.1764705882352942,1.5058823529411764,-0.16998697258442566,-1.0,-168.70616258605892,-8.589464664726309,-0.1327414979883805,0.011415766777054937,False
3.3569999999997413,-0.2956041693906887,1.1764705882352942,1.5058823529411764,-0.17157520787854313,-1.0,-168.51167140451048,-8.577835854655955,-0.1413248112285666,0.011278733626763135,False
3.357999999999741,-0.2953121897835042,1.1764705882352942,1.5058823529411764,-0.1731634431726606,-1.0,-168.31735039210798,-8.566128051795562,-0.14989715736056972,0.011133122643920978,False
3.358999999999741,-0.2950194815228475,1.1764705882352942,1.5058823529411764,-0.17475167846677808,-1.0,-168.12314271320537,-8.554323703131365,-0.1584569972798382,0.01097894556820079,False
3.359999999999741,-0.29472604533094743,1.1764705882352942,1.5058823529411764,-0.17633991376089556,-1.0,-167.92908770779715,-8.542405607659498,-0.16700576197065128,0.010816214193804252,False
3.360999999999741,-0.2944318819318281,1.1764705882352942,1.5058823529411764,-0.17791479581943223,-1.0,-167.735166118052,-8.530427584197165,-0.17554177190779208,0.010644940425037674,False
3.3619999999997408,-0.2941369920513088,1.1764705882352942,1.5058823529411764,0.0,-1.0,-167.5414063207724,-8.518297048278956,-0.18406653775540566,0.010465136279821253,False
3.3629999999997406,-0.29384137641700087,1.1764705882352942,1.5058823529411764,0.0,-1.0,-167.3477756331164,-8.506110827638508,-0.1925783501403729,0.010276813830223894,False
3.3639999999997405,-0.29354503575830654,1.188235294117647,1.5058823529411764,-1.3353235580800226e-05,-1.0,-167.15433822771362,-8.493781812970184,-0.20107866499042068,0.010079985336920134,False
3.3649999999997404,-0.2932479708064169,1.188235294117647,1.5058823529411764,-0.0016015885296982724,-1.0,-166.9610151314287,-8.481392670859739,-0.2095659160685021,0.009874663036928574,False
3.3659999999997403,-0.29295018229431025,1.188235294117647,1.5058823529411764,-0.0031898238238157444,-1.0,-166.76772180429168,-8.468892134043195,-0.21804135088556856,0.009660859422194558,False
3.36699999999974,-0.29265167095675004,1.188235294117647,1.5058823529411764,-0.0047780591179332164,-1.0,-166.57505383931536,-8.456291677963332,-0.22650370295804848,0.009438586882436794,False
3.36799999999974,-0.2923524375302835,1.188235294117647,1.5058823529411764,-0.0063662944120506885,-1.0,-166.38209474367292,-8.443616143197351,-0.23495383341320183,0.009207858136875767,False
3.36899999999974,-0.2920524827532392,1.188235294117647,1.5058823529411764,-0.00795452970616816,-1.0,-166.18938574413573,-8.430810279013388,-0.24339094069418468,0.00896868573446026,False
3.36999999999974,-0.29175180736572576,1.188235294117647,1.5058823529411764,-0.009542765000285633,-1.0,-165.99689235466343,-8.417955217720321,-0.25181534964401353,0.00872108261482277,False
3.3709999999997398,-0.29145041210962985,1.188235294117647,1.5058823529411764,-0.011131000294403105,-1.0,-165.80455914473956,-8.404949136253203,-0.26022686026658537,0.008465061493181577,False
3.3719999999997397,-0.2911482977286145,1.188235294117647,1.5058823529411764,-0.012719235588520577,-1.0,-165.61239870367677,-8.391907677116878,-0.2686251388211161,0.008200635520810651,False
3.3729999999997395,-0.29084546496811653,1.188235294117647,1.5058823529411764,-0.014307470882638049,-1.0,-165.42043175234258,-8.378728896722125,-0.2770107001538522,0.0079278175847808,False
3.3739999999997394,-0.2905419145753458,1.188235294117647,1.5058823529411764,-0.015895706176755522,-1.0,-165.22857930338947,-8.365464825088258,-0.2853824569877244,0.007646621033537348,False
3.3749999999997393,-0.29023764729928275,1.188235294117647,1.5058823529411764,-0.017483941470872996,-1.0,-165.03697926040832,-8.352113184272289,-0.29374168112992793,0.007357058949718216,False
3.375999999999739,-0.28993266389067673,1.188235294117647,1.5058823529411764,-0.01907217676499047,-1.0,-164.845541984765,-8.338637688922063,-0.3020865259589309,0.007059144872020984,False
3.376999999999739,-0.2896269651020439,1.188235294117647,1.5058823529411764,-0.020660412059107944,-1.0,-164.6542760475078,-8.325122908097429,-0.3104190264444289,0.0067528920845761975,False
3.377999999999739,-0.28932055168766563,1.188235294117647,1.5058823529411764,-0.022248647353225418,-1.0,-164.4631973630492,-8.311455269123586,-0.31873660906597423,0.0064383142895086615,False
3.378999999999739,-0.2890134244035866,1.188235294117647,1.5058823529411764,-0.02389570617675465,-1.0,-164.2722965614874,-8.297745981688097,-0.327041992359888,0.006115424982815988,False
3.3799999999997388,-0.2887055840076128,1.188235294117647,1.5058823529411764,-0.02554276500028388,-1.0,-164.08159116674798,-8.283900066420982,-0.3353319634291032,0.0057842380228504435,False
3.3809999999997387,-0.2883970312593099,1.188235294117647,1.5058823529411764,-0.02718982382381311,-1.0,-163.891084585948,-8.269996251522144,-0.34360981872182444,0.005444767132667723,False
3.3819999999997385,-0.288087766920001,1.188235294117647,1.5058823529411764,-0.02883688264734234,-1.0,-163.70079159855797,-8.25595445023921,-0.3518718419242556,0.005097026314140663,False
3.3829999999997384,-0.2877777917527652,1.188235294117647,1.5058823529411764,-0.03048394147087157,-1.0,-163.51074918593056,-8.241854005120377,-0.36012172576983453,0.004741029539334511,False
3.3839999999997383,-0.28746710652243557,1.188235294117647,1.5058823529411764,-0.0321310002944008,-1.0,-163.3207275888736,-8.22764684737247,-0.3683554817449806,0.004376790940273475,False
3.384999999999738,-0.2871557119955967,1.188235294117647,1.5058823529411764,-0.03377805911793003,-1.0,-163.1312652084557,-8.21336150016311,-0.3765769752160799,0.004004324729745414,False
3.385999999999738,-0.2868436089405838,1.188235294117647,1.5058823529411764,-0.035425117941459264,-1.0,-162.94176990692353,-8.199007520992518,-0.3847821894807153,0.003623645144625172,False
3.386999999999738,-0.28653079812748006,1.188235294117647,1.5058823529411764,-0.037072176764988495,-1.0,-162.75246782205664,-8.184514582903448,-0.3929748805983806,0.0032347666365769292,False
3.387999999999738,-0.2862172803281152,1.188235294117647,1.5058823529411764,-0.03866041205910597,-1.0,-162.56336728883494,-8.169971416809865,-0.40115124739136904,0.0028377035626796963,False
3.3889999999997378,-0.28590305631606316,1.188235294117647,1.5058823529411764,-0.04024864735322344,-1.0,-162.37447745885038,-8.155308292098763,-0.4093146888006726,0.002432470630043157,False
3.3899999999997377,-0.28558812686664037,1.188235294117647,1.5058823529411764,-0.041836882647340916,-1.0,-162.18579834875115,-8.140569320081617,-0.41746191267823995,0.002019082313292971,False
3.3909999999997376,-0.28527249275690403,1.188235294117647,1.5058823529411764,-0.04342511794145839,-1.0,-161.99733500037453,-8.12574416793539,-0.42559567872292847,0.00159755356028386,False
3.3919999999997374,-0.28495615476564995,1.188235294117647,1.5058823529411764,-0.04501335323557586,-1.0,-161.80900967019377,-8.110808622409184,-0.43371346039950487,0.0011678989702065242,False
3.3929999999997373,-0.2846391136734106,1.188235294117647,1.5058823529411764,-0.04660158852969334,-1.0,-161.6210065528621,-8.095818826942859,-0.44181713825461844,0.0007301337190412851,False
3.3939999999997372,-0.28432137026245347,1.188235294117647,1.5058823529411764,-0.04818982382381081,-1.0,-161.4326577356541,-8.080689587018165,-0.44990516376893563,0.00028427254506577384,False
3.394999999999737,-0.28400292531677873,1.188235294117647,1.5058823529411764,-0.049778059117928285,-1.0,-161.24510076407597,-8.065512062692541,-0.4579783457060901,-0.00016966915815179787,False
3.395999999999737,-0.2836837796221178,1.188235294117647,1.5058823529411764,-0.05136629441204576,-1.0,-161.05809761281938,-8.068496885521977,-0.4539424620023723,5.8310652102201375e-05,False
3.396999999999737,-0.28336393396593074,1.188235294117647,1.5058823529411764,-0.05295452970616323,-1.0,-160.87092489588497,-8.06700297478954,-0.4559594265616005,-5.5427084432613593e-05,False
3.397999999999737,-0.28304338913740495,1.188235294117647,1.5058823529411764,-0.054542765000280706,-1.0,-160.68403773933272,-8.06775291859881,-0.4549509889603823,1.5048117123667268e-06,False
3.3989999999997367,-0.28272214592745293,1.2,1.5058823529411764,-0.05613100029439818,-1.0,-160.497438250175,-8.067377887589858,-0.455455206070287,-2.6945381560005424e-05,False
3.3999999999997366,-0.2824002051287105,1.2,1.5058823529411764,-0.057719235588515654,-1.0,-160.3109122765879,-8.067565277442359,-0.45520310139477965,-1.2716345804055175e-05,False
3.4009999999997365,-0.2820775675355344,1.2,1.5058823529411764,-0.05930747088263313,-1.0,-160.1249675778674,-8.06765755077199,-0.45507704613622796,-5.604782242993075e-06,False
3.4019999999997363,-0.281754233944001,1.2,1.5058823529411764,-0.0608957061767506,-1.0,-159.93903098783224,-8.067704336587136,-0.4550140177904871,-2.0497390616892504e-06,False
3.4029999999997362,-0.28143020515190365,1.2,1.5058823529411764,-0.062483941470868075,-1.0,-159.75324303622924,-8.067729283664494,-0.45498250343901425,-2.724021234302776e-07,False
3.403999999999736,-0.2811054819587513,1.2,1.5058823529411764,-0.06407217676498554,-1.0,-159.5677484225517,-8.067742065024547,-0.45496674621589367,6.162201823224237e-07,False
3.404999999999736,-0.28078006516576604,1.2,1.5058823529411764,-0.06566041205910302,-1.0,-159.38232101275477,-8.067735469211604,-0.45497462483246787,1.7191287649754282e-07,False
3.405999999999736,-0.2804539555758815,1.2,1.5058823529411764,-0.06724864735322049,-1.0,-159.19759675683198,-8.067731768604462,-0.45497856413760074,-5.024366173771728e-08,False
3.406999999999736,-0.28012715399374066,1.2,1.5058823529411764,-0.06883688264733796,-1.0,-159.0126962555991,-8.067733650997509,-0.45497659448531835,6.083484781489876e-08,False
3.4079999999997357,-0.2797996612256942,1.2,1.5058823529411764,-0.07042511794145544,-1.0,-158.82808693857902,-8.067732719306331,-0.45497757931153565,5.29565314730743e-09,False
3.4089999999997356,-0.2794714780797975,1.2,1.5058823529411764,-0.07201335323557291,-1.0,-158.6439718335609,-8.06773223224997,-0.45497807172458876,-2.2473989167021176e-08,False
3.4099999999997355,-0.2791426053658101,1.2,1.5058823529411764,-0.07360158852969038,-1.0,-158.45999421230465,-8.067732462490383,-0.45497782551806876,-8.589164354085899e-09,False
3.4109999999997354,-0.2788130438951927,1.2,1.5058823529411764,-0.07518982382380786,-1.0,-158.27620935570965,-8.067733995284534,-0.4549784188984046,-8.56347612496549e-09,False
3.4119999999997352,-0.27848279448110547,1.2,1.5058823529411764,-0.07677805911792533,-1.0,-158.09283334315566,24.229620832042265,0.4549784188984046,-8.56347612496549e-09,True
3.412999999999735,-0.278151857938406,1.2,1.5058823529411764,-0.0783662944120428,-1.0,-157.90963426815898,-8.064779453860499,0.4579823330930877,0.00016965312585709978,False
3.413999999999735,-0.2778202350836474,1.2,1.5058823529411764,-0.07995452970616028,-1.0,-157.72661618697106,-8.455919424558148,0.4497230072676622,0.0006235058131706867,False
3.414999999999735,-0.27748792673507594,1.2,1.5058823529411764,-0.08154276500027775,-1.0,-157.54437290092898,-8.920302132953355,0.4410337798197294,0.0010688841664545526,False
3.415999999999735,-0.27715493371262956,1.2,1.5058823529411764,-0.08313100029439523,-1.0,-157.36222852413286,-9.050613010334665,0.43204951537051084,0.001505425822896805,False
3.4169999999997347,-0.2768212568379354,1.2,1.5058823529411764,-0.0847192355885127,-1.0,-157.18023081784187,-9.084659836083786,0.4229806366600138,0.00193294086968477,False
3.4179999999997346,-0.276486896934308,1.2,1.5058823529411764,-0.08630747088263017,-1.0,-156.99798781225056,-9.09091774040927,0.4138941221804497,0.0023513782487605637,False
3.4189999999997345,-0.2761518548267473,1.2,1.5058823529411764,-0.08789570617674765,-1.0,-156.8162377500043,-9.089112898430598,0.4048028272745122,0.002760726705774123,False
3.4199999999997344,-0.27581613134193617,1.2,1.5058823529411764,-0.08948394147086512,-1.0,-156.63487635980132,-9.084871388221961,0.39571710322680825,0.0031609866613045885,False
3.4209999999997343,-0.27547972730823894,1.2,1.5058823529411764,-0.0910721767649826,-1.0,-156.45387332703797,-9.079937916672746,0.38663346681584243,0.003552161939783605,False
3.421999999999734,-0.2751426435556993,1.2,1.5058823529411764,-0.09266041205910007,-1.0,-156.27310786149826,-9.074635715619602,0.3775573604665986,0.003934257334901767,False
3.422999999999734,-0.27480488091603766,1.2,1.5058823529411764,-0.09418982382380578,-1.0,-156.09279826129747,-9.069195369289586,0.3684843371402056,0.004307278187200283,False
3.423999999999734,-0.27446644022265004,1.2,1.5058823529411764,-0.09571923558851149,-1.0,-155.912540415869,-9.063605637900848,0.3594189601039011,0.00467122980983138,False
3.424999999999734,-0.27412732231060505,1.2,1.5058823529411764,-0.0972486473532172,-1.0,-155.73266269109422,-9.05791792776292,0.35035727587313253,0.005026117939567781,False
3.4259999999997337,-0.2737875280166424,1.2,1.4941176470588236,-0.09877805911792291,-1.0,-155.55303263665448,-9.05212547584419,0.34130306844396835,0.005371948080218558,False
3.4269999999997336,-0.2734470581791708,1.2,1.4941176470588236,-0.10030747088262862,-1.0,-155.3737396251281,-9.046162395969235,0.33225322966132564,0.005708726247037498,False
3.4279999999997335,-0.2731059136382657,1.2,1.4941176470588236,-0.10183688264733433,-1.0,-155.19483116447935,-9.040155583788422,0.3232106439158516,0.006036458149071591,False
3.4289999999997334,-0.2727640952356674,1.2,1.4941176470588236,-0.10336629441204004,-1.0,-155.01604578917974,-9.033973752726052,0.31417313318274015,0.006355150058965577,False
3.4299999999997333,-0.2724216038147788,1.2,1.4941176470588236,-0.10489570617674575,-1.0,-154.83801487175023,-9.027743116944798,0.30514259629548657,0.006664807887995394,False
3.430999999999733,-0.2720784402206636,1.2,1.4941176470588236,-0.10642511794145146,-1.0,-154.65965592073843,-9.021351698731136,0.2961178521357938,0.006965438134770459,False
3.431999999999733,-0.27173460530004345,1.2,1.4941176470588236,-0.10795452970615717,-1.0,-154.48177888689546,-9.014877322056517,0.28709981651861033,0.007257046934548449,False
3.432999999999733,-0.27139009990129703,1.2117647058823529,1.4941176470588236,-0.10948394147086288,-1.0,-154.30424478369417,-9.008289267865871,0.27808826800753356,0.007539640998522811,False
3.433999999999733,-0.27104492487445725,1.2117647058823529,1.4941176470588236,-0.11101335323556859,-1.0,-154.12704876322567,-9.001567652089808,0.269083201464292,0.007813226701674043,False
3.4349999999997327,-0.27069908107120916,1.2117647058823529,1.4941176470588236,-0.1125427650002743,-1.0,-153.95014478653314,-8.994780940634618,0.2600852609239051,0.008077810952056737,False
3.4359999999997326,-0.2703525693448879,1.2117647058823529,1.4941176470588236,-0.11407217676498001,-1.0,-153.77356995753973,-8.987824917597008,0.2510936413643455,0.008333400375977683,False
3.4369999999997325,-0.2700053905504767,1.2117647058823529,1.4941176470588236,-0.11560158852968572,-1.0,-153.59728975288226,-8.980822585971005,0.24210970706897356,0.008580002065583962,False
3.4379999999997324,-0.26965754554460475,1.2117647058823529,1.4941176470588236,-0.11713100029439143,-1.0,-153.42136108211648,-8.97365133573919,0.23313202196871186,0.008817622908197348,False
3.4389999999997323,-0.26930903518554505,1.2117647058823529,1.4941176470588236,-0.11866041205909714,-1.0,-153.24577860917972,-8.96641408724101,0.2241624846738071,0.009046270172261783,False
3.439999999999732,-0.2689598603332123,1.2117647058823529,1.4941176470588236,-0.12018982382380285,-1.0,-153.07067118952662,-8.959042229927993,0.21519922827339064,0.009265951012673138,False
3.44086933898899,-0.26865576975908784,1.2117647058823529,1.4941176470588236,-0.12171923558850856,-1.0,-152.9230138251409,-8.951561852616502,0.20624447566580859,0.009476672870365844,False
3.440999999999732,-0.2686100218491606,1.2117647058823529,1.4941176470588236,-0.12324864735321427,-1.0,-155.70483656405005,-8.943997930458373,0.1972961388819383,0.009678443167502965,False
3.441999999999732,-0.2682595205965818,1.2117647058823529,1.4941176470588236,-0.12477805911791998,-1.0,-166.7782872287177,-8.936278444383841,0.18835655428688333,0.009871269514894265,False
3.442999999999732,-0.267908357440303,1.2117647058823529,1.4941176470588236,-0.1263074708826257,-1.0,-169.8261732145269,-8.928512916868304,0.17942362029035952,0.010055159597582354,False
3.4439999999997317,-0.267556533246784,1.2117647058823529,1.4941176470588236,-0.12783688264733142,-1.0,-170.56450575292058,-8.920572834146098,0.17049959154527028,0.01023012119993527,False
3.4449999999997316,-0.2672040488841162,1.2117647058823529,1.4941176470588236,-0.12936629441203715,-1.0,-170.6375172139442,-8.912587425510772,0.16158253078281162,0.010396162261211121,False
3.4459999999997315,-0.2668509052220198,1.2117647058823529,1.4941176470588236,-0.13089570617674287,-1.0,-170.51909187082367,-8.904447302555411,0.15267445427510667,0.010553290746725147,False
3.4469999999997314,-0.2664971031318416,1.2117647058823529,1.4941176470588236,-0.1324251179414486,-1.0,-170.34553547063987,-8.896229621882934,0.14377372079431353,0.010701514837952238,False
3.4479999999997313,-0.2661426434865531,1.2117647058823529,1.4941176470588236,-0.13395452970615432,-1.0,-170.1564391742283,-8.887893483307572,0.13488200525090693,0.010840842691691268,False
3.448999999999731,-0.26578752716074827,1.2117647058823529,1.4941176470588236,-0.13542511794144826,-1.0,-169.96300819001098,-8.879446147378218,0.12599804105302437,0.010971282720837834,False
3.449999999999731,-0.26543175503064137,1.2117647058823529,1.4941176470588236,-0.1368957061767422,-1.0,-169.76874129392422,-8.870924377628354,0.11712309853681671,0.011092843280341646,False
3.450999999999731,-0.2650753279740647,1.2117647058823529,1.4941176470588236,-0.13836629441203616,-1.0,-169.57382794281128,-8.862235297323815,0.10825632693841525,0.011205533000106349,False
3.451999999999731,-0.2647182468704666,1.2117647058823529,1.4941176470588236,-0.1398368826473301,-1.0,-169.3789818833971,-8.853503607159011,0.09939860106291233,0.011309360453971578,False
3.4529999999997307,-0.2643605126009092,1.2117647058823529,1.4941176470588236,-0.14130747088262405,-1.0,-169.18420285832545,-8.84460461146233,0.09054944814692817,0.01140433448552021,False
3.4539999999997306,-0.2640021260480663,1.2117647058823529,1.4941176470588236,-0.142778059117918,-1.0,-168.98952818280125,-8.835644485799362,0.08170938262727788,0.011490463891876043,False
3.4549999999997305,-0.26364308809622117,1.2117647058823529,1.4941176470588236,-0.14424864735321194,-1.0,-168.79507288552853,-8.826553269034704,0.0728782590744651,0.011567757718738612,False
3.4559999999997304,-0.263283399631264,1.2117647058823529,1.4941176470588236,-0.14566041205909414,-1.0,-168.6002091813789,-8.81735137246201,0.06405630349474288,0.011636224992764432,False
3.4569999999997303,-0.2629230615406905,1.2117647058823529,1.5058823529411764,-0.14707217676497633,-1.0,-168.40658165902298,-8.808075066468634,0.055243614904126236,0.011695874956514989,False
3.45799999999973,-0.26256207471359905,1.2117647058823529,1.5058823529411764,-0.14848394147085853,-1.0,-168.2126251139229,-8.798634128079609,0.04644022130905629,0.01174671686948345,False
3.45899999999973,-0.26220044004068876,1.2117647058823529,1.5058823529411764,-0.14989570617674072,-1.0,-168.01864336420942,-8.78916469429911,0.037646368445631365,0.0117887601672512,False
3.45999999999973,-0.2618381584142573,1.2117647058823529,1.5058823529411764,-0.15130747088262292,-1.0,-167.82482370907803,-8.77952072124876,0.028861978357191644,0.011822014337650538,False
3.46099999999973,-0.2614752307281984,1.2117647058823529,1.5058823529411764,-0.15271923558850511,-1.0,-167.63090352148222,-8.769839283512043,0.02008734036444974,0.01184648899836729,False
3.4619999999997297,-0.2611116578780002,1.2117647058823529,1.5058823529411764,-0.1541310002943873,-1.0,-167.43748141012728,-8.760013280957459,0.011322383058438483,0.011862193858913676,False
3.4629999999997296,-0.2607474407607426,1.2117647058823529,1.5058823529411764,-0.1555427650002695,-1.0,-167.24411198087458,-8.750111445892786,0.0025673359586217428,0.011869138718678816,False
3.4639999999997295,-0.260382580275095,1.223529411764706,1.5058823529411764,-0.15677006710275107,-1.0,-167.051134442475,-8.740106294597183,-0.00617776861715812,0.011867333502446313,False
3.4649999999997294,-0.26001707732131446,1.223529411764706,1.5058823529411764,0.0,-1.0,-166.857939312304,-8.729966767034938,-0.014912831672130259,0.011856788202147727,False
3.4659999999997293,-0.25965093280124313,1.223529411764706,1.5058823529411764,0.0,-1.0,-166.6650224971907,-8.719758080879375,-0.023637643898127392,0.011837512964937612,False
3.466999999999729,-0.2592841476183065,1.223529411764706,1.5058823529411764,-0.00018446260340062,-1.0,-166.4722383892975,-8.709394877305625,-0.03235229437937582,0.011809517996082824,False
3.467999999999729,-0.2589167226775101,1.223529411764706,1.5058823529411764,-0.001596227309282818,-1.0,-166.27969626881472,-8.698988699528092,-0.04105638953130954,0.011772813654299706,False
3.468999999999729,-0.2585486588854386,1.223529411764706,1.5058823529411764,-0.003007992015165016,-1.0,-166.08730665710115,-8.688425019440654,-0.049750213116527144,0.011727410354586186,False
3.469999999999729,-0.2581799571502529,1.223529411764706,1.5058823529411764,-0.004419756721047214,-1.0,-165.89507238564792,-8.677793986398365,-0.058433189514074294,0.011673318652197328,False
3.4709999999997287,-0.2578106183816878,1.223529411764706,1.5058823529411764,-0.005831521426929411,-1.0,-165.70301369792477,-8.667067369741629,-0.06710576466371523,0.011610549178837755,False
3.4719999999997286,-0.2574406434910501,1.223529411764706,1.5058823529411764,-0.007243286132811609,-1.0,-165.51111828145147,-8.656204335429937,-0.0757672505378695,0.011539112668236364,False
3.4729999999997285,-0.257070033391216,1.223529411764706,1.5058823529411764,-0.008655050838693806,-1.0,-165.31941049459127,-8.645277537633387,-0.08441813999201664,0.011459019979393624,False
3.4739999999997284,-0.256698788996629,1.223529411764706,1.5058823529411764,-0.010066815544576004,-1.0,-165.12787812935355,-8.634205842269338,-0.09305774198632687,0.011370282033055573,False
3.4749999999997283,-0.2563269112232979,1.223529411764706,1.5058823529411764,-0.011478580250458201,-1.0,-164.93651035370308,-8.62309052750713,-0.10168651283702643,0.011272909915040033,False
3.475999999999728,-0.2559544009887941,1.223529411764706,1.5058823529411764,-0.012890344956340399,-1.0,-164.74535530217568,-8.611825919725664,-0.11030387346146289,0.011166914714099958,False
3.476999999999728,-0.25558125921224945,1.223529411764706,1.5058823529411764,-0.014302109662222597,-1.0,-164.55435616686148,-8.60051461705685,-0.11891010763266568,0.011052307735878586,False
3.477999999999728,-0.2552074868143545,1.223529411764706,1.5058823529411764,-0.015713874368104796,-1.0,-164.36355146648418,-8.589054399086349,-0.12750486974765415,0.010929100237212946,False
3.478999999999728,-0.2548330847173551,1.223529411764706,1.5058823529411764,-0.017125639073986995,-1.0,-164.17292324363427,-8.577522805150988,-0.13608813106411266,0.010797303751671922,False
3.4799999999997278,-0.2544580538450514,1.223529411764706,1.5058823529411764,-0.018537403779869194,-1.0,-163.9825216546533,-8.56588905238712,-0.14465992064995112,0.010656929714253761,False
3.4809999999997276,-0.2540823951227947,1.223529411764706,1.5058823529411764,-0.019949168485751394,-1.0,-163.79237038804544,-8.554128271770999,-0.15321978247646081,0.010507989879353113,False
3.4819999999997275,-0.25370610947748556,1.223529411764706,1.5058823529411764,-0.021360933191633593,-1.0,-163.60258498500264,-8.542315044984043,-0.16176821883164652,0.01035049586648425,False
3.4829999999997274,-0.2533291978375716,1.223529411764706,1.5058823529411764,-0.02283152142692755,-1.0,-163.41250306755578,-8.530331792929465,-0.1703042550862444,0.010184459646925551,False
3.4839999999997273,-0.25295166113304457,1.223529411764706,1.5058823529411764,-0.024302109662221506,-1.0,-163.22278947681514,-8.518345616252912,-0.17882895524391146,0.01000989303013913,False
3.484999999999727,-0.25257350029543896,1.223529411764706,1.5058823529411764,-0.025772697897515462,-1.0,-163.03332742364182,-8.506159887880205,-0.18734077055958243,0.009826808184059175,False
3.485999999999727,-0.2521947162578289,1.223529411764706,1.5058823529411764,-0.027243286132809418,-1.0,-162.8440882163426,-8.493933188234807,-0.19584132880082009,0.009635217124832562,False
3.486999999999727,-0.2518153099548265,1.223529411764706,1.5058823529411764,-0.028713874368103375,-1.0,-162.65505865003016,-8.481620992550628,-0.20432852165417245,0.009435132214365462,False
3.487999999999727,-0.2514352823225789,1.223529411764706,1.5058823529411764,-0.03018446260339733,-1.0,-162.4662357991744,-8.46915583575957,-0.21280456124192798,0.009226565667007372,False
3.4889999999997268,-0.2510546342987667,1.223529411764706,1.5058823529411764,-0.03165505083869129,-1.0,-162.27765232012888,-8.45665622561971,-0.22126675450117333,0.00900953002033566,False
3.4899999999997267,-0.25067336682260116,1.223529411764706,1.5058823529411764,-0.03306681554457348,-1.0,-162.0893513997645,-8.444006143506831,-0.22971785062835312,0.008784037716961773,False
3.4909999999997265,-0.2502914808348215,1.223529411764706,1.5058823529411764,-0.03447858025045568,-1.0,-161.90137603121892,-8.431321553700425,-0.2381547060067622,0.008550101444981537,False
3.4919999999997264,-0.24990897727769357,1.223529411764706,1.5058823529411764,-0.035890344956337875,-1.0,-161.7133964158301,-8.418448892492528,-0.24658043042389122,0.008307733882255204,False
3.4929999999997263,-0.24952585709500694,1.223529411764706,1.5058823529411764,-0.03730210966222007,-1.0,-161.52557465729652,-8.405575704156108,-0.25499158400497396,0.008056947875603944,False
3.493999999999726,-0.24914212123207255,1.2352941176470589,1.5058823529411764,-0.038713874368102266,-1.0,-161.3379028368618,-8.39257492599221,-0.26339152222901596,0.0077977563350397905,False
3.494999999999726,-0.24875777063572055,1.2352941176470589,1.5058823529411764,-0.04012563907398446,-1.0,-161.1505890340942,-8.379483621789513,-0.2717766971464548,0.007530172219719667,False
3.495999999999726,-0.24837280625429772,1.2352941176470589,1.5058823529411764,-0.04153740377986666,-1.0,-160.9635887948349,-8.366299030754341,-0.2801504175537177,0.007254208682209042,False
3.496999999999726,-0.24798722903766554,1.2352941176470589,1.5058823529411764,-0.042949168485748854,-1.0,-160.77663582158567,-8.352997588883317,-0.28850927520497155,0.006969878824103149,False
3.4979999999997258,-0.24760103993719734,1.2352941176470589,1.5058823529411764,-0.04436093319163105,-1.0,-160.5903127152811,-8.339651583087942,-0.2968563351055768,0.006677196045751183,False
3.4989999999997257,-0.24721423990577643,1.2352941176470589,1.5058823529411764,-0.045772697897513245,-1.0,-160.403857265361,-8.326129948396867,-0.3051885582396309,0.006376173581893439,False
3.4999999999997256,-0.2468268298977934,1.2352941176470589,1.5058823529411764,-0.04718446260339544,-1.0,-160.217722453414,-8.312584702114892,-0.31350849950086884,0.006066825085985079,False
3.5009999999997254,-0.2464388108691439,1.2352941176470589,1.5058823529411764,-0.04859622730927764,-1.0,-160.03133280011488,-8.298889087431661,-0.32181374649800437,0.005749163941485606,False
3.5019999999997253,-0.24605018377722654,1.2352941176470589,1.5058823529411764,-0.05000799201515983,-1.0,-159.84592705655785,-8.285116072422825,-0.3301061309124662,0.005423204040641573,False
3.5029999999997252,-0.24566094958093965,1.2352941176470589,1.5058823529411764,-0.05141975672104203,-1.0,-159.66015979381078,-8.27126208678694,-0.3383840534859173,0.005088958924215782,False
3.503999999999725,-0.24527110924068007,1.2352941176470589,1.5058823529411764,-0.052831521426924224,-1.0,-159.47517611427708,-8.257309864179676,-0.34664847971125584,0.00474644269865746,False
3.504999999999725,-0.2448806637183402,1.2352941176470589,1.5058823529411764,-0.05424328613280642,-1.0,-159.29079898695582,-8.243307866274845,-0.35489877775433826,0.004395669044964209,False
3.505999999999725,-0.24448961397730537,1.2352941176470589,1.5058823529411764,-0.055655050838688616,-1.0,-159.1064783223708,-8.229143019214868,-0.36313487778857123,0.004036652259275543,False
3.506999999999725,-0.24409796098245212,1.2352941176470589,1.5058823529411764,-0.05706681554457081,-1.0,-158.9216979592034,-8.214954575992804,-0.37135718631249437,0.003669406203910624,False
3.5079999999997247,-0.24370570570014521,1.2352941176470589,1.5058823529411764,-0.05847858025045301,-1.0,-158.73727718163747,-8.200608042824568,-0.3795645716933634,0.0032939453655999045,False
3.5089999999997246,-0.24331284909823547,1.2352941176470589,1.5058823529411764,-0.059890344956335204,-1.0,-158.55330014300674,-8.186233751557106,-0.3877585169578259,0.002910283802263208,False
3.5099999999997245,-0.24291939214605768,1.2352941176470589,1.5058823529411764,-0.0613021096622174,-1.0,-158.36963532731832,-8.171723692306218,-0.39593684637366583,0.002518436157330445,False
3.5109999999997243,-0.24252533581442767,1.2352941176470589,1.5058823529411764,-0.0627138743680996,-1.0,-158.1861920473274,-8.157149358541892,-0.4041020433080153,0.002118416700452727,False
3.5119999999997242,-0.24213068107564023,1.2352941176470589,1.5058823529411764,-0.06412563907398179,-1.0,-158.00304329194122,-8.142485480066357,-0.4122509980807303,0.001710240210057038,False
3.512999999999724,-0.24173542890346678,1.2352941176470589,1.5058823529411764,-0.06553740377986399,-1.0,-157.8201649692839,-8.127707463929307,-0.42038703997197924,0.0012939211883365343,False
3.513999999999724,-0.24133958027315291,1.2352941176470589,1.5058823529411764,-0.06694916848574618,-1.0,-157.63755485815983,-8.112880588221438,-0.42850631931743194,0.0008694745305012757,False
3.514999999999724,-0.24094313616141536,1.2352941176470589,1.5058823529411764,-0.06836093319162838,-1.0,-157.455198292851,-8.097907929580986,-0.43661277343534194,0.00043691499258213443,False
3.515999999999724,-0.2405460975464408,1.2352941176470589,1.5058823529411764,-0.06977269789751057,-1.0,-157.27314498052303,-8.082910663099502,-0.44470209445600817,-3.742429369199724e-06,False
3.5169999999997237,-0.2401484654078825,1.2352941176470589,1.5058823529411764,-0.07118446260339277,-1.0,-157.09142842056528,-8.08580526100536,-0.44065843013678724,0.00021759719463785288,False
3.5179999999997236,-0.23975024072685824,1.2352941176470589,1.5058823529411764,-0.07259622730927497,-1.0,-156.90995295040253,-8.08434254539657,-0.44267975990736186,0.00010717992378895185,False
3.5189999999997235,-0.23935142448594793,1.2352941176470589,1.5058823529411764,-0.07400799201515716,-1.0,-156.72908565727587,-8.083600539883761,-0.4436902514961659,5.1781798176015446e-05,False
3.5199999999997234,-0.23895201766919086,1.2352941176470589,1.5058823529411764,-0.0753609331916276,-1.0,-156.54772201980543,-8.08322980692535,-0.444195458623025,2.4035370250553164e-05,False
3.5209999999997232,-0.23855202126208372,1.2352941176470589,1.5058823529411764,-0.07671387436809804,-1.0,-156.36660358020973,-8.083058944325774,-0.44444805752234795,1.0150315597814066e-05,False
3.521999999999723,-0.23815143625157792,1.2470588235294118,1.5058823529411764,-0.07806681554456849,-1.0,-156.18661970905796,-8.082944623385721,-0.4445743556119249,3.204828117563407e-06,False
3.522999999999723,-0.23775026362607707,1.2470588235294118,1.5058823529411764,-0.07941975672103893,-1.0,-156.0064861210189,-8.082895308105565,-0.4446375040782812,-2.686556556958027e-07,False
3.523999999999723,-0.23734850437543473,1.2470588235294118,1.4941176470588236,-0.08077269789750938,-1.0,-155.8265014533675,-8.0829132464098,-0.44460592987507674,1.4681478998174878e-06,False
3.524999999999723,-0.23694615949095202,1.2470588235294118,1.4941176470588236,-0.08212563907397982,-1.0,-155.64693654891525,-8.082908025035913,-0.44462171697228686,5.997615392409627e-07,False
3.5259999999997227,-0.23654322996537513,1.2470588235294118,1.4941176470588236,-0.08347858025045027,-1.0,-155.4677598125748,-8.082907936438605,-0.4446296105186087,1.6555679611812846e-07,False
3.5269999999997226,-0.2361397167928921,1.2470588235294118,1.4941176470588236,-0.08483152142692071,-1.0,-155.28869402552306,-8.082907650618964,-0.44463355729176934,-5.154846627486434e-08,False
3.5279999999997225,-0.2357356209691319,1.2470588235294118,1.4941176470588236,-0.08618446260339116,-1.0,-155.10998532582025,-8.082907882208062,-0.4446315839052099,5.700440581603318e-08,False
3.5289999999997224,-0.23533094349116068,1.2470588235294118,1.4941176470588236,-0.0875374037798616,-1.0,-154.93160482860736,-8.082907803859072,-0.44463257059850886,2.728029994179445e-09,False
3.5299999999997222,-0.23492568535747999,1.2470588235294118,1.4941176470588236,-0.08889034495633205,-1.0,-154.75349520844702,-8.082907721888583,-0.44463306394515284,-2.441020298572069e-08,False
3.530999999999722,-0.23451984756802394,1.2470588235294118,1.4941176470588236,-0.0902432861328025,-1.0,-154.57572311053048,-8.082907694853787,-0.44463281727183107,-1.084108283052357e-08,False
3.531999999999722,-0.23411343112415692,1.2470588235294118,1.4941176470588236,-0.09159622730927294,-1.0,-154.39821704965865,-8.082907700227572,-0.4446326939351718,-4.056525575906518e-09,False
3.532999999999722,-0.2337064370286712,1.2470588235294118,1.4941176470588236,-0.09294916848574339,-1.0,-154.22105089305197,-8.082959622602681,-0.4446341161456238,-3.857954888100576e-09,False
3.533999999999722,-0.2332988662857841,1.2470588235294118,1.4941176470588236,-0.09430210966221383,-1.0,-154.0441566209562,24.274641363135487,0.4446341161456238,-3.857954888100576e-09,True
3.5349999999997217,-0.23289071990113608,1.2470588235294118,1.4941176470588236,-0.09565505083868428,-1.0,-153.86760073843945,-8.073826314682542,0.4447022212111532,3.7347308514714994e-06,False
3.5359999999997216,-0.2324819988817876,1.2470588235294118,1.4941176470588236,-0.09700799201515473,-1.0,-153.6913291201138,-8.090083396272917,0.43662168282993963,0.00044439668077056444,False
3.5369999999997215,-0.2320727042362175,1.2470588235294118,1.4941176470588236,-0.09836093319162517,-1.0,-153.51540774865356,-8.802772303188002,0.4281738344018002,0.000876794421088253,False
3.5379999999997214,-0.23166283697431916,1.2470588235294118,1.4941176470588236,-0.09971387436809562,-1.0,-153.3397743345447,-9.004413097624566,0.41927164719305493,0.0013005171497378152,False
3.53891571044894,-0.23128701584978328,1.2470588235294118,1.4941176470588236,-0.10106681554456606,-1.0,-153.18232863389076,-9.058932291403472,0.410238611444235,0.0017152722726003669,False
3.5389999999997213,-0.2312523981073995,1.2470588235294118,1.4941176470588236,-0.10241975672103651,-1.0,-154.97567525203272,-9.070975427604155,0.4011749624395737,0.002120979038116668,False
3.539999999999721,-0.23084138864817563,1.2470588235294118,1.4941176470588236,-0.10377269789750695,-1.0,-166.37705578275254,-9.07070602778802,0.39210289782180624,0.0025176179723590086,False
3.540999999999721,-0.23042980961077253,1.2470588235294118,1.4941176470588236,-0.1051256390739774,-1.0,-169.51994107101243,-9.066856111253736,0.38303524796460836,0.0029051870161201777,False
3.541999999999721,-0.23001766201072057,1.2470588235294118,1.4941176470588236,-0.10647858025044785,-1.0,-170.28506756936258,-9.061855583126514,0.3739698712129666,0.00328368958841426,False
3.542999999999721,-0.22960494686495295,1.2470588235294118,1.4941176470588236,-0.10783152142691829,-1.0,-170.36671846886773,-9.056498355681338,0.3649115979316065,0.003653130288270038,False
3.5439999999997207,-0.22919166519180334,1.2470588235294118,1.4941176470588236,-0.10918446260338874,-1.0,-170.25088198408946,-9.050901593537487,0.35585712332055697,0.004013514667785372,False
3.5449999999997206,-0.2287778180110031,1.2470588235294118,1.4941176470588236,-0.11053740377985918,-1.0,-170.07844373715986,-9.045200231870078,0.3468097161887122,0.004364848049594415,False
3.5459999999997205,-0.22836340634367908,1.2470588235294118,1.4941176470588236,-0.11189034495632963,-1.0,-169.88988809507202,-9.039335250977672,0.3377669414965675,0.004707136400970055,False
3.5469999999997204,-0.22794843121235084,1.2470588235294118,1.4941176470588236,-0.11318446260338831,-1.0,-169.6968564535561,-9.033376378861062,0.32873095891568654,0.005040385312356239,False
3.5479999999997203,-0.22753289364092827,1.2470588235294118,1.4941176470588236,-0.11447858025044699,-1.0,-169.50294112682704,-9.027307786444341,0.31970037793258077,0.005364601004559334,False
3.54899999999972,-0.22711679465470924,1.2588235294117647,1.4941176470588236,-0.11571387436809391,-1.0,-169.30837187578865,-9.021102411281067,0.310676284894951,0.00567978929846566,False
3.54999999999972,-0.2267001352803762,1.2588235294117647,1.4941176470588236,-0.11694916848574083,-1.0,-169.1138771580686,-9.01483529530907,0.30165832686232746,0.005985956627247124,False
3.55099999999972,-0.22628291654599494,1.2588235294117647,1.4941176470588236,-0.11818446260338775,-1.0,-168.9194426404376,-9.008395731289163,0.2926465887092245,0.00628310905072112,False
3.55199999999972,-0.2258651394810112,1.2588235294117647,1.4941176470588236,-0.11941975672103466,-1.0,-168.72517551126623,-9.001919856618953,0.28364165770247685,0.0065712531941448694,False
3.5529999999997197,-0.2254468051162484,1.2588235294117647,1.4941176470588236,-0.12065505083868158,-1.0,-168.5310255426979,-8.995267629933462,0.27464274669516736,0.0068503953667332475,False
3.5539999999997196,-0.225027914483905,1.2588235294117647,1.4941176470588236,-0.1218903449563285,-1.0,-168.33703194449168,-8.988563388318207,0.2656512285094988,0.007120542370431502,False
3.5549999999997195,-0.22460846861755196,1.2588235294117647,1.5058823529411764,-0.12312563907397542,-1.0,-168.14316243265904,-8.98171214013832,0.2566656286435327,0.007381700775205412,False
3.5559999999997194,-0.2241884685521303,1.2588235294117647,1.5058823529411764,-0.12436093319162234,-1.0,-167.94943469029104,-8.97476415364571,0.247687905348735,0.007633877553199772,False
3.5569999999997193,-0.22376791532394835,1.2588235294117647,1.5058823529411764,-0.12559622730926925,-1.0,-167.75584631522446,-8.967718573275643,0.23871611220162536,0.007877079544639029,False
3.557999999999719,-0.2233468099706795,1.2588235294117647,1.5058823529411764,-0.12683152142691617,-1.0,-167.56243993392889,-8.960525940116401,0.22975256624525217,0.008111313889304611,False
3.558999999999719,-0.22292515353135925,1.2588235294117647,1.5058823529411764,-0.1280668155445631,-1.0,-167.36910521098272,-8.953275405204566,0.2207950799077881,0.00833658770163928,False
3.559999999999719,-0.22250294704638302,1.2588235294117647,1.5058823529411764,-0.12930210966221,-1.0,-167.17599455811703,-8.945851436410567,0.21184609991737716,0.008552908291508498,False
3.560999999999719,-0.22208019155750358,1.2588235294117647,1.5058823529411764,-0.13053740377985693,-1.0,-166.98270568608768,-8.938365848353037,0.2029034233609611,0.008760283048571325,False
3.5619999999997187,-0.22165688810782758,1.2588235294117647,1.5058823529411764,-0.13177269789750384,-1.0,-166.79001876901484,-8.930748464188362,0.19396940892832742,0.008958719459770934,False
3.5629999999997186,-0.2212330377418144,1.2588235294117647,1.5058823529411764,-0.13300799201515076,-1.0,-166.59757865992762,-8.923022539412619,0.18504201633969986,0.009148225173096635,False
3.5639999999997185,-0.22080864150527274,1.2588235294117647,1.5058823529411764,-0.1341391637465384,-1.0,-166.40506667328222,-8.915191800057732,0.17612337375109652,0.00932880785931267,False
3.5649999999997184,-0.2203837004453581,1.2588235294117647,1.5058823529411764,0.0,-1.0,-166.21279390747426,-8.907232274307239,0.16721174665412122,0.009500475424257391,False
3.5659999999997183,-0.21995821561057027,1.2588235294117647,1.5058823529411764,0.0,-1.0,-166.02051242943259,-8.89921401296273,0.15830888545478816,0.009663235728876774,False
3.566999999999718,-0.2195321880507509,1.2588235294117647,1.5058823529411764,-0.00010412238625928334,-1.0,-165.8287706394882,-8.891027512333622,0.14941345923901297,0.009817096908638082,False
3.567999999999718,-0.21910561881708052,1.2588235294117647,1.5058823529411764,-0.0013394165039062062,-1.0,-165.63696139004372,-8.882808280336288,0.14052678999005508,0.009962067020548911,False
3.568999999999718,-0.21867850896207636,1.2588235294117647,1.5058823529411764,-0.0025747106215531293,-1.0,-165.4453091713608,-8.874412496065789,0.13164798767036176,0.010098154418094925,False
3.569999999999718,-0.2182508595395895,1.2588235294117647,1.5058823529411764,-0.0038100047392000524,-1.0,-165.25382900069184,-8.865970981366848,0.12277793376774528,0.010225367366085106,False
3.5709999999997177,-0.21782267160480245,1.2588235294117647,1.5058823529411764,-0.0050452988568469755,-1.0,-165.06244555726838,-8.857386437768174,0.1139161682757847,0.01034371442591369,False
3.5719999999997176,-0.2173939462142263,1.2588235294117647,1.5058823529411764,-0.0062805929744938985,-1.0,-164.87126811519704,-8.848705458017811,0.10506316304788582,0.01045320407987508,False
3.5729999999997175,-0.2169646844256986,1.2588235294117647,1.5058823529411764,-0.007515887092140822,-1.0,-164.67989442023736,-8.83993237599659,0.09621884420338239,0.010553845091442107,False
3.5739999999997174,-0.2165348872983797,1.2588235294117647,1.5058823529411764,-0.008751181209787745,-1.0,-164.48910867132562,-8.831013477704438,0.08738333704887313,0.01064564617218579,False
3.5749999999997173,-0.21610455589275146,1.2705882352941176,1.5058823529411764,-0.009986475327434668,-1.0,-164.2988993380799,-8.82204202112801,0.07855687099528272,0.010728616282619084,False
3.575999999999717,-0.21567369127061384,1.2705882352941176,1.5058823529411764,-0.011221769445081591,-1.0,-164.10847061128277,-8.812901574486213,0.06973931748346773,0.010802764369268938,False
3.576999999999717,-0.21524229449508253,1.2705882352941176,1.5058823529411764,-0.012398240033316755,-1.0,-163.9182917166514,-8.803715390131947,0.06093110349531096,0.010868099584293548,False
3.577999999999717,-0.21481036663058617,1.2705882352941176,1.5058823529411764,-0.01357471062155192,-1.0,-163.72836670077308,-8.794378307494878,0.05213195676560693,0.010924631109270716,False
3.578999999999717,-0.2143779087428638,1.2705882352941176,1.5058823529411764,-0.014751181209787084,-1.0,-163.53875514813822,-8.78495489160284,0.04334238855258048,0.01097236828458724,False
3.5799999999997167,-0.2139449218989623,1.2705882352941176,1.5058823529411764,-0.01592765179802225,-1.0,-163.3489336444303,-8.77544272796856,0.03456209933739237,0.011011320525629625,False
3.5809999999997166,-0.21351140716723366,1.2705882352941176,1.5058823529411764,-0.017104122386257414,-1.0,-163.1594708476856,-8.765792714406315,0.02579155838841057,0.011041497355605471,False
3.5819999999997165,-0.21307736561733237,1.2705882352941176,1.5058823529411764,-0.01828059297449258,-1.0,-162.97025766589348,-8.75608360790792,0.017030561894775982,0.011062908414603324,False
3.5829999999997164,-0.2126427983202128,1.2705882352941176,1.5058823529411764,-0.0195158870921395,-1.0,-162.78126386385975,-8.746210880887261,0.008279450844474482,0.011075563421154212,False
3.5839999999997163,-0.21220770634812655,1.2705882352941176,1.5058823529411764,-0.02075118120978642,-1.0,-162.59246714369547,-8.736303424470297,-0.0004618178294766117,0.011079472237546606,False
3.584999999999716,-0.21177209077462014,1.2705882352941176,1.5058823529411764,-0.021986475327433343,-1.0,-162.4038962055008,-8.726228172534785,-0.009193098041038092,0.011074644779661455,False
3.585999999999716,-0.21133595267453112,1.2705882352941176,1.5058823529411764,-0.023221769445080264,-1.0,-162.2155332178362,-8.716102890485994,-0.017914223264612776,0.011061091119069394,False
3.586999999999716,-0.21089929312398714,1.2705882352941176,1.5058823529411764,-0.024457063562727185,-1.0,-162.02737262957993,-8.705838132162564,-0.026625258628867117,0.01103882137890857,False
3.587999999999716,-0.21046211320040226,1.2705882352941176,1.5058823529411764,-0.025692357680374107,-1.0,-161.8394361375737,-8.69548365953006,-0.03532583271347945,0.011007845832629246,False
3.5889999999997158,-0.2100244139824745,1.2705882352941176,1.5058823529411764,-0.026927651798021028,-1.0,-161.65171666337957,-8.685014495888044,-0.04401618675652907,0.010968174825215947,False
3.5899999999997156,-0.20958619655018312,1.2705882352941176,1.5058823529411764,-0.02816294591566795,-1.0,-161.4642290559591,-8.674432026830695,-0.052695791702295915,0.01091981883399114,False
3.5909999999997155,-0.20914746198478615,1.2705882352941176,1.5058823529411764,-0.02939824003331487,-1.0,-161.27695388091925,-8.66382173340492,-0.06136504442335132,0.010862788420409183,False
3.5919999999997154,-0.20870821136881743,1.2705882352941176,1.5058823529411764,-0.030633534150961792,-1.0,-161.08989703207362,-8.653024272070887,-0.070023340503011,0.010797094224069744,False
3.5929999999997153,-0.20826844578608422,1.2705882352941176,1.5058823529411764,-0.031868828268608713,-1.0,-160.90308993095786,-8.642190131678714,-0.0786710684890999,0.010722747026588922,False
3.593999999999715,-0.20782816632166443,1.2705882352941176,1.5058823529411764,-0.03310412238625564,-1.0,-160.71652900423987,-8.63120884878139,-0.08730766067437273,0.010639757656045312,False
3.594999999999715,-0.2073873740619038,1.2705882352941176,1.5058823529411764,-0.03433941650390256,-1.0,-160.53012850911537,-8.620147845584698,-0.09593342499299111,0.010548137122836213,False
3.595999999999715,-0.20694607009441368,1.2705882352941176,1.5058823529411764,-0.03557471062154949,-1.0,-160.3440138298182,-8.609000337343033,-0.10454794185413234,0.010447896431479552,False
3.596999999999715,-0.20650425550806725,1.2705882352941176,1.5058823529411764,-0.03681000473919641,-1.0,-160.1582057252711,-8.597719426631718,-0.11315132259687966,0.01033904681122479,False
3.5979999999997148,-0.20606193139299842,1.2705882352941176,1.5058823529411764,-0.03804529885684334,-1.0,-159.97273222429368,-8.586377230822976,-0.12174339301623273,0.010221599443968313,False
3.5989999999997146,-0.20561909884059779,1.2705882352941176,1.5058823529411764,-0.03928059297449026,-1.0,-159.7873070695592,-8.57487827502854,-0.13032394921194976,0.010095565786562366,False
3.5999999999997145,-0.2051757589435108,1.2705882352941176,1.5058823529411764,-0.04051588709213719,-1.0,-159.6020533008914,-8.563337094903037,-0.13889318274453033,0.009960957210426245,False
3.6009999999997144,-0.20473191279563452,1.2823529411764705,1.5058823529411764,-0.04175118120978411,-1.0,-159.41715641740112,-8.551657220669439,-0.1474504952120518,0.00981778538596292,False
3.6019999999997143,-0.20428756149211527,1.2823529411764705,1.5058823529411764,-0.04298647532743104,-1.0,-159.23192968066877,-8.539907032411936,-0.15599652307539807,0.009666061867082057,False
3.602999999999714,-0.2038427061293456,1.2823529411764705,1.5058823529411764,-0.044162945915666205,-1.0,-159.04753275249098,-8.528029523084365,-0.16453018272496034,0.009505798528302141,False
3.603999999999714,-0.203397347804962,1.2823529411764705,1.5058823529411764,-0.04533941650390137,-1.0,-158.86370024585588,-8.516071906781834,-0.17305260390581792,0.009337007127012851,False
3.604999999999714,-0.2029514876178418,1.2823529411764705,1.5058823529411764,-0.04651588709213654,-1.0,-158.67973749061082,-8.504029554210549,-0.18156222370096547,0.00915969972557003,False
3.605999999999714,-0.20250512666810072,1.2823529411764705,1.5058823529411764,-0.04769235768037171,-1.0,-158.4960707708593,-8.491842834267299,-0.19006064667033676,0.008973888285584831,False
3.6069999999997138,-0.20205826605709007,1.2823529411764705,1.5058823529411764,-0.048868828268606876,-1.0,-158.31272779594767,-8.479625311949398,-0.19854584281609022,0.008779585050092785,False
3.6079999999997137,-0.20161090688739416,1.2823529411764705,1.5058823529411764,-0.050045298856842044,-1.0,-158.12947365133638,-8.467240265680031,-0.2070198565236644,0.008576802200120857,False
3.6089999999997135,-0.20116305026282683,1.2823529411764705,1.5058823529411764,-0.05122176944507721,-1.0,-157.94683945282526,-8.454818144932839,-0.21548026949763108,0.008365552142107685,False
3.6099999999997134,-0.20071469728842994,1.2823529411764705,1.5058823529411764,-0.05239824003331238,-1.0,-157.76421929542576,-8.442276362758216,-0.223929457046539,0.008145847284099365,False
3.6109999999997133,-0.20026584907047,1.2823529411764705,1.5058823529411764,-0.05357471062154755,-1.0,-157.58176999710804,-8.429661250865083,-0.2323647715176502,0.007917700169750238,False
3.611999999999713,-0.19981650671643528,1.2823529411764705,1.5058823529411764,-0.054751181209782715,-1.0,-157.3999057114516,-8.416937479556365,-0.24078872571191887,0.007681123432637175,False
3.612999999999713,-0.19936667133503347,1.2823529411764705,1.5058823529411764,-0.05592765179801788,-1.0,-157.21781501953063,-8.404071380591212,-0.24919858633222214,0.007436129771078003,False
3.613999999999713,-0.19891634403618855,1.2823529411764705,1.5058823529411764,-0.05710412238625305,-1.0,-157.03626305632412,-8.391161418946497,-0.25759682063240774,0.007182732085556106,False
3.614999999999713,-0.19846552593103844,1.2823529411764705,1.5058823529411764,-0.05828059297448822,-1.0,-156.85502039307357,-8.378104236941278,-0.265980873457516,0.0069209432275566295,False
3.6159999999997128,-0.19801421813193196,1.2823529411764705,1.5058823529411764,-0.059457063562723386,-1.0,-156.67459524895378,-8.365018199892024,-0.2743529615262956,0.0066507763342656175,False
3.6169999999997127,-0.19756242175242628,1.2823529411764705,1.5058823529411764,-0.060633534150958554,-1.0,-156.49402275462703,-8.351774301884364,-0.28271089544799693,0.006372244389938916,False
3.6179999999997126,-0.19711013790728396,1.2823529411764705,1.4941176470588236,-0.06181000473919372,-1.0,-156.31306871037577,-8.338490952762866,-0.2910564112907346,0.006085360766348178,False
3.6189999999997124,-0.19665736771247053,1.2823529411764705,1.4941176470588236,-0.06298647532742889,-1.0,-156.13280775449095,-8.325074307218312,-0.29938789948260025,0.0057901385912298665,False
3.6199999999997123,-0.19620411228515167,1.2823529411764705,1.4941176470588236,-0.06416294591566406,-1.0,-155.95290529596167,-8.311568952843395,-0.30770641397616494,0.00548659146870977,False
3.6209999999997122,-0.19575037274368956,1.2823529411764705,1.4941176470588236,-0.06533941650389923,-1.0,-155.77322675754584,-8.29799244432903,-0.3160111102493334,0.005174732684418252,False
3.621999999999712,-0.19529615020764166,1.2823529411764705,1.4941176470588236,-0.0665158870921344,-1.0,-155.59391742516902,-8.284277452912535,-0.32430221133531595,0.004854576060634512,False
3.622999999999712,-0.19484144579775695,1.2823529411764705,1.4941176470588236,-0.06769235768036956,-1.0,-155.4151766401922,-8.270539074461077,-0.3325797746656076,0.004526135044921682,False
3.623999999999712,-0.19438626063597336,1.2823529411764705,1.4941176470588236,-0.06886882826860473,-1.0,-155.23658407182552,-8.25662990722979,-0.34084307700596006,0.004189423656850986,False
3.624999999999712,-0.193930595845415,1.2941176470588236,1.4941176470588236,-0.0700452988568399,-1.0,-155.0576381334902,-8.242722955502673,-0.34909316059724754,0.0038444555171289058,False
3.6259999999997117,-0.19347445255038948,1.2941176470588236,1.4941176470588236,-0.07122176944507506,-1.0,-154.87947330896523,-8.22863806805341,-0.3573283078241384,0.0034912448191032172,False
3.6269999999997116,-0.19301783187638502,1.2941176470588236,1.4941176470588236,-0.07239824003331023,-1.0,-154.7011492679067,-8.21450782610323,-0.36555053248856817,0.003129805382350654,False
3.6279999999997115,-0.19256073495006773,1.2941176470588236,1.4941176470588236,-0.0735747106215454,-1.0,-154.52376388632044,-8.200278339089078,-0.3737571594844491,0.00276015156852222,False
3.6289999999997113,-0.19210316289927887,1.2941176470588236,1.4941176470588236,-0.0746923576803688,-1.0,-154.34689385578093,-8.185943116426607,-0.38195113731515373,0.002382297410307595,False
3.6299999999997112,-0.19164511685303193,1.2941176470588236,1.4941176470588236,-0.07581000473919221,-1.0,-154.1699581985593,-8.171551130399628,-0.3901289253591232,0.0019962574048346966,False
3.630999999999711,-0.19118659794151005,1.2941176470588236,1.4941176470588236,-0.07692765179801561,-1.0,-153.99333613105867,-8.15701358101711,-0.3982942402626428,0.0016020458211190196,False
3.631999999999711,-0.19072760729606333,1.2941176470588236,1.4941176470588236,-0.07804529885683902,-1.0,-153.8171548100213,-8.142441555900028,-0.40644287495324116,0.0011996772813073842,False
3.632999999999711,-0.190268146049205,1.2941176470588236,1.4941176470588236,-0.07916294591566242,-1.0,-153.64104421781815,-8.127723125628636,-0.41457908782958697,0.000789166309508936,False
3.633999999999711,-0.1898082153346103,1.2941176470588236,1.4941176470588236,-0.08028059297448582,-1.0,-153.46536957889285,-8.112958436172388,-0.42269827636169305,0.0003705276360382072,False
3.634159576415726,-0.18973477787972426,1.2941176470588236,1.4941176470588236,-0.08139824003330923,-1.0,-153.44765544985407,-8.098089106158518,-0.4308049486447526,-5.6223955493317504e-05,False
3.6349999999997107,-0.1893478162871125,1.2941176470588236,1.4941176470588236,-0.08251588709213263,-1.0,-164.86315014566398,-8.100899714547754,-0.4267520236947596,0.0001581650675854455,False
3.6359999999997106,-0.18888695004270056,1.2941176470588236,1.4941176470588236,-0.08363353415095603,-1.0,-169.12304315197747,-8.099463203005373,-0.428777009877591,5.122393837201959e-05,False
3.6369999999997105,-0.1884256177385161,1.2941176470588236,1.4941176470588236,-0.08475118120977944,-1.0,-170.20945597836064,-8.098791304507573,-0.4297894036091654,-2.436461015509598e-06,False
3.6379999999997104,-0.18796382051285068,1.2941176470588236,1.4941176470588236,-0.08586882826860284,-1.0,-170.38300283680783,-8.099139636459926,-0.42928321492035537,2.440955694442195e-05,False
3.6389999999997102,-0.18750155950514313,1.2941176470588236,1.4941176470588236,-0.08698647532742625,-1.0,-170.29401125914012,-8.098952595796947,-0.42953631272003623,1.09905020520795e-05,False
3.63999999999971,-0.1870388358559764,1.2941176470588236,1.4941176470588236,-0.08810412238624965,-1.0,-170.12961222276707,-8.09886913326781,-0.42966285941244536,4.278008604090116e-06,False
3.64099999999971,-0.1865756507070752,1.2941176470588236,1.4941176470588236,-0.08922176944507305,-1.0,-169.9432229913079,-8.098833648008224,-0.4297261321933466,9.210203913774402e-07,False
3.64199999999971,-0.18611200520130286,1.2941176470588236,1.4941176470588236,-0.09033941650389646,-1.0,-169.7504634425175,-8.09881121622717,-0.429757768443217,-7.57659085453963e-07,False
3.64299999999971,-0.18564790048265853,1.2941176470588236,1.4941176470588236,-0.09145706356271986,-1.0,-169.55618437442632,-8.098822352276343,-0.4297419503314445,8.169610045042655e-08,False
3.6439999999997097,-0.1851833376962747,1.2941176470588236,1.4941176470588236,-0.09257471062154327,-1.0,-169.36225366712267,-8.09881661833478,-0.4297498593903067,-3.3797763054510513e-07,False
3.6449999999997096,-0.1847183179884134,1.2941176470588236,1.4941176470588236,-0.09363353415095492,-1.0,-169.1677505835454,-8.098819447137704,-0.4297459048617205,-1.2813979948400206e-07,False
3.6459999999997095,-0.18425284250646476,1.2941176470588236,1.4941176470588236,-0.09469235768036657,-1.0,-168.97323430652636,-8.09882089389723,-0.42974392759679664,-2.3221608054309948e-08,False
3.6469999999997094,-0.18378691239894326,1.2941176470588236,1.4941176470588236,-0.09575118120977823,-1.0,-168.77909926992865,-8.098821622597097,-0.4297429389641765,2.9237306444409816e-08,False
3.6479999999997093,-0.18332052881548516,1.2941176470588236,1.4941176470588236,-0.09681000473918988,-1.0,-168.58465191047546,-8.098821255869382,-0.42974343328050013,3.007864280490452e-09,False
3.648999999999709,-0.18285369290684553,1.3058823529411765,1.4941176470588236,-0.09786882826860153,-1.0,-149.79975212587044,-8.098821078000174,-0.4297436804386537,-1.0106868210974058e-08,False
3.649999999999709,-0.18238640582489563,1.3058823529411765,1.4941176470588236,-0.09892765179801319,-1.0,-159.12792410277382,-8.098821191547476,-0.4297435568595793,-3.5495011178236984e-09,False
3.650999999999709,-0.18191866872261986,1.3058823529411765,1.5058823529411764,-0.09998647532742484,-1.0,-165.41776806444784,-8.098826072548945,-0.42974591012950586,-3.831521152859858e-09,False
3.651999999999709,-0.181450482754113,1.3058823529411765,1.5058823529411764,-0.10098647532742473,-1.0,-167.0908709249044,24.328908345273103,0.42974591012950586,-3.831521152859858e-09,True
3.6529999999997087,-0.1809818490745774,1.3058823529411765,1.5058823529411764,-0.10198647532742462,-1.0,-167.4343448031016,-8.091783786047598,0.4308066632386597,5.62165023262719e-05,False
3.6539999999997086,-0.18051276884032008,1.3058823529411765,1.5058823529411764,-0.10298647532742451,-1.0,-167.39519440510438,-8.244524005839445,0.42263959148474944,0.00048293958835168583,False
3.6549999999997085,-0.18004324320875018,1.3058823529411765,1.5058823529411764,-0.1039864753274244,-1.0,-167.24644328437796,-8.835901744176404,0.4140984421216403,0.0009013086260054975,False
3.6559999999997084,-0.17957327333837494,1.3058823529411765,1.5058823529411764,-0.10498647532742429,-1.0,-167.06687136012175,-9.0025275400291,0.40518001094304074,0.001310947805343515,False
3.6569999999997083,-0.1791028603887986,1.3058823529411765,1.5058823529411764,-0.10598647532742418,-1.0,-166.8775078786953,-9.046818154890074,0.39615471986299217,0.0017116151977709074,False
3.657999999999708,-0.17863200552071837,1.3058823529411765,1.5058823529411764,-0.10698647532742407,-1.0,-166.685703431668,-9.055849046509199,0.38710384002041026,0.0021032444280448146,False
3.658999999999708,-0.17816070989592178,1.3058823529411765,1.5058823529411764,-0.10798647532742396,-1.0,-166.493433219285,-9.054554066283318,0.3780483533945689,0.0024858205545501473,False
3.659999999999708,-0.17768897467728395,1.3058823529411765,1.5058823529411764,-0.10898647532742385,-1.0,-166.30109819955777,-9.05031968049216,0.36899604037760525,0.002859342702549751,False
3.660999999999708,-0.1772168010287646,1.3058823529411765,1.5058823529411764,-0.10998647532742374,-1.0,-166.1088486513818,-9.045050830313574,0.35994838969419035,0.003223814946887392,False
3.6619999999997077,-0.17674419011540538,1.3058823529411765,1.5058823529411764,-0.11014605174343912,-1.0,-165.9167388023237,-9.039509906234922,0.3509059292889339,0.0035792420611170097,False
3.6629999999997076,-0.17627114310332667,1.3058823529411765,1.5058823529411764,0.0,-1.0,-165.7248138187436,-9.033752702395585,0.34186961505723823,0.003925629859345525,False
3.6639999999997075,-0.17579766115972495,1.3058823529411765,1.5058823529411764,0.0,-1.0,-165.5330506914188,-9.02785685808238,0.3328383732067911,0.004262983814112216,False
3.6649999999997074,-0.1753237454528698,1.3058823529411765,1.5058823529411764,-0.0008404235839845062,-1.0,-165.3414701956575,-9.021866692835538,0.3238140561926836,0.004591310049618214,False
3.6659999999997073,-0.1748493971521012,1.3058823529411765,1.5058823529411764,-0.0018404235839843959,-1.0,-165.15006615096635,-9.0157071249543,0.31479463636787086,0.004910614364026993,False
3.666999999999707,-0.17437461742782664,1.3058823529411765,1.5058823529411764,-0.0028404235839842853,-1.0,-164.95887603283333,-9.009517793057071,0.30578273044888565,0.0052209030616973805,False
3.667999999999707,-0.17389940745151738,1.3058823529411765,1.5058823529411764,-0.003840423583984175,-1.0,-164.76790729320547,-9.003128738695146,0.2967756474273195,0.005522182227133831,False
3.668999999999707,-0.17342376839570708,1.3058823529411765,1.5058823529411764,-0.004840423583984065,-1.0,-164.57696495375927,-8.996696507195589,0.28777653240199025,0.0058144583240663334,False
3.669999999999707,-0.17294770143398783,1.3058823529411765,1.5058823529411764,-0.005840423583983955,-1.0,-164.3865578366126,-8.990132692149052,0.2787823022330665,0.006097737726496451,False
3.6709999999997067,-0.1724712077410075,1.3058823529411765,1.5058823529411764,-0.006840423583983845,-1.0,-164.19609202149746,-8.983489258775425,0.2697963098758873,0.00637202703220083,False
3.6719999999997066,-0.1719942884924669,1.3058823529411765,1.5058823529411764,-0.007840423583983734,-1.0,-164.00570035956736,-8.976707312962489,0.26081540815220644,0.006637332884685803,False
3.6729999999997065,-0.17151694486511693,1.3176470588235294,1.5058823529411764,-0.008840423583983624,-1.0,-163.8158083893668,-8.969801580305823,0.25184292873611025,0.006893662045860342,False
3.6739999999997064,-0.17103917803675547,1.3176470588235294,1.5058823529411764,-0.009840423583983514,-1.0,-163.62562909894328,-8.962821755427123,0.24287588602534388,0.007141021454333316,False
3.6749999999997063,-0.17056098918622473,1.3176470588235294,1.5058823529411764,-0.010840423583983403,-1.0,-163.4358030743704,-8.955676007708892,0.23391731371049773,0.007379418040957426,False
3.675999999999706,-0.17008237949340813,1.3176470588235294,1.5058823529411764,-0.011840423583983293,-1.0,-163.246278127449,-8.948499022156636,0.2249646160299715,0.0076088590132935615,False
3.676999999999706,-0.16960335013922753,1.3176470588235294,1.5058823529411764,-0.012840423583983183,-1.0,-163.05694802022853,-8.941136452326537,0.2160203351054119,0.00782935147099926,False
3.677999999999706,-0.1691239023056402,1.3176470588235294,1.5058823529411764,-0.013840423583983073,-1.0,-162.86785334990947,-8.933710219394152,0.20708245582848536,0.008040902878641981,False
3.678999999999706,-0.16864403717563636,1.3176470588235294,1.5058823529411764,-0.014781600054571204,-0.8391426481737327,-162.67893168847604,-8.926135353953923,0.19815290526040813,0.008243520538395275,False
3.6799999999997057,-0.1681637559332349,1.3176470588235294,1.5058823529411764,-0.015722776525159337,-0.9676570422344446,-162.4902360316461,-8.918456701440455,0.1892303236054915,0.008437212167850061,False
3.6809999999997056,-0.16768305976348233,1.3176470588235294,1.5058823529411764,-0.016722776525159227,-1.0,-162.30175185648906,-8.9107033783978,0.18031594400749723,0.008621985279787959,False
3.6819999999997055,-0.1672019498524487,1.3176470588235294,1.5058823529411764,-0.017722776525159117,-1.0,-162.11349318975365,-8.902781470988048,0.17140908479647823,0.00879784781020585,False
3.6829999999997054,-0.16672042738722487,1.3176470588235294,1.5058823529411764,-0.018722776525159007,-1.0,-161.9254648797912,-8.894843191961293,0.16251031082003956,0.008964807486811053,False
3.6839999999997053,-0.16623849355591963,1.3176470588235294,1.5058823529411764,-0.019722776525158896,-1.0,-161.7375963456579,-8.886701478993551,0.1536195732866502,0.009122872444214513,False
3.684999999999705,-0.16575614954765683,1.3176470588235294,1.5058823529411764,-0.020722776525158786,-1.0,-161.54998617278537,-8.878556536529585,0.14473684444097196,0.009272050633950405,False
3.685999999999705,-0.16527339655257237,1.3176470588235294,1.5058823529411764,-0.021722776525158676,-1.0,-161.3626152081324,-8.870224093241815,0.13586261099887315,0.009412350375064002,False
3.686999999999705,-0.16479023576181123,1.3176470588235294,1.5058823529411764,-0.022722776525158566,-1.0,-161.17545857339317,-8.861845611409734,0.12699637215004955,0.009543779850572079,False
3.687999999999705,-0.16430666836752467,1.3176470588235294,1.5058823529411764,-0.023722776525158456,-1.0,-160.98851657912277,-8.853336950841953,0.1181390224988695,0.009666347558527051,False
3.6889999999997047,-0.16382269556286716,1.3176470588235294,1.5058823529411764,-0.024722776525158346,-1.0,-160.80180942395526,-8.844710475321405,0.10928973010177297,0.00978006192236683,False
3.6899999999997046,-0.1633383185419935,1.3176470588235294,1.5058823529411764,-0.025722776525158236,-1.0,-160.61532438636135,-8.836019985698819,0.10044965082567107,0.009884931620364343,False
3.6909999999997045,-0.16285353850005604,1.3176470588235294,1.5058823529411764,-0.026722776525158125,-1.0,-160.42902713917087,-8.827149163986464,0.09161777318665425,0.009980965323618104,False
3.6919999999997044,-0.16236835663320093,1.3176470588235294,1.5058823529411764,-0.027722776525158015,-1.0,-160.24299285722472,-8.818250186457654,0.08279536462181263,0.01006817189702519,False
3.6929999999997043,-0.16188277413856633,1.3176470588235294,1.5058823529411764,-0.028722776525157905,-1.0,-160.05712939912303,-8.809159598481838,0.073981379348996,0.010146560263671413,False
3.693999999999704,-0.16139679221427886,1.3176470588235294,1.5058823529411764,-0.029722776525157795,-1.0,-159.87208103922237,-8.8000280199332,0.06517704771429673,0.010216139479088835,False
3.694999999999704,-0.16091041205945056,1.3176470588235294,1.5058823529411764,-0.030722776525157685,-1.0,-159.68651985476504,-8.790756677821099,0.05638141802861158,0.010276918709426886,False
3.695999999999704,-0.16042363487417616,1.3294117647058823,1.5058823529411764,-0.03172277652515757,-1.0,-159.5014535736499,-8.781357810867632,0.04759556812714244,0.010328907202489301,False
3.696999999999704,-0.15993646185952995,1.3294117647058823,1.5058823529411764,-0.03272277652515746,-1.0,-159.31652200076087,-8.77189572086182,0.038818767947349696,0.010372114369956538,False
3.6979999999997037,-0.1594488942175629,1.3294117647058823,1.5058823529411764,-0.03372277652515735,-1.0,-159.1322061641357,-8.762270300243882,0.030051822085493247,0.010406549663982403,False
3.6989999999997036,-0.1589609331512997,1.3294117647058823,1.5058823529411764,-0.03472277652515724,-1.0,-158.9478537266207,-8.752637292170832,0.02129426831767555,0.010432222709580972,False
3.6999999999997035,-0.15847257986473584,1.3294117647058823,1.5058823529411764,-0.03572277652515713,-1.0,-158.76378787435843,-8.742804550641415,0.012546610857368672,0.010449143148214483,False
3.7009999999997034,-0.1579838355628344,1.3294117647058823,1.5058823529411764,-0.03672277652515702,-1.0,-158.5797924801786,-8.732976656859693,0.0038086911925083546,0.010457320799582663,False
3.7019999999997033,-0.15749470145152375,1.3294117647058823,1.5058823529411764,-0.03772277652515691,-1.0,-158.39651237070072,-8.72296708095006,-0.004919282513132661,0.01045676550396736,False
3.702999999999703,-0.15700517873769304,1.3294117647058823,1.5058823529411764,-0.03866395299574504,-1.0,-158.21306963816016,-8.712922000608359,-0.01363719906034571,0.01044748726258467,False
3.703999999999703,-0.15651526862919124,1.3294117647058823,1.5058823529411764,-0.039605129466333176,-1.0,-158.02985948442912,-8.70275687095933,-0.022345086838941576,0.010429496121447506,False
3.704999999999703,-0.15602497233482282,1.3294117647058823,1.5058823529411764,-0.04054630593692131,-1.0,-157.84743518264742,-8.69246490434442,-0.03104263567831703,0.010402802258035568,False
3.705999999999703,-0.15553429106434513,1.3294117647058823,1.5058823529411764,-0.04148748240750944,-1.0,-157.66487071013012,-8.682107749650633,-0.03972999048022799,0.010367415948985409,False
3.7069999999997028,-0.15504322602846546,1.3294117647058823,1.5058823529411764,-0.042428658878097575,-1.0,-157.4828604635462,-8.671569066359863,-0.048406761579252784,0.01032334756898133,False
3.7079999999997026,-0.15455177843883797,1.3294117647058823,1.5058823529411764,-0.04336983534868571,-1.0,-157.30059204839685,-8.661009040314752,-0.05707310900831024,0.010270607640007185,False
3.7089999999997025,-0.1540599495080607,1.3294117647058823,1.5058823529411764,-0.04431101181927384,-1.0,-157.1188115439905,-8.650264412161965,-0.06572870377991928,0.010209206727949052,False
3.7099999999997024,-0.15356774044967267,1.3294117647058823,1.5058823529411764,-0.04525218828986197,-1.0,-156.93733439577937,-8.63946560560553,-0.07437358705712951,0.010139155590843772,False
3.7109999999997023,-0.15307515247815082,1.3294117647058823,1.5058823529411764,-0.046193364760450106,-1.0,-156.75614815929063,-8.628545661996906,-0.08300760448724906,0.01006046498822174,False
3.711999999999702,-0.15258218680890695,1.3294117647058823,1.5058823529411764,-0.04713454123103824,-1.0,-156.5752939754997,-8.617505413604349,-0.09163058233586693,0.009973145904472493,False
3.712999999999702,-0.1520888446582849,1.3294117647058823,1.5058823529411764,-0.04807571770162637,-1.0,-156.39497613302723,-8.606405712579635,-0.10024262588038856,0.009877209293143143,False
3.713999999999702,-0.15159512724355761,1.3294117647058823,1.4941176470588236,-0.049016894172214505,-1.0,-156.2144680405542,-8.595115804481093,-0.10884325478947651,0.009772666362874284,False
3.714999999999702,-0.15110103578292325,1.3294117647058823,1.4941176470588236,-0.04995807064280264,-1.0,-156.03478948310791,-8.58386589249765,-0.11743292302484186,0.009659528267450396,False
3.7159999999997018,-0.15060657149550358,1.3294117647058823,1.4941176470588236,-0.05089924711339077,-1.0,-155.854809555736,-8.57238766172396,-0.12601082617467138,0.00953780640215899,False
3.7169999999997017,-0.15011173560134008,1.3294117647058823,1.4941176470588236,-0.051840423583978903,-1.0,-155.67528619674394,-8.560952105987694,-0.1345777642554415,0.009407512102415552,False
3.7179999999997015,-0.14961652932139116,1.3411764705882352,1.4941176470588236,-0.052781600054567036,-1.0,-92.57340570872913,-8.549356344509228,-0.14313260829030114,0.009268656923409342,False
3.7189999999997014,-0.14912095387752908,1.3411764705882352,1.4941176470588236,-0.05372277652515517,-1.0,-96.81628703811579,-8.53771834041316,-0.1516764924832492,0.009121252371850642,False
3.7199999999997013,-0.14862501049253699,1.3411764705882352,1.4941176470588236,-0.0546639529957433,-1.0,-118.25978412504874,-8.525918970082586,-0.1602079336400228,0.008965310162710642,False
3.720999999999701,-0.1481287003901059,1.3411764705882352,1.4941176470588236,-0.055605129466331435,-1.0,-142.68908843093226,-8.514014317419193,-0.1687282995192961,0.008800842049587046,False
3.721999999999701,-0.14763202479483162,1.3411764705882352,1.4941176470588236,-0.05654630593691957,-1.0,-151.39227571860292,-8.502057981887612,-0.1772359238924199,0.008627859937308123,False
3.722999999999701,-0.14713498493221183,1.3411764705882352,1.4941176470588236,-0.0574874824075077,-1.0,-153.77166869594424,-8.489930345891132,-0.18573233037091694,0.008446375819265991,False
3.723999999999701,-0.146637582028643,1.3411764705882352,1.4941176470588236,-0.058428658878095834,-1.0,-154.33002624352727,-8.477773116163586,-0.1942157808460262,0.008256401757823979,False
3.7249999999997008,-0.14613981731141729,1.3411764705882352,1.4941176470588236,-0.059369835348683966,-1.0,-154.36472156673693,-8.465433992757703,-0.20268776037565842,0.008057950002522204,False
3.7259999999997007,-0.14564169200871996,1.3411764705882352,1.4941176470588236,-0.06025218828986034,-1.0,-154.24857483325542,-8.453053515983385,-0.21114666625584227,0.007851032777891868,False
3.7269999999997006,-0.1451432073496252,1.3411764705882352,1.4941176470588236,-0.06113454123103672,-1.0,-154.08958874078945,-8.440538241072762,-0.21959374671766865,0.007635662592950925,False
3.7279999999997004,-0.1446443645640945,1.3411764705882352,1.4941176470588236,-0.062016894172213094,-1.0,-153.91805151179173,-8.427925113128442,-0.2280277598360173,0.00741185182323347,False
3.7289999999997003,-0.14414516488297294,1.3411764705882352,1.4941176470588236,-0.06289924711338947,-1.0,-153.74286055651925,-8.415256419971415,-0.2364494884082554,0.0071796132262828515,False
3.729982879638372,-0.1436541650915655,1.3411764705882352,1.4941176470588236,-0.06378160005456585,-1.0,-153.57150697287219,-8.402430797983442,-0.24485828629311823,0.006938959318271402,False
3.7299999999997,-0.14364560953798608,1.3411764705882352,1.4941176470588236,-0.06466395299574222,-1.0,-153.93201269459516,-8.389608701737066,-0.25325424668836194,0.006689903083437238,False
3.7309999999997,-0.14314569976173705,1.3411764705882352,1.4941176470588236,-0.0655463059369186,-1.0,-165.78985955417116,-8.376611964430266,-0.2616375301146076,0.006432457171570074,False
3.7319999999997,-0.14264543678770358,1.3411764705882352,1.4941176470588236,-0.06642865887809497,-1.0,-169.06448057981112,-8.363591248613035,-0.27000733461857807,0.006166634773823177,False
3.7329999999997,-0.14214482185023478,1.3411764705882352,1.4941176470588236,-0.06731101181927135,-1.0,-169.86831404705615,-8.350394483659155,-0.2783647535465187,0.005892448705282705,False
3.7339999999997,-0.14164385618454828,1.3411764705882352,1.4941176470588236,-0.06819336476044772,-1.0,-169.96121893842673,-8.337212207575588,-0.28670799519757806,0.005609912366653347,False
3.7349999999996997,-0.14114254102672705,1.3411764705882352,1.4941176470588236,-0.0690757177016241,-1.0,-169.84919566126732,-8.323888957798589,-0.2950392436127509,0.005319038723858514,False
3.7359999999996996,-0.14064087761371638,1.3411764705882352,1.4941176470588236,-0.06995807064280048,-1.0,-169.6780752510473,-8.310448545632102,-0.30335557610768776,0.005019841348738119,False
3.7369999999996995,-0.14013886718332091,1.3411764705882352,1.4941176470588236,-0.07084042358397685,-1.0,-169.4905334886464,-8.296960240724859,-0.3116602506502697,0.0047123334152793924,False
3.7379999999996993,-0.13963651097420174,1.3411764705882352,1.4941176470588236,-0.07172277652515323,-1.0,-169.29784403941207,-8.283305372866668,-0.319949282049911,0.0043965286803726135,False
3.7389999999996992,-0.13913381022587232,1.3411764705882352,1.4941176470588236,-0.0726051294663296,-1.0,-169.10429479534736,-8.269621783301911,-0.3282269681933968,0.004072440540883552,False
3.739999999999699,-0.13863076617869705,1.3411764705882352,1.4941176470588236,-0.07348748240750598,-1.0,-168.91024090668327,-8.255762360933991,-0.33648832428176473,0.003740082920497328,False
3.740999999999699,-0.1381273800738871,1.3529411764705883,1.4941176470588236,-0.07436983534868236,-1.0,-84.47341512644331,-8.241871843321794,-0.3447385749488827,0.003399469464625997,False
3.741999999999699,-0.13762365315349767,1.3529411764705883,1.4941176470588236,-0.07525218828985873,-1.0,-75.09416506120314,-8.227849250520459,-0.3529719170370166,0.0030506142367505056,False
3.742999999999699,-0.13711958666042484,1.3529411764705883,1.4941176470588236,-0.07607571770162334,-1.0,-85.88615158097555,-8.21373859936281,-0.3611942932713059,0.0026935311355175784,False
3.7439999999996987,-0.13661518183840257,1.3529411764705883,1.4941176470588236,-0.07689924711338796,-1.0,-101.19602807491447,-8.199570490970116,-0.36939931860083136,0.0023282343382156124,False
3.7449999999996986,-0.13611043993199964,1.3529411764705883,1.4941176470588236,-0.07772277652515257,-1.0,-116.64552616893428,-8.185248920816527,-0.3775933793712575,0.0019547380047579923,False
3.7459999999996985,-0.13560536218661653,1.3529411764705883,1.4941176470588236,-0.07854630593691718,-1.0,-131.0904199552253,-8.170930586317668,-0.38576981592844284,0.0015730564052629213,False
3.7469999999996983,-0.13509994984848234,1.3529411764705883,1.5058823529411764,-0.07931101181927004,-0.45557387511106995,-157.35329761728707,-8.156426933175597,-0.393935122582341,0.0011832039637524865,False
3.7479999999996982,-0.1345942041646518,1.3529411764705883,1.5058823529411764,-0.0800757177016229,-0.6499157347133294,-164.77496292085343,-8.141938731975277,-0.4020827232265982,0.0007851950285451469,False
3.748999999999698,-0.13408812638300208,1.3529411764705883,1.5058823529411764,-0.08084042358397577,-0.8255881142377175,-166.77268222952927,-8.12728555300791,-0.4102188440371033,0.00037904428452620033,False
3.749999999999698,-0.13358171775223013,1.3529411764705883,1.5058823529411764,-0.08160512946632863,-0.9844579616920218,-167.21056775519853,-8.112601039833471,-0.4183373711700599,-3.523384482455764e-05,False
3.750999999999698,-0.13307497952184827,1.3529411764705883,1.5058823529411764,-0.08236983534868149,-1.0,-167.19907688222028,-8.115338101306273,-0.4142791631638169,0.0001729197774801073,False
3.751999999999698,-0.13256791294218306,1.3529411764705883,1.5058823529411764,-0.08313454123103435,-1.0,-167.058669118532,-8.114038178531837,-0.4163078908608381,6.90964000850352e-05,False
3.7529999999996977,-0.13206051926437085,1.3529411764705883,1.5058823529411764,-0.08389924711338721,-1.0,-166.88090338462075,-8.113278178662254,-0.4173221013948997,1.6994525566779e-05,False
3.7539999999996976,-0.1315527997403551,1.3529411764705883,1.5058823529411764,-0.08466395299574007,-1.0,-166.69202657479406,-8.112934945063413,-0.41782916432652856,-9.103951154595618e-06,False
3.7549999999996975,-0.13104475562288326,1.3529411764705883,1.5058823529411764,-0.08542865887809294,-1.0,-166.50118586371266,-8.113120571361883,-0.41757563641717416,3.949248550896605e-06,False
3.7559999999996974,-0.13053638816550373,1.3529411764705883,1.5058823529411764,-0.0861933647604458,-1.0,-166.3091795755809,-8.113028378885351,-0.41770240179519647,-2.5763610223120536e-06,False
3.7569999999996972,-0.1300276986225626,1.3529411764705883,1.5058823529411764,-0.08695807064279866,-1.0,-166.1166249086092,-8.113075314334264,-0.4176390193046617,6.8669134958903e-07,False
3.757999999999697,-0.1295186882492008,1.3529411764705883,1.5058823529411764,-0.08772277652515152,-1.0,-165.92517819317825,-8.113051716976042,-0.41767071061134525,-9.447729408164312e-07,False
3.758999999999697,-0.12900935830135082,1.3529411764705883,1.5058823529411764,-0.08847439036648871,-1.0,-165.73304710237392,-8.113063752591886,-0.4176548649699726,-1.290253215242743e-07,False
3.759999999999697,-0.12849971003573368,1.3529411764705883,1.5058823529411764,0.0,-1.0,-165.54164467253355,-8.113069647118586,-0.4176469421402507,2.7883688246642896e-07,False
3.760999999999697,-0.1279897447098561,1.3529411764705883,1.5058823529411764,0.0,-1.0,-165.34989710322574,-8.113066743117619,-0.4176509035559119,7.49067475084352e-08,False
3.7619999999996967,-0.12747946358200624,1.3647058823529412,1.5058823529411764,-1.3092041015660328e-05,-1.0,-127.9083168768289,-8.113065270834202,-0.41765288426319636,-2.7059045319402888e-08,False
3.7629999999996966,-0.12696886791125236,1.3647058823529412,1.5058823529411764,-0.0007777979233685178,-1.0,-129.11970257923332,-8.113066008857105,-0.41765189390959967,2.3923911540238935e-08,False
3.7639999999996965,-0.1264579589574385,1.3647058823529412,1.5058823529411764,-0.0015425038057213752,-1.0,-140.31597630034713,-8.11306564109912,-0.4176523890864083,-1.5675516854169362e-09,False
3.7649999999996964,-0.12594673798118172,1.3647058823529412,1.5058823529411764,-0.0023072096880742327,-1.0,-153.3601006672564,-8.113063683512003,-0.41765339110905675,-1.3619957401192154e-09,False
3.7659999999996963,-0.12543520624386897,1.3647058823529412,1.5058823529411764,-0.0030719155704270903,-1.0,-161.2554438109771,24.362353784417156,0.41765339110905675,-1.3619957401192154e-09,True
3.766999999999696,-0.12492336500765397,1.3647058823529412,1.5058823529411764,-0.0038366214527799478,-1.0,-163.39293782283806,-8.105129210065797,0.41833856490678295,3.5231330822125135e-05,False
3.767999999999696,-0.12441121553545408,1.3647058823529412,1.5058823529411764,-0.004601327335132806,-1.0,-163.87293196736152,-8.20550128552504,0.4101814849097669,0.000449491368896642,False
3.768999999999696,-0.12389875909094719,1.3647058823529412,1.5058823529411764,-0.005366033217485663,-1.0,-163.87541300948652,-8.814076419224396,0.4016733193085221,0.0008554187301028996,False
3.769999999999696,-0.12338599693856867,1.3647058823529412,1.5058823529411764,-0.006130739099838521,-1.0,-163.74094852685988,-8.985584746200155,0.3927720279587589,0.001252641426734062,False
3.7709999999996957,-0.12287293034350814,1.3647058823529412,1.5058823529411764,-0.006895444982191378,-1.0,-163.5669441807857,-9.031216203516083,0.38376491769742643,0.001640909852431239,False
3.7719999999996956,-0.12235956057170644,1.3647058823529412,1.5058823529411764,-0.007660150864544236,-1.0,-163.38130554177658,-9.040477247279,0.37472796323100954,0.0020201563223397195,False
3.7729999999996955,-0.1218458888898527,1.3647058823529412,1.5058823529411764,-0.008366033217485334,-0.27110412481109264,-163.19363335484775,-9.03926204547378,0.36568901912450563,0.0023903647636275647,False
3.7739999999996954,-0.1213319165653802,1.3647058823529412,1.5058823529411764,-0.009071915570426432,-0.40059503966510174,-163.00490741376817,-9.034814595798712,0.356651241212251,0.002751534926103718,False
3.7749999999996953,-0.12081764486646482,1.3647058823529412,1.5058823529411764,-0.00977779792336753,-0.5178427453866513,-162.81597146538746,-9.029467773475522,0.3476196605751332,0.0031036703275635906,False
3.775999999999695,-0.12030307506202086,1.3647058823529412,1.5058823529411764,-0.010483680276308627,-0.6240715628889903,-162.62722020902882,-9.023698950225072,0.3385926924612252,0.0034467765359984257,False
3.776999999999695,-0.11978820842169816,1.3647058823529412,1.5058823529411764,-0.011189562629249725,-0.720383380994035,-162.43847725608526,-9.017769264721158,0.3295721796955678,0.0037808589259130756,False
3.777999999999695,-0.11927304621587896,1.3647058823529412,1.5058823529411764,-0.011895444982190823,-0.8077698996415197,-162.2503552845625,-9.011725908125742,0.3205573655785948,0.004105923727487285,False
3.778999999999695,-0.11875758971567481,1.3647058823529412,1.5058823529411764,-0.01266015086454368,-1.0,-162.0624674035875,-9.005494445577577,0.3115486836352921,0.0044219767114702805,False
3.7799999999996947,-0.11824184019292337,1.3647058823529412,1.5058823529411764,-0.013424856746896537,-1.0,-161.8743675262014,-8.999280542208691,0.302546493807545,0.004729024324195003,False
3.7809999999996946,-0.11772579892018536,1.3647058823529412,1.5058823529411764,-0.014189562629249393,-1.0,-161.68646943901345,-8.992835802671944,0.29355013112660866,0.0050270726031705765,False
3.7819999999996945,-0.11720946717074128,1.3647058823529412,1.5058823529411764,-0.01495426851160225,-1.0,-161.49917963102763,-8.98643544292589,0.28456089192375655,0.005316128132319221,False
3.7829999999996944,-0.11669284621858839,1.3647058823529412,1.5058823529411764,-0.015718974393955105,-1.0,-161.31189393871372,-8.97981496733477,0.27557729852309015,0.005596197202150473,False
3.7839999999996943,-0.11617593733843755,1.3764705882352941,1.5058823529411764,-0.01648368027630796,-1.0,-107.35010004509884,-8.973183190973844,0.26660132327437974,0.005867286523403078,False
3.784999999999694,-0.11565874180571036,1.3764705882352941,1.5058823529411764,-0.017248386158660815,-1.0,-105.84124822881655,-8.96639751508482,0.2576309735044866,0.006129402654975167,False
3.785999999999694,-0.11514126089653473,1.3764705882352941,1.5058823529411764,-0.01801309204101367,-1.0,-118.07908753373286,-8.95950001958498,0.248668603863009,0.006382552446498311,False
3.786999999999694,-0.1146234958877437,1.3764705882352941,1.5058823529411764,-0.018777797923366524,-1.0,-133.05837215161677,-8.952532622388464,0.23971200747683633,0.006626742743871924,False
3.787999999999694,-0.11410544805687098,1.3764705882352941,1.5058823529411764,-0.01954250380571938,-1.0,-147.73271607286077,-8.945359779516128,0.23076362802562853,0.006861980557311932,False
3.7889999999996937,-0.11358711868214805,1.3764705882352941,1.5058823529411764,-0.020307209688072234,-1.0,-156.71185890568128,-8.938164899983956,0.2218213283322042,0.007088273034993286,False
3.7899999999996936,-0.11306850904250113,1.3764705882352941,1.5058823529411764,-0.02107191557042509,-1.0,-159.16430399973302,-8.930724830999576,0.2128873799592749,0.007305627378591397,False
3.7909999999996935,-0.11254962041754796,1.3764705882352941,1.5058823529411764,-0.021836621452777944,-1.0,-159.73858338366495,-8.923267226885079,0.20395994043172014,0.0075140510447385105,False
3.7919999999996934,-0.11203045408759464,1.3764705882352941,1.5058823529411764,-0.0226013273351308,-1.0,-159.77205743922812,-8.91564295430442,0.19504086820616617,0.007713551433719445,False
3.7929999999996933,-0.11151101133363246,1.3764705882352941,1.5058823529411764,-0.023366033217483654,-1.0,-159.64979706611618,-8.907901009277234,0.18612878148288994,0.007904136269224857,False
3.793999999999693,-0.11099129343733483,1.3764705882352941,1.5058823529411764,-0.024071915570424752,-0.6776987506339138,-159.48303118828244,-8.900098671887644,0.17722502510917024,0.008085813154226002,False
3.794999999999693,-0.11047130168105394,1.3764705882352941,1.5058823529411764,-0.02477779792336585,-0.7822360852585832,-159.30320255091593,-8.892104935129826,0.16832875382671605,0.008258590057166802,False
3.795999999999693,-0.10995103734781778,1.3764705882352941,1.5058823529411764,-0.025483680276306948,-0.877025568773727,-159.120181786216,-8.884158217834702,0.1594407190218644,0.00842247477423499,False
3.796999999999693,-0.10943050172132718,1.3764705882352941,1.5058823529411764,-0.026189562629248046,-0.9630419862902989,-158.93671086914495,-8.875970041536146,0.1505606290765756,0.00857747546270441,False
3.7979999999996927,-0.10890969608595144,1.3764705882352941,1.5058823529411764,-0.026895444982189144,-1.0,-158.75280247760745,-8.867830167426678,0.1416886888432994,0.008723600102911778,False
3.7989999999996926,-0.108388621726727,1.3764705882352941,1.5058823529411764,-0.02760132733513024,-1.0,-158.56910628773065,-8.859473558770924,0.13282513762306583,0.008860857029904495,False
3.7999999999996925,-0.10786727992935305,1.3764705882352941,1.5058823529411764,-0.02830720968807134,-1.0,-158.38569754143032,-8.851103425773337,0.12396969575226625,0.008989254429759503,False
3.8009999999996924,-0.10734567198018866,1.3764705882352941,1.5058823529411764,-0.029013092041012437,-1.0,-158.2023634244294,-8.842585084327538,0.11512304966055847,0.009108800814396014,False
3.8019999999996923,-0.10682379916624957,1.3764705882352941,1.5058823529411764,-0.029718974393953535,-1.0,-158.01964192811045,-8.833934342603389,0.1062845565069555,0.009219504603494426,False
3.802999999999692,-0.10630166277520506,1.3764705882352941,1.5058823529411764,-0.030424856746894633,-1.0,-157.83694565852804,-8.825237723207842,0.09745522992626762,0.009321374506105906,False
3.803999999999692,-0.1057792640953748,1.3764705882352941,1.5058823529411764,-0.03113073909983573,-1.0,-157.65442909792947,-8.816360706295027,0.08863415537154784,0.009414419188106763,False
3.804999999999692,-0.10525660441572561,1.388235294117647,1.5058823529411764,-0.03183662145277683,-1.0,-102.22770162458144,-8.80744328365517,0.07982253509326959,0.009498647539894767,False
3.805999999999692,-0.10473368502586825,1.388235294117647,1.5058823529411764,-0.03254250380571793,-1.0,-100.58535795313468,-8.798305364102395,0.07101938231482427,0.0095740684913401,False
3.8069999999996917,-0.10421050721605435,1.388235294117647,1.5058823529411764,-0.03324838615865903,-1.0,-113.03742933743868,-8.789138839533257,0.062225926657292034,0.009640691149626452,False
3.8079999999996916,-0.10368707227717316,1.388235294117647,1.5058823529411764,-0.033954268511600126,-1.0,-128.29941465599586,-8.779812488130396,0.053441204749818456,0.009698524711135683,False
3.8089999999996915,-0.10316338150074868,1.388235294117647,1.5058823529411764,-0.034660150864541224,-1.0,-143.24744274285456,-8.770366888897515,0.0446663341074541,0.009747578482085902,False
3.8099999999996914,-0.1026394361789352,1.388235294117647,1.5058823529411764,-0.03536603321748232,-1.0,-152.83937662819656,-8.760867312288115,0.03590053107935852,0.009787861912897244,False
3.8109999999996913,-0.10211523760451602,1.388235294117647,1.4941176470588236,-0.03607191557042342,-1.0,-32.45584579533631,-8.751192109995996,0.027144649754795393,0.009819384503361344,False
3.811999999999691,-0.10159078707089904,1.388235294117647,1.4941176470588236,-0.03677779792336452,-1.0,-17.946456411215117,-8.741543369735988,0.01839817415966387,0.0098421559150178,False
3.812999999999691,-0.1010660858721138,1.388235294117647,1.4941176470588236,-0.037483680276305616,-1.0,-31.936616558307712,-8.731668353469097,0.009661634292436905,0.00985618581882854,False
3.813999999999691,-0.10054113530280837,1.388235294117647,1.4941176470588236,-0.038189562629246714,-1.0,-52.35240715260915,-8.721841042391725,0.0009348551766478441,0.00986148406365812,False
3.814999999999691,-0.10001593665824607,1.388235294117647,1.4941176470588236,-0.03889544498218781,-1.0,-73.01185056273573,-8.71180221866291,-0.007781981698567037,0.00985806050060245,False
3.8159999999996908,-0.09949049123430234,1.388235294117647,1.4941176470588236,-0.03954250380571715,-0.534725154389391,-92.31452910678135,-8.701752395662897,-0.01648870755543172,0.00984592515540931,False
3.8169999999996906,-0.09896480032746156,1.388235294117647,1.4941176470588236,-0.04018956262924649,-0.6566774956973309,-109.92402627926369,-8.69156062965059,-0.025185446838492977,0.009825088080024831,False
3.8179999999996905,-0.09843886523481378,1.388235294117647,1.4941176470588236,-0.040836621452775834,-0.7670816616980075,-125.88120188418328,-8.681256514458497,-0.03387174743627291,0.009795559480791615,False
3.8189999999996904,-0.09791268725405154,1.388235294117647,1.4941176470588236,-0.041483680276305175,-0.8670924699221477,-140.31129238200353,-8.670894027189002,-0.04254794869845496,0.009757349636869065,False
3.8199999999996903,-0.09738626768346703,1.388235294117647,1.4941176470588236,-0.042130739099834516,-0.9577492561474044,-151.31610818481423,-8.66033232201069,-0.051213425813945945,0.0097104689454266,False
3.82099999999969,-0.09685960782194758,1.388235294117647,1.4941176470588236,-0.04277779792336386,-1.0,-154.35838824893327,-8.649760934513337,-0.05986860998209599,0.009654927934381378,False
3.82199999999969,-0.09633270896897436,1.388235294117647,1.4941176470588236,-0.0434248567468932,-1.0,-155.10672393299143,-8.638972283765163,-0.06851284632807549,0.009590737199778666,False
3.82299999999969,-0.09580557242461792,1.388235294117647,1.4941176470588236,-0.04407191557042254,-1.0,-155.1952439298681,-8.62816226615048,-0.0771465275855824,0.00951790752238716,False
3.82399999999969,-0.09527819948953525,1.388235294117647,1.4941176470588236,-0.04471897439395188,-1.0,-155.09404477293643,-8.61718762713518,-0.08576911334073634,0.009436449693443622,False
3.8249999999996898,-0.09475059146496669,1.388235294117647,1.4941176470588236,-0.04536603321748122,-1.0,-154.9386162961601,-8.606124805401748,-0.09438082556609775,0.009346374735882668,False
3.8259999999996896,-0.09422274965273256,1.4,1.4941176470588236,-0.04601309204101056,-1.0,-59.87015172588562,-8.59500513665241,-0.10298137498895131,0.009247693625681003,False
3.8269999999996895,-0.09369467535523006,1.4,1.4941176470588236,-0.0466601508645399,-1.0,-49.288414977959796,-8.583715913928222,-0.11157070383562771,0.009140417599715307,False
3.8279999999996894,-0.09316636987543006,1.4,1.4941176470588236,-0.04730720968806924,-1.0,-61.380047896959795,-8.572440784486119,-0.12014886616478546,0.009024557804289625,False
3.8289999999996893,-0.09263783451687375,1.4,1.4941176470588236,-0.047954268511598584,-1.0,-78.5173741537419,-8.560939613035753,-0.1287154158258713,0.008900125677194788,False
3.8291709594723455,-0.09254745347582166,1.4,1.4941176470588236,-0.048601327335127925,-1.0,-80.41137424956054,-8.549489102450476,-0.13727082919523592,0.008767132545053144,False
3.829999999999689,-0.09210907058366967,1.4,1.4941176470588236,-0.049248386158657266,-1.0,-35.74086893383881,-8.537802782383432,-0.1458142166421608,0.008625590035132597,False
3.830999999999689,-0.0915800793804902,1.4,1.4941176470588236,-0.04989544498218661,-1.0,-29.36385367001413,-8.526134891881291,-0.15434650150559784,0.008475509668762777,False
3.831999999999689,-0.09105086221256885,1.4,1.4941176470588236,-0.05054250380571595,-1.0,-37.66414968753565,-8.514349353693738,-0.1628663728730277,0.00831690324212907,False
3.832999999999689,-0.0905214203856958,1.4,1.4941176470588236,-0.05118956262924529,-1.0,-49.21600652546181,-8.502429573930707,-0.17137518172994284,0.008149782461447295,False
3.8339999999996888,-0.08999175520621641,1.4,1.4941176470588236,-0.05183662145277463,-1.0,-60.82782997429847,-8.490463037195457,-0.1798711667646067,0.007974159293768927,False
3.8349999999996887,-0.08946186798102689,1.4,1.4941176470588236,-0.05248368027630397,-1.0,-71.66936948855096,-8.478301721558175,-0.1883560422260619,0.0077900456912404275,False
3.8359999999996885,-0.08893176001757125,1.4,1.4941176470588236,-0.053071915570421554,-0.5220072476842497,-81.57877288837552,-8.46613518362637,-0.19682774598459427,0.007597453798466093,False
3.8369999999996884,-0.0884014326238382,1.4,1.4941176470588236,-0.05366015086453914,-0.6464078502509379,-90.57680213309891,-8.453772638120387,-0.20528822276158845,0.0073963958225136475,False
3.8379999999996883,-0.08787088710835789,1.4,1.4941176470588236,-0.05424838615865672,-0.7589566278550769,-98.74772530270755,-8.44138962341748,-0.21373528544946854,0.007186884063766781,False
3.838999999999688,-0.08734012478019863,1.4,1.4941176470588236,-0.054836621452774306,-0.8608387629929204,-106.15240037662879,-8.428843879482997,-0.22217090053391117,0.006968930986216445,False
3.839999999999688,-0.0868091469489637,1.4,1.4941176470588236,-0.05542485674689189,-0.953120919911099,-112.87722432731236,-8.41623658655376,-0.23059297631195108,0.006742549037009764,False
3.840999999999688,-0.08627795492478811,1.4,1.4941176470588236,-0.056013092041009474,-1.0,-118.99113245330409,-8.403540284916154,-0.23900327885463027,0.006507750931783472,False
3.841999999999688,-0.0857465500183354,1.4,1.4941176470588236,-0.0565425038057153,0.06442953293529341,-124.54764502272248,-8.390691669557791,-0.2474000447125742,0.00626454925346771,False
3.8429999999996878,-0.0852149335407943,1.4,1.4941176470588236,-0.05707191557042113,-0.10973239475216806,-129.5998881422866,-8.377861050725976,-0.2557845912940901,0.006012956964045844,False
3.8439999999996877,-0.08468310680387599,1.4,1.4941176470588236,-0.057601327335126955,-0.267007541435591,-134.20771210601947,-8.364843578300931,-0.26415576540622965,0.005752986764395284,False
3.8449999999996876,-0.08415107111980942,1.4,1.4941176470588236,-0.05813073909983278,-0.40908458521537877,-138.40773655230495,-8.35183777699424,-0.27251417798740035,0.0054846518263831755,False
3.8459999999996874,-0.08361882780134007,1.4,1.5058823529411764,-0.05866015086453861,-0.5374833363818948,-159.6753262206535,-8.338600904334443,-0.2808594410632077,0.005207964992285352,False
3.8469999999996873,-0.08308637816172544,1.4117647058823528,1.5058823529411764,-0.059189562629244435,-0.6535716241964667,-138.58580258585673,-8.325363896524587,-0.28919125252119904,0.0049229396827353365,False
3.8479999999996872,-0.08255372351473206,1.4117647058823528,1.5058823529411764,-0.05971897439395026,-0.7585804949942885,-135.9569380343811,-8.312009884540988,-0.29751024314409336,0.004629588908922313,False
3.848999999999687,-0.08202086517463233,1.4117647058823528,1.5058823529411764,-0.06024838615865609,-0.8536178904770347,-138.33745241837812,-8.298532232392656,-0.30581507001787206,0.004327926291112846,False
3.849999999999687,-0.08148780445620124,1.4117647058823528,1.5058823529411764,-0.060777797923361916,-0.9396809581762139,-141.88301773111894,-8.2850276965023,-0.31410743550127146,0.004017965013175083,False
3.850999999999687,-0.08095454267471311,1.4117647058823528,1.5058823529411764,-0.06130720968806774,-1.0,-145.5237676131489,-8.27133816094237,-0.3223848888367088,0.0036997188888839203,False
3.851999999999687,-0.08042108114593838,1.4117647058823528,1.5058823529411764,-0.06183662145277357,-1.0,-148.96371018467948,-8.257666245190846,-0.33065025979103396,0.0033732012928268337,False
3.8529999999996867,-0.07988742118614037,1.4117647058823528,1.5058823529411764,-0.0623660332174794,-1.0,-152.15079307922542,-8.243747464048617,-0.33889996159293917,0.0030384262164741193,False
3.8539999999996866,-0.07935356411207192,1.4117647058823528,1.5058823529411764,-0.06289544498218522,-1.0,-155.0810638267429,-8.229867923671101,-0.3471378991143001,0.002695407270733726,False
3.8549999999996865,-0.07881951124097236,1.4117647058823528,1.5058823529411764,-0.06342485674689104,-1.0,-157.77880633753446,-8.21580709786805,-0.35535949087694135,0.0023441586038037035,False
3.8559999999996863,-0.07828526389056432,1.4117647058823528,1.5058823529411764,-0.06395426851159686,-1.0,-160.2617477134229,-8.201716213519383,-0.3635695961070127,0.001984694054077816,False
3.8569999999996862,-0.07775082337904944,1.4117647058823528,1.5058823529411764,-0.06442485674689093,-0.1789176628096445,-162.55218515957517,-8.18756797929269,-0.3717628115192657,0.0016170278694762192,False
3.857999999999686,-0.07721619102510685,1.4117647058823528,1.5058823529411764,-0.064895444982185,-0.32427428268732017,-164.66670680317418,-8.173241037499626,-0.3799447020264238,0.0012411741179035208,False
3.858999999999686,-0.07668136814788874,1.4117647058823528,1.5058823529411764,-0.06536603321747907,-0.45556582881252305,-165.62349511489978,-8.158919952021307,-0.38810925661607404,0.0008571471469959584,False
3.859999999999686,-0.0761463560670174,1.4117647058823528,1.5058823529411764,-0.06583662145277314,-0.5741988085605012,-165.76155684030977,-8.144395772905714,-0.3962624521806984,0.0004649613107764075,False
3.860999999999686,-0.07561115610258196,1.4117647058823528,1.5058823529411764,-0.06591707296931724,-0.5925325485686628,-165.66439418009983,-8.129883410182266,-0.4043980643043564,6.463104925289984e-05,False
3.8619999999996857,-0.07507576957513509,1.4117647058823528,1.5058823529411764,0.0,0.06663818112450981,-165.49984614605305,-8.115190189829034,-0.4125220878175589,-0.0003438289950519975,False
3.8629999999996856,-0.07454019780568988,1.4117647058823528,1.5058823529411764,0.0,0.06663818112450981,-165.31602449497817,-8.117888011870537,-0.40846036831419436,-0.00013858354953483754,False
3.8639999999996855,-0.0740044421157164,1.4117647058823528,1.5058823529411764,-0.0003901367187499637,-0.020815105095051134,-165.1266433768885,-8.119235051849765,-0.4064292898164225,-3.672236669018097e-05,False
3.8649999999996854,-0.07346850382713856,1.4117647058823528,1.5058823529411764,-0.0008607249540440301,-0.11794726071604963,-164.93591982713588,-8.119910015947317,-0.40541369561220886,1.4017815612167024e-05,False
3.8659999999996852,-0.07293238426233081,1.4117647058823528,1.5058823529411764,-0.0013313131893380964,-0.20583678901024416,-164.7449287345283,-8.119578178693121,-0.4059211837644022,-1.1336399254329458e-05,False
3.866999999999685,-0.0723960847441149,1.4117647058823528,1.5058823529411764,-0.0018019014246321628,-0.285407952710314,-164.5540127950369,-8.11975682473456,-0.405667442935738,1.3446729254943887e-06,False
3.867999999999685,-0.07185960659575687,1.423529411764706,1.5058823529411764,-0.002272489659926229,-0.357492588275672,-39.423608569480045,-8.119650356094157,-0.4057943134418002,-4.994872006707175e-06,False
3.868999999999685,-0.0713229511409626,1.423529411764706,1.5058823529411764,-0.0027430778952202955,-0.42283934851978844,-16.456043274482525,-8.119702167750498,-0.40573087848512057,-1.8248517467236941e-06,False
3.869999999999685,-0.07078611970387641,1.423529411764706,1.5058823529411764,-0.003213666130514362,-0.4821220209747885,-21.623006349362303,-8.119734845076296,-0.4056991607977401,-2.400274617572528e-07,False
3.8709999999996847,-0.07024911360907649,1.423529411764706,1.5058823529411764,-0.0036842543658084283,-0.5359470144195831,-33.743436287514285,-8.119751069467627,-0.40568330188845453,5.52338219147096e-07,False
3.8719999999996846,-0.069711934181572,1.423529411764706,1.5058823529411764,-0.004154842601102495,-0.584860096755192,-46.835190860491444,-8.11974213008012,-0.4056912313531763,1.5615925058705564e-07,False
3.8729999999996845,-0.06917458274679977,1.423529411764706,1.5058823529411764,-0.004625430836396561,-0.6293524590925349,-59.2795764592829,-8.119735812905494,-0.405695196080721,-4.193313764706963e-08,False
3.8739999999996844,-0.06863706063062106,1.423529411764706,1.5058823529411764,-0.005096019071690628,-0.669866173431438,-70.70274599700974,-8.119739122832385,-0.40569321371744443,5.7113298458404615e-08,False
3.8749999999996843,-0.06809936915931823,1.423529411764706,1.5058823529411764,-0.005566607306984694,-0.7067991045717457,-81.08138849319886,-8.119737487909791,-0.40569420489922664,7.59014090271794e-09,False
3.875999999999684,-0.06756150965959158,1.423529411764706,1.5058823529411764,-0.0060371955422787605,-0.7405093308333176,-90.48362568535761,-8.119736647735122,-0.4056947004900239,-1.7171483157867695e-08,False
3.876999999999684,-0.06702348345855592,1.423529411764706,1.5058823529411764,-0.006507783777572827,-0.7713191227040259,-98.99262303969357,-8.119736932627985,-0.4056944526946328,-4.790667436589108e-09,False
3.877999999999684,-0.06648529188373746,1.423529411764706,1.5058823529411764,-0.006978372012866893,-0.7995185236229575,-106.70395070656159,-8.11972354353122,-0.40569462419719976,-4.792848735655757e-09,False
3.878999999999684,-0.06594693626307067,1.423529411764706,1.5058823529411764,-0.00744896024816096,-0.825368572685291,-113.6887235918685,24.380475234547475,0.40569462419719976,-4.792848735655757e-09,True
3.8799999999996837,-0.06540841792489395,1.423529411764706,1.5058823529411764,-0.007978372012866785,-1.0,-120.02218842730743,-8.12339106763198,0.41252424077226135,0.00034382038399980607,False
3.8809999999996836,-0.06486973819794804,1.423529411764706,1.5058823529411764,-0.008448960248160851,-0.7656427448171856,-125.76350666968592,-8.732579009052658,0.40409896509545734,0.0007521320076083686,False
3.8819999999996835,-0.06433089841137166,1.423529411764706,1.5058823529411764,-0.008919548483454918,-0.7963509599953894,-130.98453000173637,-8.963341758662995,0.3952482534205053,0.001151805586662501,False
3.8829999999996834,-0.06379189989469838,1.423529411764706,1.5058823529411764,-0.009390136718748984,-0.8244589418910668,-135.72749838903184,-9.025830200978804,0.38625641380285775,0.0015425579181810088,False
3.8839999999996833,-0.06325274397785348,1.423529411764706,1.5058823529411764,-0.00986072495404305,-0.8502267138324715,-140.03741019283908,-9.040034671239017,0.37722079015810833,0.0019242965132416077,False
3.884999999999683,-0.06271343199115058,1.423529411764706,1.5058823529411764,-0.010331313189337117,-0.8738882968150299,-143.96907824171086,-9.040216551422434,0.36818326138109103,0.0022969985161801574,False
3.885999999999683,-0.062173965265288414,1.423529411764706,1.5058823529411764,-0.010801901424631184,-0.895654309734626,-147.54789219407877,-9.036208460544747,0.35914258856335135,0.0026606614549400456,False
3.886999999999683,-0.06163434513134748,1.423529411764706,1.5058823529411764,-0.01127248965992525,-0.9157143095975567,-150.819252523071,-9.031149485040926,0.3501112044688761,0.0030152883120793637,False
3.887999999999683,-0.06109457292078682,1.423529411764706,1.5058823529411764,-0.011743077895219316,-0.9342388977094891,-153.80654198761047,-9.02536450329717,0.3410808496370824,0.0033608843694209614,False
3.8889999999996827,-0.06055464996544071,1.4352941176470588,1.5058823529411764,-0.012213666130513383,-0.9513816152455223,-20.50549538320942,-9.019689392914238,0.3320602052610663,0.003697454845524012,False
3.8899999999996826,-0.06001457759751538,1.4352941176470588,1.5058823529411764,-0.01268425436580745,-0.967280649263246,3.817652318486714,-9.013591570246032,0.32304191651623176,0.004025005947800286,False
3.8909999999996825,-0.059474357149585995,1.4352941176470588,1.5058823529411764,-0.013154842601101516,-0.9820603681144928,-1.8493863636107213,-9.007544636829117,0.31403275418730525,0.004343543224294505,False
3.8919999999996824,-0.05893398995459221,1.4352941176470588,1.5058823529411764,-0.013625430836395582,-0.9958327033159081,-14.908898200654324,-9.001211113375732,0.3050272205160157,0.004653073259055954,False
3.8929999999996823,-0.05839347734583667,1.4352941176470588,1.5058823529411764,-0.014096019071689649,-1.0,-28.98055854386846,-8.994775985055421,0.29603013463985944,0.004953601874927859,False
3.893999999999682,-0.05785282065698051,1.4352941176470588,1.5058823529411764,-0.014566607306983715,-1.0,-42.33937533288141,-8.988320405417685,0.2870379253669131,0.005245135954333969,False
3.894999999999682,-0.05731202122204035,1.4352941176470588,1.5058823529411764,-0.015037195542277781,-1.0,-54.58922929887816,-7.997947922896538,0.2785452170489782,0.0055279274653405,False
3.895999999999682,-0.056771080375385044,1.4352941176470588,1.5058823529411764,-0.015507783777571848,-1.0,-65.70637763014395,-8.49522920536898,0.2702984285051326,0.005802349335963197,False
3.896999999999682,-0.05622999945173237,1.4352941176470588,1.5058823529411764,-0.015978372012865914,-1.0,-75.76567613165437,-8.831347659009914,0.2616351308990707,0.0060683160601856115,False
3.8979999999996817,-0.0556887797861457,1.4352941176470588,1.5058823529411764,-0.01644896024815998,-1.0,-84.86169732621471,-8.923428941754086,0.2527579445773373,0.006325512640481948,False
3.8989999999996816,-0.05514742271403076,1.4352941176470588,1.5058823529411764,-0.016919548483454047,-1.0,-93.08670585801184,-8.944812346081674,0.2438234517755588,0.006573803290830031,False
3.8999999999996815,-0.05460592957113233,1.4352941176470588,1.5058823529411764,-0.017390136718748114,-1.0,-100.52766534393342,-8.946011679338353,0.2348785596527293,0.006813154330699167,False
3.9009999999996814,-0.05406430169353089,1.4352941176470588,1.5058823529411764,-0.01786072495404218,-1.0,-107.25924627939398,-8.941268054735527,0.22593427891764362,0.007043560712377204,False
3.9019999999996813,-0.053522540417639396,1.4352941176470588,1.5058823529411764,-0.018272489659924486,0.08102071077586759,-113.36068948901864,-8.934697595494608,0.21699703282394198,0.007265026392205031,False
3.902999999999681,-0.05298064708020024,1.4352941176470588,1.5058823529411764,-0.018684254365806792,-0.03182443819692571,-118.88597353111665,-8.927669160014709,0.20806504571252374,0.007477557405861169,False
3.903999999999681,-0.05243862301828077,1.4352941176470588,1.5058823529411764,-0.019096019071689098,-0.13379683697832323,-123.89646748193768,-8.920101784019089,0.19914200554814823,0.0076811609444022684,False
3.904999999999681,-0.05189646956927177,1.4352941176470588,1.5058823529411764,-0.019507783777571404,-0.225983760587464,-128.44523409394841,-8.912637578901903,0.19022477644370892,0.007875844321966845,False
3.905999999999681,-0.051354188070882975,1.4352941176470588,1.5058823529411764,-0.01991954848345371,-0.3093637565415741,-132.57765712768617,-8.904719079193814,0.18131694802572343,0.008061615186117385,False
3.9069999999996807,-0.050811779861140084,1.4352941176470588,1.5058823529411764,-0.020331313189336016,-0.3848175176061558,-136.33383852591436,-8.896843457014016,0.1724153493175972,0.008238481332312243,False
3.9079999999996806,-0.050269246278381446,1.4352941176470588,1.5058823529411764,-0.020743077895218322,-0.4531376672701634,-139.7537567489228,-8.888705815935754,0.16352334061484275,0.00840645066958241,False
3.9089999999996805,-0.049726588661254734,1.4470588235294117,1.5058823529411764,-0.021154842601100628,-0.5150375666736531,-6.8297800111837565,-8.880437665766236,0.15463807139385322,0.008565531382124006,False
3.9099999999996804,-0.049183808348713665,1.4470588235294117,1.5058823529411764,-0.021566607306982934,-0.5711592408426763,17.161737750756423,-8.872210872368768,0.14576236402727827,0.008715731585065726,False
3.9109999999996803,-0.04864090668001472,1.4470588235294117,1.5058823529411764,-0.02197837201286524,-0.6220805123006798,11.204695939069122,-8.863678011352386,0.1368938933556614,0.008857059726870842,False
3.91199999999968,-0.0480978849947138,1.4470588235294117,1.5058823529411764,-0.022390136718747546,-0.6683214213187663,-2.108089584576324,-8.855415109117219,0.128034777521485,0.00898952404325702,False
3.91299999999968,-0.04755474463266291,1.4470588235294117,1.5058823529411764,-0.02280190142462985,-0.7103500041409263,-16.39931021217977,-8.84676478733497,0.11918335504769846,0.009113133126384372,False
3.91399999999968,-0.04701148693400692,1.4470588235294117,1.5058823529411764,-0.023213666130512157,-0.7485874933867533,-29.94752490729922,-8.838404638560052,0.11034100623796678,0.00922789528618243,False
3.91499999999968,-0.04646811323918051,1.4470588235294117,1.5058823529411764,-0.023625430836394463,-0.7834129984138805,-42.359093896256454,-8.829709970712551,0.1015068055318723,0.009333819209934669,False
3.9159999999996797,-0.04592462488890363,1.4470588235294117,1.5058823529411764,-0.02403719554227677,-0.8151677176441776,-53.61434655540634,-8.821130198692405,0.09268144349569866,0.00943091331407609,False
3.9169999999996796,-0.04538102322418006,1.4470588235294117,1.5058823529411764,-0.024448960248159075,-0.8441587296573274,-63.788911004111874,-8.812389460941686,0.08386470166262008,0.009519186403477443,False
3.9179999999996795,-0.04483730958629289,1.4470588235294117,1.5058823529411764,-0.02486072495404138,-0.8706624051750447,-72.98067217302092,-8.803448607670731,0.07505670036018659,0.009598647086563345,False
3.9189999999996794,-0.044293485316801454,1.4470588235294117,1.5058823529411764,-0.025272489659923687,-0.8949274778468732,-81.28374163839872,-8.794556818186912,0.06625783125917584,0.009669304366635382,False
3.9199999999996793,-0.043749551757538085,1.4470588235294117,1.5058823529411764,-0.025684254365805993,-0.9171778079574017,-88.78278129681803,-8.785220666826264,0.057467772345650855,0.009731167154309212,False
3.920999999999679,-0.043205510250604776,1.4470588235294117,1.5058823529411764,-0.0260960190716883,-0.9376148697627598,-95.56837191012916,-8.77599853186287,0.04868735423347006,0.009784244728202177,False
3.921999999999679,-0.04266136213836985,1.4470588235294117,1.5058823529411764,-0.026507783777570605,-0.9564199900934636,-101.70277618028184,-8.76633866141264,0.03991598873520083,0.00982854638998809,False
3.922999999999679,-0.042117108763464695,1.4470588235294117,1.5058823529411764,-0.026860724954041154,0.20330246043244016,-107.2533165248815,-8.75671524737286,0.031154648264565904,0.009864081714973773,False
3.923999999999679,-0.0415727514687804,1.4470588235294117,1.5058823529411764,-0.027213666130511703,0.08199384237634527,-112.27783846563446,-8.746848820585752,0.022402705429079923,0.009890860386568211,False
3.9249999999996787,-0.041028291597464475,1.4470588235294117,1.5058823529411764,-0.027566607306982252,-0.027536855050612347,-116.82992911596196,-8.736849880672942,0.013660976908346171,0.009908892230473929,False
3.9259999999996786,-0.04048373049291754,1.4470588235294117,1.5058823529411764,-0.0279195484834528,-0.12646742391134613,-120.95351631106088,-8.726912369659171,0.004929027720626785,0.009918187231309859,False
3.9269999999996785,-0.0399390694987903,1.4470588235294117,1.5058823529411764,-0.02827248965992335,-0.2158578770624775,-124.69775705573693,-8.716673470390534,-0.0037927607333020316,0.009918755364866094,False
3.9279999999996784,-0.03939430995897898,1.4470588235294117,1.5058823529411764,-0.0286254308363939,-0.2966622260749674,-128.09704687222896,-8.706725101762967,-0.012504392361819584,0.009910606789221588,False
3.9289999999996783,-0.03884945321762391,1.4470588235294117,1.5058823529411764,-0.028978372012864448,-0.3697390813626804,-131.18200813042006,-8.696402982293371,-0.02120610208850473,0.009893751540995442,False
3.929999999999678,-0.03830450061910494,1.4588235294117646,1.5058823529411764,-0.029331313189334997,-0.43586119229809345,2.046161173296852,-8.68638843384602,-0.029897270978691548,0.009868199855925385,False
3.930999999999678,-0.03775945350803842,1.4588235294117646,1.5058823529411764,-0.029684254365805546,-0.4957240333164359,26.320103161358738,-8.676067812547597,-0.038578807153609285,0.009833961816751842,False
3.931999999999678,-0.03721431322927394,1.4588235294117646,1.5058823529411764,-0.030037195542276095,-0.5499535314094159,20.62529339680243,-8.665856698154059,-0.047249382784655784,0.009791047721895266,False
3.932999999999678,-0.03666908112789092,1.4588235294117646,1.5058823529411764,-0.030390136718746644,-0.5991130208695679,7.557238955800534,-8.655500545744388,-0.05591052095699828,0.009739467772720806,False
3.9339999999996778,-0.03612375854919539,1.4588235294117646,1.5058823529411764,-0.030743077895217193,-0.643709502560176,-6.505685381561557,-8.644942176721056,-0.06456021801148401,0.009679232400188944,False
3.9349999999996776,-0.03557834683871659,1.4588235294117646,1.5058823529411764,-0.03109601907168774,-0.6841992772581953,-19.840430395976927,-8.634404251271562,-0.07320046969670192,0.009610352063369323,False
3.9359999999996775,-0.03503284734220371,1.4588235294117646,1.5058823529411764,-0.03144896024815829,-0.7209930156628835,-32.05235413986808,-8.623433956761529,-0.08182876887021327,0.009532837436446956,False
3.9369999999996774,-0.03448726140562253,1.4588235294117646,1.5058823529411764,-0.03180190142462884,-0.7544603214035732,-43.11911811806748,-8.612556052175025,-0.09044741067341772,0.00944669935920024,False
3.9379999999996773,-0.03394159037515241,1.4588235294117646,1.5058823529411764,-0.03215484260109939,-0.7849338377466644,-53.11654008399579,-8.601236299353433,-0.0990536488662408,0.00935194881642195,False
3.938999999999677,-0.03339583559718177,1.4588235294117646,1.5058823529411764,-0.03250778377756994,-0.8127129436319183,-62.14043286840095,-8.589948472370885,-0.10764989302684587,0.00924859706420383,False
3.939999999999677,-0.03284999841830657,1.4588235294117646,1.5058823529411764,-0.032860724954040486,-0.8380670801051165,-70.2849192087485,-8.578456536310457,-0.11623346716510354,0.009136655365542456,False
3.940999999999677,-0.032304080185325795,1.4588235294117646,1.5058823529411764,-0.033213666130511035,-0.8612387441074669,-77.6362862250847,-8.566794447114447,-0.12480667931304856,0.009016135317176644,False
3.941999999999677,-0.03175808224523842,1.4588235294117646,1.4941176470588236,-0.033566607306981584,-0.8824461828860525,51.76317368622893,-8.555217095934857,-0.13336715747396355,0.008887048374970587,False
3.9429999999996768,-0.03121200594524008,1.4588235294117646,1.4941176470588236,-0.033860724954040376,0.2751730045661699,72.59837183637809,-8.543335032156987,-0.14191688502057057,0.008749406383788369,False
3.9439999999996767,-0.030665852632719766,1.4588235294117646,1.4941176470588236,-0.03415484260109917,0.15203027327317292,63.816173129224104,-8.531777446189754,-0.1504540812068439,0.008603220872775735,False
3.9449999999996765,-0.030119623655256486,1.4588235294117646,1.4941176470588236,-0.03444896024815796,0.04090769746241535,47.97681764075753,-8.519843104809796,-0.15898014601525384,0.008448503792788236,False
3.9459999999996764,-0.029573320360615937,1.4588235294117646,1.4941176470588236,-0.03474307789521675,-0.059396738414326244,31.427263790080897,-8.508241939047902,-0.1674940500013198,0.008285266665119263,False
3.9469999999996763,-0.029026944096747196,1.4588235294117646,1.4941176470588236,-0.035037195542275544,-0.14996484835045287,15.862255789443957,-8.49633875775228,-0.17599635374426673,0.008113521498078022,False
3.947999999999676,-0.02848049621177938,1.4588235294117646,1.4941176470588236,-0.035331313189334336,-0.23177026494002717,1.6507893421383806,-8.484579379039337,-0.18448692820970938,0.007933279828771412,False
3.948999999999676,-0.027933978054018326,1.4588235294117646,1.4941176470588236,-0.03562543083639313,-0.3056892575177039,-11.20794181891976,-8.472653433125771,-0.19296529860485664,0.007744553748119568,False
3.949999999999676,-0.02738739097194356,1.4705882352941175,1.4941176470588236,-0.03591954848345192,-0.37251046848467195,113.22850265877551,-8.460516673361505,-0.2014322562449514,0.0075473549469668565,False
3.950999999999676,-0.026840736314203768,1.4705882352941175,1.4941176470588236,-0.03621366613051071,-0.4329436760020036,129.59994204129785,-8.44841408830857,-0.20988622926515735,0.007341695731155882,False
3.9519999999996758,-0.026294015429615278,1.4705882352941175,1.4941176470588236,-0.036507783777569504,-0.4876276804146609,116.80605518078896,-8.435849350421938,-0.21832896079022113,0.0071275881203481314,False
3.9529999999996757,-0.025747229667157527,1.4705882352941175,1.4941176470588236,-0.036801901424628296,-0.5371374020331116,97.36288221914918,-8.423388390932123,-0.2267578869915649,0.0069050447144320655,False
3.9539999999996756,-0.025200380375970027,1.4705882352941175,1.4941176470588236,-0.03709601907168709,-0.5819902691367764,77.57824644327476,-8.410465247156033,-0.23517557871676475,0.006674077976966186,False
3.9549999999996754,-0.024653468905349047,1.4705882352941175,1.4941176470588236,-0.03739013671874588,-0.6226519671771347,59.11549063942651,-8.397597149494304,-0.24357879348914857,0.0064347007976406105,False
3.9559999999996753,-0.024106496604744274,1.4705882352941175,1.4941176470588236,-0.03768425436580467,-0.6595416130605161,42.29288849141338,-8.384515309071968,-0.25197069056829036,0.0061869260644398846,False
3.956999999999675,-0.02355946482375548,1.4705882352941175,1.4941176470588236,-0.037978372012863464,-0.6930364120026187,27.094582591499442,-8.371312425932464,-0.26034776490920264,0.005930766830623709,False
3.957999999999675,-0.023012374912129218,1.4705882352941175,1.4941176470588236,-0.038272489659922256,-0.7234758486975694,13.395018928232203,-8.358195476624061,-0.26871332632123074,0.005666236308146921,False
3.958999999999675,-0.022465228219755447,1.4705882352941175,1.4941176470588236,-0.03856660730698105,-0.7511654593700847,1.0545103318809326,-8.344794560011625,-0.2770640751669946,0.0053933475875143225,False
3.959999999999675,-0.021918026096664246,1.4705882352941175,1.4941176470588236,-0.03886072495403984,-0.7763802266224076,-10.059642647209719,-8.331675657974854,-0.28540296242168545,0.0051121141062661695,False
3.960999999999675,-0.021370769893022463,1.4705882352941175,1.4941176470588236,-0.03915484260109863,-0.7993676347965575,-20.069261879662825,-8.318225446988421,-0.29372738477943067,0.004822548899286891,False
3.9619999999996747,-0.02082346095913068,1.4705882352941175,1.4941176470588236,-0.03944896024815742,-0.820350419800351,-29.08436844184136,-8.305072943849279,-0.3020394043580672,0.004524665556448323,False
3.9629999999996746,-0.02027610064541867,1.4705882352941175,1.4941176470588236,-0.039743077895216215,-0.8395290439508241,-37.20460701306894,-8.291640678247271,-0.31033757679951585,0.004218477020423858,False
3.9639999999996745,-0.019728690302443907,1.4705882352941175,1.4941176470588236,-0.03997837201286325,0.31997490019611163,-44.519012856825235,-4.94914799554489,-0.31695793702946884,0.0039048293279974186,False
3.9649999999996743,-0.019181231280886994,1.4705882352941175,1.4941176470588236,-0.040213666130510285,0.1985872734577683,-51.10889919255018,-5.16968854455687,-0.32201763090381885,0.0035853414889664157,False
3.9659999999996742,-0.018633724931548645,1.4705882352941175,1.4941176470588236,-0.04044896024815732,0.08910311527561096,-57.04590977135213,-6.300085586138097,-0.32775197883669827,0.003260456757214347,False
3.966999999999674,-0.01808617260534635,1.4705882352941175,1.4941176470588236,-0.040684254365804355,-0.009667921205979008,-62.39302889000672,-7.588492483551986,-0.3346970886879972,0.002929232162014625,False
3.967999999999674,-0.017538575653311045,1.4705882352941175,1.4941176470588236,-0.04091954848345139,-0.09879714815705834,-67.21230432255989,-8.044399953652457,-0.34251241279783884,0.0025906274894730813,False
3.968999999999674,-0.016990935426583774,1.4705882352941175,1.4941176470588236,-0.041154842601098425,-0.17924874653067746,-71.56081941722607,-8.165827502175286,-0.3506189612222582,0.002244061738846519,False
3.969999999999674,-0.016443253276412356,1.4823529411764707,1.4941176470588236,-0.04139013671874546,-0.25189047918458246,60.52743661963862,-8.190478410992979,-0.35879535609677654,0.0018893546593258482,False
3.9709999999996737,-0.01589553055414806,1.4823529411764707,1.4941176470588236,-0.041625430836392495,-0.31750333269074477,83.84888795892039,-8.187486996198407,-0.3669864177153803,0.0015264637126276418,False
3.9719999999996736,-0.015347768611242242,1.4823529411764707,1.4941176470588236,-0.04186072495403953,-0.37679019496393895,77.30550158526904,-8.17630013914481,-0.37516591321330545,0.0011553876215042542,False
3.9729999999996735,-0.014799968799243054,1.4823529411764707,1.4941176470588236,-0.042096019071686565,-0.4303836651274609,63.492686138917904,-8.162725818684228,-0.38333812742811385,0.0007761355513193227,False
3.9739999999996733,-0.014252132469792388,1.4823529411764707,1.4941176470588236,-0.0423313131893336,-0.47885308239227875,48.78117571341261,-8.148543596439337,-0.3914907734777829,0.00038872116386465575,False
3.974658874511391,-0.013891157773829708,1.4823529411764707,1.4941176470588236,-0.042566607306980635,-0.5227108520482625,40.44930594660876,-8.133847334604761,-0.3996352166693422,-6.841865724908061e-06,False
3.9749999999996732,-0.013704260974621305,1.4823529411764707,1.4941176470588236,-0.04274307789521591,0.6146406846731256,60.5751132813723,-8.136420746868023,-0.3955628469511699,0.0001919577520049843,False
3.975999999999673,-0.013156355665548566,1.4823529411764707,1.4941176470588236,-0.04291954848345119,0.47337471478120063,78.8790998100005,-8.135531481307709,-0.3975966093181448,9.281282180485079e-05,False
3.976999999999673,-0.012608417894476058,1.4823529411764707,1.4941176470588236,-0.04309601907168647,0.34605887129023155,76.24776283933974,-8.135420751344547,-0.39861359617482656,4.304968557492627e-05,False
3.977999999999673,-0.01206044901338576,1.4823529411764707,1.4941176470588236,-0.043272489659921747,0.23129814156012243,68.37559856013702,-8.134365469595036,-0.3991220286075712,1.8120447184651433e-05,False
3.978999999999673,-0.011512450374336416,1.4823529411764707,1.4941176470588236,-0.043448960248157024,0.12783701421478805,59.70179643407663,-8.13464587313117,-0.39937622835710135,5.643911959617267e-06,False
3.9799999999996727,-0.010964423329460193,1.4823529411764707,1.4941176470588236,-0.0436254308363923,0.034545529015750365,51.433384830798936,-8.134538232875839,-0.3995033286743702,-5.973345039967418e-07,False
3.9809999999996726,-0.010416369230959345,1.4823529411764707,1.4941176470588236,-0.04380190142462758,-0.0495932782516198,43.85609225447479,-8.13461223790312,-0.3994397788804486,2.523536964619992e-06,False
3.9819999999996725,-0.009868289431102881,1.4823529411764707,1.4941176470588236,-0.04397837201286286,-0.1254946753804892,36.98861435331846,-8.134727954743994,-0.39947155426471465,9.631632875659934e-07,False
3.9829999999996724,-0.009320185282223222,1.4823529411764707,1.4941176470588236,-0.04409601907168637,0.9830764201447134,30.791134866500016,-8.134581774508222,-0.3994874419181893,1.8292990392682697e-07,False
3.9839999999996722,-0.008772058136712875,1.4823529411764707,1.4941176470588236,-0.044213666130509886,0.8159668767056325,25.204188318225075,-8.134461866844196,-0.39949538561450754,-2.071984240412041e-07,False
3.984999999999672,-0.008223909347021077,1.4823529411764707,1.4941176470588236,-0.0443313131893334,0.6654506405516349,20.168451705039484,-8.13451915233568,-0.39949141378037584,-1.2133290392193189e-08,False
3.985999999999672,-0.00767574026565079,1.4823529411764707,1.4941176470588236,-0.044448960248156914,0.529868380954212,15.629420404112928,-8.13455074316221,-0.3994894278531491,8.5398549184807e-08,False
3.986999999999672,-0.007127552245154111,1.4823529411764707,1.4941176470588236,-0.04456660730698043,0.4077267002577059,11.537737486560964,-8.134534611141934,-0.39949042081774755,3.66326900001491e-08,False
3.987999999999672,-0.006579346638130795,1.4823529411764707,1.4941176470588236,-0.04468425436580394,0.2976815405720254,7.848688388570541,-8.134526508237572,-0.39949091729930514,1.2249715043222218e-08,False
3.9889999999996717,-0.006031124797223685,1.4823529411764707,1.4941176470588236,-0.044801901424627456,0.19852324979608885,4.521965248682858,-8.134522535166832,-0.3994911655399018,5.821611274421427e-11,False
3.9899999999996716,-0.005482888075115674,1.4941176470588236,1.4941176470588236,-0.04491954848345097,0.10916314103892127,113.98027175537248,-8.133935907738543,-0.39949577085578825,-1.153834165542314e-09,False
3.9909999999996715,-0.004934637824526375,1.4941176470588236,1.4941176470588236,-0.045037195542274484,0.02862139609864589,145.3587818525162,24.44352165445901,0.39949577085578825,-1.153834165542314e-09,True
3.9919999999996714,-0.004386375398208781,1.4941176470588236,1.4941176470588236,-0.045154842601098,-0.043983821406426565,151.22029034590295,-8.12544125911821,0.3996354570311922,6.8395538612025e-06,False
3.9929999999996713,-0.0038381021489459293,1.4941176470588236,1.4941176470588236,-0.04527248965992151,-0.10944616421981586,141.42953734627167,-8.149826514645902,0.3914955006876419,0.0004024050213915642,False
3.993999999999671,-0.0032898194295475592,1.4941176470588236,1.4941176470588236,-0.045390136718745026,-0.16847991981069071,128.2857226050754,-8.782148842066277,0.383031771089515,0.0007896686376433744,False
3.994999999999671,-0.0027415285928467786,1.4941176470588236,1.4941176470588236,-0.04550778377756854,-0.22172794690130193,115.20786987374666,-8.960376040069661,0.374158360589179,0.0011682637132862542,False
3.995999999999671,-0.0021932309916967226,1.4941176470588236,1.4941176470588236,-0.045625430836392054,-0.26976881834167643,103.08643384697189,-9.007733750571914,0.3651763099270747,0.0015379310108093592,False
3.996999999999671,-0.0016449279789675269,1.4941176470588236,1.4941176470588236,-0.04574307789521557,-0.31312324969683736,92.065261763469,-9.017297882891473,0.3561619680419863,0.0018986001769755075,False
3.9979999999996707,-0.0010966209075417505,1.4941176470588236,1.4941176470588236,-0.04586072495403908,-0.3522598849753064,82.1245741474911,-9.01612953434378,0.34714688199914323,0.0022502545514592564,False
3.9989999999996706,-0.0005483111303128964,1.4941176470588236,1.4941176470588236,-0.045978372012862596,-0.38760050378475214,73.1639382252251,-9.011458161636176,0.3381316809634849,0.002592893872449309,False
3.9999999999996705,-1.808345928609683e-13,1.4941176470588236,1.4941176470588236,-0.04609601907168611,-0.41952470777207757,65.10033382884723,-9.006112277284728,0.3291240741461613,0.002926521691992708,False
4.000999999999671,0.0005483111299515378,1.4941176470588236,1.4941176470588236,-0.046213666130509624,-0.4483741384194938,57.84386541938015,-9.000047919050708,0.32012005335074833,0.0032511438016823335,False
4.001999999999671,0.001096620907180703,1.4941176470588236,1.4941176470588236,-0.04633131318933314,-0.47445627306099253,51.31438853733122,-8.994023603704447,0.31112372246826614,0.0035667656288602555,False
4.0029999999996715,0.0016449279786064817,1.4941176470588236,1.5058823529411764,-0.046390136718744895,0.6790109822322776,-90.60073078920364,-8.987668222990905,0.30213240506856665,0.003873393739780579,False
4.003999999999672,0.0021932309913363004,1.4941176470588236,1.5058823529411764,-0.04644896024815665,0.5523668061138483,-122.71927844492836,-4.524004429058486,0.2953768188677973,0.004172148292622194,False
4.004999999999672,0.002741528592486671,1.4941176470588236,1.5058823529411764,-0.04650778377756841,0.438328224077849,-124.11246917392062,-4.031587066502725,0.29109898468619266,0.004465386239643061,False
4.0059999999996725,0.0032898194291874562,1.4941176470588236,1.5058823529411764,-0.046566607306980166,0.33563467671603653,-117.45196845388914,-4.606165747848937,0.28677994735479706,0.0047543256506415825,False
4.006999999999673,0.0038381021485861424,1.4941176470588236,1.5058823529411764,-0.04662543083639192,0.24315166056099236,-109.18376905750189,-5.4200463345258,0.28176718992497124,0.005038599260070326,False
4.007999999999673,0.0043863753978493104,1.4941176470588236,1.5058823529411764,-0.04666418816061062,0.18827167133656078,-101.0923591226925,-6.240951964941282,0.2759361736553667,0.005317450894044285,False
4.0089999999996735,0.004934637824167222,1.4941176470588236,1.5058823529411764,0.0,0.654913552942667,-93.62806453410354,-7.008987592742938,0.2693118691203381,0.0055900749482468625,False
4.009999999999674,0.005482888074756529,1.4941176470588236,1.5058823529411764,0.0,0.654913552942667,-86.86152050491232,-8.401972336905333,0.2616056023765316,0.005855533646141953,False
4.010999999999674,0.006031124796864859,1.5058823529411764,1.5058823529411764,-2.006620519306667e-05,0.6283588792991077,55.27682435503965,-8.798185145150946,0.2530064043730908,0.006112839671562868,False
4.0119999999996745,0.006579346637772291,1.5058823529411764,1.5058823529411764,-7.88897346048247e-05,0.5531499839875413,87.59635337482675,-8.907267955111195,0.24415273386609052,0.0063614192151150144,False
4.012999999999675,0.0071275522447956175,1.5058823529411764,1.5058823529411764,-0.0001377132640165827,0.4854031546777194,89.16561932473765,-8.933646734680227,0.2352332569227933,0.0066011122206476236,False
4.013999999999675,0.007675740265292617,1.5058823529411764,1.5058823529411764,-0.00019653679342834075,0.4243721847694669,82.6590133119327,-8.93629411718476,0.22629729921339398,0.0068318774864942824,False
4.0149999999996755,0.008223909346663538,1.5058823529411764,1.5058823529411764,-0.0002553603228400988,0.36938548832262746,74.52377804165981,-8.931710926552494,0.21736426633739866,0.007053708267553159,False
4.015999999999676,0.008772058136355348,1.5058823529411764,1.5058823529411764,-0.0003141838522518568,0.31983863799105944,66.5472480106511,-8.925263331498293,0.20843485332862374,0.00726660782786108,False
4.016999999999676,0.009320185281866022,1.5058823529411764,1.5058823529411764,-0.00037300738166361484,0.27518764916323596,59.18403391881133,-8.917756079696513,0.19951420479575452,0.007470582344210468,False
4.0179999999996765,0.009868289430746005,1.5058823529411764,1.5058823529411764,-0.0004318309110753729,0.23494293568878274,52.498808828574006,-8.910171461282793,0.19059946445439396,0.007665639189951989,False
4.018999999999677,0.010416369230602796,1.5058823529411764,1.5058823529411764,-0.0004906544404871309,0.19866387003236258,46.4690629615735,-8.90223015434823,0.18169394063246144,0.007851785870863997,False
4.019999999999677,0.01096442332910366,1.5058823529411764,1.5058823529411764,-0.0005494779698988889,0.1659538874121722,41.03924757524479,-8.894118087561017,0.17279520167392695,0.008029030461139394,False
4.0209999999996775,0.011512450373980212,1.5058823529411764,1.5058823529411764,-0.0006083014993106469,0.1364560795245889,36.152311478794516,-8.886089806180973,0.16390554341536182,0.008197380806293083,False
4.021999999999678,0.012060449013029885,1.5058823529411764,1.5058823529411764,-0.0006671250287224048,0.10984922889635168,31.755350317705364,-8.877719553859505,0.15502331713346337,0.008356845260767841,False
4.022999999999678,0.012608417894120202,1.5058823529411764,1.5058823529411764,-0.0007259485581341628,0.08584423980152625,27.799040794341128,-8.869668935501673,0.14614982131841991,0.008507431800092094,False
4.0239999999996785,0.01315635566519304,1.5058823529411764,1.5058823529411764,-0.0007847720875459208,0.06418092608677123,24.239800622098407,-8.861213706239534,0.13728430198100047,0.008649148887857028,False
4.024999999999679,0.013704260974266108,1.5058823529411764,1.5058823529411764,-0.0008435956169576788,0.044625120214079744,21.037334450988546,-6.8822272275951795,0.12941254628148635,0.008782497282148465,False
4.025999999999679,0.014252132469437215,1.5058823529411764,1.5058823529411764,-0.0008435956169576788,1.0,18.156456539725042,-6.948025512063586,0.12249756086933268,0.008908452361309426,False
4.0269999999996795,0.014799968798888525,1.5058823529411764,1.5058823529411764,-0.0008435956169576788,1.0,15.564994514559945,-7.542255293761343,0.1152521827848531,0.009027327204900465,False
4.02799999999968,0.015347768610888046,1.5058823529411764,1.5058823529411764,-0.0008435956169576788,0.9736573332200238,13.234091378927532,-8.234105231378024,0.10736432476704476,0.009138635482027169,False
4.02899999999968,0.015895530553794196,1.5058823529411764,1.5058823529411764,-0.0008435956169576788,0.8754480042810746,11.137396073029498,-8.653358837700624,0.09892020190572384,0.009241777720836718,False
4.0299999999996805,0.01644325327605852,1.5058823529411764,1.5058823529411764,-0.0008435956169576788,0.7870596082360192,9.251692715681237,-8.767970766210649,0.09020997936795512,0.009336342830908319,False
4.030999999999681,0.016990935426230275,1.5176470588235293,1.5058823529411764,-0.0008435956169576788,0.7075100517954682,114.31267295808827,-8.794446976380533,0.08142829530580414,0.009422161948927898,False
4.031999999999681,0.017538575652957883,1.5176470588235293,1.5058823529411764,-0.0008435956169576788,0.6359154509989717,144.4281747658415,-8.79572056528361,0.07263370188233982,0.009499192962059314,False
4.0329999999996815,0.018086172604993216,1.5176470588235293,1.5058823529411764,-0.0008435956169576788,0.571480310282124,152.97085911846807,-8.789262962037574,0.06384072256392029,0.009567430160542225,False
4.033999999999682,0.01863372493119585,1.5176470588235293,1.5058823529411764,-0.0008435956169576788,0.5134886836369602,148.82798319962365,-8.780711695061592,0.0550562028098092,0.009626878632646664,False
4.034999999999682,0.01918123128053454,1.5176470588235293,1.5058823529411764,-0.0008435956169576788,0.4612962196563123,137.91099509201695,-8.771261737948622,0.046279784669829675,0.009677546617944092,False
4.0359999999996825,0.01972869030209148,1.5176470588235293,1.5058823529411764,-0.0008435956169576788,0.41432300207372863,126.02346270161503,-8.761553994478536,0.03751375733493741,0.009719443393851761,False
4.036999999999683,0.02027610064506659,1.5176470588235293,1.5058823529411764,-0.0008435956169576788,0.372047106249384,114.73729219019049,-8.751842773268834,0.02875674226604985,0.009752578639659825,False
4.037999999999683,0.02082346095877894,1.5176470588235293,1.5058823529411764,-0.0008435956169576788,0.33399880000747517,104.41778923157082,-8.741819798119092,0.02001015322336427,0.00977696208906401,False
4.0389999999996835,0.021370769892671376,1.5176470588235293,1.5058823529411764,-0.0009024191463694629,-0.8773034991396099,95.0963720729899,-8.732125090513241,0.011273021180817753,0.009792603675227354,False
4.039999999999684,0.021918026096313194,1.5176470588235293,1.5058823529411764,-0.000961242675781247,-0.802828509548464,86.68917808861801,-8.722062910021897,0.0025459987869566373,0.009799513185304767,False
4.040999999999684,0.022465228219404738,1.5176470588235293,1.5058823529411764,-0.0010200662051930312,-0.7358598424458471,79.13496926763892,-8.712393513120126,-0.006171210552056438,0.009797700579441553,False
4.0419999999996845,0.02301237491177885,1.5176470588235293,1.5058823529411764,-0.0010788897346048153,-0.6756468655829058,72.34193802793034,-8.702421811565722,-0.01487872712214447,0.009787175611054648,False
4.042999999999685,0.023559464823405155,1.5176470588235293,1.5058823529411764,-0.0011377132640165994,-0.6215140099356724,66.23333962281241,-8.692590417633529,-0.02357603754685968,0.009767948227907854,False
4.043999999999685,0.024106496604394297,1.5176470588235293,1.5058823529411764,-0.0011965367934283835,-0.572853263382576,60.74566801394668,-8.682593351500422,-0.03226390594640519,0.0097400282588009,False
4.0449999999996855,0.024653468904999417,1.5176470588235293,1.5058823529411764,-0.0012553603228401676,-0.5291174150142028,55.81898042157428,-8.672439346761685,-0.04094107328327069,0.009703425765894133,False
4.045999999999686,0.02520038037562044,1.5176470588235293,1.5176470588235293,-0.0013141838522519518,-0.48981397501208007,-84.64900622435938,-8.662248166753843,-0.04960882817395423,0.009658150821370188,False
4.046999999999686,0.025747229666808286,1.5176470588235293,1.5176470588235293,-0.0013141838522519518,0.7225591209897858,-115.45688194866283,-5.806445775703903,-0.05684272010954236,0.009604925040360859,False
4.0479999999996865,0.026294015429266383,1.5176470588235293,1.5176470588235293,-0.0013141838522519518,0.6489890250385308,-115.66235798066377,-5.725945539142435,-0.06260939066829709,0.00954519899510654,False
4.048999999999687,0.026840736313855227,1.5176470588235293,1.5176470588235293,-0.0013141838522519518,0.5827759386824035,-107.92502456086224,-6.372297371188803,-0.06865803300005242,0.00947956527301947,False
4.049999999999687,0.02738739097159506,1.5176470588235293,1.5176470588235293,-0.0013141838522519518,0.5231841609618914,-98.67989338902339,-7.163715396170578,-0.07542651501790934,0.009407523012873674,False
4.0509999999996875,0.027933978053670483,1.5294117647058822,1.5176470588235293,-0.0013141838522519518,0.4695515610134324,46.33773258220441,-7.938738986747231,-0.08297727683800907,0.009328321103395633,False
4.051999999999688,0.028480496211431897,1.5294117647058822,1.5176470588235293,-0.0013141838522519518,0.4212822210598211,81.44060917446089,-8.412289307113378,-0.09115323732187659,0.009241255864005721,False
4.052999999999688,0.029026944096399755,1.5294117647058822,1.5176470588235293,-0.0013141838522519518,0.3778398151015725,85.57995847388638,-8.540596382602123,-0.09962926322415909,0.009145864597033272,False
4.0539999999996885,0.02957332036026885,1.5294117647058822,1.5176470588235293,-0.0013141838522519518,0.3387416497391502,81.40187984676008,-8.569232961601571,-0.10818455391860671,0.00904195770929061,False
4.054999999999689,0.030119623654909757,1.5294117647058822,1.5176470588235293,-0.0013141838522519518,0.3035533009129715,75.38169867456757,-8.56960771898362,-0.11675364983091543,0.008929488588610292,False
4.055999999999689,0.03066585263237309,1.5294117647058822,1.5176470588235293,-0.0013141838522519518,0.27188378696941184,69.31003242822314,-8.561387652101919,-0.1253194111758754,0.008808452080539165,False
4.0569999999996895,0.031212005944893758,1.5294117647058822,1.5176470588235293,-0.0013141838522519518,0.24338122442020915,63.67410697099378,-8.551208611288374,-0.13387551251500232,0.00867885459987368,False
4.05799999999969,0.031758082244892454,1.5294117647058822,1.5176470588235293,-0.0013141838522519518,0.21772891812592773,58.54728628339702,-8.540035937374352,-0.14242126040078154,0.008540706235344593,False
4.05899999999969,0.03230408018498019,1.5294117647058822,1.5176470588235293,-0.0013141838522519518,0.1946418424610753,53.931111807883276,-8.528864367611634,-0.15095565579862372,0.008394017761114241,False
4.0599999999996905,0.03284999841796101,1.5294117647058822,1.5176470588235293,-0.0013141838522519518,0.17386347436270888,49.7787542547571,-8.517483673104138,-0.15947881609869546,0.008238800543809766,False
4.060999999999691,0.033395835596836565,1.5294117647058822,1.5176470588235293,-0.0013141838522519518,0.15516294307417983,46.052248713170286,-8.505882038906911,-0.1679905738770027,0.008075065838134868,False
4.061999999999691,0.03394159037480757,1.5294117647058822,1.5176470588235293,-0.0013141838522519518,0.13833246491450424,42.705936509437564,-8.494226915148305,-0.17649050221324167,0.007902825312367138,False
4.0629999999996915,0.03448726140527805,1.5294117647058822,1.5176470588235293,-0.0013141838522519518,0.12318503457079683,39.70224618748832,-8.482113886748566,-0.184978835594502,0.007722090640878647,False
4.063999999999692,0.0350328473418596,1.5294117647058822,1.5176470588235293,-0.0013141838522519518,0.10955234726146063,37.007422373819715,-8.470009579425751,-0.19345471406383297,0.007532873869487717,False
4.064999999999692,0.03557834683837285,1.5294117647058822,1.5176470588235293,-0.0013141838522519518,0.09728292868305852,34.590040129095186,-8.457449732875327,-0.20191862614500453,0.007335187207307532,False
4.0659999999996925,0.0361237585488517,1.5294117647058822,1.5176470588235293,-0.0013141838522519518,0.08624045196249705,32.42540225853206,-8.444867543440884,-0.21036962440364118,0.007129043075166088,False
4.066999999999693,0.0366690811275476,1.5294117647058822,1.5176470588235293,-0.0012553603228401676,1.0,30.484010943176447,-8.432042957406106,-0.21880819210804575,0.006914454186787219,False
4.067999999999693,0.03721431322893097,1.5294117647058822,1.5176470588235293,-0.0011965367934283835,1.0,28.74741541004131,-5.4961617200501465,-0.22577225443403615,0.006692163945640958,False
4.0689999999996935,0.03775945350769583,1.5294117647058822,1.5176470588235293,-0.0011377132640165994,1.0,27.191605736423423,-5.40606574625749,-0.23122330933517468,0.00646366619518567,False
4.069999999999694,0.0383045006187624,1.5294117647058822,1.5176470588235293,-0.0010788897346048153,0.9439452352057497,25.801335518579698,-6.061453020626327,-0.23695724984118038,0.006229575887196627,False
4.070999999999694,0.03884945321728174,1.5411764705882354,1.5176470588235293,-0.0010200662051930312,0.8608247631270127,117.55389697090379,-6.865880359241988,-0.24342058892344628,0.005989387009354691,False
4.0719999999996945,0.039394309958637186,1.5411764705882354,1.5176470588235293,-0.0009612426757812471,0.7860751617855639,143.84248522590818,-7.653377268589339,-0.2506807149144762,0.005742336319816762,False
4.072999999999695,0.03993906949844856,1.5411764705882354,1.5176470588235293,-0.000902419146369463,0.7188593441076745,151.28874722237262,-8.157885536777503,-0.2585856540848172,0.005487703186157889,False
4.073999999999695,0.04048373049257648,1.5411764705882354,1.5176470588235293,-0.0008435956169576789,0.6584239317269879,153.31142215433655,-1.7852563411794249,-0.26355812787514016,0.00522663125046507,False
4.0749999999996955,0.04102829159712379,1.5411764705882354,1.5176470588235293,-0.0007847720875458948,0.6040908841137839,152.50557931815396,-1.0145159807833013,-0.2649568952102791,0.004962373796038366,False
4.075999999999696,0.04157275146843977,1.5411764705882354,1.5176470588235293,-0.0007259485581341107,0.5552499647913137,143.7350658630567,-1.7516162590462772,-0.26634129645382065,0.004696724652369807,False
4.076999999999696,0.04211710876312444,1.5411764705882354,1.5176470588235293,-0.0006671250287223266,0.5113519609305042,133.53663721697288,-2.8285152949559857,-0.26862980406341413,0.004429239160776396,False
4.0779999999996965,0.04266136213802997,1.5411764705882354,1.5294117647058822,-0.0006083014993105425,0.4719025809851889,-12.333569068367568,-3.9183575223774763,-0.2720050295411207,0.004158921695938079,False
4.078999999999697,0.043205510250265276,1.5411764705882354,1.5294117647058822,-0.0005494779698987584,0.4364569625638182,-48.18922586625597,-4.935965081228377,-0.27643016348100463,0.0038847041567680305,False
4.079999999999697,0.04374955175719865,1.5411764705882354,1.5294117647058822,-0.0004906544404869742,0.40461472951399746,-52.986116687844245,-5.864083769496348,-0.2818324580048008,0.003605572800968169,False
4.0809999999996975,0.04429348531646239,1.5411764705882354,1.5294117647058822,-0.0004318309110751901,0.37601554329857173,-49.38902276621948,-6.704320968736702,-0.28811414380952555,0.0033205995532644248,False
4.081999999999698,0.044837309585954194,1.5411764705882354,1.5294117647058822,-0.0004318309110751901,-0.8267237242952673,-43.86712690219088,-7.463801910808373,-0.29520096496585996,0.0030289419609380434,False
4.082999999999698,0.045381023223841445,1.5411764705882354,1.5294117647058822,-0.0004318309110751901,-0.7444831827767883,-38.23410987295448,-8.041819594266373,-0.30295077629508566,0.0027298661357776886,False
4.0839999999996985,0.04592462488856539,1.5411764705882354,1.5294117647058822,-0.0004318309110751901,-0.6704666954101599,-32.96700818427767,-8.198421372821036,-0.31107412152466696,0.0024228536602482614,False
4.084999999999699,0.04646811323884264,1.5411764705882354,1.5294117647058822,-0.0004318309110751901,-0.6038518567801967,-28.163654940133004,-8.23373234124059,-0.31928676576099985,0.0021076732498505886,False
4.085999999999699,0.04701148693366944,1.5411764705882354,1.5294117647058822,-0.0004318309110751901,-0.5438985020132323,-23.816182269061887,-8.23383830676543,-0.32752416350010627,0.0017842677737293737,False
4.0869999999996995,0.0475547446323258,1.5411764705882354,1.5294117647058822,-0.0003730073816634059,0.6871183408064023,-19.890316351107312,-8.2242315838117,-0.33574943531852636,0.0014526309913996762,False
4.0879999999997,0.048097884994377074,1.5411764705882354,1.5294117647058822,-0.00031418385225162176,0.6303864405205502,-16.346949274775792,-8.211400318201289,-0.3439711277317992,0.0011127707168190754,False
4.0889999999997,0.04864090667967838,1.5411764705882354,1.5294117647058822,-0.0002553603228398376,0.579386553792697,-13.148907131686546,-3.1771797918021636,-0.34966147722062635,0.000765954413290584,False
4.0899999999997005,0.0491838083483774,1.5411764705882354,1.5294117647058822,-0.00019653679342805346,0.5335454792670427,-10.261573969720407,-2.612853096579466,-0.35256042642343904,0.00041484348843228477,False
4.090999999999701,0.04972658866091884,1.5411764705882354,1.5294117647058822,-0.00013771326401626932,0.49234733572336714,-7.65428985459686,-3.248324584776534,-0.3554871425568277,6.0819684587753756e-05,False
4.091999999999701,0.050269246278045944,1.5529411764705883,1.5294117647058822,-7.888973460448519e-05,0.4553278300634723,107.57129252073678,-4.150682181199686,-0.35919042411756774,-0.0002965190531327335,False
4.0929999999997015,0.05081177986080467,1.5529411764705883,1.5294117647058822,-2.0066205192701047e-05,0.4220690984989801,140.6184979941333,-4.153298906422855,-0.35733847429950627,-0.00011738670640333847,False
4.093999999999702,0.05135418807054794,1.5529411764705883,1.5294117647058822,3.8757324219083095e-05,0.39219506362035006,150.01213480543916,-4.154720422550756,-0.35641274623629193,-2.816779711276295e-05,False
4.094999999999702,0.05189646956893711,1.5529411764705883,1.5294117647058822,9.758085363086724e-05,0.36536725575899576,146.73538000595826,-4.155233524516159,-0.3559499166104772,1.6354870058715825e-05,False
4.0959999999997025,0.05243862301794619,1.5529411764705883,1.5294117647058822,0.00015640438304265138,0.3412810522131896,137.89188117493535,-4.153776888452768,-0.3562095745683331,-5.90011410259953e-06,False
4.096999999999703,0.05298064707986606,1.5529411764705883,1.5294117647058822,0.0002152279124544355,0.3196622925513767,128.25136188081882,-4.154150954091182,-0.3560797534736973,5.229406506781394e-06,False
4.097999999999703,0.0535225404173059,1.5529411764705883,1.5294117647058822,0.00027405144186621965,0.3002642323851574,119.10315962914389,-4.153947845744421,-0.3561446609828123,-3.348467277567813e-07,False
4.0989999999997035,0.05406430169319778,1.5529411764705883,1.5294117647058822,0.0003328749712780038,0.2828648017649727,110.74552414427353,-4.153972327006396,-0.3561122073970789,2.4474066628496425e-06,False
4.099999999999704,0.05460592957079931,1.5529411764705883,1.5294117647058822,0.00039169850068978797,0.2672641377362189,103.19811679886989,-4.153491612272369,-0.35612843302751335,1.056311662871305e-06,False
4.100999999999704,0.05514742271369812,1.5529411764705883,1.5294117647058822,0.00045052203010157213,0.2532823636397527,96.41055010263072,-4.153831026384954,-0.35613654569882675,3.6074039485246496e-07,False
4.1019999999997045,0.05568877978581345,1.5529411764705883,1.5294117647058822,0.0005093455595133562,0.2407575904823453,90.31800019665742,-4.154167877359348,-0.3561406023610197,1.2948818830564994e-08,False
4.102999999999705,0.056229999451400205,1.5529411764705883,1.5294117647058822,0.0005681690889251404,0.22954411817009085,84.84455355272259,-4.1543221696678705,-0.3561426308106504,-1.609484548898907e-07,False
4.103999999999705,0.05677108037505328,1.5529411764705883,1.5294117647058822,0.0006269926183369245,0.21951081661847408,79.93621086118819,-4.154251058044398,-0.35614161657726917,-7.399969422125791e-08,False
4.1049999999997056,0.057312021221708975,1.5529411764705883,1.5294117647058822,0.0006858161477487086,0.21053966875143118,75.53482499804564,-4.154210653572625,-0.356141109466707,-3.052540674362056e-08,False
4.105999999999706,0.057852820656649526,1.5529411764705883,1.5411764705882354,0.0007446396771604927,0.20252445920050463,-64.44945242958734,-4.154189455647907,-0.356140855913225,-8.788286297729527e-09,False
4.106999999999706,0.058393477345505776,1.5529411764705883,1.5411764705882354,0.0008622867359840621,1.0,-94.81515585037822,-4.155099530034124,-0.35612008605489026,-8.311136293790732e-09,False
4.1079999999997066,0.05893398995426171,1.5529411764705883,1.5411764705882354,0.0009799337948076315,1.0,-94.61584060688715,10.654381159900627,0.35612008605489026,-8.311136293790732e-09,True
4.108999999999707,0.05947435714925589,1.5529411764705883,1.5411764705882354,0.0010975808536312008,1.0,-86.50636504566171,-4.257563057213906,0.35876803954115816,0.0002963272498968434,False
4.109999999999707,0.06001457759718567,1.5529411764705883,1.5411764705882354,0.00121522791245477,1.0,-76.92033107203554,-1.8987059518827232,0.3556954864942344,0.0006535590565964698,False
4.1109999999997076,0.060554649965111396,1.5529411764705883,1.5411764705882354,0.0013328749712783394,0.9890392183257111,-67.6263914433988,-1.5663156710669812,0.353957257523164,0.001008385384688891,False
4.111999999999708,0.0610945729204579,1.5647058823529412,1.5411764705882354,0.0014505220301019087,0.9161740538173352,76.97478560721837,-2.0103322669553987,0.35217473200201105,0.0013614513899590727,False
4.112999999999708,0.06163434513101865,1.5647058823529412,1.5411764705882354,0.001568169088925478,0.8507130528186231,111.57435110700047,-2.6265129138352243,0.3498505022761364,0.0017124639961925215,False
4.113999999999709,0.06217396526495998,1.5647058823529412,1.5411764705882354,0.0016269926183372632,-0.38514302455076055,115.2313707369498,-3.2458610061413267,0.34692005693052225,0.002060849253757971,False
4.114999999999709,0.06271343199082256,1.5647058823529412,1.5411764705882354,0.0016858161477490484,-0.3326487883008588,110.6146173110149,-3.824223683468267,0.3433794124872831,0.0024059990095038476,False
4.115999999999709,0.06325274397752585,1.5647058823529412,1.5411764705882354,0.0017446396771608336,-0.2853451521465373,104.19933375640366,-4.353362230647538,0.3392960168796403,0.0027473366732934127,False
4.11699999999971,0.06379189989437084,1.5647058823529412,1.5411764705882354,0.0018034632065726188,-0.2427130560782377,97.79075967483682,-4.833784867866329,0.3346973130098609,0.0030843333868958633,False
4.11799999999971,0.06433089841104453,1.5647058823529412,1.5411764705882354,0.001862286735984404,-0.20428534608735768,91.84293816352088,-5.270508444791354,0.329649979086404,0.00341650695851141,False
4.11899999999971,0.06486973819762132,1.5647058823529412,1.5411764705882354,0.0019211102653961891,-0.16964158356615522,86.45387625121452,-5.6661902643263815,0.3241771793767655,0.0037434206072426137,False
4.119999999999711,0.06540841792456731,1.5647058823529412,1.5411764705882354,0.0019799337948079743,-0.1384033737676623,81.6079099085086,-6.025848377292056,0.3183352146299838,0.004064676712817243,False
4.120999999999711,0.06594693626274443,1.5647058823529412,1.5411764705882354,0.0020387573242197595,-0.11023016141960795,77.25363135788302,-6.35298590458034,0.31214216521596266,0.004379915485849737,False
4.121999999999711,0.06648529188341194,1.5647058823529412,1.5411764705882354,0.0020975808536315447,-0.08481544677694813,73.35123854338349,-6.650460257581772,0.30564363768093117,0.004688808286574196,False
4.122999999999712,0.0670234834582305,1.5647058823529412,1.5411764705882354,0.00215640438304333,-0.06188338006914342,69.85601244400333,-6.921482920752466,0.29885491674104897,0.004991057653603359,False
4.123999999999712,0.06756150965926656,1.5647058823529412,1.5411764705882354,0.002215227912455115,-0.04118569650270812,66.72420206531666,-7.16872971069611,0.2918121174355029,0.005286391068383037,False
4.124999999999712,0.06809936915899362,1.5647058823529412,1.5411764705882354,0.0022740514418669003,-0.0224989577635051,63.92238092827975,-7.394891195073464,0.2845284350931454,0.005574561434051861,False
4.125999999999713,0.06863706063029683,1.5647058823529412,1.5411764705882354,0.0023328749712786855,-0.005622069368811308,61.41858839737654,-8.523774361438853,0.27657055707914174,0.00585511083301738,False
4.126999999999713,0.06917458274647566,1.5647058823529412,1.5411764705882354,0.0023916985006904707,0.009625953715824472,59.179104296589756,-7.412019778326623,0.2686015994460626,0.006127696993009513,False
4.127999999999713,0.0697119341812483,1.5647058823529412,1.5411764705882354,0.00250934555951404,1.0,57.18196187049833,-7.27674692643764,0.26125791664494363,0.006392626665063979,False
4.128999999999714,0.0702491136087532,1.5647058823529412,1.5411764705882354,0.0026269926183376097,1.0,55.398501185483084,-7.406641558968206,0.2539158462961048,0.006650213615154058,False
4.129999999999714,0.07078611970355322,1.5647058823529412,1.5529411764705883,0.0027446396771611792,1.0,-82.2290954226719,-7.598041501613066,0.24641359730171486,0.006900378266954112,False
4.130999999999714,0.07132295114063983,1.5647058823529412,1.5529411764705883,0.0028622867359847487,0.9492347570237835,-110.47364452776696,-7.79420093236069,0.23871762592182053,0.007142943930209492,False
4.131999999999715,0.0718596065954345,1.5647058823529412,1.5529411764705883,0.0029799337948083183,0.8818794504103087,-108.36613953342662,-7.9796686577029305,0.2308303462617598,0.007377717866110758,False
4.132999999999715,0.07239608474379294,1.576470588235294,1.5529411764705883,0.003097580853631888,0.8213773215170073,37.5000067978939,-8.151206177456022,0.22276540368515818,0.007604515773201309,False
4.133999999999715,0.07293238426200926,1.576470588235294,1.5529411764705883,0.0032152279124554573,0.7670430525718617,75.4650957392791,-8.309070164020648,0.21453466868664484,0.007823165780236787,False
4.134999999999716,0.07346850382681742,1.576470588235294,1.5529411764705883,0.003332874971279027,0.7182598575800561,82.78569128869977,-8.454109857430375,0.20615373316807203,0.008033509993070365,False
4.135999999999716,0.07400444211539567,1.576470588235294,1.5529411764705883,0.0034505220301025963,0.674472629146256,81.6584963901078,-8.587628551638888,0.1976321950117345,0.008235402948004946,False
4.136999999999716,0.07454019780536926,1.576470588235294,1.5529411764705883,0.003568169088926166,0.6351817706146612,78.43366925622604,-8.710787268681395,0.18898363250619632,0.008428710855255808,False
4.137999999999717,0.07507576957481489,1.576470588235294,1.5529411764705883,0.0036858161477497354,0.5999376449950506,74.91020946692895,-8.824406737622697,0.180215448526364,0.008613310404056503,False
4.138999999999717,0.07561115610226216,1.576470588235294,1.5529411764705883,0.003803463206573305,0.5683355789962262,71.56640975706104,-8.877048198572927,0.1713652222701553,0.008789100718304015,False
4.139999999999717,0.07614635606669772,1.576470588235294,1.5529411764705883,0.003921110265396874,0.5400113666561088,68.52351223458295,-8.886077316304064,0.16248326772513585,0.008956024985142384,False
4.140999999999718,0.07668136814756948,1.576470588235294,1.5529411764705883,0.0040387573242204435,0.5146372226088275,65.78373405315143,-8.883203153599068,0.15359889457927617,0.009114066034915597,False
4.141999999999718,0.07721619102478801,1.576470588235294,1.5529411764705883,0.004097580853632227,-0.6851406835042918,63.32954246383578,-8.876442270867683,0.1447189404307448,0.009263224983007474,False
4.142999999999718,0.07775082337873071,1.576470588235294,1.5529411764705883,0.004156404383044011,-0.6001760931237314,61.13537282008924,-8.869132576929657,0.13584614481925605,0.009403507488392911,False
4.143999999999719,0.07828526389024601,1.576470588235294,1.5529411764705883,0.004215227912455795,-0.5236491382518182,59.177111363620135,-8.861242539062836,0.12698110411155847,0.009534921147470904,False
4.144999999999719,0.07881951124065477,1.576470588235294,1.5529411764705883,0.004274051441867579,-0.454716055337687,57.429842601460116,-8.853401702983332,0.11812350309410564,0.009657473412297722,False
4.145999999999719,0.07935356411175476,1.576470588235294,1.5529411764705883,0.004332874971279363,-0.3926174571855595,55.873545750495865,-8.845346297233657,0.1092745292876323,0.00977117246316673,False
4.14699999999972,0.0798874211858233,1.576470588235294,1.5529411764705883,0.004391698500691147,-0.3366698953192349,54.48840033142733,-8.836987630295141,0.10043285664498632,0.009876026119744788,False
4.14799999999972,0.08042108114562174,1.576470588235294,1.5529411764705883,0.0045093455595147155,0.8908005574192357,53.25847364788992,-2.2181127161232554,0.09490590938892748,0.009973695534764066,False
4.14899999999972,0.08095454267439689,1.576470588235294,1.5529411764705883,0.004626992618338284,0.830935729589748,52.167440866932495,-1.00402078511581,0.09329413305145924,0.010067795522449291,False
4.149999999999721,0.08148780445588513,1.576470588235294,1.5529411764705883,0.004744639677161853,0.7771750316020347,51.202254580948114,-1.278573694733804,0.09215366171126588,0.010160519450124725,False
4.150999999999721,0.08202086517431664,1.576470588235294,1.5529411764705883,0.004862286735985421,0.728908050471918,50.34882328614747,-1.9205390230920276,0.0905531690819483,0.010251872834071921,False
4.151999999999721,0.0825537235144168,1.576470588235294,1.5529411764705883,0.00497993379480899,0.6855854145136384,49.59748953793058,-2.6139172973290807,0.08828697283582249,0.010341292931966744,False
4.152999999999722,0.0830863781614103,1.576470588235294,1.5647058823529412,0.005097580853632559,0.6467126892100117,-87.10262159147806,-3.2729056319776464,0.0853424536088985,0.010428107618371164,False
4.153999999999722,0.08361882780102536,1.588235294117647,1.5647058823529412,0.005215227912456127,0.6118448834955724,21.52624534778593,-3.8777771643622456,0.08176827246525743,0.010511663002624178,False
4.154999999999722,0.08415107111949513,1.588235294117647,1.5647058823529412,0.005332874971279696,0.5805815054114021,51.21770375527842,-4.427672611990173,0.07761436064438586,0.010591354299231531,False
4.155999999999723,0.08468310680356211,1.588235294117647,1.5647058823529412,0.005450522030103265,0.5525621121944734,58.357717894723976,-4.925718543017958,0.07293885222492592,0.010666630919797826,False
4.156999999999723,0.08521493354048086,1.588235294117647,1.5647058823529412,0.005568169088926833,0.527462305358062,59.15753176844871,-5.377032323185823,0.06778631628854577,0.010736993491827575,False
4.157999999999723,0.08574655001802238,1.588235294117647,1.5647058823529412,0.005685816147750402,0.5049901262641164,58.269945339932065,-5.785896703262066,0.06220596011097733,0.010801989636890032,False
4.158999999999724,0.08627795492447553,1.588235294117647,1.5647058823529412,0.005803463206573971,0.4848828121383896,57.021293901074735,-6.156764365595437,0.05623359696916496,0.01086120941028432,False
4.159999999999724,0.08680914694865123,1.588235294117647,1.5647058823529412,0.005921110265397539,0.4669038764840597,55.77668992996832,-6.492947853492748,0.049909676982877356,0.01091428104799815,False
4.160999999999724,0.08734012477988659,1.588235294117647,1.5647058823529412,0.006038757324221108,0.4508404814539869,54.635642441367885,-6.797896504545506,0.043263432230741916,0.010960867602824194,False
4.161999999999725,0.08787088710804629,1.588235294117647,1.5647058823529412,0.006156404383044677,0.43650107298574575,53.611971907735516,-7.075175883845049,0.036327592116368546,0.011000663111885892,False
4.162999999999725,0.08840143262352672,1.588235294117647,1.5647058823529412,0.006274051441868245,0.42371325242315266,52.70463006608771,-7.326843559494278,0.02912602135798027,0.011033389921759795,False
4.163999999999725,0.08893176001726019,1.588235294117647,1.5647058823529412,0.006391698500691814,0.412321860975643,51.90309228825425,-7.555539748431329,0.02168525202548246,0.011058795554279355,False
4.164999999999726,0.08946186798071624,1.588235294117647,1.5647058823529412,0.0065093455595153825,0.40218725573170827,51.19681574902113,-7.76366555586098,0.014025364836982652,0.01107665086591418,False
4.165999999999726,0.08999175520590623,1.588235294117647,1.5647058823529412,0.006568169088927166,-0.7838750654583776,50.57759122779731,-7.9530874876578075,0.006167140713098029,0.011086747116253732,False
4.166999999999726,0.09052142038538573,1.588235294117647,1.5647058823529412,0.00662699261833895,-0.6865664486471099,50.03634202962946,-8.12575625793074,-0.0018723114668037185,0.011088894531412347,False
4.167999999999727,0.09105086221225922,1.588235294117647,1.5647058823529412,0.006685816147750734,-0.5989298699875601,49.56470200731188,-8.283307405568669,-0.010076920990591048,0.011082919917008573,False
4.168999999999727,0.09158007938018127,1.588235294117647,1.5647058823529412,0.006803463206574303,0.6570606978648119,49.15644088531563,-1.2298299214951782,-0.014833342858248645,0.011070464781304638,False
4.169999999999727,0.09210907058336089,1.588235294117647,1.5647058823529412,0.0069211102653978715,0.6228639736378347,48.80506973743343,0.057799076523457185,-0.015419516747171961,0.011055338356818122,False
4.170999999999728,0.09263783451656542,1.588235294117647,1.5647058823529412,0.00703875732422144,0.5922045688923799,48.504964220989685,-0.24160628752231403,-0.015511279728399725,0.011039872953318989,False
4.171999999999728,0.09316636987512214,1.588235294117647,1.5647058823529412,0.007156404383045009,0.5647287516802955,48.25071489522657,-0.9320220223223621,-0.016098214956489807,0.011024068211917997,False
4.172999999999728,0.0936946753549223,1.588235294117647,1.576470588235294,0.0072740514418685774,0.5401181632482438,-88.00130630129807,-1.6764945574560297,-0.017402369428116057,0.011007317913773297,False
4.173999999999729,0.09422274965242522,1.588235294117647,1.576470588235294,0.007391698500692146,0.5180862807182217,-115.00856086075012,-2.383067562182164,-0.019432237601663214,0.010988900617231574,False
4.174999999999729,0.09475059146465978,1.6,1.576470588235294,0.007509345559515715,0.4983752335000263,24.25264830621694,-3.031387551728642,-0.02213939694222257,0.010968114792778802,False
4.175999999999729,0.09527819948922879,1.6,1.576470588235294,0.007626992618339283,0.48075293806247466,61.91412497807926,-3.619615067135173,-0.025464942855052224,0.010944312631412444,False
4.17699999999973,0.09580557242431156,1.6,1.576470588235294,0.007744639677162852,0.4650105192275022,70.58521918158763,-4.151954885160617,-0.029350713197585747,0.010916904794846166,False
4.17799999999973,0.09633270896866845,1.6,1.576470588235294,0.00786228673598642,0.45095998933485104,71.14047314318397,-4.633255749082651,-0.03374329587763196,0.010885357800216981,False
4.17899999999973,0.0968596078216421,1.6,1.576470588235294,0.007979933794809988,0.43843215949028924,69.56515069237355,-5.068160258010556,-0.038594071150981554,0.010849189107401225,False
4.179999999999731,0.09738626768316168,1.6,1.576470588235294,0.008097580853633556,0.42727475968900774,67.56116102424113,-5.461603490480857,-0.04385883464796248,0.01080796266474521,False
4.180999999999731,0.09791268725374695,1.6,1.576470588235294,0.008215227912457124,0.41735074692667823,65.60058687239419,-5.816987887170947,-0.049498304828677106,0.01076128408636878,False
4.181999999999731,0.09843886523450962,1.6,1.576470588235294,0.008332874971280692,0.4085367824994056,63.8021435545584,-6.139089322671675,-0.055476110041141426,0.010708796887805573,False
4.182999999999732,0.09896480032715754,1.6,1.576470588235294,0.00845052203010426,0.40072186157368406,62.18519880932734,-6.430263776489298,-0.06176107873696901,0.010650178287568103,False
4.183999999999732,0.09949049123399877,1.6,1.576470588235294,0.008568169088927827,0.3938060797993588,60.741801136927826,-6.694194668301941,-0.06832296006206406,0.010585136273533089,False
4.184999999999732,0.10001593665794291,1.6,1.576470588235294,0.008685816147751395,0.38769952326128987,59.45739726375393,-6.9335692307015915,-0.07513723884871373,0.010513406173391429,False
4.185999999999733,0.10054113530250566,1.6,1.576470588235294,0.008803463206574963,0.38232126943585143,58.3179307940489,-7.150763434586345,-0.08217896948960723,0.010434748068708961,False
4.186999999999733,0.10106608587181123,1.6,1.576470588235294,0.00892111026539853,0.37759848805178076,57.307558633045375,-7.348277867108565,-0.08942895092524972,0.010348944115156281,False
4.187999999999733,0.10159078707059693,1.6,1.576470588235294,0.009038757324222099,0.37346563186494086,56.413939334209914,-7.527703468819898,-0.09686647290859615,0.010255796394659126,False
4.188999999999734,0.10211523760421434,1.6,1.576470588235294,0.009097580853633883,-0.8071951151737597,55.62577506044523,-0.4937276949410127,-0.10087763651232319,0.010156924355537854,False
4.189999999999734,0.10263943617863365,1.6,1.576470588235294,0.009215227912457451,0.4720337419031234,54.93256963685995,0.7769767281944852,-0.10073562075669962,0.010056117710015208,False
4.190999999999734,0.10316338150044758,1.6,1.576470588235294,0.009332874971281019,0.45875147797820515,54.3249395522063,0.46274884287574247,-0.10011606833629838,0.009955691888345596,False
4.191999999999735,0.10368707227687282,1.6,1.576470588235294,0.009450522030104587,0.44691508750460296,53.793764052085024,-0.24053246754243282,-0.10000474228982636,0.009855631460139997,False
4.192999999999735,0.10421050721575416,1.6,1.588235294117647,0.009568169088928154,0.43637998313718473,-82.70800628654216,-0.9956507835605757,-0.10062294969241435,0.009755317642513639,False
4.193999999999735,0.10473368502556848,1.6,1.588235294117647,0.009685816147751722,0.42701603626533247,-109.93961061697749,-1.7114522896068591,-0.10197649709566665,0.009654017891366454,False
4.194999999999736,0.10525660441542628,1.6,1.588235294117647,0.00980346320657529,0.41870613113948935,-106.91967804557942,-2.3668326697409015,-0.10401552191749346,0.009551021914561733,False
4.195999999999736,0.10577926409507593,1.611764705882353,1.588235294117647,0.009921110265398858,0.4113448635850543,39.76711642639686,-2.961166501963588,-0.1066797718759562,0.00944567423608431,False
4.196999999999736,0.10630166277490634,1.611764705882353,1.588235294117647,0.010038757324222426,0.4048373698448867,78.47029802818334,-3.497868582032521,-0.10990889551425491,0.009337379938169296,False
4.197999999999737,0.10682379916595129,1.611764705882353,1.588235294117647,0.010156404383045993,0.3990982725375595,86.45533593988907,-3.982762501482111,-0.11364975883036287,0.009225600577306363,False
4.198999999999737,0.10734567197989082,1.611764705882353,1.588235294117647,0.010274051441869561,0.39405073201978896,85.92848512084296,-4.420271156896653,-0.11785056431744997,0.009109850452868992,False
4.199999999999737,0.10786727992905538,1.611764705882353,1.588235294117647,0.010391698500693129,0.3896255926126192,83.241709739369,-4.815340571559725,-0.12246925234462808,0.008989690511192644,False
4.200999999999738,0.10838862172642978,1.611764705882353,1.588235294117647,0.010509345559516697,0.3857606142049904,80.20026000701098,-5.172562367177447,-0.1274621451858137,0.008864724848297393,False
4.201999999999738,0.10890969608565466,1.611764705882353,1.588235294117647,0.010626992618340264,0.3823997806969481,77.29389545932912,-5.49521965439099,-0.1327972733104145,0.008734595108982024,False
4.202999999999738,0.10943050172103055,1.611764705882353,1.588235294117647,0.010744639677163832,0.3794926775985336,74.64417292245376,-5.787163633859217,-0.13843705060539524,0.008598977978165206,False
4.203999999999739,0.1099510373475219,1.611764705882353,1.588235294117647,0.0108622867359874,0.3769939318687844,72.25979945710378,-6.0509601720412265,-0.14435769872934462,0.008457580580105373,False
4.204999999999739,0.1104713016807585,1.611764705882353,1.588235294117647,0.010979933794810968,0.37486270777083375,70.1224687933209,-6.2900759300533915,-0.15052646822056961,0.008310138519427196,False
4.205999999999739,0.11099129343703984,1.611764705882353,1.588235294117647,0.011097580853634536,0.3730622531415019,68.21621496571488,-6.506135798510038,-0.15692647037780796,0.008156412037209437,False
4.20699999999974,0.11151101133333764,1.611764705882353,1.588235294117647,0.011215227912458103,0.3715594910339268,66.51397249552147,-6.702357239994974,-0.16352869094957942,0.007996184467715595,False
4.20799999999974,0.11203045408730027,1.611764705882353,1.588235294117647,0.011332874971281671,0.370324652195933,64.99889750915668,-6.880047530427151,-0.17032202484288728,0.007829259110913159,False
4.20899999999974,0.11254962041725403,1.611764705882353,1.588235294117647,0.011391698500693456,-0.8077278792288062,63.65116750615464,-7.041075492728029,-0.17728037599842147,0.007655457907036901,False
4.209999999999741,0.11306850904220735,1.611764705882353,1.588235294117647,0.01145052203010524,-0.7032104516287269,62.455004520158056,0.010136742878942648,-0.18079808001079564,0.007476418696528859,False
4.210999999999741,0.11358711868185473,1.611764705882353,1.588235294117647,0.01156816908892881,0.5679728802701436,61.39502005520844,1.2969270372833184,-0.18014237048629925,0.007295948451469241,False
4.211999999999741,0.11410544805657812,1.611764705882353,1.6,0.01168581614775238,0.5474496436849925,-75.58453186621959,0.997840912903147,-0.17899704803301916,0.007116378775140537,False
4.212999999999742,0.114623495887451,1.611764705882353,1.6,0.01180346320657595,0.5290963778171809,-103.19032955791198,0.30897697264980334,-0.1783417226400559,0.006937709355219263,False
4.213999999999742,0.11514126089624249,1.611764705882353,1.6,0.011921110265399519,0.5126960855949746,-100.5301283957203,-0.432860842174308,-0.17840541554154715,0.006759335832761376,False
4.214999999999742,0.11565874180541855,1.611764705882353,1.6,0.012038757324223088,0.49805346965381325,-90.2238374426358,-1.1359094048374294,-0.17918823375427845,0.006580538960743276,False
4.215999999999743,0.11617593733814652,1.611764705882353,1.6,0.012156404383046658,0.484992762365592,-78.66789647447798,-1.7797504960900647,-0.18064742714791757,0.006400621189249161,False
4.216999999999743,0.1166928462182975,1.6235294117647059,1.6,0.012274051441870227,0.47335577286501684,68.43253601208956,-2.3629402826330534,-0.18271763148723486,0.006218938601549366,False
4.217999999999743,0.11720946717045083,1.6235294117647059,1.6,0.012391698500693797,0.4630001293733232,105.36037665055089,-2.889469049044912,-0.18534473515808533,0.006034907487441016,False
4.218999999999744,0.11772579891989536,1.6235294117647059,1.6,0.012509345559517366,0.45379769728962294,111.16829394013675,-3.3646349951443684,-0.1884711493161802,0.005847999477844483,False
4.219999999999744,0.11824184019263356,1.6235294117647059,1.6,0.012626992618340936,0.4456331554731166,108.53048003991994,-3.7929368624536464,-0.1920502939318292,0.005657738832891919,False
4.220999999999744,0.11875758971538546,1.6235294117647059,1.6,0.012744639677164505,0.43840271489708493,103.89522297960418,-4.179525274248958,-0.19603646176083214,0.005463695381869573,False
4.221999999999745,0.11927304621559004,1.6235294117647059,1.6,0.012862286735988075,0.43201296543748013,99.0934820770611,2.669625253523023,-0.19679116744700034,0.005267281647293415,False
4.222999999999745,0.1197882084214094,1.6235294117647059,1.6,0.012979933794811644,0.42637983798265977,94.59726908292029,3.7744762432226593,-0.19356966224014235,0.005072101160640649,False
4.223999999999745,0.12030307506173256,1.6235294117647059,1.6,0.013097580853635214,0.42142767033214507,90.51615976936652,3.3124679221847724,-0.19002536453800864,0.004880303721530762,False
4.224999999999746,0.12081764486617699,1.6235294117647059,1.6,0.013215227912458783,0.4170883665055058,86.83834729241354,2.4769867315424943,-0.18713172123281235,0.004691725115617076,False
4.225999999999746,0.12133191656509283,1.6235294117647059,1.6,0.013332874971282353,0.4133006401203542,83.54376508172585,1.6038441253406246,-0.1850899842868705,0.004505614326544922,False
4.226999999999746,0.1218458888895655,1.6235294117647059,1.6,0.013450522030105922,0.41000933343254153,80.59057032670826,0.782960041298983,-0.18389812170993025,0.004321120221978879,False
4.227999999999747,0.12235956057141999,1.6235294117647059,1.6,0.013568169088929492,0.40716480447233383,77.95288296240288,0.03337490390900215,-0.18348821741389731,0.00413742710308928,False
4.228999999999747,0.12287293034322216,1.6235294117647059,1.6,0.013626992618341277,-0.7723364480623982,75.59038626203485,-0.644353098000896,-0.18379562012321396,0.003953785146343488,False
4.229999999999747,0.12338599693828287,1.6235294117647059,1.6,0.013685816147753061,-0.6691228694613117,73.48101727028143,5.9416701386418,-0.18114491328846427,0.003771314915366368,False
4.230999999999748,0.12389875909066184,1.6235294117647059,1.611764705882353,0.013744639677164846,-0.5761718251909256,-64.43997304185288,6.810206224779803,-0.1747710857419294,0.0035933568943060236,False
4.231999999999748,0.12441121553516918,1.6235294117647059,1.611764705882353,0.013862286735988416,0.684601761711199,-92.89397730586116,6.1353271597055405,-0.16829620625864855,0.003421823266829153,False
4.232999999999748,0.12492336500736924,1.6235294117647059,1.611764705882353,0.013979933794811985,0.6547097546289988,-90.9972394692073,5.1085622342186445,-0.16267634588055577,0.0032563369857222203,False
4.233999999999749,0.1254352062435847,1.6235294117647059,1.611764705882353,0.014097580853635555,0.6279245953138434,-81.37816219573222,4.0637558396463875,-0.15808815174971103,0.0030959547396334336,False
4.234999999999749,0.1259467379808979,1.6235294117647059,1.611764705882353,0.014215227912459124,0.6039355989890278,-70.44090101538305,3.0886629624258486,-0.15451391292940328,0.002939653716372891,False
4.235999999999749,0.12645795895715514,1.6235294117647059,1.611764705882353,0.014332874971282694,0.5824631493555185,-59.9361243333902,2.200671099170067,-0.1518673542806711,0.0027864630718348726,False
4.23699999999975,0.12696886791096917,1.6235294117647059,1.611764705882353,0.014450522030106263,0.5632555917441844,-50.28517732744341,1.3983369759627677,-0.15006965042820153,0.0026354945907323363,False
4.23799999999975,0.12747946358172352,1.6235294117647059,1.611764705882353,0.014568169088929833,0.5460864369528079,-41.53722734771874,0.6757049134110458,-0.14903093327060268,0.002485944276422856,False
4.23899999999975,0.12798974470957386,1.6352941176470588,1.611764705882353,0.014685816147753402,0.530751844699393,94.7781767830203,0.02477779256812859,-0.14868227171477655,0.002337087705856793,False
4.239999999999751,0.1284997100354519,1.6352941176470588,1.611764705882353,0.014803463206576972,0.5170683587301437,133.85914866407373,-0.5610223448833481,-0.14894894255504498,0.0021882720666767438,False
4.240999999999751,0.1290093583010695,1.6352941176470588,1.611764705882353,0.014921110265400541,0.5048708684166435,138.6317696225225,-1.0883914741345309,-0.14977496016962225,0.0020389101561738244,False
4.241999999999751,0.12951868824891996,1.6352941176470588,1.611764705882353,0.015038757324224111,0.4940107741933175,133.9774849788711,-1.5632106606540137,-0.15109960309650686,0.0018884728346793,False
4.242999999999752,0.13002769862228192,1.6352941176470588,1.611764705882353,0.01515640438304768,0.484354336451148,127.21657859903189,-1.9904992132088988,-0.1528774524604012,0.001736484354435083,False
4.243999999999752,0.13053638816522348,1.6352941176470588,1.611764705882353,0.01527405144187125,0.4757811895420195,120.41148966202273,-2.3755055587269283,-0.15505963463840217,0.0015825157654247145,False
4.244999999999752,0.1310447556226035,1.6352941176470588,1.611764705882353,0.01539169850069482,0.4681830043826275,114.09252836571208,-2.7219159881610255,-0.15760898260097686,0.0014261815084225474,False
4.245999999999753,0.1315527997400758,1.6352941176470588,1.611764705882353,0.015509345559518389,0.46146228479799883,108.35305844528162,-3.034224139817937,-0.16048660514813476,0.0012671336666555343,False
4.246999999999753,0.13206051926409174,1.6352941176470588,1.611764705882353,0.015626992618341957,0.4555312842306568,103.18957994489492,-3.315114801970016,-0.16366152764341585,0.0011050596529136995,False
4.247999999999753,0.13256791294190443,1.6352941176470588,1.611764705882353,0.01568581614775374,-0.7267477927505178,98.55165063146501,-3.568328487439267,-0.16710319147776576,0.0009396772468400761,False
4.248999999999754,0.1330749795215701,1.6352941176470588,1.611764705882353,0.015744639677165526,-0.6260342561512083,94.39133231307993,-3.7965521592116462,-0.17078549606735227,0.0007707329528885801,False
4.249999999999754,0.13358171775195213,1.6352941176470588,1.6235294117647059,0.01580346320657731,-0.535333249682421,-45.375906583623696,3.1940755250996933,-0.1710870540057605,0.0005997966370700735,False
4.250999999999754,0.13408812638272483,1.6352941176470588,1.6235294117647059,0.015862286735989096,-0.4536435203311039,-75.49136640250786,4.429799085589629,-0.16727463821434305,0.0004306158317103268,False
4.251999999999755,0.134594204164375,1.6352941176470588,1.6235294117647059,0.01592111026540088,-0.3800639403855091,-75.08942754322901,4.085795628583256,-0.1630174461066944,0.0002654697603086667,False
4.252999999999755,0.13509994984820575,1.6352941176470588,1.6235294117647059,0.01603875732422445,0.8632753286243039,-66.81541613039145,3.3569070846723656,-0.15929539273760876,0.00010431336810608487,False
4.253999999999755,0.1356053621863404,1.6352941176470588,1.6235294117647059,0.01615640438304802,0.8176924354390238,-57.0888659720775,2.580930246847319,-0.1563272463004648,-5.3497967102953634e-05,False
4.254999999999756,0.13611043993172398,1.6352941176470588,1.6235294117647059,0.01627405144187159,0.7767854786310968,-47.67334036982984,2.580136369958067,-0.15781133647160453,2.503668311370673e-05,False
4.255999999999756,0.13661518183812738,1.6352941176470588,1.6235294117647059,0.01639169850069516,0.7400868645627876,-39.00314319450452,2.5819423641568804,-0.15716601972826866,-1.4335486238264156e-05,False
4.256999999999756,0.13711958666014984,1.6352941176470588,1.6235294117647059,0.016509345559518728,0.7071757589601341,-31.13769407223112,2.582034316883846,-0.1574886855464063,5.330431695099374e-06,False
4.257999999999757,0.1376236531532231,1.6352941176470588,1.6235294117647059,0.016626992618342298,0.6776734109765705,-24.034647379883612,2.5803452210419797,-0.15732735774930204,-4.507569226488337e-06,False
4.258999999999757,0.13812738007361303,1.6352941176470588,1.6235294117647059,0.016744639677165867,0.6512389448501882,-17.628882075515335,2.580234641420757,-0.15740802302676166,4.101708016614404e-07,False
4.259999999999757,0.13863076617842315,1.6470588235294117,1.6235294117647059,0.016862286735989437,0.6275655723952683,101.4932459684128,2.5810772940915725,-0.15736770114206666,-2.0490144599122196e-06,False
4.260999999999758,0.1391338102255989,1.6470588235294117,1.6235294117647059,0.016979933794813006,0.606377184244665,135.63569143781982,2.580626701851506,-0.1573878636863924,-8.195005885735795e-07,False
4.261999999999758,0.1396365109739288,1.6470588235294117,1.6235294117647059,0.017097580853636576,0.5874252819679463,145.35180525915112,2.5804024289111958,-0.1573979437550693,-2.0468458097622643e-07,False
4.262999999999758,0.14013886718304844,1.6470588235294117,1.6235294117647059,0.017215227912460145,0.5704862169777235,147.32415035107584,2.5803585641319398,-0.15740298342386658,1.0273818881955076e-07,False
4.263999999999759,0.1406408776134444,1.6470588235294117,1.6235294117647059,0.017332874971283715,0.5553587055453474,141.52215506574677,2.5803268196321287,-0.15740046358445228,-5.0974426468006006e-08,False
4.264999999999759,0.14114254102645551,1.6470588235294117,1.6235294117647059,0.017450522030107284,0.5418615923150328,134.13507705756396,2.580347616021111,-0.1574017234984958,2.5881573617477485e-08,False
4.265999999999759,0.14164385618427722,1.6470588235294117,1.6235294117647059,0.017568169088930854,0.5298318374665739,126.87514294716328,2.5803371031250393,-0.1574010935388678,-1.2546503322090044e-08,False
4.26699999999976,0.14214482184996394,1.6470588235294117,1.6235294117647059,0.01762699261834264,-0.6579361183675836,120.17703283282287,2.580342771341375,-0.1574014085182993,6.667515923077791e-09,False
4.26799999999976,0.1426454367874332,1.6470588235294117,1.6352941176470588,0.017685816147754423,-0.56216257273598,-21.926692323099715,2.5803400914063155,-0.1574012510284586,-2.939498470684395e-09,False
4.26899999999976,0.14314569976146713,1.6470588235294117,1.6352941176470588,0.017744639677166208,-0.47590755813812824,-54.15929148305663,2.5803425030647884,-0.1573397873816153,1.9375367731336995e-09,False
4.269999999999761,0.14364560953771635,1.6470588235294117,1.6352941176470588,0.017803463206577993,-0.3982192214706526,-55.667690068542825,-9.29222168633524,0.1573397873816153,1.9375367731336995e-09,True
4.270999999999761,0.14414516488270368,1.6470588235294117,1.6352941176470588,0.017862286735989778,-0.32824089494051567,-49.114740804219366,2.1379749148181664,0.1561194732050432,5.346641095020756e-05,False
4.271999999999761,0.14464436456382573,1.6470588235294117,1.6352941176470588,0.017921110265401562,-0.2652015775339829,-40.93684478848046,3.2012663276097104,0.15878945078228565,0.0002109208412071115,False
4.272999999999762,0.14514320734935687,1.6470588235294117,1.6352941176470588,0.017979933794813347,-0.20840736833869336,-32.91906638111992,4.167883192600432,0.16247379021042438,0.0003715524937872859,False
4.273999999999762,0.14564169200845187,1.6470588235294117,1.6352941176470588,0.018038757324225132,-0.15723375653352312,-25.501049941825787,4.027107305185942,0.1665713775941563,0.0005360750361643825,False
4.274999999999762,0.14613981731114994,1.6470588235294117,1.6352941176470588,0.0181564043830487,1.0,-18.76378205851447,3.6089190293473337,0.17038946125051024,0.0007045554955480103,False
4.275999999999763,0.1466375820283761,1.6470588235294117,1.6352941176470588,0.01827405144187227,1.0,-12.676598180394286,3.148025296311277,0.17376768318781205,0.0008766340195279187,False
4.276999999999763,0.14713498493194516,1.6470588235294117,1.6352941176470588,0.01839169850069584,0.9449675061885918,-7.185155389483037,2.708685607586678,0.17669648140669283,0.0010518661467356194,False
4.277999999999763,0.14763202479456541,1.6470588235294117,1.6352941176470588,0.01850934555951941,0.8935683364233525,-2.233020524784008,2.305252827647021,0.1792028085541246,0.0012298157411542263,False
4.278999999999764,0.14812870038984016,1.6470588235294117,1.6352941176470588,0.01862699261834298,0.8474267306934624,2.2328844947478093,1.9396562006227238,0.18132610665096593,0.0014100802441607322,False
4.279999999999764,0.14862501049227148,1.6470588235294117,1.6352941176470588,0.01874463967716655,0.8060169325953864,6.260952652372264,1.6088916760938194,0.18309933811939602,0.0015922929175928291,False
4.280999999999764,0.14912095387726404,1.6470588235294117,1.6352941176470588,0.01886228673599012,0.7688657613659431,9.894876220196767,1.3107004829467244,0.1845603667268304,0.001776122811062851,False
4.281999999999765,0.14961652932112657,1.6470588235294117,1.6352941176470588,0.018979933794813688,0.7355473543182688,13.174037874454141,1.0414276061452437,0.1857350195439721,0.001961270460633436,False
4.282999999999765,0.15011173560107596,1.6588235294117646,1.6352941176470588,0.019097580853637258,0.7056784350341866,110.31689891613244,0.7984710536216565,0.18665654200242598,0.0021474662745722107,False
4.283999999999765,0.15060657149523965,1.6588235294117646,1.6352941176470588,0.019215227912460827,0.6789140547373375,138.14323777878212,0.5794066054965029,0.18734376563795055,0.0023344663940825343,False
4.284999999999766,0.15110103578265982,1.6588235294117646,1.6352941176470588,0.019332874971284397,0.6549437595289975,146.04811552231345,0.3813895465993408,0.18782599910640874,0.0025220512994668033,False
4.285999999999766,0.1515951272432947,1.6588235294117646,1.6470588235294117,0.01939169850069618,-0.5435706826290525,26.004639894982876,0.20309863265122982,0.18811631334310042,0.0027100224334181662,False
4.286999999999766,0.15208884465802242,1.6588235294117646,1.6470588235294117,0.019450522030107966,-0.45746897468895154,-3.799401901671657,5.991748200601511,0.19121575036027924,0.002899688475990893,False
4.287999999999767,0.15258218680864497,1.6588235294117646,1.6470588235294117,0.01950934555951975,-0.37991861401345195,-8.130359690023079,7.649799994364945,0.1980344171580767,0.0030943135503436105,False
4.288999999999767,0.1530751524778893,1.6588235294117646,1.6470588235294117,0.019568169088931536,-0.31006446587609315,-5.557071732624913,7.957357393625508,0.20584019338122245,0.0032962508515557887,False
4.289999999999767,0.15356774044941135,1.6588235294117646,1.6470588235294117,0.01962699261834332,-0.24713690902306068,-1.3749362749129068,7.436936701941937,0.21353507711626588,0.0035059384920673935,False
4.290999999999768,0.15405994950779986,1.6588235294117646,1.6470588235294117,0.019685816147755105,-0.19044328432592178,2.931536496892086,6.738938054106961,0.22062530327513954,0.003723018660749322,False
4.291999999999768,0.15455177843857762,1.6588235294117646,1.6470588235294117,0.01974463967716689,-0.13936019856908682,6.969492969549785,6.0441128529548465,0.22701455891487823,0.003946838614870526,False
4.292999999999768,0.1550432260282056,1.6588235294117646,1.6470588235294117,0.019803463206578675,-0.09332659785852543,10.656444562145193,5.4000307571792705,0.2327388342258193,0.004176715271409028,False
4.293999999999769,0.15553429106408548,1.6588235294117646,1.6470588235294117,0.01986228673599046,-0.05183753368960986,13.996011142030987,4.813552286023954,0.23784353622554738,0.0044120064987755465,False
4.294999999999769,0.15602497233456364,1.6588235294117646,1.6470588235294117,0.019921110265402244,-0.014438552408175265,17.013941688425952,4.284600607767027,0.2423945414242739,0.004652125478944851,False
4.295999999999769,0.15651526862893253,1.6588235294117646,1.6470588235294117,0.020038757324225814,1.0,19.73982763579386,3.8069601069113315,0.24643859673003118,0.0048965421075753595,False
4.29699999999977,0.15700517873743455,1.6588235294117646,1.6470588235294117,0.020156404383049383,1.0,22.202161853570992,3.3771066990221934,0.2500321091432158,0.0051447773846355245,False
4.29799999999977,0.15749470145126573,1.6588235294117646,1.6470588235294117,0.020274051441872953,1.0,24.426111892616294,2.989738919630881,0.25321433323921977,0.005396400679280337,False
4.29899999999977,0.15798383556257717,1.6588235294117646,1.6470588235294117,0.020391698500696522,0.9937296816146896,26.4379807026345,2.6408434187642986,0.25603051114754943,0.0056510230127847,False
4.299999999999771,0.15847257986447877,1.6588235294117646,1.6470588235294117,0.02050934555952009,0.93945429430684,28.255674100388678,-4.870994984152148,0.25491488862787215,0.0059064957952306,False
4.300999999999771,0.15896093315104315,1.6588235294117646,1.6470588235294117,0.02062699261834366,0.8907240927886008,29.90159111434516,-6.573883216375972,0.24919264204921351,0.006158549468422579,False
4.301999999999771,0.1594488942173068,1.6588235294117646,1.6470588235294117,0.02074463967716723,0.846984558481011,31.390932215377514,-6.650582627664391,0.24258056561715718,0.006404436154287844,False
4.302999999999772,0.15993646185927432,1.6588235294117646,1.6470588235294117,0.0208622867359908,0.8077366246630052,32.741792445030725,-6.3015600526221975,0.2361040103318772,0.00664377835607774,False
4.303999999999772,0.16042363487392075,1.6588235294117646,1.6470588235294117,0.020921110265402585,-0.4045276922437438,33.96550607695787,-5.866913909652994,0.23002056124086048,0.006876840716060168,False
4.304999999999772,0.16091041205919565,1.6705882352941177,1.6588235294117646,0.02097993379481437,-0.33080087157747157,35.07538733692607,-5.441892629503361,0.22436509282522094,0.007104033466692324,False
4.305999999999773,0.16139679221402442,1.6705882352941177,1.6588235294117646,0.021038757324226155,-0.2643879094484174,36.08320417191002,-5.0497860250357185,0.21912056748088735,0.007325776359312776,False
4.306999999999773,0.1618827741383121,1.6705882352941177,1.6588235294117646,0.02109758085363794,-0.20455742000285895,36.997864751206066,-4.694570464188111,0.2142468561783479,0.007542460007517154,False
4.307999999999773,0.16236835663294716,1.6705882352941177,1.6588235294117646,0.021156404383049724,-0.15065115597244647,37.83133146510303,2.822854960072198,0.21331273597459288,0.007756239853240045,False
4.308999999999774,0.1628535384998028,1.6705882352941177,1.6588235294117646,0.02121522791246151,-0.10207669481566539,38.589888727859645,4.5301602983439,0.21698729402728092,0.007971389817813097,False
4.309999999999774,0.16333831854174072,1.6705882352941177,1.6588235294117646,0.021274051441873294,-0.05830085624515237,39.28074161572724,4.609978492775266,0.22155952810905227,0.008190663266478717,False
4.310999999999774,0.16382269556261486,1.6705882352941177,1.6588235294117646,0.02133287497128508,-0.018843778002280015,39.91152595626615,4.262979242304603,0.22599364635912164,0.00841443981647579,False
4.311999999999775,0.16430666836727287,1.6705882352941177,1.6588235294117646,0.021391698500696863,0.016726415945715473,40.48840782966339,3.829353060257918,0.23004233872231203,0.008642457831627029,False
4.312999999999775,0.1647902357615599,1.6705882352941177,1.6588235294117646,0.021450522030108648,0.048798414028322044,41.01637392621476,3.4045215546091447,0.2336566172924884,0.008874307287705623,False
4.313999999999775,0.16527339655232123,1.6705882352941177,1.6588235294117646,0.021509345559520433,0.07772203583207869,41.50043138530584,3.0119618454132984,0.23686761064433032,0.00910956940642161,False
4.314999999999776,0.16575614954740622,1.6705882352941177,1.6588235294117646,0.021568169088932217,0.1038121189848705,41.944800085723834,2.6552861969392185,0.23969842934243657,0.009347852422153595,False
4.315999999999776,0.1662384935556695,1.6705882352941177,1.6588235294117646,0.021626992618344002,0.12735201735179402,42.35356534641742,2.3334243474147858,0.24219560197911286,0.009588799423933968,False
4.316999999999776,0.16672042738697493,1.6705882352941177,1.6588235294117646,0.021685816147755787,0.14859674941143627,42.73024523297564,2.042877328691171,0.24438096597335696,0.009832087722923877,False
4.317999999999777,0.16720194985219927,1.6705882352941177,1.6588235294117646,0.02174463967716757,0.16777583179452535,43.07772791630121,1.781401650506513,0.24629582095607977,0.01007742608418336,False
4.318999999999777,0.1676830597632334,1.6705882352941177,1.6588235294117646,0.02186228673599114,1.0,43.399927507456255,1.5452440826625544,0.24795653989106087,0.010324552297905434,False
4.319999999999777,0.16816375593298616,1.6705882352941177,1.6588235294117646,0.02197993379481471,1.0,43.6985006006462,1.332762276540842,0.24939799703080637,0.010573229516772456,False
4.320999999999778,0.1686440371753881,1.6705882352941177,1.6588235294117646,0.02209758085363828,1.0,43.97611811500978,1.140844695361362,0.25063252954051995,0.010823244828340071,False
4.321999999999778,0.16912390230539273,1.6705882352941177,1.6588235294117646,0.022156404383050065,-0.05750716679224194,44.2349288701536,0.9679295814251176,0.25168897325116246,0.011074405515877121,False
4.322999999999778,0.1696033501389805,1.6705882352941177,1.6588235294117646,0.02221522791246185,-0.017247104553483814,44.476413969394066,0.8119710925593772,0.2525771057853686,0.011326538614691158,False
4.323999999999779,0.17008237949316135,1.6705882352941177,1.6705882352941177,0.022274051441873634,0.01904577499080913,-91.33595345280226,0.6711172087168084,0.2533202098238913,0.011579487200116553,False
4.324999999999779,0.17056098918597842,1.6705882352941177,1.6705882352941177,0.02233287497128542,0.05176819011008322,-117.89959076530174,0.5444246036754473,0.25392669297903403,0.011833110717120407,False
4.325999999999779,0.17103917803650967,1.6705882352941177,1.6705882352941177,0.022391698500697204,0.0812771872468408,-114.30889473212407,0.4297493262495582,0.2544147895443208,0.01208728138368207,False
4.32699999999978,0.17151694486487132,1.6705882352941177,1.6705882352941177,0.02245052203010899,0.10789410819933326,-103.17248124000506,0.3268782530921296,0.2547923729685437,0.01234188503060496,False
4.32799999999978,0.17199428849222181,1.6823529411764706,1.6705882352941177,0.022509345559520774,0.13190816058598753,45.16298745789026,5.882142852445082,0.2578973419946984,0.012598229815802066,False
4.32899999999978,0.17247120774076286,1.6823529411764706,1.6705882352941177,0.02256816908893256,0.1535796312633873,83.66041975848604,7.472606029611184,0.2645745175490313,0.012859465806287171,False
4.329999999999781,0.1729477014337434,1.6823529411764706,1.6705882352941177,0.022626992618344343,0.1731427784024583,91.0076098509507,7.9214646135799915,0.2722714964787892,0.013127888745612592,False
4.330999999999781,0.17342376839546317,1.6823529411764706,1.6705882352941177,0.022685816147756128,0.19080843435703315,89.782915817845,7.699127598255193,0.28008209395807315,0.013404065593206796,False
4.331999999999781,0.17389940745127397,1.6823529411764706,1.6705882352941177,0.022744639677167913,0.2067663482455619,86.42828344246296,7.118359140323885,0.28749030386368746,0.013687851734397615,False
4.332999999999782,0.1743746174275837,1.6823529411764706,1.6705882352941177,0.022803463206579697,0.2211872942746489,82.77139001953306,6.48569502956797,0.29429307453110976,0.013978743463157275,False
4.333999999999782,0.17484939715185877,1.6823529411764706,1.6705882352941177,0.022862286735991482,0.2342249692302386,79.3023928988763,5.884985767744954,0.3004774890966053,0.014276128702921723,False
4.334999999999782,0.17532374545262785,1.6823529411764706,1.6705882352941177,0.022921110265403267,0.24601770021968064,76.1363011214641,5.334679919544636,0.30608839450905356,0.014579411666341649,False
4.335999999999783,0.17579766115948345,1.6823529411764706,1.6705882352941177,0.02297993379481505,0.25668998163959006,73.28037806043122,4.837356249075121,0.31117323075578834,0.014888042456088548,False
4.336999999999783,0.1762711431030854,1.6823529411764706,1.6705882352941177,0.023038757324226836,0.2663538584469199,70.71466527928227,4.387879550009564,0.31578709308743924,0.01520152261705303,False
4.337999999999783,0.17674419011516462,1.6823529411764706,1.6705882352941177,0.02309758085363862,0.27511017110292824,68.41453569027342,3.983551274504154,0.31997154616536916,0.015519401935746737,False
4.338999999999784,0.17721680102852436,1.6823529411764706,1.6705882352941177,0.023156404383050406,0.28304967602274717,66.35056524125348,3.619443137922818,0.32377427167419326,0.0158412748190164,False
4.339999999999784,0.1776889746770439,1.6823529411764706,1.6705882352941177,0.02321522791246219,0.29025405397999593,64.5033421851828,3.2913179156965024,0.32722850926853,0.016166776233379736,False
4.340999999999784,0.1781607098956822,1.6823529411764706,1.6705882352941177,0.023274051441873975,0.2967968176709534,62.84882559490652,2.996495075178186,0.33037342082066534,0.016495577148034644,False
4.341999999999785,0.17863200552047928,1.6823529411764706,1.6705882352941177,0.02333287497128576,0.30274412852220484,61.36920490227509,2.731017761444684,0.3332363630751417,0.016827382089362054,False
4.342999999999785,0.17910286038856002,1.6823529411764706,1.6705882352941177,0.023391698500697545,0.3081555318177427,60.04654893999898,-4.705073193202306,0.33224990402228555,0.017160125148638586,False
4.343999999999785,0.17957327333813658,1.6823529411764706,1.6823529411764706,0.02345052203010933,0.31308461831313833,-77.17382760574353,-6.339268946237679,0.3267274583910352,0.01748961390032266,False
4.344999999999786,0.18004324320851228,1.6823529411764706,1.6823529411764706,0.023509345559521114,0.3175796196884061,-105.00431989617726,-6.353701201559225,0.3203809212355641,0.017813167998118662,False
4.345999999999786,0.18051276884008297,1.6823529411764706,1.6823529411764706,0.0235681690889329,0.32168394445555887,-102.55337837080387,-5.947794586161594,0.31423057331648246,0.018130473829230637,False
4.346999999999786,0.18098184907434053,1.6823529411764706,1.6823529411764706,0.023626992618344684,0.32543666027540774,-92.44234179800902,-5.462072339124686,0.308524879871445,0.018441851454015078,False
4.347999999999787,0.1814504827538766,1.6823529411764706,1.6823529411764706,0.02368581614775647,0.3288729280426836,-81.06985787958843,2.2074024009199906,0.30689868080765204,0.018749563325932184,False
4.348999999999787,0.18191866872238396,1.6823529411764706,1.6823529411764706,0.023744639677168253,0.3320243925626436,-70.17961070501391,4.060811782051656,0.3100312524820037,0.0190580281860889,False
4.349999999999787,0.18238640582465993,1.6823529411764706,1.6823529411764706,0.023803463206580038,0.33491953416001924,-60.188823127226264,4.276067272216407,0.31420165317880006,0.019370144735174708,False
4.350999999999788,0.18285369290661035,1.6823529411764706,1.6823529411764706,0.023862286735991823,0.337583985127069,-51.14168122773304,4.050459586141829,0.31836251721486747,0.019686426712130636,False
4.351999999999788,0.18332052881525046,1.6941176470588235,1.6823529411764706,0.023921110265403608,0.3400408145268255,92.74752952352141,3.7275120989043393,0.3222543395234548,0.020006735234384336,False
4.352999999999788,0.1837869123987091,1.6941176470588235,1.6823529411764706,0.023979933794815392,0.3423107845160181,127.09430991859077,3.4013039266224387,0.3258154800947486,0.020330770040408203,False
4.353999999999789,0.1842528425062308,1.6941176470588235,1.6823529411764706,0.024038757324227177,0.3444125810357034,130.3841618259533,3.098162626013847,0.3290688923662065,0.020658212310571016,False
4.354999999999789,0.18471831798817992,1.6941176470588235,1.6823529411764706,0.024097580853638962,0.3463630214328316,125.41851862874223,2.8219434487875126,0.33202487752942267,0.02098875910344469,False
4.355999999999789,0.1851833376960417,1.6941176470588235,1.6823529411764706,0.024156404383050747,0.34817724131965877,118.6706977799027,2.5725535157674875,0.33472655175375454,0.021322134886933023,False
4.35699999999979,0.18564790048242605,1.6941176470588235,1.6823529411764706,0.02421522791246253,0.3498688627472149,111.94692125523163,2.3482239095738007,0.3371821937305639,0.021658089185842028,False
4.35799999999979,0.18611200520107088,1.6941176470588235,1.6823529411764706,0.024274051441874316,0.35145014556142723,105.72206134740438,2.146155650770691,0.3394344107178478,0.021996397537477504,False
4.35899999999979,0.1865756507068437,1.6941176470588235,1.6823529411764706,0.0243328749712861,0.35293212362362997,100.06909883267532,1.9650082441206804,0.34148473000275553,0.02233685705596336,False
4.359999999999791,0.18703883585574513,1.6941176470588235,1.6823529411764706,0.0243328749712861,-0.8227340961203664,94.97683852337768,1.8018019797278202,0.3433735831491623,0.022679286237961872,False
4.360999999999791,0.1875015595049123,1.6941176470588235,1.6823529411764706,0.0243328749712861,-0.716127811537008,90.39934031832844,1.6555506365055574,0.3450966754668334,0.023023521339338975,False
4.361999999999791,0.18796382051262037,1.6941176470588235,1.6823529411764706,0.0243328749712861,-0.6201821554119891,86.28768681717249,1.523907785915022,0.3466920686582789,0.023369415709988448,False
4.362999999999792,0.18842561773828628,1.6941176470588235,1.6823529411764706,0.0243328749712861,-0.5338310648994753,82.595906146239,1.4056289291740829,0.3481511475138319,0.02371683731650556,False
4.363999999999792,0.188886950042471,1.6941176470588235,1.6941176470588235,0.024391698500697886,0.7209437400911529,-56.756935824847375,1.2991776743058492,0.3495092093873908,0.02406566746648219,False
4.364999999999792,0.18934781628688344,1.6941176470588235,1.6941176470588235,0.02445052203010967,0.6855940057591943,-86.5122353048617,1.202931383047114,0.3507546941367571,0.024415799444711863,False
4.365999999999793,0.18980821533438172,1.6941176470588235,1.6941176470588235,0.024509345559521455,0.6538380683898446,-85.78417258085065,1.116357601039532,0.3519197645378081,0.02476713661917343,False
4.366999999999793,0.19026814604897663,1.6941176470588235,1.6941176470588235,0.02456816908893324,0.6253165482868426,-77.22610859424518,1.0377180882985098,0.35299157474840165,0.025119592341621595,False
4.367999999999793,0.19072760729583546,1.6941176470588235,1.6941176470588235,0.024626992618345025,0.5997060037235536,-67.25121015747965,5.887307443063986,0.35645908169456225,0.025474317589557902,False
4.368999999999794,0.19118659794128295,1.6941176470588235,1.6941176470588235,0.02468581614775681,0.5767153371460061,-57.61934123657354,7.272709658712503,0.36303433852542927,0.02583406437522995,False
4.369999999999794,0.19164511685280505,1.6941176470588235,1.6941176470588235,0.024744639677168594,0.556082560755626,-48.76109053377008,7.661099299167077,0.37050572375725044,0.026200834302096316,False
4.370999999999794,0.19210316289905247,1.6941176470588235,1.6941176470588235,0.02480346320658038,0.5375718855336963,-40.733342132512,7.762520904780338,0.3782133623509041,0.026575193940317567,False
4.371999999999795,0.19256073494984183,1.6941176470588235,1.6941176470588235,0.024862286735992164,0.5209711013633721,-33.49085230953035,7.713998876074128,0.38595543985876757,0.026957278219222343,False
4.372999999999795,0.19301783187615962,1.6941176470588235,1.6941176470588235,0.02492111026540395,0.5060892191394926,-26.96695093224698,7.2446127916078105,0.39343131800414793,0.02734697170717002,False
4.373999999999795,0.1934744525501643,1.6941176470588235,1.6941176470588235,0.024979933794815733,0.4927543486674134,-21.091660680168008,6.699323558281451,0.4004062910056348,0.02774389038016422,False
4.374999999999796,0.19393059584519032,1.6941176470588235,1.6941176470588235,0.025038757324227518,0.4808117887719543,-15.801877856460637,-1.0233959618151427,0.40324170330629233,0.028145714489947883,False
4.375999999999796,0.19438626063574918,1.7058823529411764,1.6941176470588235,0.025097580853639303,0.47012230839545344,103.24807862331478,-2.925462477092301,0.40126934387787205,0.028547969884047796,False
4.376999999999796,0.19484144579753299,1.7058823529411764,1.6941176470588235,0.025156404383051088,0.4605605995860147,137.38167465596555,-3.1836055016128975,0.3982132160793906,0.028947711266615134,False
4.377999999999797,0.1952961502074182,1.7058823529411764,1.6941176470588235,0.025215227912462872,0.4520138851869321,147.10635051641415,-2.9975772560061698,0.3951237716001659,0.029344379644638863,False
4.378999999999797,0.19575037274346663,1.7058823529411764,1.6941176470588235,0.025274051441874657,0.4443806657571697,146.39816176116068,-2.7097377692600944,0.39226937636357795,0.029738076303693343,False
4.379999999999797,0.19620411228492896,1.7058823529411764,1.6941176470588235,0.025274051441874657,-0.7394892317295729,139.36707103001393,-2.415926198668376,0.38970691865002494,0.030129064356255984,False
4.380999999999798,0.1966573677122486,1.7058823529411764,1.6941176470588235,0.025274051441874657,-0.6402662571147077,131.19120466124997,-2.1421397239350815,0.3874278308119214,0.030517631794955268,False
4.381999999999798,0.1971101379070625,1.7058823529411764,1.6941176470588235,0.025274051441874657,-0.5509655799613327,123.31118343860685,-1.8927271576436842,0.38541018512632863,0.030904050732942407,False
4.382999999999798,0.19756242175220529,1.7058823529411764,1.6941176470588235,0.025274051441874657,-0.47059497052329785,116.0785427851032,-1.6682680161838654,0.3836301166613406,0.031288570922994245,False
4.383999999999799,0.19801421813171122,1.7058823529411764,1.7058823529411764,0.025274051441874657,-0.3982614220290692,-26.50318232646191,-1.4658971070835947,0.38206244150131924,0.03167141715824753,False
4.384999999999799,0.1984655259308182,1.7058823529411764,1.7058823529411764,0.025274051441874657,-0.333161228384266,-59.17094375865893,-1.2842747439670645,0.38068805582987664,0.032052792418094916,False
4.385999999999799,0.1989163440359688,1.7058823529411764,1.7058823529411764,0.025274051441874657,-0.27457105410394517,-61.07655507623524,-1.1207994168846154,0.37948476570566836,0.03243287881231993,False
4.3869999999998,0.19936667133481395,1.7058823529411764,1.7058823529411764,0.025274051441874657,-0.22183989725165834,-54.887396747117066,-0.9737125495785709,0.3784382590176378,0.032811840307333605,False
4.3879999999998,0.19981650671621629,1.7058823529411764,1.7058823529411764,0.025332874971286442,1.0,-47.04395899041554,-0.8415160073954494,0.3775299571346084,0.033189824427904226,False
4.3889999999998,0.20026584907025147,1.7058823529411764,1.7058823529411764,0.025391698500698227,0.9400950868480258,-39.32996303610023,5.249787477088653,0.3797346668312532,0.03356845669499301,False
4.389999999999801,0.20071469728821165,1.7058823529411764,1.7058823529411764,0.02545052203011001,0.8838302178403733,-32.197906421241385,6.992825154396339,0.3858555659496771,0.033951251852926606,False
4.390999999999801,0.20116305026260903,1.7058823529411764,1.7058823529411764,0.025509345559521796,0.8332506592628997,-25.723355936761916,7.485185801366641,0.39309475246969994,0.03434072693837157,False
4.391999999999801,0.20161090688717687,1.7058823529411764,1.7058823529411764,0.02556816908893358,0.7877878800725868,-19.878583557445758,7.306857409064794,0.40049087564111113,0.03473751982095397,False
4.392999999999802,0.2020582660568735,1.7058823529411764,1.7058823529411764,0.025626992618345366,0.7469302023307185,-14.611902203676003,6.8345648523373415,0.4075611381446889,0.03514154572570357,False
4.393999999999802,0.20250512666788445,1.7058823529411764,1.7058823529411764,0.02568581614775715,0.7102171158924504,-9.868675751157712,6.3198810451452045,0.41413920630536843,0.035552395989230476,False
4.394999999999802,0.20295148761762602,1.7058823529411764,1.7058823529411764,0.025744639677168935,0.6772341616274219,-5.597439198556993,5.831163101288646,0.42021343495249647,0.035969572185604065,False
4.395999999999803,0.20339734780474666,1.7058823529411764,1.7058823529411764,0.02580346320658072,0.6476083263183094,-1.7512183616762054,5.384155313486364,0.4258228726801697,0.03639259044752059,False
4.396999999999803,0.20384270612913055,1.7058823529411764,1.7058823529411764,0.025862286735992505,0.6210038980695207,1.7124006666324305,4.979343553411225,0.43100232819244555,0.03682100291164829,False
4.397999999999803,0.2042875614919007,1.7058823529411764,1.7058823529411764,0.02592111026540429,0.5971187361750239,4.831684682013298,4.614773710424018,0.43580221341018804,0.03725440529806945,False
4.398999999999804,0.20473191279542047,1.7058823529411764,1.7058823529411764,0.025979933794816074,0.575680913999389,7.641037384489036,4.2861884525536516,0.44024932602189504,0.03769243092928725,False
4.399999999999804,0.20517575894329695,1.7176470588235293,1.7058823529411764,0.025979933794816074,-0.6206131259586383,110.38391771779202,3.9905178644022863,0.44439158177501153,0.03813475149436482,False
4.400999999999804,0.20561909884038443,1.7176470588235293,1.7058823529411764,0.025979933794816074,-0.532571879567929,139.83170956601865,3.724290155878451,0.44824455976005045,0.03858106943369748,False
4.401999999999805,0.20606193139278553,1.7176470588235293,1.7058823529411764,0.025979933794816074,-0.4533347578162934,148.21312304926047,3.484943909197226,0.4518540968409971,0.03903111885841256,False
4.402999999999805,0.20650425550785492,1.7176470588235293,1.7058823529411764,0.025979933794816074,-0.38202134823982425,150.538976120319,-3.92790398877036,0.45162725601654014,0.03948285942078636,False
4.403999999999805,0.20694607009420157,1.7176470588235293,1.7058823529411764,0.025979933794816074,-0.31783927962100433,150.3706041119389,-5.541015952303309,0.4468985029606027,0.039932122374245274,False
4.404999999999806,0.20738737406169244,1.7176470588235293,1.7058823529411764,0.025979933794816074,-0.26007541786406846,143.28328150544405,-5.536401485066305,0.4413538366145678,0.0403762484585603,False
4.405999999999806,0.20782816632145354,1.7176470588235293,1.7176470588235293,0.025979933794816074,-0.20808794228282818,-1.1333605667900235,-5.113431025935898,0.4360350676768982,0.04081494295693556,False
4.406999999999806,0.2082684457858736,1.7176470588235293,1.7176470588235293,0.025979933794816074,-0.16129921425971372,-36.010524392664436,-4.611564353845758,0.4311662957814506,0.04124854358466125,False
4.407999999999807,0.2087082113686073,1.7176470588235293,1.7176470588235293,0.025979933794816074,-0.1191893590389122,-40.06531458079779,-4.125276628010697,0.4268042204760253,0.041677528857745554,False
4.408999999999807,0.20914746198457648,1.7176470588235293,1.7176470588235293,0.025979933794816074,-0.08129048934019226,-35.85640896185234,3.520518428467774,0.42649545638178754,0.042104178673541534,False
4.409999999999807,0.20958619654997374,1.7176470588235293,1.7176470588235293,0.025979933794816074,-0.04718150661134554,-29.80823858157683,5.346097633579048,0.43093518870699793,0.04253289397782577,False
4.410999999999808,0.21002441398226562,1.7176470588235293,1.7176470588235293,0.025979933794816074,-0.016483422155384626,-23.71662444887327,5.534434461610874,0.4363690120718817,0.042966546088096844,False
4.411999999999808,0.2104621132001939,1.7176470588235293,1.7176470588235293,0.02603875732422786,1.0,-18.041013465806326,5.2849619795950025,0.4417851067389135,0.04340562309470282,False
4.412999999999808,0.21089929312377925,1.7176470588235293,1.7176470588235293,0.026097580853639644,1.0,-12.878385453262315,4.939705956844542,0.4468911639704351,0.04384996127540579,False
4.413999999999809,0.21133595267432345,1.7176470588235293,1.7176470588235293,0.02615640438305143,1.0,-8.214873793917869,4.594948869786417,0.45166456934464494,0.04429923905421801,False
4.414999999999809,0.21177209077441297,1.7176470588235293,1.7176470588235293,0.026215227912463213,0.970412571985311,-4.011270523051402,4.273863048658675,0.4560931710467136,0.044753118004193404,False
4.415999999999809,0.21220770634792016,1.7176470588235293,1.7176470588235293,0.026274051441874998,0.9119394838756943,-0.224630212607244,3.9825934211998852,0.46022685155928234,0.045211277893187456,False
4.41699999999981,0.21264279832000663,1.7176470588235293,1.7176470588235293,0.026332874971286783,0.8593725281064528,3.1858733352753026,3.719656064064399,0.4640729409593898,0.04567342789877683,False
4.41799999999981,0.2130773656171267,1.7176470588235293,1.7176470588235293,0.026391698500698568,0.8121210914435493,6.257569045603993,3.4828254769016542,0.4676787328730536,0.04613930358397782,False
4.41899999999981,0.21351140716702846,1.7176470588235293,1.7176470588235293,0.026450522030110352,0.7696536219763492,9.024275997203146,3.269939080437317,0.4710510998088401,0.046608668632857425,False
4.419999999999811,0.21394492189875736,1.7176470588235293,1.7176470588235293,0.026450522030110352,-0.44556710054408616,11.516520091953446,3.078363300003002,0.47422868486109176,0.04708130835433315,False
4.420999999999811,0.21437790874265938,1.7176470588235293,1.7176470588235293,0.026450522030110352,-0.3745598684595435,13.76044398284989,2.9064494328802977,0.47721827226873587,0.047557031979983934,False
4.421999999999811,0.21481036663038222,1.7176470588235293,1.7176470588235293,0.026450522030110352,-0.31065335958345747,15.784250720332256,2.7515913561722356,0.4800494750347181,0.048035665675093,False
4.422999999999812,0.21524229449487908,1.7176470588235293,1.7176470588235293,0.026450522030110352,-0.2531375015949821,17.607254061207957,2.613135818340143,0.4827303007606692,0.04851705571233015,False
4.423999999999812,0.21567369127041067,1.7176470588235293,1.7176470588235293,0.026450522030110352,-0.20137322940535624,19.250058572429214,2.488337468230959,0.4852819304454764,0.04900106165185216,False
4.424999999999812,0.21610455589254873,1.7176470588235293,1.7176470588235293,0.026450522030110352,-0.15478538443469472,20.73074147576975,2.3768007111433396,0.487714233088295,0.04948755987257107,False
4.425999999999813,0.21653488729817746,1.7294117647058824,1.7176470588235293,0.026450522030110352,-0.1128563239611009,114.61658595048175,2.2764205541325486,0.49004050478314287,0.049976437078125054,False
4.426999999999813,0.21696468442549663,1.7294117647058824,1.7176470588235293,0.026450522030110352,-0.07512016953486783,141.52096064169268,-5.0114299832477744,0.4886739046365084,0.050465794402115884,False
4.427999999999813,0.21739394621402508,1.7294117647058824,1.7176470588235293,0.026450522030110352,-0.04115763055125933,149.17261592671224,-6.511768759418054,0.48291089533425485,0.0509515866639585,False
4.428999999999814,0.2178226716046017,1.7294117647058824,1.7176470588235293,0.026450522030110352,-0.010591345466012848,151.29117817382144,-6.406701697337195,0.47645351137633923,0.051431268959596425,False
4.429999999999814,0.21825085953938927,1.7294117647058824,1.7294117647058824,0.026450522030110352,0.016918311110707962,20.19145438202068,1.304897447339018,0.4739003835890018,0.05190644580190079,False
4.430999999999814,0.21867850896187635,1.7294117647058824,1.7294117647058824,0.026450522030110352,0.04167700202975577,-12.68963794409183,3.306959604283666,0.47620886993705847,0.05238150048994279,False
4.431999999999815,0.21910561881688104,1.7294117647058824,1.7294117647058824,0.026450522030110352,0.06395982385689801,-17.818773080128267,3.6880187716205803,0.47970351350945617,0.052859456607642595,False
4.432999999999815,0.21953218805055189,1.7294117647058824,1.7294117647058824,0.026450522030110352,0.08401436350132525,-15.401702784452697,3.621768402603965,0.4833614751359058,0.05334098912844159,False
4.433999999999815,0.21995821561037154,1.7294117647058824,1.7294117647058824,0.026450522030110352,0.10206344918130911,-11.203235435595598,3.4446728478722273,0.48689146905077013,0.05382611555981573,False
4.434999999999816,0.2203837004451598,1.7294117647058824,1.7294117647058824,0.026450522030110352,0.11830762629329396,-6.841511746587175,3.25180699120681,0.49024301868932363,0.05431468279321684,False
4.435999999999816,0.22080864150507498,1.7294117647058824,1.7294117647058824,0.026509345559522137,1.0,-2.7467497213683867,3.068189062146141,0.49339969827822056,0.0548065041482822,False
4.436999999999816,0.22123303774161693,1.7294117647058824,1.7294117647058824,0.026568169088933922,1.0,0.9888364240685555,2.9008529071376987,0.4963874693137302,0.055301397684518076,False
4.437999999999817,0.22165688810763054,1.7294117647058824,1.7294117647058824,0.026626992618345707,1.0,4.36695056820549,2.7490762352990337,0.49920932919828215,0.05579919611857379,False
4.438999999999817,0.22208019155730707,1.7294117647058824,1.7294117647058824,0.02668581614775749,1.0,7.413525002420021,2.6129375807418067,0.501893217971098,0.05629974730755634,False
4.439999999999817,0.22250294704618725,1.7294117647058824,1.7294117647058824,0.026744639677169276,0.9934593559564939,10.158891893397584,2.4901542173421745,0.504442174292817,0.056802915072705074,False
4.440999999999818,0.22292515353116374,1.7294117647058824,1.7294117647058824,0.02680346320658106,0.9332110012144643,12.632363213557053,2.3802050712024263,0.5068795792625901,0.057308575830671456,False
4.441999999999818,0.22334680997048445,1.7294117647058824,1.7294117647058824,0.02680346320658106,-0.29801251805331713,14.86092820538013,2.2812448573884,0.5092085000937207,0.0578166199671766,False
4.442999999999818,0.22376791532375379,1.7294117647058824,1.7294117647058824,0.02680346320658106,-0.2414078030413856,16.86902853638812,2.1922668625033577,0.5114465845453281,0.05832694736527932,False
4.443999999999819,0.22418846855193597,1.7294117647058824,1.7294117647058824,0.02680346320658106,-0.1904635595306489,18.678498712682554,2.1124523809122318,0.5135981323512517,0.058839469840471226,False
4.444999999999819,0.22460846861735817,1.7294117647058824,1.7294117647058824,0.02680346320658106,-0.14461374037098765,20.309698375491998,2.0403447871964686,0.5156747965267964,0.05935410614767485,False
4.445999999999819,0.2250279144837117,1.7294117647058824,1.7294117647058824,0.02680346320658106,-0.103348903127294,21.78004629055421,1.9759855631869956,0.5176832603964097,0.05987078530126433,False
4.44699999999982,0.2254468051160554,1.7294117647058824,1.7294117647058824,0.02680346320658106,-0.06621054960797121,23.10444215280619,1.9177784219640401,0.5196292733079756,0.06038944140941118,False
4.44799999999982,0.22586513948081868,1.7294117647058824,1.7294117647058824,0.02680346320658106,-0.032786031440581835,24.300775014117256,1.8659835702740586,0.52152258331849,0.06091001745709221,False
4.44899999999982,0.22628291654580288,1.7294117647058824,1.7294117647058824,0.02680346320658106,-0.0027039650899325293,25.37866549074486,1.8193436189806909,0.5233632735184345,0.061432460235975206,False
4.449999999999821,0.22670013528018465,1.7294117647058824,1.7294117647058824,0.02680346320658106,0.024369894625650805,26.351911982800885,-5.419991875217527,0.5215654248773712,0.061954924686762884,False
4.450999999999821,0.22711679465451795,1.7294117647058824,1.7294117647058824,0.02680346320658106,0.048736368369674925,27.23031314388017,0.3208973759502617,0.5190129563514225,0.06247521374993133,False
4.451999999999821,0.22753289364073767,1.7411764705882353,1.7294117647058824,0.02680346320658106,0.07066619473929583,117.00647187473103,1.8850158329599778,0.5201192379124523,0.06299477992362089,False
4.452999999999822,0.22794843121216074,1.7411764705882353,1.7294117647058824,0.02680346320658106,0.0904030384719539,142.73114242929412,2.2562408294563645,0.5221861814735496,0.06351593253554565,False
4.453999999999822,0.22836340634348926,1.7411764705882353,1.7294117647058824,0.02680346320658106,0.10816619783134546,150.04652892048563,2.2914361246662907,0.5244640081996371,0.0640392576766176,False
4.454999999999822,0.22877781801081376,1.7411764705882353,1.7411764705882353,0.02680346320658106,0.12415304125479733,31.388821366017684,2.237763451606998,0.5267243799375497,0.06456485180623397,False
4.455999999999823,0.2291916651916145,1.7411764705882353,1.7411764705882353,0.02680346320658106,0.13854120033590345,0.9981602284475901,2.1645050389631257,0.5289299080768676,0.06509267895981774,False
4.456999999999823,0.22960494686476438,1.7411764705882353,1.7411764705882353,0.02680346320658106,0.1514905435088985,-4.391711393228336,2.0917396480123376,0.5310535414692477,0.0656226706560416,False
4.457999999999823,0.23001766201053245,1.7411764705882353,1.7411764705882353,0.02680346320658106,0.1631449523645936,-2.9286235506667038,2.024272810775437,0.5331160492295076,0.0661547554204997,False
4.458999999999824,0.2304298096105849,1.7411764705882353,1.7411764705882353,0.02680346320658106,0.1736339203347188,0.20471117981046585,1.9629017092659768,0.5351052016271406,0.06668886605715924,False
4.459999999999824,0.23084138864798853,1.7411764705882353,1.7411764705882353,0.02680346320658106,0.18307399150783113,3.5485708456880913,1.9078679335022524,0.5370448707931982,0.06722494102155654,False
4.460999999999824,0.23125239810721265,1.7411764705882353,1.7411764705882353,0.02680346320658106,0.19157005556363194,6.710373699293912,1.8580056046783957,0.5389237591578325,0.06776292539038534,False
4.461999999999825,0.23166283697413279,1.7411764705882353,1.7411764705882353,0.026862286735992846,1.0,9.601501942755153,1.813697127268084,0.5407633389728155,0.06830276882683292,False
4.462999999999825,0.23207270423603166,1.7411764705882353,1.7411764705882353,0.02692111026540463,1.0,12.218398593731969,1.773586084962974,0.5425536536393589,0.06884442741747536,False
4.463999999999825,0.23248199888160226,1.7411764705882353,1.7411764705882353,0.026979933794816415,1.0,14.579546895469514,1.7381868437282222,0.5443123833311357,0.06938786028360615,False
4.464999999999826,0.23289071990095117,1.7411764705882353,1.7411764705882353,0.0270387573242282,1.0,16.708226812298943,1.7062748711811295,0.5460323242337647,0.06993303276603456,False
4.465999999999826,0.23329886628559973,1.7411764705882353,1.7411764705882353,0.0270387573242282,-0.13889340630128225,18.626789970399674,1.6779333945368855,0.5477260953568678,0.07047991179010941,False
4.466999999999826,0.23370643702848704,1.7411764705882353,1.7411764705882353,0.0270387573242282,-0.09796530834691214,20.35541130571547,1.6526141601328406,0.5493903796865228,0.07102847018296539,False
4.467999999999827,0.2341134311239733,1.7411764705882353,1.7411764705882353,0.0270387573242282,-0.06113002018798042,21.91356706887421,1.6296548245062725,0.5510317807604027,0.07157868105635917,False
4.468999999999827,0.23451984756784078,1.7411764705882353,1.7411764705882353,0.0270387573242282,-0.027978260844943106,23.319210179036393,1.6093266606193535,0.552651761604985,0.07213052299912501,False
4.4699999999998274,0.2349256853572973,1.7411764705882353,1.7411764705882353,0.0270387573242282,0.0018583225637893927,24.587358091638038,-5.6071460601210745,0.5506515908007948,0.07268217446136936,False
4.470999999999828,0.23533094349097827,1.7411764705882353,1.7411764705882353,0.0270387573242282,0.028711247631647598,25.731028960082316,-7.043132280735593,0.5443284719137496,0.07322966466388861,False
4.471999999999828,0.23573562096894998,1.7411764705882353,1.7411764705882353,0.0270387573242282,0.052878880192719115,26.76179342182626,0.31752760975732813,0.540962921162512,0.07377231015607066,False
4.4729999999998284,0.2361397167927107,1.7411764705882353,1.7411764705882353,0.0270387573242282,0.07462974949768264,27.692693306429742,2.302937808365885,0.5422766176219268,0.07431393008168048,False
4.473999999999829,0.23654322996519395,1.7411764705882353,1.7411764705882353,0.0270387573242282,0.09420553187214911,28.533783256258424,2.754323543960692,0.5448010817452513,0.07485746874322798,False
4.474999999999829,0.23694615949077158,1.7411764705882353,1.7411764705882353,0.0270387573242282,0.11182373600916828,29.292051703712882,2.776191287173956,0.547571171659747,0.07540365500417043,False
4.4759999999998294,0.23734850437525482,1.7411764705882353,1.7411764705882353,0.0270387573242282,0.12768011973248494,29.97808185685318,2.685556177626779,0.5502965931628004,0.07595258872427023,False
4.47699999999983,0.23775026362589735,1.7411764705882353,1.7411764705882353,0.0270387573242282,0.1419508650834694,30.597587558679265,2.571842012838479,0.5529313075579249,0.07650420278022557,False
4.47799999999983,0.2381514362513987,1.7411764705882353,1.7411764705882353,0.0270387573242282,0.15479453589935496,31.157406735486518,2.460994312835829,0.5554412114282158,0.07705838891079343,False
4.4789999999998305,0.23855202126190503,1.7529411764705882,1.7411764705882353,0.0270387573242282,0.16635383963365155,118.70233612039236,2.358351587573734,0.5578578250713677,0.07761503849871085,False
4.479999999999831,0.23895201766901264,1.7529411764705882,1.7411764705882353,0.0270387573242282,0.17675721299451808,143.78733611205251,2.265936419857331,0.560162674244331,0.07817404865640856,False
4.480999999999831,0.23935142448576996,1.7529411764705882,1.7411764705882353,0.0270387573242282,0.18612024901929758,150.91911937570055,2.1825214438292067,0.5623944666899039,0.07873532725449872,False
4.4819999999998315,0.2397502407266808,1.7529411764705882,1.7411764705882353,0.0270387573242282,0.19454698144159885,152.89190626736598,2.1077359965601765,0.5645318436991227,0.07929879035844731,False
4.482999999999832,0.2401484654077055,1.7529411764705882,1.7529411764705882,0.0270387573242282,0.2021310406216697,25.533932172817142,2.0406094819729126,0.5666138658333391,0.07986436319649848,False
4.483999999999832,0.24054609754626408,1.7529411764705882,1.7529411764705882,0.0270387573242282,0.20895669388373317,-6.6035909911447925,1.9799281513235654,0.568616277833962,0.08043197826240092,False
4.4849999999998325,0.24094313616123916,1.7529411764705882,1.7529411764705882,0.0270387573242282,0.21509978181959014,-11.81725834216641,1.9255812351859536,0.5705768052297833,0.08100157474258501,False
4.485999999999833,0.24133958027297717,1.7529411764705882,1.7529411764705882,0.0270387573242282,0.22062856096186118,-9.692796118658407,1.8761273191084897,0.5724700636022884,0.08157309821735934,False
4.486999999999833,0.24173542890329153,1.7529411764705882,1.7529411764705882,0.0270387573242282,0.2256044621899049,-5.819652265286442,1.8319938092803352,0.574331450755601,0.08214649886825592,False
4.4879999999998335,0.24213068107546545,1.7529411764705882,1.7529411764705882,0.027097580853639985,1.0,-1.768331008693062,1.7918462682820762,0.5761363976802559,0.08272173287465545,False
4.488999999999834,0.2425253358142534,1.7529411764705882,1.7529411764705882,0.02715640438305177,1.0,2.042323406236078,1.755958980973488,0.5779168333605821,0.08329875934206732,False
4.489999999999834,0.24291939214588393,1.7529411764705882,1.7529411764705882,0.027215227912463554,1.0,5.5210225460858435,-5.4741534145259045,0.5760517325637843,0.08387574374157283,False
4.4909999999998345,0.24331284909806197,1.7529411764705882,1.7529411764705882,0.027215227912463554,-0.04417109650748718,8.667817043109903,-6.922890347160933,0.5698585884754351,0.08444869872499854,False
4.491999999999835,0.24370570569997216,1.7529411764705882,1.7529411764705882,0.027215227912463554,-0.012538758944264337,11.50640467354081,-6.770715477040806,0.5630071011024694,0.08501513170950704,False
4.492999999999835,0.2440979609822796,1.7529411764705882,1.7529411764705882,0.027215227912463554,0.01593034486263519,14.064820534377326,0.9825004034334758,0.5601169858522422,0.08557669356450727,False
4.4939999999998355,0.24448961397713312,1.7529411764705882,1.7529411764705882,0.027215227912463554,0.04155253828884379,16.37048238866023,3.0230494809284147,0.5621164481655494,0.086137810431466,False
4.494999999999836,0.24488066371816838,1.7529411764705882,1.7529411764705882,0.027215227912463554,0.06461251237243071,18.448263249441855,3.4379913604728234,0.5653496090786119,0.08670154326746309,False
4.495999999999836,0.2452711092405088,1.7529411764705882,1.7529411764705882,0.027215227912463554,0.08536648904765809,20.32083640441908,3.4032352176147653,0.5687682462828793,0.0872686023420071,False
4.4969999999998365,0.2456609495807686,1.7529411764705882,1.7529411764705882,0.027215227912463554,0.10404506805536208,22.008870202886822,3.2544510659804353,0.5720264245320725,0.08783900029802648,False
4.497999999999837,0.24605018377705598,1.7529411764705882,1.7529411764705882,0.027215227912463554,0.12085578916229506,23.530087748785565,3.0860423926663416,0.5751162144558185,0.08841257224155427,False
4.498999999999837,0.24643881086897404,1.7529411764705882,1.7529411764705882,0.027215227912463554,0.13598543815853414,24.903002409299287,2.9247420476333135,0.5780447233098382,0.08898915333771287,False
4.4999999999998375,0.246826829897624,1.7529411764705882,1.7529411764705882,0.027215227912463554,0.14960212225514882,26.14089995480797,2.7769835148175366,0.5808254919083368,0.08956858907567085,False
4.500999999999838,0.24721423990560734,1.7529411764705882,1.7529411764705882,0.027215227912463554,0.1618571379421016,27.257753838646295,2.6432293221408,0.5834725236839838,0.09015073871673522,False
4.501999999999838,0.24760103993702873,1.7529411764705882,1.7529411764705882,0.027215227912463554,0.17288665206035866,28.265149784950545,2.5225125706126277,0.5859988552577836,0.09073547504225461,False
4.5029999999998385,0.24798722903749743,1.7529411764705882,1.7529411764705882,0.027215227912463554,0.18281321476678966,29.174734315273966,2.4139900196671555,0.5884166800917084,0.0913226834486328,False
4.503999999999839,0.24837280625412989,1.7529411764705882,1.7529411764705882,0.027215227912463554,0.19174712120257725,29.996135258710662,2.3162310137932303,0.5907367610656789,0.09191226081045707,False
4.504999999999839,0.24875777063555315,1.7529411764705882,1.7529411764705882,0.027215227912463554,0.19978763699478574,30.738557009164143,2.2283455782240136,0.5929689711513085,0.09250411432025174,False
4.5059999999998395,0.24914212123190566,1.7529411764705882,1.7529411764705882,0.027215227912463554,0.20702410120777315,31.40882917419938,2.1492860196318704,0.5951221356868363,0.09309816051970615,False
4.50699999999984,0.2495258570948403,1.7647058823529411,1.7529411764705882,0.027215227912463554,0.21353691899946153,119.3743369256419,2.078218527334939,0.5972042462538517,0.09369432435897879,False
4.50799999999984,0.24990897727752742,1.7647058823529411,1.7529411764705882,0.027215227912463554,0.2193984550119809,144.58134344107535,2.0143297980531143,0.5992224811793359,0.09429253837319065,False
4.5089999999998405,0.2502914808346558,1.7647058823529411,1.7529411764705882,0.027215227912463554,0.22467383742324815,151.7505471983736,-5.240915147825367,0.5939854525496636,0.09488914298876366,False
4.509999999999841,0.25067336682243596,1.7647058823529411,1.7529411764705882,0.027215227912463554,0.22942168159338847,153.73454969383346,-6.709218329977264,0.5872800799683229,0.09547977639720223,False
4.510999999999841,0.25105463429860203,1.7647058823529411,1.7529411764705882,0.027215227912463554,0.2336947413465146,154.22843817480526,-6.576088669013539,0.5807077936700291,0.09606377096894703,False
4.5119999999998415,0.2514352823224147,1.7647058823529411,1.7529411764705882,0.027215227912463554,0.23754049512432795,154.2943743461425,-6.038328862481357,0.5746732264339206,0.0966414621070363,False
4.512999999999842,0.2518153099546628,1.7647058823529411,1.7529411764705882,0.027215227912463554,0.2410016735243599,147.63019325552096,-5.434376035793161,0.5692425750806904,0.09721342062956403,False
4.513999999999842,0.2521947162576655,1.7647058823529411,1.7647058823529411,0.027215227912463554,0.2441167340843885,3.358659300022227,2.3411300713060714,0.5715874280162088,0.09778383625117115,False
4.5149999999998425,0.252573500295276,1.7647058823529411,1.7647058823529411,0.02727405144187534,1.0,-31.462052985922192,4.287464146775722,0.5758786385728868,0.09835756990809617,False
4.515999999999843,0.25295166113288214,1.7647058823529411,1.7647058823529411,0.027332874971287124,1.0,-35.486630838415884,4.587214577584944,0.5804696286349197,0.09893574467012216,False
4.516999999999843,0.25332919783740937,1.7647058823529411,1.7647058823529411,0.02739169850069891,1.0,-31.255928356666267,4.440050758939406,0.5849134839585206,0.09951843685971451,False
4.5179999999998435,0.25370610947732386,1.7647058823529411,1.7647058823529411,0.027450522030110693,1.0,-25.18947823727604,4.18714822272802,0.5891044644006872,0.10010544647184486,False
4.518999999999844,0.2540823951226334,1.7647058823529411,1.7647058823529411,0.027450522030110693,-0.10617890045449965,-19.07820898702684,3.925384688170721,0.5930337072695446,0.10069651620000514,False
4.519999999999844,0.25445805384489056,1.7647058823529411,1.7647058823529411,0.027450522030110693,-0.06811048837892628,-13.388910246164643,3.6797371771460647,0.5967173269461893,0.10129139236353601,False
4.5209999999998445,0.25483308471719457,1.7647058823529411,1.7647058823529411,0.027450522030110693,-0.03384891751091152,-8.2122388871243,3.456006313092801,0.6001772385657349,0.10188984029655677,False
4.521999999999845,0.25520748681419453,1.7647058823529411,1.7647058823529411,0.027450522030110693,-0.003013503729699385,-3.5352828809204246,3.253570196074053,0.6034347355038093,0.10249164693746572,False
4.522999999999845,0.25558125921209013,1.7647058823529411,1.7647058823529411,0.027450522030110693,0.024738368673390514,0.6813434106104717,3.0713696404877715,0.6065100520849028,0.10309661998853384,False
4.5239999999998455,0.255954400988635,1.7647058823529411,1.7647058823529411,0.027450522030110693,0.049715053836170524,4.4802658252779555,2.907193050296048,0.6094212111599875,0.10370458628064061,False
4.524999999999846,0.25632691122313933,1.7647058823529411,1.7647058823529411,0.027450522030110693,0.07219407048267165,7.902395872086442,2.7596731769894403,0.6121848684432702,0.10431538998396701,False
4.525999999999846,0.2566987889964709,1.7647058823529411,1.7647058823529411,0.027450522030110693,0.09242518546452191,10.984158499572922,2.6266787381244634,0.6148155484660001,0.10492889085883367,False
4.5269999999998465,0.2570700333910581,1.7647058823529411,1.7647058823529411,0.027450522030110693,0.1106331889481865,13.76216489913235,2.507044059223249,0.6173266101747139,0.10554496260731533,False
4.527999999999847,0.25744064349089274,1.7647058823529411,1.7647058823529411,0.027450522030110693,0.127020392083484,16.26466586207917,-4.798241545064177,0.6125323706434641,0.10615989276560217,False
4.528999999999847,0.2578106183815309,1.7647058823529411,1.7647058823529411,0.027450522030110693,0.14176887490525122,18.5196221320426,-6.311658059514643,0.6062246765223869,0.10676927195099073,False
4.5299999999998475,0.2581799571500965,1.7647058823529411,1.7647058823529411,0.027450522030110693,0.15504250944484124,20.55180609706118,-6.219162979231676,0.60000943652677,0.10737238966247822,False
4.530999999999848,0.2585486588852825,1.7647058823529411,1.7647058823529411,0.027450522030110693,0.16698878053047178,22.382685549436783,-5.718007883018074,0.5942953130563574,0.10796954268571334,False
4.531999999999848,0.25891672267735444,1.7647058823529411,1.7647058823529411,0.027450522030110693,0.1777404245075389,24.034511352957136,-5.147037668628396,0.5891521248031909,0.10856126704715036,False
4.5329999999998485,0.25928414761815133,1.7647058823529411,1.7647058823529411,0.027450522030110693,0.18741690408689893,25.523722770403904,-4.598885870837868,0.5845570569761551,0.10914812227521932,False
4.533999999999849,0.2596509328010884,1.7647058823529411,1.7647058823529411,0.027450522030110693,0.19612573570832265,26.865836610216256,-4.095852326858326,0.5804649947005576,0.1097306339334804,False
4.534999999999849,0.2600170773211602,1.7647058823529411,1.7647058823529411,0.027450522030110693,0.20396368416760371,28.077730788011635,-3.6405446854472783,0.5768282151469264,0.11030928116659112,False
4.5359999999998495,0.26038258027494127,1.7647058823529411,1.7647058823529411,0.027450522030110693,0.2110178377809564,29.171150409978118,3.5642390119635157,0.580396226646366,0.11088789401559722,False
4.53699999999985,0.2607474407605891,1.776470588235294,1.7647058823529411,0.027450522030110693,0.21736657603297355,119.3384508502755,5.624380101385214,0.5860244111733165,0.111471104967567,False
4.53799999999985,0.26111165787784724,1.776470588235294,1.7647058823529411,0.027450522030110693,0.2230804404597888,145.1797597491845,5.869223911272186,0.5918974769757924,0.1120600665509017,False
4.5389999999998505,0.26147523072804585,1.776470588235294,1.7647058823529411,0.027450522030110693,0.2282229184439223,152.5312242057382,5.615224604327846,0.5975165803571689,0.11265477422502218,False
4.539999999999851,0.2618381584141052,1.776470588235294,1.7647058823529411,0.027450522030110693,0.23285114862964235,154.56945449966372,5.249695629753809,0.60277018950319,0.11325491826126256,False
4.540999999999851,0.262200440040537,1.776470588235294,1.7647058823529411,0.027450522030110693,0.23701655579679018,155.0799465731041,4.881763514930218,0.6076558988749271,0.11386013196221871,False
4.5419999999998515,0.2625620747134477,1.776470588235294,1.7647058823529411,0.027450522030110693,0.24076542224722308,154.6155127170674,4.539491118132934,0.6121993658983965,0.11447006025644266,False
4.542999999999852,0.2629230615405397,1.776470588235294,1.7647058823529411,0.027509345559522478,1.0,147.59360497142157,4.2278225001729695,0.6164311922494301,0.11508437620206802,False
4.543999999999852,0.26328339963111347,1.776470588235294,1.7647058823529411,0.027568169088934263,1.0,139.38218166495633,3.946576356025087,0.6203817984977334,0.11570278336838434,False
4.5449999999998525,0.2636430880960711,1.776470588235294,1.7647058823529411,0.027626992618346047,1.0,131.4604037440999,3.6930873289465964,0.6240789400431533,0.11632501441269756,False
4.545999999999853,0.2640021260479169,1.776470588235294,1.7647058823529411,0.027685816147757832,1.0,124.1809401806131,3.4648222030496365,0.6275478392397085,0.11695082848121938,False
4.546999999999853,0.26436051260076004,1.776470588235294,1.7647058823529411,0.027744639677169617,1.0,117.58998186901381,-3.9382750976988414,0.6236136312911359,0.1175764098950629,False
4.5479999999998535,0.2647182468703179,1.776470588235294,1.776470588235294,0.027803463206581402,1.0,-24.38291013858571,-5.5397367189109765,0.618077928871178,0.1181972563485365,False
4.548999999999854,0.26507532797391653,1.776470588235294,1.776470588235294,0.027862286735993187,0.942834520661636,-56.49430884601261,-5.526478661335837,0.6125554482479701,0.11881257370444251,False
4.549999999999854,0.26543175503049365,1.776470588235294,1.776470588235294,0.027862286735993187,-0.2882925270214505,-57.89142796562906,-5.096646923452343,0.6074627650012241,0.11942258347260876,False
4.5509999999998545,0.26578752716060083,1.776470588235294,1.776470588235294,0.027862286735993187,-0.2316009875832933,-51.244192216471895,-4.589899162262467,0.6028767982901572,0.1200277539105001,False
4.551999999999855,0.26614264348640615,1.776470588235294,1.776470588235294,0.027862286735993187,-0.1805786020889538,-42.987192038250534,-4.099550365946893,0.5987811523805994,0.1206285835373266,False
4.552999999999855,0.2664971031316951,1.776470588235294,1.776470588235294,0.027862286735993187,-0.13465845514404992,-34.90064513927805,-3.6485852801933043,0.5951364465854366,0.12122554298405723,False
4.5539999999998555,0.2668509052218736,1.776470588235294,1.776470588235294,0.027862286735993187,-0.09333032289363791,-27.43195476487168,-3.2401533400870273,0.5919001505117948,0.12181906192607647,False
4.554999999999856,0.2672040488839705,1.776470588235294,1.776470588235294,0.027862286735993187,-0.05613500386826852,-20.65366216912621,-2.8720191359027742,0.589031968908814,0.12240952862590188,False
4.555999999999856,0.26755653324663875,1.776470588235294,1.776470588235294,0.027862286735993187,-0.02265921674543727,-14.534831124071143,-2.5407417285368528,0.586495047216887,0.12299729277110387,False
4.5569999999998565,0.267908357440158,1.776470588235294,1.776470588235294,0.027862286735993187,0.007468991665109705,-9.020606890175651,3.7542460102335915,0.5902531237799499,0.12358566749435694,False
4.557999999999857,0.2682595205964375,1.776470588235294,1.776470588235294,0.027862286735993187,0.03458437923460098,-4.053796622829732,5.552977918440206,0.5958099642066055,0.12417869968110608,False
4.558999999999857,0.2686100218490168,1.776470588235294,1.776470588235294,0.027862286735993187,0.058988228047142204,0.4195526056034136,6.059260394425414,0.6018731251496027,0.12477754187478891,False
4.5599999999998575,0.2689598603330689,1.776470588235294,1.776470588235294,0.027862286735993187,0.0809516919784285,4.4485079033162656,6.155748396661847,0.608032813640875,0.12538249549976271,False
4.560999999999858,0.26930903518540195,1.776470588235294,1.776470588235294,0.027862286735993187,0.10071880951658546,8.077406158384466,5.840825848379874,0.6138776179637554,0.12599345137759746,False
4.561999999999858,0.2696575455444621,1.776470588235294,1.776470588235294,0.027862286735993187,0.11850921530092602,11.34620514567559,5.441965265348825,0.6193235976622511,0.12661005265350825,False
4.5629999999998585,0.2700053905503345,1.776470588235294,1.776470588235294,0.027862286735993187,0.13452058050683194,14.29095862902449,5.049764124526408,0.6243774096048902,0.12723190383087493,False
4.563999999999859,0.27035256934474594,1.776470588235294,1.776470588235294,0.027862286735993187,0.14893080919214677,16.944166371253825,4.687225869474914,0.629068714247375,0.127858627571759,False
4.564999999999859,0.2706990810710677,1.776470588235294,1.776470588235294,0.027862286735993187,0.16190001500892962,19.334745875505565,-2.83950870469134,0.6262332818641672,0.12848627924972308,False
4.5659999999998595,0.2710449248743163,1.776470588235294,1.776470588235294,0.027862286735993187,0.17357230024403372,21.489165606797474,-4.553015735157098,0.6216843162695711,0.12911023872464406,False
4.56699999999986,0.27139009990115637,1.776470588235294,1.776470588235294,0.027862286735993187,0.18407735695562705,23.430920274048056,-4.640873595078503,0.6170474625465081,0.12972960528487715,False
4.56799999999986,0.2717346052999032,1.788235294117647,1.776470588235294,0.027862286735993187,0.19353190799606068,118.23760759843906,-4.302154344654478,0.6127492990877957,0.130344504331627,False
4.5689999999998605,0.2720784402205238,1.788235294117647,1.776470588235294,0.027862286735993187,0.20204100393245064,145.41381134052926,-3.877406939234817,0.6088758566269775,0.1309553175709391,False
4.569999999999861,0.2724216038146397,1.788235294117647,1.776470588235294,0.027862286735993187,0.2096991902752013,153.14971281791443,-3.4610829443401485,0.6054187144810973,0.1315624655139259,False
4.570999999999861,0.2727640952355286,1.788235294117647,1.776470588235294,0.027862286735993187,0.21659155798367666,155.30003328229282,-3.076448744756257,0.602346185426096,0.13216634861772458,False
4.5719999999998615,0.27310591363812736,1.788235294117647,1.776470588235294,0.027862286735993187,0.22279468892130427,155.8440987118622,-2.7277940356288104,0.5996222923175629,0.1327673335072515,False
4.572999999999862,0.2734470581790329,1.788235294117647,1.776470588235294,0.02792111026540497,1.0,153.40804668548952,-2.413500696066829,0.5972126759045802,0.1333657516391868,False
4.573999999999862,0.2737875280165048,1.788235294117647,1.776470588235294,0.027979933794816756,1.0,146.09579574261204,-2.130697375842652,0.5950858480750835,0.13396190154649365,False
4.5749999999998625,0.2741273223104679,1.788235294117647,1.776470588235294,0.02803875732422854,1.0,138.05087970958326,-1.8764017411060816,0.5932133028586931,0.13455605176506139,False
4.575999999999863,0.2744664402225133,1.788235294117647,1.776470588235294,0.028097580853640326,1.0,130.39495772724229,-1.647808619080658,0.5915693392843137,0.1351484437272791,False
4.576999999999863,0.2748048809159013,1.788235294117647,1.776470588235294,0.02815640438305211,1.0,123.3942017642216,-1.4423604030241457,0.5901308138313084,0.13573929444326363,False
4.5779999999998635,0.2751426435555633,1.788235294117647,1.776470588235294,0.028215227912463895,0.9953546608527832,117.07204790646047,-1.2577479100365432,0.5888768920212469,0.13632879893410832,False
4.578999999999864,0.27547972730810344,1.788235294117647,1.776470588235294,0.02827405144187568,0.93638736385642,111.37972183600799,-1.091889716128074,0.5877888206730535,0.13691713242705528,False
4.579999999999864,0.2758161313418011,1.788235294117647,1.776470588235294,0.028332874971287465,0.8833756200891063,106.26342109941004,4.040190775984621,0.5918328446538643,0.13750694389786602,False
4.5809999999998645,0.27615185482661264,1.788235294117647,1.776470588235294,0.02839169850069925,0.8357238742279378,101.66465616057138,5.50473729214186,0.5973414474240165,0.13810153168716727,False
4.581999999999865,0.27648689693417394,1.788235294117647,1.776470588235294,0.028450522030111034,0.7928961264822996,97.54066908875967,5.91518433229844,0.6032605344426559,0.1387018333274906,False
4.582999999999865,0.2768212568378018,1.788235294117647,1.776470588235294,0.02850934555952282,0.7544099770406385,93.83760070457043,-0.4440316798445559,0.6028204160215055,0.1393048744550213,False
4.5839999999998655,0.2771549337124962,1.788235294117647,1.776470588235294,0.02850934555952282,-0.457227557456812,90.51535941912425,-2.0287466802728007,0.600795572557115,0.1399066831002211,False
4.584999999999866,0.27748792673494305,1.788235294117647,1.788235294117647,0.02850934555952282,-0.3829954561515833,-48.5053181636899,-2.265676066286521,0.5985337852124449,0.1405063484276433,False
4.585999999999866,0.27782023508351494,1.788235294117647,1.788235294117647,0.02850934555952282,-0.3161865649768798,-77.95410286250824,-2.137279066826068,0.5964003804180421,0.1411038161565646,False
4.5869999999998665,0.2781518579382739,1.788235294117647,1.788235294117647,0.02850934555952282,-0.25605856291964896,-76.95785249777207,-1.923732491222968,0.5944805089534211,0.1416992572451102,False
4.587999999999867,0.2784827944809738,1.788235294117647,1.788235294117647,0.02850934555952282,-0.20194336106814317,-68.16023246338165,-1.7035832072862638,0.592780774942581,0.14229288852890667,False
4.588999999999867,0.27881304389506145,1.788235294117647,1.788235294117647,0.02850934555952282,-0.15323967940178973,-57.95873307057037,-1.497619500721123,0.5912869941762934,0.14288492305353376,False
4.5899999999998675,0.2791426053656793,1.788235294117647,1.788235294117647,0.02850934555952282,-0.10940636590207334,-48.12434646387507,-1.3102083193563367,0.5899806153861716,0.14347555749681465,False
4.590999999999868,0.279471478079667,1.788235294117647,1.788235294117647,0.02850934555952282,-0.06995638375232999,-39.08394934090034,-1.1411604530232884,0.5888432763940904,0.14406497007982924,False
4.591999999999868,0.27979966122556416,1.788235294117647,1.788235294117647,0.02850934555952282,-0.03445139981756235,-30.89053913459183,-0.9891156307703325,0.5878579751793063,0.1446533213415388,False
4.5929999999998685,0.28012715399361127,1.788235294117647,1.788235294117647,0.02850934555952282,-0.002496914276272598,-23.498534107380486,-0.852510069877121,0.5870092733999721,0.14524075560070582,False
4.593999999999869,0.28045395557575237,1.788235294117647,1.788235294117647,0.02850934555952282,0.026262122710887098,-16.838502257866878,-0.7298379206204325,0.586283238470071,0.1458274024906128,False
4.594999999999869,0.2807800651656373,1.788235294117647,1.788235294117647,0.02850934555952282,0.05214525599932986,-10.841998591198534,-0.6197691001920939,0.5856672678015412,0.1464133783769409,False
4.5959999999998695,0.28110548195862306,1.788235294117647,1.788235294117647,0.02850934555952282,0.07544007595892746,-5.439134752186348,-0.5209132980014475,0.5851501490409753,0.14699878771788763,False
4.59699999999987,0.2814302051517759,1.788235294117647,1.788235294117647,0.02850934555952282,0.09640541392256455,-0.5744414192233748,-0.4323243482566887,0.5847216159319447,0.14758372423233396,False
4.59799999999987,0.2817542339438735,1.788235294117647,1.788235294117647,0.02850934555952282,0.11527421808983723,3.8063928403703304,-0.35281822770455173,0.5843725861796489,0.14816827196487467,False
4.5989999999998705,0.2820775675354074,1.788235294117647,1.788235294117647,0.02850934555952282,0.132256141840382,7.751881174055161,-0.28159166917887135,0.5840947807008815,0.1487525062794062,False
4.599999999999871,0.28240020512858394,1.788235294117647,1.788235294117647,0.02850934555952282,0.1475398732158717,11.30563286511696,-0.2176881550389636,0.5838808768803947,0.14933649473896732,False
4.600999999999871,0.28272214592732664,1.788235294117647,1.788235294117647,0.02850934555952282,0.16129523145381192,14.506824698513613,-0.16050878225539522,0.5837241509609609,0.1499202978834029,False
4.6019999999998715,0.2830433891372791,1.8,1.788235294117647,0.02850934555952282,0.1736750538679577,116.1555854926651,-0.1093498075366116,0.583618582887987,0.15050396988064507,False
4.602999999999872,0.28336393396580534,1.8,1.788235294117647,0.02850934555952282,0.18481689404068852,145.299166720108,-0.06358922554293868,0.5835587745757845,0.1510875591895496,False
4.603999999999872,0.2836837796219927,1.8,1.788235294117647,0.028568169088934604,1.0,153.60313458363595,-0.02275627199788376,0.5835397986698978,0.15167110910624657,False
4.6049999999998725,0.2840029253166542,1.8,1.788235294117647,0.02862699261834639,1.0,155.91692615674708,0.0137814732972851,0.5835573602067867,0.1522546583157021,False
4.605999999999873,0.28432137026232945,1.8,1.788235294117647,0.028685816147758173,1.0,156.50983241798752,0.04635606778482877,0.5836074962538818,0.1528382413739297,False
4.606999999999873,0.2846391136732871,1.8,1.788235294117647,0.028744639677169958,1.0,151.19212287405196,0.07534832930049329,0.5836866246723497,0.15342188906440324,False
4.6079999999998735,0.28495615476552666,1.8,1.788235294117647,0.028803463206581743,1.0,143.45994207547292,0.10116191025549902,0.5837915669542422,0.15400562879026944,False
4.608999999999874,0.2852724927567812,1.8,1.788235294117647,0.028862286735993527,0.9782035559165816,135.6674999151541,0.12412273927988915,0.5839194705010037,0.15458948493911853,False
4.609999999999874,0.28558812686651797,1.8,1.788235294117647,0.028921110265405312,0.9215984282373685,128.41200296968012,0.14449437993333294,0.5840677462602488,0.15517347917771226,False
4.6109999999998745,0.28590305631594104,1.8,1.788235294117647,0.028979933794817097,0.8707126368554907,121.82511574372383,0.16254150963294253,0.5842340698413385,0.15575763071608834,False
4.611999999999875,0.28621728032799354,1.8,1.788235294117647,0.02903875732422888,0.8249742481412139,115.88829752859866,0.17848718131567853,0.5844163398924399,0.15634195655141075,False
4.612999999999875,0.2865307981273589,1.8,1.788235294117647,0.029097580853640666,0.7838685218277783,110.54748237197148,0.192547354373563,0.5846126710084013,0.15692647168746285,False
4.6139999999998755,0.28684360894046285,1.8,1.788235294117647,0.02915640438305245,0.7469321916750993,105.75398292600288,0.20490799863034542,0.5848213637424557,0.15751118933560004,False
4.614999999999876,0.2871557119954762,1.8,1.788235294117647,0.029215227912464236,0.7137483180671012,101.44694451996529,0.21572177784585067,0.5850408713012246,0.15809612108405602,False
4.615999999999876,0.28746710652231555,1.8,1.788235294117647,0.02927405144187602,0.683941655349316,97.57963200662627,0.22519565605849348,0.5852698538462201,0.15868127707774682,False
4.6169999999998765,0.2877777917526458,1.8,1.788235294117647,0.029332874971287805,0.6571744824327219,94.10780462530177,0.23341717102062892,0.5855070590683888,0.15926666616551352,False
4.617999999999877,0.28808776691988186,1.8,1.788235294117647,0.02939169850069959,0.6331428503372001,90.99501244376982,0.2405275428114875,0.5857513758712392,0.15985229601449297,False
4.618999999999877,0.2883970312591912,1.8,1.788235294117647,0.029450522030111375,0.6115732049806432,88.20468783954018,0.2466403813951931,0.5860018067615249,0.1604381732375261,False
4.6199999999998775,0.2887055840074945,1.8,1.788235294117647,0.02950934555952316,0.5922193476891542,85.70238717257953,0.2518339809264354,0.5862574325340201,0.16102430348910354,False
4.620999999999878,0.2890134244034686,1.8,1.788235294117647,0.02950934555952316,-0.6021991238731419,83.46110009045876,-6.941411033574138,0.5793197835675131,0.1616070927254222,False
4.621999999999878,0.2893205516875481,1.8,1.788235294117647,0.02950934555952316,-0.5124698659262745,81.4542664511707,-8.354307951748106,0.5709691863668209,0.16218223783035807,False
4.6229999999998785,0.2896269651019268,1.8,1.788235294117647,0.02950934555952316,-0.43171353377409694,79.65859381402164,-8.17165967108588,0.5628011838854381,0.16274912362649285,False
4.623999999999879,0.28993266389055994,1.8,1.788235294117647,0.02950934555952316,-0.35903283483713977,78.0522437077874,-7.589671961213893,0.555215118468313,0.16330813238013253,False
4.624999999999879,0.2902376472991664,1.8,1.788235294117647,0.02950934555952316,-0.29362020579388076,76.61771491336931,0.2514379750540844,0.5554701474061694,0.1638634756115272,False
4.6259999999998795,0.2905419145752298,1.8,1.8,0.02950934555952316,-0.2347488396549499,-60.703395451943,2.2811039986775588,0.5577548524341286,0.1644200887112181,False
4.62699999999988,0.290845464968001,1.8,1.8,0.02950934555952316,-0.18176461012991402,-88.62343761046797,2.6626083947555124,0.5604210779382036,0.16497917727878667,False
4.62799999999988,0.29114829772849926,1.8,1.8,0.02950934555952316,-0.13407880355738355,-86.25122709864772,2.590549060527758,0.5630152606939296,0.16554089605326258,False
4.6289999999998805,0.2914504121095153,1.8,1.8,0.02950934555952316,-0.09116157764210767,-76.2103175359483,2.4057650160868316,0.5654246750338702,0.16610511662892444,False
4.629999999999881,0.2917518073656116,1.8,1.8,0.02950934555952316,-0.05253607431836085,-64.89910641279953,2.204959467128882,0.567633298184739,0.16667164622576122,False
4.630999999999881,0.2920524827531253,1.8,1.8,0.02950934555952316,-0.017773121326989973,-54.06314492771344,2.014068724061174,0.5696510436922859,0.1672402890091449,False
4.6319999999998815,0.29235243753017004,1.8,1.8,0.02950934555952316,0.0135135363652426,-44.12516846930976,1.8391801815273514,0.571493912587619,0.16781086210174995,False
4.632999999999882,0.2926516709566371,1.8,1.8,0.02950934555952316,0.04167152828825089,-35.116756696192546,1.6806803012020026,0.5731782924689732,0.16838319882058295,False
4.633999999999882,0.29295018229419756,1.8,1.8,0.02950934555952316,0.06701372101895742,-26.993275240432542,1.5375150584906434,0.5747195170116912,0.16895714834330447,False
4.6349999999998825,0.2932479708063046,1.8,1.8,0.02950934555952316,0.08982169447659244,-19.67525908868818,1.4083832244234604,0.5761316187559321,0.16953257453069873,False
4.635999999999883,0.2935450357581947,1.8,1.8,0.02950934555952316,0.11034887058846324,-13.087381140232052,1.2917295952559111,0.5774270751223582,0.1701093544985445,False
4.636999999999883,0.29384137641688945,1.811764705882353,1.8,0.02950934555952316,0.12882332908914623,108.45817712494079,1.1865285538602928,0.5786173379909542,0.1706873773272841,False
4.6379999999998835,0.29413699205119764,1.811764705882353,1.8,0.029568169088934945,1.0,143.3227001084954,1.0915094172820055,0.5797125886274864,0.1712665429139441,False
4.638999999999884,0.2944318819317175,1.811764705882353,1.8,0.02962699261834673,1.0,153.27146652967355,1.0057310191781523,0.5807220671932993,0.17184676086627537,False
4.639999999999884,0.2947260453308372,1.811764705882353,1.8,0.029685816147758514,1.0,153.22400096117832,0.9282456987906841,0.5816540662447697,0.17242794955839688,False
4.6409999999998846,0.2950194815227377,1.811764705882353,1.8,0.0297446396771703,1.0,146.89686617226107,-6.339425737929417,0.5753183682184907,0.17300643639806065,False
4.641999999999885,0.2953121897833948,1.811764705882353,1.8,0.029803463206582084,1.0,139.4050863954992,-7.819288234767987,0.5675027600555896,0.17357784757695494,False
4.642999999999885,0.2956041693905797,1.811764705882353,1.8,0.02986228673599387,0.9531318697651923,132.15125901454482,-7.69688745007564,0.5598095023932069,0.17414150431453357,False
4.6439999999998856,0.2958954196238617,1.811764705882353,1.8,0.029921110265405653,0.90003391070112,125.48447756511518,-7.169101561123216,0.552643982882944,0.1746977316554748,False
4.644999999999886,0.2961859397646099,1.811764705882353,1.8,0.029979933794817438,0.8523045710728685,119.45112531862273,-6.574484323385595,0.5460730365793118,0.17524709075606365,False
4.645999999999886,0.2964757290959948,1.811764705882353,1.8,0.030038757324229223,0.8094069889368556,114.01902305124587,-6.005299969529046,0.540071234336999,0.17579016347556176,False
4.6469999999998866,0.29676478690298985,1.811764705882353,1.8,0.030097580853641007,0.7708579885438571,109.13951892125625,-5.483630430641412,0.5345910648190708,0.17632749520295019,False
4.647999999999887,0.29705311247237365,1.811764705882353,1.8,0.030156404383052792,0.7362227117195719,104.75529085614845,-5.0118199789270115,0.5295826720984342,0.17685958264352555,False
4.648999999999887,0.29734070509273175,1.811764705882353,1.8,0.030215227912464577,0.7051097861071277,100.81858587384923,2.5943748850169874,0.5321804743188283,0.1773904647875006,False
4.649999999999888,0.2976275640544578,1.811764705882353,1.8,0.03027405144187636,0.6771669765853411,97.28308118486709,4.404737300517941,0.5365886631676651,0.17792484993072158,False
4.650999999999888,0.29791368864975565,1.811764705882353,1.8,0.030332874971288146,0.6520772715451456,94.11676869663376,4.571849295937389,0.5411639928271762,0.1784637268379696,False
4.651999999999888,0.29819907817264163,1.811764705882353,1.8,0.03039169850069993,0.6295553605383826,91.27153220357543,4.302114144286059,0.5454696153405666,0.17900704422602026,False
4.652999999999889,0.29848373191894534,1.811764705882353,1.8,0.030450522030111716,0.6093444641617083,88.72599905612076,3.9380331452188337,0.5494111827064281,0.17955448521338457,False
4.653999999999889,0.29876764918631177,1.811764705882353,1.8,0.0305093455595235,0.591213480952114,86.44111179044751,3.5751765247543497,0.5529899169526085,0.18010568635553695,False
4.654999999999889,0.2990508292742036,1.811764705882353,1.8,0.030568169088935285,0.5749544195928913,84.39734800331027,3.238673858359169,0.5562321697991448,0.18066029799484057,False
4.65599999999989,0.29933327148390193,1.811764705882353,1.8,0.03062699261834707,0.5603800878990033,82.56642553123223,2.9323906495726475,0.5591681586569034,0.18121799875825476,False
4.65699999999989,0.29961497511850876,1.811764705882353,1.8,0.030685816147758855,0.5473220129039164,80.92954615608778,2.655738342850158,0.561827512574197,0.18177849719600056,False
4.65799999999989,0.2998959394829481,1.811764705882353,1.8,0.03074463967717064,0.5356285689377506,79.46666619784138,2.4062896939766563,0.5642374335363392,0.1823415302738465,False
4.658999999999891,0.30017616388396884,1.811764705882353,1.8,0.030803463206582424,0.5251632928976134,78.16123229325802,2.181459597398009,0.5664225385879074,0.1829068608671041,False
4.659999999999891,0.3004556476301447,1.811764705882353,1.8,0.03086228673599421,0.5158033679909023,76.99474681989776,1.9788184898772787,0.5684050153589987,0.18347427525344723,False
4.660999999999891,0.30073439003187735,1.811764705882353,1.8,0.030921110265405994,0.5074382591042741,75.95540378598534,-5.4015001808905385,0.5630071541470946,0.1840399819456721,False
4.661999999999892,0.3010123904013979,1.811764705882353,1.8,0.030921110265405994,-0.6770903388936698,75.03114168709689,-6.983034505630945,0.5560277166632746,0.18459949998184058,False
4.662999999999892,0.3012896480527678,1.811764705882353,1.8,0.030921110265405994,-0.5784601947388639,74.20828185195,-6.95163207780949,0.5490796364109053,0.18515205425160233,False
4.663999999999892,0.3015661623018814,1.811764705882353,1.8,0.030921110265405994,-0.4896930649995418,73.47820057712983,-6.505864213581222,0.5425772808203142,0.18569788329616208,False
4.664999999999893,0.30184193246646746,1.811764705882353,1.8,0.030921110265405994,-0.4098026482341549,72.83196004179892,-5.9850518416027265,0.5365956976039601,0.18623747036455862,False
4.665999999999893,0.30211695786609033,1.811764705882353,1.8,0.030921110265405994,-0.3379012731453095,72.2599592256413,-5.4823143373305365,0.5311168151809798,0.18677132719392678,False
4.666999999999893,0.3023912378221522,1.811764705882353,1.8,0.030921110265405994,-0.2731900355653509,71.75463940252946,-5.02043997848342,0.5260997734772415,0.18729993605554215,False
4.667999999999894,0.3026647716578945,1.811764705882353,1.8,0.030921110265405994,-0.2149499217433903,71.31025395982512,-4.60244413152298,0.5215006967748843,0.18782373685273854,False
4.668999999999894,0.30293755869839983,1.811764705882353,1.8,0.030921110265405994,-0.1625338193036278,70.92093817906213,-4.225938123982305,0.5172780977551812,0.1883431268072855,False
4.669999999999894,0.30320959827059324,1.811764705882353,1.811764705882353,0.030921110265405994,-0.1153593271078433,-65.4588943653367,-3.8873991185502876,0.5133940116837717,0.18885846341488333,False
4.670999999999895,0.303480889703244,1.811764705882353,1.811764705882353,0.030921110265405994,-0.07290228413163877,-92.53156724422027,-3.5831288309400593,0.5098141718811992,0.18937006805548648,False
4.671999999999895,0.3037514323269676,1.811764705882353,1.811764705882353,0.030921110265405994,-0.034690945453056156,-89.39757530878202,-3.309792232649735,0.5065076464894855,0.1898782295097456,False
4.672999999999895,0.30402122547422705,1.811764705882353,1.811764705882353,0.03097993379481778,1.0,-78.67162758129318,2.98249184885908,0.5094934105767897,0.19038623058312723,False
4.673999999999896,0.3042902684793343,1.811764705882353,1.811764705882353,0.031038757324229563,1.0,-66.74322594648349,4.781881068480314,0.5142785904922885,0.19089811713262367,False
4.674999999999896,0.3045585606784529,1.811764705882353,1.811764705882353,0.031097580853641348,1.0,-55.352204692811135,5.289752879245333,0.519571674855496,0.19141504281960844,False
4.675999999999896,0.3048261014095982,1.811764705882353,1.811764705882353,0.031156404383053133,0.9754593218320741,-44.91049513246166,5.245564394971357,0.5248206042602862,0.19193723951907313,False
4.676999999999897,0.3050928900126402,1.8235294117647058,1.811764705882353,0.031215227912464918,0.9214227352083724,99.39001840622163,4.866772651816041,0.5296907737176918,0.19246449577333613,False
4.677999999999897,0.30535892582930435,1.8235294117647058,1.811764705882353,0.0312740514418767,0.8728486307764544,135.54537121404618,4.427352773053557,0.5341215523852751,0.1929964025065886,False
4.678999999999897,0.305624208203174,1.8235294117647058,1.811764705882353,0.031332874971288484,0.8291907603171416,140.08073101124663,4.003532233578373,0.5381285368333779,0.19353252812586155,False
4.679999999999898,0.30588873647969106,1.8235294117647058,1.811764705882353,0.03139169850070027,0.7899575004331734,136.12746443308046,3.613915694411729,0.5417459284744494,0.19407246593720429,False
4.680999999999898,0.30615251000615823,1.8235294117647058,1.811764705882353,0.03145052203011205,0.754706390067015,130.25928384472334,-3.936892009084263,0.5378125029351668,0.19461224573136715,False
4.681999999999898,0.3064155281317409,1.8235294117647058,1.811764705882353,0.03150934555952384,0.7230392142668857,124.31781682912684,-5.672191847868957,0.5321437444639328,0.19514722442831886,False
4.682999999999899,0.30667779020746766,1.8235294117647058,1.811764705882353,0.03156816908893562,0.6945975795761818,118.79243075657293,-5.779820690129346,0.526367319886966,0.19567648052755487,False
4.683999999999899,0.30693929558623295,1.8235294117647058,1.811764705882353,0.03162699261834741,0.6690589318839613,113.77940014014615,-5.459089904227803,0.5209115899865658,0.19620012054347638,False
4.684999999999899,0.30720004362279846,1.8235294117647058,1.811764705882353,0.03168581614775919,0.6461329724903755,109.26358283734368,-5.050764531863823,0.5158641517957658,0.19671850896966872,False
4.6859999999999,0.30746003367379415,1.8235294117647058,1.811764705882353,0.03174463967717098,0.6255584325655608,105.19405341236231,-4.649224824234969,0.5112182222539217,0.1972320507067463,False
4.6869999999999,0.30771926509772046,1.8235294117647058,1.811764705882353,0.03180346320658276,0.6071001701626401,101.54489593781366,-4.278416984190545,0.5069430719502711,0.19774113189906778,False
4.6879999999999,0.3079777372549495,1.8235294117647058,1.811764705882353,0.03186228673599455,0.5905465575294239,98.27034455673318,-3.9423437373650287,0.5030039685328103,0.19824610596007508,False
4.688999999999901,0.30823544950772713,1.8235294117647058,1.811764705882353,0.03192111026540633,0.5757071296889416,95.33447648202376,-3.639542138166966,0.49936764237733416,0.1987472923021855,False
4.689999999999901,0.3084924012201739,1.8235294117647058,1.811764705882353,0.031979933794818116,0.5624104681619199,92.70160760543412,-3.3672811781830068,0.49600355466520374,0.1992449784335606,False
4.690999999999901,0.3087485917582868,1.8235294117647058,1.811764705882353,0.0320387573242299,0.5505022963170125,90.34457690427362,-3.1226734425220504,0.4928840538081438,0.19973942276712717,False
4.691999999999902,0.3090040204899416,1.8235294117647058,1.811764705882353,0.032097580853641686,0.5398437651860083,88.2303571541916,-2.9029989583933395,0.48998420802406667,0.20023085742409866,False
4.692999999999902,0.3092586867848929,1.8235294117647058,1.811764705882353,0.03215640438305347,0.5303099106975165,86.33925789012189,-2.705775052483007,0.4872815680541324,0.2007194908351426,False
4.693999999999902,0.3095125900147769,1.8235294117647058,1.811764705882353,0.032215227912465255,0.521788265187286,84.64668744937518,-2.528760056507117,0.48475592617270735,0.20120551010241122,False
4.694999999999903,0.309765729553113,1.8235294117647058,1.811764705882353,0.03227405144187704,0.5141776077574906,83.13210688314938,-2.369931474526729,0.4823890970285416,0.2016890831314978,False
4.695999999999903,0.3100181047753042,1.8235294117647058,1.811764705882353,0.032332874971288825,0.5073868396000868,81.7792246058013,-2.2274709807157076,0.48016471348682843,0.20217036055173407,False
4.696999999999903,0.31026971505864,1.8235294117647058,1.811764705882353,0.03239169850070061,0.5013339717878355,80.57219565277346,3.202373648470029,0.48337018322791486,0.20265212851554404,False
4.697999999999904,0.3105205597822967,1.8235294117647058,1.811764705882353,0.032450522030112394,0.49594521428622135,79.49639567662656,4.7541929488182895,0.48812749917690085,0.20313787787640716,False
4.698999999999904,0.31077063832734025,1.8235294117647058,1.811764705882353,0.03250934555952418,0.49115415606418067,78.53760290789926,5.1913465546650235,0.493322000820677,0.20362860315133718,False
4.699999999999904,0.3110199500767265,1.8235294117647058,1.811764705882353,0.032568169088935964,0.4869010271937558,77.68490530638002,5.308039322333308,0.4986332287449635,0.20412458129661626,False
4.700999999999905,0.3112684944153033,1.8235294117647058,1.811764705882353,0.03262699261834775,0.4831320347397854,76.92752609117139,5.292697557185855,0.5039291485898979,0.20462586302139724,False
4.701999999999905,0.3115162707298127,1.8235294117647058,1.811764705882353,0.03268581614775953,0.47979876506062413,76.25576260412885,4.911215723618869,0.5088436186113418,0.20513224994651474,False
4.702999999999905,0.31176327840889084,1.8235294117647058,1.811764705882353,0.03274463967717132,0.4768576458787907,75.66127055456313,-2.7362457421958415,0.506110625643935,0.20563972761126842,False
4.703999999999906,0.31200951684307093,1.8235294117647058,1.811764705882353,0.0328034632065831,0.47426946214455257,75.1361582574003,-4.58802785910011,0.501525824765961,0.20614354637513024,False
4.704999999999906,0.3122549854247843,1.8235294117647058,1.811764705882353,0.03286228673599489,0.47199892031315027,74.6739730515634,-4.808965997782893,0.4967200550590251,0.20664266984862367,False
4.705999999999906,0.3124996835483615,1.8235294117647058,1.811764705882353,0.03286228673599489,-0.7070445673350684,74.26738528699038,-4.592618768344814,0.49213060235244405,0.2071370957058334,False
4.706999999999907,0.3127436106100342,1.8235294117647058,1.811764705882353,0.03286228673599489,-0.6034778238655321,73.91185826133534,-4.278900246700485,0.48785483975033933,0.20762708895059653,False
4.707999999999907,0.3129867660079365,1.8235294117647058,1.811764705882353,0.03286228673599489,-0.5102677547429528,73.60168638112867,-3.962829702857819,0.48389512130421497,0.20811296445038105,False
4.708999999999907,0.31322914914210687,1.8235294117647058,1.811764705882353,0.03286228673599489,-0.42637869253263466,73.33233211820264,-3.668719970722645,0.48022948814198513,0.20859502727023405,False
4.709999999999908,0.313470759414489,1.8235294117647058,1.811764705882353,0.03286228673599489,-0.3508785365433511,73.09988008427943,-3.40170577259642,0.47683084650573715,0.2090735579488614,False
4.710999999999908,0.3137115962289333,1.8235294117647058,1.811764705882353,0.03286228673599489,-0.2829283961529985,72.9006307163282,-3.161056704867246,0.4736728328698866,0.2095488102962985,False
4.711999999999908,0.3139516589911992,1.8235294117647058,1.811764705882353,0.03286228673599489,-0.22177326980168333,72.73121765458419,-2.9447012508315717,0.47073115506477303,0.21002101279470586,False
4.712999999999909,0.3141909471089555,1.8235294117647058,1.811764705882353,0.03292111026540667,1.0,72.58880355391021,-2.7503698500630267,0.4679837903345894,0.2104903707687566,False
4.713999999999909,0.31442945999178257,1.8235294117647058,1.811764705882353,0.03297993379481846,0.9545667021413387,72.47056968275398,-2.5759047991368296,0.46541087349452415,0.2109570685991309,False
4.714999999999909,0.3146671970511737,1.8235294117647058,1.811764705882353,0.03303875732423024,0.9044429068984772,72.37400722782365,-2.419333189189978,0.4629945121493033,0.2114212717876987,False
4.71599999999991,0.3149041577005362,1.8235294117647058,1.8235294117647058,0.03309758085364203,0.8593903147093152,-63.74188607880625,-2.2788675953818025,0.46071860122107766,0.21188312883757518,False
4.71699999999991,0.31514034135519337,1.8235294117647058,1.8235294117647058,0.03315640438305381,0.8189018052684828,-90.57765425702215,-2.152894635024716,0.45856864891803195,0.21234277295342432,False
4.71799999999991,0.3153757474323853,1.8235294117647058,1.8235294117647058,0.033215227912465596,0.7825209703011469,-87.23079151233674,-2.0400326615598643,0.4565315450076499,0.21280032353888312,False
4.718999999999911,0.315610375351271,1.8235294117647058,1.8235294117647058,0.03327405144187738,0.7498370423599574,-76.31262707530485,-1.9387908557219609,0.45459566999878004,0.2132558876327135,False
4.719999999999911,0.31584422453292954,1.8235294117647058,1.8235294117647058,0.033332874971289166,0.7204803307422997,-64.21232004341577,-1.848148579654681,0.452750424967806,0.21370956116445802,False
4.720999999999911,0.3160772944003611,1.8352941176470587,1.8235294117647058,0.03339169850070095,0.6941181138158204,83.37317885445073,-1.7670167706873854,0.450986299990324,0.2141614300092246,False
4.721999999999912,0.31630958437848905,1.8352941176470587,1.8235294117647058,0.033450522030112735,0.670450942111402,120.73082767733096,-1.6944399695307315,0.4492947405441959,0.2146115710098881,False
4.722999999999912,0.316541093894161,1.8352941176470587,1.8235294117647058,0.03350934555952452,0.649209311106838,126.91974017112247,3.2671982816396636,0.4525648294141101,0.21506250127605853,False
4.723999999999912,0.3167718223761501,1.8352941176470587,1.8235294117647058,0.033568169088936305,0.630150666732143,124.61526380789925,4.684859008327061,0.4572526057096689,0.21551741047900966,False
4.724999999999913,0.31700176925515694,1.8352941176470587,1.8235294117647058,0.03362699261834809,0.6130567103243298,120.28253069703885,5.083814304587842,0.46233936871919473,0.2159772069567789,False
4.725999999999913,0.3172309339638104,1.8352941176470587,1.8235294117647058,0.033685816147759874,0.5977309730867103,115.73619631510199,5.189953603832606,0.4675323037396651,0.21644214328899655,False
4.726999999999913,0.31745931593666926,1.8352941176470587,1.8235294117647058,0.03374463967717166,0.5839966331022651,111.47318887458187,-1.7523839006633128,0.46578290456400284,0.21690880139092236,False
4.727999999999914,0.31768691461022364,1.8352941176470587,1.8235294117647058,0.033803463206583444,0.5716945506456766,107.58771893031984,-3.4980309656095523,0.46228783937515877,0.21737283725781803,False
4.728999999999914,0.31791372942289664,1.8352941176470587,1.8235294117647058,0.03386228673599523,0.5606814999641594,104.08590738309336,-3.775300727587931,0.45851548057528546,0.21783323940879357,False
4.729999999999914,0.31813975981504516,1.8352941176470587,1.8235294117647058,0.03392111026540701,0.5508285778802059,100.9408458637043,-3.653259702866195,0.45486513888672414,0.21828993020551754,False
4.730999999999915,0.31836500522896155,1.8352941176470587,1.8235294117647058,0.0339799337948188,0.54201977153406,98.12081548320279,-3.4369207083641697,0.45143111346851694,0.2187430788148621,False
4.731999999999915,0.3185894651088754,1.8352941176470587,1.8235294117647058,0.03403875732423058,0.5341506693519407,95.5895472510098,-3.2119008967022187,0.44822208656466445,0.21919290589445597,False
4.732999999999915,0.3188131389009542,1.8352941176470587,1.8235294117647058,0.03409758085364237,0.5271273009174453,93.32196326750444,-3.0009655012140413,0.4452239751437047,0.21963962940153103,False
4.733999999999916,0.31903602605330483,1.8352941176470587,1.8235294117647058,0.03415640438305415,0.5208650928558116,91.29195082176226,-2.808996077286654,0.44241781450734635,0.2200834507694366,False
4.734999999999916,0.31925812601597575,1.8352941176470587,1.8235294117647058,0.03421522791246594,0.5152879291297534,89.47322794899257,-2.635904818411158,0.4397847276423936,0.2205245525106461,False
4.735999999999916,0.31947943824095726,1.8352941176470587,1.8235294117647058,0.03427405144187772,0.5103273053057129,87.84671159851239,-2.4803217817432457,0.4373072073631723,0.2209630989455139,False
4.736999999999917,0.31969996218218344,1.8352941176470587,1.8235294117647058,0.034332874971289506,0.5059215673934885,86.39390019457228,-2.340644016677702,0.4349693493291018,0.22139923768861353,False
4.737999999999917,0.31991969729553327,1.8352941176470587,1.8235294117647058,0.03439169850070129,0.5020152268018984,85.09552628749283,-2.215322355939709,0.4327567982714365,0.22183310122469757,False
4.738999999999917,0.3201386430388323,1.8352941176470587,1.8235294117647058,0.034450522030113076,0.4985583437988793,83.93644699376277,-2.1029303506527928,0.4306566252842958,0.2222648083964166,False
4.739999999999918,0.3203567988718538,1.8352941176470587,1.8235294117647058,0.03450934555952486,0.49550597262557394,82.90309690192763,-2.0021761841417685,0.42865719320104934,0.2226944657633721,False
4.740999999999918,0.3205741642563196,1.8352941176470587,1.8235294117647058,0.034568169088936646,0.492817662099011,81.9839131428152,-1.9119058403068976,0.42674801880144886,0.22312216882495994,False
4.741999999999918,0.32079073865590263,1.8352941176470587,1.8235294117647058,0.03462699261834843,0.49045700615451615,81.16545628435851,-1.831043209190599,0.42491969491256354,0.2235480031353691,False
4.742999999999919,0.32100652153622683,1.8352941176470587,1.8235294117647058,0.034685816147760215,0.48839123933388295,80.43962539906748,-1.758667665054813,0.4231637349308045,0.22397204530189052,False
4.743999999999919,0.3212215123648694,1.8352941176470587,1.8235294117647058,0.034744639677172,0.4865908727247248,79.79470140168739,-1.6939917600574559,0.4214724396493719,0.22439436383890132,False
4.744999999999919,0.321435710611362,1.8352941176470587,1.8235294117647058,0.034803463206583785,0.4850293663058944,79.22445421079556,-1.636069789597123,0.419839055520743,0.2248150200343938,False
4.74599999999992,0.3216491157471916,1.8352941176470587,1.8235294117647058,0.03486228673599557,0.48368283405835877,78.72197718428552,-1.5843934409592455,0.41825733726898645,0.2252340686769416,False
4.74699999999992,0.32186172724580236,1.8352941176470587,1.8235294117647058,0.034921110265407354,0.4825297785649887,78.27850030284704,-1.5382332833884163,0.4167217690120105,0.22565155867453293,False
4.74799999999992,0.3220735445825963,1.8352941176470587,1.8235294117647058,0.03497993379481914,0.4815508521503674,77.8897643277115,-1.4970714416026352,0.4152273527098661,0.22606753367818952,False
4.748999999999921,0.3222845672349355,1.8352941176470587,1.8235294117647058,0.035038757324230924,0.4807286419066199,77.54956575016148,3.2475772092760966,0.418477595460726,0.22648438659596254,False
4.749999999999921,0.32249479468214237,1.8352941176470587,1.8235294117647058,0.03509758085364271,0.4800474762166591,77.25319086096425,4.603271654291955,0.42308355892475663,0.22690516762098079,False
4.750999999999921,0.32270422640550156,1.8352941176470587,1.8235294117647058,0.03515640438305449,0.4794932506251062,76.99683371618362,4.984887304222491,0.4280711688083175,0.22733074543773363,False
4.751999999999922,0.3229128618882613,1.8352941176470587,1.8235294117647058,0.03515640438305449,-0.698005552407248,76.77531428948687,-1.2986390964186727,0.42677525712070064,0.22775816910550384,False
4.752999999999922,0.32312070061563414,1.8352941176470587,1.8235294117647058,0.03515640438305449,-0.5930485927834337,76.5855523493894,-2.9120109387286934,0.4238659581825246,0.2281834901656791,False
4.753999999999922,0.32332774207479864,1.8352941176470587,1.8235294117647058,0.03515640438305449,-0.4985873291220043,76.4247444888332,-3.2025747747610516,0.4206660753350129,0.22860575663166738,False
4.754999999999923,0.32353398575490055,1.8352941176470587,1.8235294117647058,0.03515640438305449,-0.413572191826721,76.28981310384509,-3.1305139971727414,0.41753823288547537,0.22902485923159757,False
4.755999999999923,0.3237394311470543,1.8352941176470587,1.8235294117647058,0.03515640438305449,-0.3370585682609688,76.17807419622167,-2.9700425934009798,0.4145708423013668,0.22944091421172597,False
4.756999999999923,0.3239440777443437,1.8352941176470587,1.8235294117647058,0.03521522791246628,0.9088625164775741,76.087301225592,-2.7983952211072998,0.4117750806277258,0.22985408761261797,False
4.757999999999924,0.32414792504182344,1.8352941176470587,1.8235294117647058,0.03527405144187806,0.865544433918739,76.01543067018379,-2.6363451533618507,0.4091413516190413,0.2302645462652395,False
4.758999999999924,0.32435097253652084,1.8352941176470587,1.8235294117647058,0.03533287497128985,0.8266169831452007,75.96053354154479,-2.4885830606807318,0.40665536827769494,0.2306724450589221,False
4.759999999999924,0.32455321972743634,1.8352941176470587,1.8235294117647058,0.03539169850070163,0.7916411009784294,75.92080043484117,-2.3552989408205836,0.4043026535159801,0.2310779245009394,False
4.760999999999925,0.3247546661155449,1.8352941176470587,1.8235294117647058,0.03545052203011342,0.760221630557748,75.89477786210675,-2.2355164845759927,0.40206970646685924,0.23148111110957273,False
4.761999999999925,0.32495531120379784,1.8352941176470587,1.8235294117647058,0.0355093455595252,0.7320029307085478,75.88111655237823,-2.128005427697293,0.3999442564463586,0.23188211851731405,False
4.762999999999925,0.32515515449712323,1.8352941176470587,1.8352941176470587,0.035568169088936986,0.7066649243736802,-60.16030656721478,-2.031584473901149,0.39791521399327945,0.23228104867657032,False
4.763999999999926,0.3253541955024276,1.8352941176470587,1.8352941176470587,0.03562699261834877,0.6839195422017121,-86.92936852026106,-1.9451873584217583,0.3959725558447609,0.23267799298337524,False
4.764999999999926,0.32555243372859705,1.8352941176470587,1.8352941176470587,0.035685816147760556,0.6635075217763536,-83.52239055558485,-1.8677846615762599,0.39410728809787066,0.23307303332516946,False
4.765999999999926,0.3257498686864985,1.8352941176470587,1.8352941176470587,0.03574463967717234,0.6451955269229431,-72.55098844557061,-1.7984274526963078,0.3923113657268411,0.23346624306992023,False
4.766999999999927,0.32594649988898083,1.8352941176470587,1.8352941176470587,0.035803463206584125,0.6287735550842863,-60.40243396697352,-1.736322015891795,0.3905775373737059,0.23385768793739464,False
4.767999999999927,0.32614232685087596,1.8352941176470587,1.8352941176470587,0.03586228673599591,0.6140526039589074,-48.81328088703143,-1.6807803281002407,0.3888992396601059,0.23424742673998447,False
4.768999999999927,0.3263373490890006,1.8352941176470587,1.8352941176470587,0.035921110265407695,0.6008625714754787,-38.19270054019699,-1.6311908729242586,0.38727052068470497,0.2346355120324348,False
4.769999999999928,0.3265315661221565,1.8352941176470587,1.8352941176470587,0.03597993379481948,0.5890503657698052,-28.578604225393907,-1.5868642228376542,0.3856861179385655,0.23502199076227961,False
4.770999999999928,0.32672497747113255,1.8352941176470587,1.8352941176470587,0.036038757324231264,0.5784782041641111,-19.90806480589035,-1.5472689356934843,0.3841413003235083,0.235406904880244,False
4.771999999999928,0.32691758265870546,1.8352941176470587,1.8352941176470587,0.03609758085364305,0.5690220822483987,-12.100131401249179,-1.5120357415146435,0.38263170598265445,0.23579029179057084,False
4.772999999999929,0.32710938120964117,1.8470588235294116,1.8352941176470587,0.036156404383054834,0.5605703960536695,109.47930928472456,-1.4806051218964635,0.3811535325520277,0.23617218481538813,False
4.773999999999929,0.32730037265069567,1.8470588235294116,1.8352941176470587,0.03621522791246662,0.5530227020078254,144.35880240507865,-1.4526751453173654,0.37970327957615335,0.23655261362541016,False
4.774999999999929,0.3274905565106165,1.8470588235294116,1.8352941176470587,0.036274051441878404,0.5462886008959777,154.31846887795245,-1.4278843636189702,0.378277808026882,0.236931604571606,False
4.77599999999993,0.32767993232014414,1.8470588235294116,1.8352941176470587,0.03633287497129019,0.540286733424727,157.11479673451274,3.199196670293713,0.3814794278595776,0.2373114835928495,False
4.77699999999993,0.32786849961201253,1.8470588235294116,1.8352941176470587,0.03639169850070197,0.5349438762300133,152.13615642586979,4.521532283404283,0.38600340908805847,0.237695225418687,False
4.77799999999993,0.3280562579209504,1.8470588235294116,1.8352941176470587,0.03645052203011376,0.5301941282841829,145.47077658356807,4.893920390428072,0.3908998085868081,0.23808367743984965,False
4.778999999999931,0.32824320678368313,1.8470588235294116,1.8352941176470587,0.03650934555952554,0.5259781786623475,138.85074900786122,4.993288281310667,0.3958956073431491,0.2384770755653503,False
4.779999999999931,0.32842934573893273,1.8470588235294116,1.8352941176470587,0.03656816908893733,0.5222426475321075,132.7256764480644,-1.7501340770422693,0.3941479866851132,0.2388720977815837,False
4.780999999999931,0.32861467432741986,1.8470588235294116,1.8352941176470587,0.03662699261834911,0.5189394930443035,127.16855700300204,-3.455497513862392,0.39069498398409186,0.239264519683338,False
4.781999999999932,0.3287991920918648,1.8470588235294116,1.8352941176470587,0.0366858161477609,0.5160254775346919,122.15582908843707,-3.7362985989440363,0.3869611567861542,0.2396533481662903,False
4.782999999999932,0.32898289857698826,1.8470588235294116,1.8352941176470587,0.03674463967717268,0.5134616871054533,117.65314213077721,-3.628798765389469,0.3833348058763963,0.2400384965562454,False
4.783999999999932,0.3291657933295127,1.8470588235294116,1.8352941176470587,0.036803463206584466,0.5112130992485503,113.61097024444801,-3.4287324652276014,0.37990849880447763,0.24042011861343038,False
4.784999999999933,0.3293478758981634,1.8470588235294116,1.8352941176470587,0.03686228673599625,0.5092481937067496,109.98155263342159,-3.219196232018878,0.37669170682260955,0.24079841911752736,False
4.785999999999933,0.3295291458336698,1.8470588235294116,1.8352941176470587,0.036921110265408036,0.5075386022485409,106.72411801468607,-3.022353321333031,0.3736717378931579,0.2411736012378241,False
4.786999999999933,0.32970960268876653,1.8470588235294116,1.8352941176470587,0.03697993379481982,0.5060587934655648,103.80220047338447,-2.8430361227046554,0.3708310674871948,0.2415458530353087,False
4.787999999999934,0.32988924601819397,1.8470588235294116,1.8352941176470587,0.037038757324231605,0.5047857890902984,101.18304043867654,-2.681244136892562,0.3681521714630804,0.24191534504661558,False
4.788999999999934,0.33006807537870025,1.8470588235294116,1.8352941176470587,0.03709758085364339,0.5036989086819703,98.83251028397792,-2.535725500457318,0.3656187774360282,0.24228223091009782,False
4.789999999999934,0.3302460903290416,1.8470588235294116,1.8352941176470587,0.037156404383055175,0.5027795398438869,96.72801945561453,-2.404998668008048,0.3632160944690458,0.24264664873243116,False
4.790999999999935,0.3304232904299838,1.8470588235294116,1.8352941176470587,0.03721522791246696,0.5020109314190236,94.84395157657531,-2.287614577104334,0.360930780599318,0.2430087225538263,False
4.791999999999935,0.3305996752443034,1.8470588235294116,1.8352941176470587,0.037274051441878744,0.5013780073660585,93.15927840839761,-2.1822586437061435,0.35875080836849466,0.2433685637297701,False
4.792999999999935,0.33077524433678823,1.8470588235294116,1.8352941176470587,0.03733287497129053,0.5008671992478018,91.65220184491723,-2.0877325233005126,0.3566653485910693,0.24372627218741508,False
4.793999999999936,0.33094999727423907,1.8470588235294116,1.8352941176470587,0.037391698500702314,0.5004662954707826,90.30389494811382,-2.0029438195412763,0.3546646644134167,0.24408193757088348,False
4.794999999999936,0.3311239336254703,1.8470588235294116,1.8352941176470587,0.0374505220301141,0.5001643056008771,89.10141453464115,-1.9269558479771176,0.35273995560821414,0.24443564025574707,False
4.795999999999936,0.33129705296131146,1.8470588235294116,1.8352941176470587,0.03750934555952588,0.4999513382473739,88.02924958139647,-1.8587900060048927,0.35088340049875333,0.2447874523066169,False
4.796999999999937,0.33146935485460777,1.8470588235294116,1.8352941176470587,0.03756816908893767,0.49981849115863286,87.07201938087783,-1.7977441829708918,0.34908787947206443,0.24513743831745108,False
4.797999999999937,0.33164083888022117,1.8470588235294116,1.8352941176470587,0.03762699261834945,0.49975775230817776,86.22083698952024,-1.7430797974329262,0.34734701145434366,0.2454856561318572,False
4.798999999999937,0.3318115046150322,1.8470588235294116,1.8352941176470587,0.03762699261834945,-0.6772969126571886,85.46458297071601,-1.6941845229774966,0.3456550276601033,0.2458321575185068,False
4.799999999999938,0.33198135163794007,1.8470588235294116,1.8352941176470587,0.03762699261834945,-0.571940228773085,84.79360893723613,-1.6504427467977687,0.34400677488248793,0.2461769887850694,False
4.800999999999938,0.3321503795298639,1.8470588235294116,1.8352941176470587,0.03762699261834945,-0.4771192132773955,84.19934930484685,-1.611345600742768,0.3423976087520944,0.2465201913404213,False
4.801999999999938,0.33231858787374446,1.8470588235294116,1.8352941176470587,0.03762699261834945,-0.391780299331278,83.67460183387294,-1.5764065640951441,0.3408233713926898,0.2468618021923111,False
4.802999999999939,0.3324859762545443,1.8470588235294116,1.8352941176470587,0.03762699261834945,-0.31497527677977505,83.21166274294904,-1.545264713151764,0.33928026582677034,0.24720185437105643,False
4.803999999999939,0.3326525442592491,1.8470588235294116,1.8352941176470587,0.03762699261834945,-0.24585075648342503,82.80439359453639,3.1045771425234547,0.34238701182243253,0.24754268837081359,False
4.804999999999939,0.3328182914768689,1.8470588235294116,1.8352941176470587,0.03762699261834945,-0.18363868821671236,82.44738161208997,4.433877633111599,0.34682308348845453,0.2478872937833638,False
4.80599999999994,0.33298321749843907,1.8470588235294116,1.8352941176470587,0.03762699261834945,-0.1276478267766729,82.13564975255562,4.808756428979583,0.3516340635256605,0.24823652272662888,False
4.80699999999994,0.33314732191702096,1.8470588235294116,1.8352941176470587,0.03762699261834945,-0.07725605148063933,81.86453890839503,4.909229694937108,0.35654554761530555,0.24859061290707102,False
4.80799999999994,0.3333106043277031,1.8470588235294116,1.8352941176470587,0.03762699261834945,-0.031903453714210855,81.63016686421705,4.930800295640295,0.3614786333877169,0.24894962537762097,False
4.808999999999941,0.3334730643276026,1.8470588235294116,1.8352941176470587,0.03768581614776124,1.0,81.42893961635508,4.9296661046298595,0.3664106160833605,0.24931357038759105,False
4.809999999999941,0.3336347015158654,1.8470588235294116,1.8352941176470587,0.03774463967717302,1.0,81.25719215454629,4.572387740554247,0.37098535000544747,0.24968226876086508,False
4.810999999999941,0.3337955154936678,1.8470588235294116,1.8352941176470587,0.03780346320658481,1.0,81.1122940723103,-3.065576590768503,0.3679221160908093,0.2500517228849059,False
4.811999999999942,0.33395550586421746,1.8470588235294116,1.8352941176470587,0.03786228673599659,1.0,80.99131919986219,-4.912548874223227,0.3630118824065547,0.2504171902708918,False
4.812999999999942,0.3341146722327539,1.8470588235294116,1.8352941176470587,0.03792111026540838,0.950529980028789,80.89200880962622,-5.13006222403807,0.35788410306459745,0.2507776386450182,False
4.813999999999942,0.33427301420655,1.8470588235294116,1.8352941176470587,0.03797993379482016,0.9057510334677741,80.81221052245614,-4.910732254005539,0.3529756218610779,0.2511330688835275,False
4.814999999999943,0.3344305313949125,1.8470588235294116,1.8352941176470587,0.038038757324231946,0.8655088050922738,80.75025278571533,-4.594213874611861,0.34838362901685127,0.2514837488799536,False
4.815999999999943,0.3345872234091837,1.8470588235294116,1.8470588235294116,0.03809758085364373,0.8293496230837369,-55.335483996731206,-4.275267492681382,0.3441105545610969,0.2518299963380077,False
4.816999999999943,0.3347430898627414,1.8470588235294116,1.8470588235294116,0.038156404383055516,0.7968651828054667,-82.14396513680313,-3.978594434003207,0.34013412710732743,0.25217211904071174,False
4.817999999999944,0.3348981303710007,1.8470588235294116,1.8470588235294116,0.0382152279124673,0.7676880100844363,-78.7731406803087,-3.708994875502386,0.3364272749297575,0.25251040009950537,False
4.818999999999944,0.3350523445514146,1.8470588235294116,1.8470588235294116,0.038274051441879085,0.7414873781649218,-67.83382502718763,-3.4657889194457705,0.33296360603077096,0.25284509589393817,False
4.819999999999944,0.3352057320234748,1.8470588235294116,1.8470588235294116,0.03833287497129087,0.7179656329667715,-55.7147197469133,-3.246895651201265,0.3297188091681445,0.2531764374519128,False
4.820999999999945,0.33535829240871307,1.8470588235294116,1.8470588235294116,0.038391698500702655,0.6968548858178486,-44.15276614515329,-3.050062424936877,0.32667082560025323,0.25350463261631545,False
4.821999999999945,0.33551002533070184,1.8470588235294116,1.8470588235294116,0.03845052203011444,0.6779140369132306,-33.56010292356713,-2.8731270312519857,0.3237997586636157,0.25382986825230747,False
4.822999999999945,0.33566093041505524,1.8470588235294116,1.8470588235294116,0.038509345559526224,0.6609260964284869,-23.965985604935057,-2.714164399423189,0.3210876366469909,0.25415231229084273,False
4.823999999999946,0.3358110072894298,1.8470588235294116,1.8470588235294116,0.03856816908893801,0.6456957735216298,-15.315029189096323,-2.5712393883302167,0.31851842287408155,0.2544721156586633,False
4.824999999999946,0.3359602555835258,1.8470588235294116,1.8470588235294116,0.038626992618349794,0.6320473064348708,-7.523147751464052,-2.442859003210036,0.3160775735676294,0.2547894139922684,False
4.825999999999946,0.33610867492908814,1.8470588235294116,1.8470588235294116,0.03868581614776158,0.6198225095862,-0.5072184012287613,-2.3275454197594474,0.3137520226884015,0.25510432912323433,False
4.826999999999947,0.3362562649599066,1.8470588235294116,1.8470588235294116,0.03874463967717336,0.6088790159518085,5.809498886781487,-2.22398934865702,0.3115300134089055,0.25541697047169054,False
4.827999999999947,0.3364030253118175,1.8470588235294116,1.8470588235294116,0.03880346320658515,0.5990886952102682,11.496662194615203,-2.1310562012859524,0.309400923420282,0.25572743626818695,False
4.828999999999947,0.3365489556227043,1.8470588235294116,1.8470588235294116,0.03886228673599693,0.5903362300722942,16.616990657250625,-2.047569829782517,0.30735530649895104,0.256035814708996,False
4.829999999999948,0.3366940555324985,1.8470588235294116,1.8470588235294116,0.03892111026540872,0.5825178349775296,21.22757615826118,-1.972661458031234,0.3053845851410473,0.2563421849785176,False
4.830999999999948,0.33683832468318026,1.8470588235294116,1.8470588235294116,0.0389799337948205,0.5755401029216536,25.378931668435236,-1.9055110122254857,0.30348100186543714,0.25664661809364986,False
4.831999999999948,0.3369817627187801,1.8470588235294116,1.8470588235294116,0.03903875732423229,0.5693189676007772,29.117333673869812,-1.8452263106524875,0.3016376913271485,0.25694917775987036,False
4.832999999999949,0.33712436928537887,1.8470588235294116,1.8470588235294116,0.03909758085364407,0.5637787693414005,32.48366497712132,-1.7911866603972337,0.29984840883310027,0.2572499211276309,False
4.833999999999949,0.33726614403110894,1.8470588235294116,1.8470588235294116,0.03915640438305586,0.5588514144373735,35.514085113601844,2.9756617913930126,0.30282598344017186,0.25755125864205036,False
4.834999999999949,0.3374070866061551,1.8470588235294116,1.8470588235294116,0.03921522791246764,0.5544756185531611,38.24379463606681,4.339035901192571,0.3071669566320546,0.2578562554342086,False
4.83599999999995,0.33754719666275584,1.8470588235294116,1.8470588235294116,0.039274051441879426,0.5505962257867819,40.705470132112794,4.724072432505629,0.31189299533015663,0.2581657857370734,False
4.83699999999995,0.3376864738552034,1.8470588235294116,1.8470588235294116,0.03933287497129121,0.5471635958264526,42.921741332880764,4.827930473205386,0.31672292228849913,0.258480094027785,False
4.83799999999995,0.3378249178398451,1.8470588235294116,1.8470588235294116,0.039391698500702996,0.5441330523915682,44.917730845335456,4.850896297720168,0.3215758455996046,0.2587992437487155,False
4.838999999999951,0.3379625282750842,1.8470588235294116,1.8470588235294116,0.03945052203011478,0.5414643868295841,46.71540150583372,4.822218740973171,0.32640012180178674,0.2591232320744825,False
4.839999999999951,0.3380993048213807,1.8470588235294116,1.8470588235294116,0.039509345559526565,0.5391214113532103,48.33598561570004,4.446532969574056,0.33084874102553974,0.2594518568528278,False
4.840999999999951,0.3382352471412519,1.8588235294117648,1.8470588235294116,0.03956816908893835,0.5370715569538858,127.68575183986013,4.007857829693574,0.3348587112494397,0.25978471093033084,False
4.841999999999952,0.33837035489927386,1.8588235294117648,1.8470588235294116,0.039626992618350135,0.5352855115239055,150.42945713282072,3.584459822382791,0.33844530688545654,0.2601213632947417,False
4.842999999999952,0.3385046277620815,1.8588235294117648,1.8470588235294116,0.03968581614776192,0.5337368941663351,156.90192739519486,3.195003494640338,0.3416424670689529,0.2604614075406102,False
4.843999999999952,0.3386380653983699,1.8588235294117648,1.8470588235294116,0.039744639677173704,0.5324019620739336,158.69713561606133,2.841937476993096,0.34448657979188924,0.26080447242608706,False
4.844999999999953,0.33877066747889484,1.8588235294117648,1.8470588235294116,0.03980346320658549,0.5312593467201842,159.14900794597918,-4.674048526823855,0.33981469259493574,0.26114662342332934,False
4.845999999999953,0.3389024336764741,1.8588235294117648,1.8470588235294116,0.039862286735997274,0.5302898164312214,159.215121323454,-6.377294964948496,0.333439521999144,0.26148325088581453,False
4.846999999999953,0.3390333636659875,1.8588235294117648,1.8470588235294116,0.03992111026540906,0.5294760627005667,159.17017450313526,-6.455395903338825,0.326986209590317,0.26181346409999845,False
4.847999999999954,0.33916345712437834,1.8588235294117648,1.8470588235294116,0.03997993379482084,0.5288025078723895,158.4289712562271,-6.107801525895129,0.3208806592280407,0.26213770315088164,False
4.848999999999954,0.33929271373065406,1.8588235294117648,1.8470588235294116,0.04003875732423263,0.5282551320564417,152.78449889758622,-5.67496083806313,0.3152079086611686,0.26245603140508594,False
4.849999999999954,0.3394211331658867,1.8588235294117648,1.8470588235294116,0.04009758085364441,0.5278213173515005,146.281818242377,-5.251068945536957,0.3099590120799828,0.26276887763724205,False
4.850999999999955,0.339548715113214,1.8588235294117648,1.8470588235294116,0.0401564043830562,0.5274897076464653,140.0265999407232,-4.859802732597605,0.3051013466281846,0.2630766510214806,False
4.851999999999955,0.33967545925784043,1.8588235294117648,1.8470588235294116,0.0401564043830562,-0.6498087410880229,134.2896239207554,-4.505005048216382,0.3005984463563425,0.26337972637964846,False
4.852999999999955,0.33980136528703725,1.8588235294117648,1.8470588235294116,0.0401564043830562,-0.5446714625961295,129.0993263542605,-4.185043390328955,0.2964154775691758,0.2636784428021195,False
4.853999999999956,0.3399264328901439,1.8588235294117648,1.8470588235294116,0.0401564043830562,-0.45004791195342875,124.4308253381787,-3.897019324919768,0.29252050477427705,0.26397310584972866,False
4.854999999999956,0.3400506617585684,1.8588235294117648,1.8470588235294116,0.0401564043830562,-0.36488671637500114,120.2312208907871,-3.6379103228032856,0.28888461479807975,0.26426399050782956,False
4.855999999999956,0.34017405158578856,1.8588235294117648,1.8470588235294116,0.0401564043830562,-0.28824164035441935,116.46208078089333,-3.4048649250204077,0.28548174573604806,0.2645513441316442,False
4.856999999999957,0.34029660206735207,1.8588235294117648,1.8470588235294116,0.0401564043830562,-0.2192610719358981,113.07791726593214,-3.195289860767595,0.28228842878336907,0.26483538918135896,False
4.857999999999957,0.3404183129008779,1.8588235294117648,1.8470588235294116,0.0401564043830562,-0.15717856035923133,110.04553968747855,-3.0068418463036544,0.27928353826496566,0.26511632570273996,False
4.858999999999957,0.34053918378605663,1.8588235294117648,1.8470588235294116,0.0401564043830562,-0.10130429994023332,107.32296891891599,-2.8374090366571467,0.2764480602121292,0.2653943335661249,False
4.859999999999958,0.34065921442465136,1.8588235294117648,1.8470588235294116,0.0401564043830562,-0.05101746556313701,104.88069451290528,-2.685085914058869,0.2737648860492059,0.26566957448529066,False
4.860999999999958,0.3407784045204984,1.8588235294117648,1.8470588235294116,0.0401564043830562,-0.005759314623751954,102.69287725794088,-2.5481547923648975,0.27121862477449454,0.26594219383832957,False
4.861999999999958,0.34089675377950807,1.8588235294117648,1.8470588235294116,0.0401564043830562,0.03497302122169303,100.73319855124093,-2.425087332926689,0.26879541362395415,0.2662123223000235,False
4.862999999999959,0.3410142619096654,1.8588235294117648,1.8470588235294116,0.0401564043830562,0.07163212348259215,98.980330574805,-2.314484605560265,0.2664827886728696,0.26648007731185436,False
4.863999999999959,0.34113092862103067,1.8588235294117648,1.8470588235294116,0.0401564043830562,0.10462531551740012,97.41098791126016,-2.2151048677467764,0.2642695276572958,0.26674556441011393,False
4.864999999999959,0.3412467536257403,1.8588235294117648,1.8470588235294116,0.0401564043830562,0.13431918834872625,96.00750512527564,2.7976716268106894,0.26706904852634594,0.26701109399896883,False
4.86599999999996,0.3413617366380078,1.8588235294117648,1.8470588235294116,0.0401564043830562,0.16104367389691873,94.7551651044907,4.232138950937482,0.27130306203302884,0.2672800686338776,False
4.86699999999996,0.3414758773741239,1.8588235294117648,1.8470588235294116,0.0401564043830562,0.1850957108902911,93.6358283983105,4.637982420356111,0.27594294999893576,0.2675534599303637,False
4.86799999999996,0.34158917555245766,1.8588235294117648,1.8470588235294116,0.0401564043830562,0.20674254418432542,92.6382045059904,4.748238989954084,0.2806931271056745,0.267831540749792,False
4.868999999999961,0.3417016308934571,1.8588235294117648,1.8470588235294116,0.0401564043830562,0.22622469414895555,91.74982572950371,4.773450192725809,0.28546854839069236,0.26811438311114866,False
4.869999999999961,0.34181324311964995,1.8588235294117648,1.8470588235294116,0.0401564043830562,0.24375862911712204,90.9597003676813,4.640926840503094,0.29011147880875576,0.26840194127780087,False
4.870999999999961,0.3419240119556439,1.8588235294117648,1.8470588235294116,0.0401564043830562,0.2595391705884713,90.25781547783822,4.2503521860875,0.29436386505287776,0.2686939666346465,False
4.871999999999962,0.3420339371281282,1.8588235294117648,1.8470588235294116,0.0401564043830562,0.2737416579126851,89.6354511467127,3.8209619123476313,0.2981868886202785,0.268990051168761,False
4.872999999999962,0.3421430183658732,1.8588235294117648,1.8470588235294116,0.0401564043830562,0.28652389650447707,89.08514434977901,3.4121072800206385,0.3016010822474534,0.2692897747567591,False
4.873999999999962,0.3422512553997317,1.8588235294117648,1.8470588235294116,0.0401564043830562,0.2980279112370894,88.59906636490408,3.037876179686422,0.30464106676374186,0.26959274414766105,False
4.874999999999963,0.34235864796263976,1.8588235294117648,1.8470588235294116,0.0401564043830562,0.3083815244964401,88.17039220983892,2.6995131266355945,0.30734270776032135,0.26989860127149606,False
4.875999999999963,0.3424651957896168,1.8588235294117648,1.8470588235294116,0.0401564043830562,0.3176997764298555,87.7938144869751,2.394441611188031,0.30973929455787674,0.2702070227645994,False
4.876999999999963,0.3425708986177668,1.8588235294117648,1.8470588235294116,0.04021522791246798,1.0,87.4642530471824,2.1198186841128295,0.3118612737479607,0.2705177172734321,False
4.877999999999964,0.3426757561862783,1.8588235294117648,1.8470588235294116,0.04027405144187977,1.0,87.17689554205226,1.8725530388740232,0.31373600081482944,0.2708304225000795,False
4.878999999999964,0.34277976823642586,1.8588235294117648,1.8470588235294116,0.04033287497129155,1.0,86.92810421670505,1.6503853798269077,0.31538857212825966,0.2711449024855369,False
4.879999999999964,0.34288293451157004,1.8588235294117648,1.8470588235294116,0.04039169850070334,1.0,86.71313617929985,1.4504687529053946,0.3168412372669207,0.27146094508613866,False
4.880999999999965,0.34298525475715824,1.8588235294117648,1.8470588235294116,0.04045052203011512,1.0,86.52888032973027,1.2706843646515267,0.3181141271621856,0.2717783594544288,False
4.881999999999965,0.34308672872072554,1.8588235294117648,1.8470588235294116,0.040509345559526906,1.0,86.3722271246817,-6.088751743103527,0.31202755893291545,0.2720937349546887,False
4.882999999999965,0.34318735615189494,1.8588235294117648,1.8470588235294116,0.04056816908893869,1.0,86.24042955727462,-7.65075504700894,0.3043789384437085,0.27240232095618405,False
4.883999999999966,0.3432871368023784,1.8588235294117648,1.8470588235294116,0.040626992618350476,0.9942481795649338,86.13129357535384,-7.601843314876336,0.2967791766088907,0.2727032803156123,False
4.884999999999966,0.34338607042597674,1.8588235294117648,1.8588235294117648,0.04068581614776226,0.9478032954032461,-49.99656413125604,-7.140074767587566,0.2896411323154346,0.27299684767835203,False
4.885999999999966,0.34348415677858146,1.8588235294117648,1.8588235294117648,0.040744639677174045,0.9060617231871406,-76.84416632873616,-6.603940927987522,0.28303917438248044,0.27328351822842656,False
4.886999999999967,0.3435813956181741,1.8588235294117648,1.8588235294117648,0.04080346320658583,0.8685531317220587,-73.50770558607368,-6.087150015987781,0.2769539635337974,0.27356381935007407,False
4.887999999999967,0.34367778670482735,1.8588235294117648,1.8588235294117648,0.040862286735997615,0.8348542229328983,-62.60021705123325,-5.612293980901689,0.27134356831419004,0.27383824892174585,False
4.888999999999967,0.34377332980070596,1.8588235294117648,1.8588235294117648,0.0409211102654094,0.8045840285520668,-50.51018686409264,-5.182182621244357,0.26616324716602907,0.2741072616258472,False
4.889999999999968,0.3438680246700669,1.8588235294117648,1.8588235294117648,0.040979933794821184,0.7773996771387313,-38.97425904138115,-4.79440945063128,0.2613706647165313,0.2743712684859631,False
4.890999999999968,0.3439618710792597,1.8588235294117648,1.8588235294117648,0.04103875732423297,0.7529925843961418,-28.40241713488401,-4.445305572395848,0.25692715421014395,0.2746306398411406,False
4.891999999999968,0.344054868796728,1.8588235294117648,1.8588235294117648,0.041097580853644754,0.731085024457224,-18.832227793812432,-4.131253842654423,0.2527976657811334,0.27488570899123327,False
4.892999999999969,0.3441470175930089,1.8588235294117648,1.8588235294117648,0.04115640438305654,0.7114270440416105,-10.201760564616874,-3.848560328137392,0.24895084326850178,0.2751367758483605,False
4.893999999999969,0.3442383172407346,1.8588235294117648,1.8588235294117648,0.04121522791246832,0.6937936851969708,-2.4282082972975068,-3.594293613122664,0.24535826172099237,0.2753841102874939,False
4.894999999999969,0.34432876751463215,1.8588235294117648,1.8588235294117648,0.04127405144188011,0.6779824857662076,4.571093904612507,-3.3655832014205034,0.24199436649772701,0.2756279550502648,False
4.89599999999997,0.3444183681915247,1.8588235294117648,1.8588235294117648,0.04133287497129189,0.6638112298079328,10.872533279859281,-3.159865070024054,0.23883616681373657,0.2758685284773732,False
4.89699999999997,0.3445071190503313,1.8588235294117648,1.8588235294117648,0.04139169850070368,0.651115922974898,16.5456541815566,-2.9748343771156716,0.23586297657554509,0.2761060269558226,False
4.89799999999997,0.3445950198720681,1.8588235294117648,1.8588235294117648,0.04145052203011546,0.6397489703545789,21.653225528522132,-2.8084205503853257,0.23305618012673246,0.2763406271181986,False
4.898999999999971,0.3446820704398485,1.8588235294117648,1.8588235294117648,0.04150934555952725,0.6295775365257038,26.251647640192495,2.5667674998003176,0.23562457452117608,0.2765748393193061,False
4.899999999999971,0.3447682705388839,1.8588235294117648,1.8588235294117648,0.04156816908893903,0.6204820696091283,30.392286658440604,4.105733146780147,0.2397319586668417,0.27681231246349175,False
4.900999999999971,0.3448536199564842,1.8588235294117648,1.8588235294117648,0.04162699261835082,0.6123549729136226,34.12041027952988,4.542040215793243,0.24427568006432873,0.27705408934802306,False
4.901999999999972,0.3449381184820582,1.8588235294117648,1.8588235294117648,0.0416858161477626,0.6050994094170794,37.47755781245018,4.661354894020269,0.24893874802303573,0.27730046366466227,False
4.902999999999972,0.34502176590711403,1.8588235294117648,1.8588235294117648,0.041744639677174386,0.5986282257996028,40.50069191818754,4.689560413587057,0.25363005382586257,0.277551513761133,False
4.903999999999972,0.3451045620252602,1.8588235294117648,1.8588235294117648,0.04180346320658617,0.5928629840732857,43.22305070776403,4.404983469293032,0.2580368138966417,0.27780712712256844,False
4.904999999999973,0.34518650663220524,1.8588235294117648,1.8588235294117648,0.041862286735997956,0.5877330900490123,45.67387404360338,3.992606135194084,0.26203122533467516,0.27806696169158107,False
4.905999999999973,0.3452675995257593,1.8588235294117648,1.8588235294117648,0.04192111026540974,0.5831750089565784,47.882169941865,3.576992689870112,0.26561004915067316,0.2783306036615619,False
4.906999999999973,0.3453478405058335,1.8588235294117648,1.8588235294117648,0.041979933794821525,0.5791315595027997,49.872329062188555,3.18974586393124,0.26880164919569016,0.27859765020820076,False
4.907999999999974,0.34542722937444126,1.8588235294117648,1.8588235294117648,0.04203875732423331,0.5755512785238108,51.66501854769754,2.8378365924643374,0.2716413604821804,0.27886773000809356,False
4.908999999999974,0.34550576593569843,1.8588235294117648,1.8588235294117648,0.042097580853645095,0.5723878491721326,53.27995969471883,2.520288151705756,0.2741635415403483,0.27914050663346807,False
4.909999999999974,0.3455834499958239,1.8588235294117648,1.8588235294117648,0.04215640438305688,0.5695995862850344,54.735202312177215,2.2342437924666383,0.27639969437806816,0.27941567672968187,False
4.910999999999975,0.3456602813631399,1.8588235294117648,1.8588235294117648,0.042215227912468664,0.5671489732160577,56.045238258798975,1.9771309591273987,0.2783787486557711,0.279692967286576,False
4.911999999999975,0.34573625984807277,1.8588235294117648,1.8588235294117648,0.04227405144188045,0.5650022449833907,57.22804574020413,1.745732987149431,0.2801264175569588,0.2799721327762659,False
4.912999999999975,0.3458113852631531,1.8588235294117648,1.8588235294117648,0.042332874971292234,0.5631290131034022,58.29304238496032,1.537579952019571,0.2816659445089871,0.2802529522726863,False
4.913999999999976,0.34588565742301636,1.8588235294117648,1.8588235294117648,0.04239169850070402,0.5615019279408245,59.25427432255293,1.3503336245536883,0.28301823486177646,0.28053522704108713,False
4.914999999999976,0.34595907614440335,1.8588235294117648,1.8588235294117648,0.0424505220301158,0.5600963748239164,60.120678430844585,1.1820677279120808,0.2842022678256203,0.28081877838532693,False
4.915999999999976,0.3460316412461608,1.8588235294117648,1.8588235294117648,0.04250934555952759,0.5588902005481109,60.9020453983759,1.0308495296259357,0.2852350900021385,0.2811034457188194,False
4.916999999999977,0.34610335254924146,1.8588235294117648,1.8588235294117648,0.04256816908893937,0.5578634672292977,61.607158016949306,0.894858470195192,0.28613192754428385,0.28138908468239493,False
4.917999999999977,0.3461742098767048,1.8588235294117648,1.8588235294117648,0.04262699261835116,0.5569982307717778,62.24341189431049,0.7726670942459144,0.2869065792494533,0.28167556550074235,False
4.918999999999977,0.34624421305371744,1.8588235294117648,1.8588235294117648,0.04268581614776294,0.5562783414894217,62.81794442470622,0.6628716003290528,0.28757144020359054,0.2819627715656913,False
4.919999999999978,0.3463133619075535,1.8588235294117648,1.8588235294117648,0.04274463967717473,0.5556892646647129,63.33652642737751,0.5642409284936257,0.2881376745136481,0.2822505981102291,False
4.920999999999978,0.34638165626759504,1.8588235294117648,1.8588235294117648,0.04274463967717473,-0.6218409044775037,63.8046788037775,0.4756208125426468,0.28861529209310743,0.2825389510120745,False
4.921999999999978,0.3464490959653325,1.8588235294117648,1.8588235294117648,0.04274463967717473,-0.5169121743525437,64.22837208734794,0.3960863451121802,0.28901337801374566,0.2828277457426907,False
4.922999999999979,0.3465156808343652,1.8588235294117648,1.8588235294117648,0.04274463967717473,-0.422476317240083,64.61108354670887,-6.873044065173679,0.28214230592308254,0.28311366743549177,False
4.923999999999979,0.3465814107104015,1.8588235294117648,1.8588235294117648,0.04274463967717473,-0.33748404583887165,64.95732203004651,-8.353770753595574,0.27379045327665896,0.283392051697179,False
4.924999999999979,0.3466462854312595,1.8588235294117648,1.8588235294117648,0.04274463967717473,-0.2609910015777841,65.2710507948247,-8.231657898461846,0.2655606560386347,0.2836621390225109,False
4.92599999999998,0.3467103048368674,1.8588235294117648,1.8588235294117648,0.04274463967717473,-0.192147261742808,65.55495007419711,-7.703700497874978,0.2578587612974829,0.28392423409838274,False
4.92699999999998,0.3467734687692635,1.8588235294117648,1.8588235294117648,0.04274463967717473,-0.13018789589133176,65.81192649896121,-7.108438846086857,0.2507520772490156,0.2841788951165573,False
4.92799999999998,0.3468357770725971,1.8588235294117648,1.8588235294117648,0.04274463967717473,-0.07442446662500518,66.04521635025658,-6.538235796995147,0.24421554931592743,0.28442670601377673,False
4.928999999999981,0.3468972295931288,1.8588235294117648,1.8588235294117648,0.04274463967717473,-0.02423738028531318,66.25674818857172,-6.015464808210312,0.2382017491956543,0.28466821560399364,False
4.929999999999981,0.34695782617923043,1.8588235294117648,1.8588235294117648,0.04274463967717473,0.02093099742040798,66.44889407160046,-5.541803043720761,0.23266157108528449,0.28490392451793295,False
4.930999999999981,0.34701756668138606,1.8588235294117648,1.8588235294117648,0.04274463967717473,0.061582537355555425,66.62338416386588,-5.114894647992935,0.22754826470639067,0.2851342853404525,False
4.931999999999982,0.34707645095219186,1.8588235294117648,1.8588235294117648,0.04274463967717473,0.09816892329718684,66.78256784356874,-4.730540342457791,0.22281927875217017,0.2853597057956223,False
4.932999999999982,0.3471344788463568,1.8588235294117648,1.8588235294117648,0.04274463967717473,0.13109667064465386,66.92739279636335,-4.384759267436557,0.21843604249683354,0.28558055284742395,False
4.933999999999982,0.3471916502207028,1.8588235294117648,1.8588235294117648,0.04274463967717473,0.1607316432573731,67.05943842800073,2.0433444736741775,0.22048090624371502,0.2857999093060766,False
4.934999999999983,0.3472479649341652,1.8588235294117648,1.8588235294117648,0.04274463967717473,0.18740311860881945,67.18012356491992,3.8851994554157767,0.22436764665870434,0.28602213947584776,False
4.935999999999983,0.3473034228477931,1.8588235294117648,1.8588235294117648,0.04274463967717473,0.21140744642512022,67.29033917195464,4.408733326404237,0.22877794989382624,0.28624849199353686,False
4.936999999999983,0.3473580238247494,1.8588235294117648,1.8588235294117648,0.04274463967717473,0.23301134145979013,67.39125693332163,4.403320649571812,0.2331828708211476,0.2864792523969792,False
4.937999999999984,0.34741176773031185,1.8588235294117648,1.8588235294117648,0.04274463967717473,0.25245484699099235,67.48383735409026,4.065603256789365,0.23725010330258514,0.2867142657659605,False
4.938999999999984,0.3474646544318726,1.8588235294117648,1.8588235294117648,0.04274463967717473,0.2699540019690737,67.56891305746352,3.6662169188639444,0.2409179757963073,0.2869531666594643,False
4.939999999999984,0.3475166837989389,1.8588235294117648,1.8588235294117648,0.04274463967717473,0.2857032414493463,67.6472805906339,3.279376715772107,0.24419903172257537,0.2871955613616322,False
4.940999999999985,0.34756785570313364,1.8588235294117648,1.8588235294117648,0.04274463967717473,0.29987755698159113,67.71941650641325,2.9235575572012187,0.24712428957536772,0.2874410770138299,False
4.941999999999985,0.3476181700181951,1.8588235294117648,1.8588235294117648,0.04274463967717473,0.312634440960611,67.78606303279071,2.601217829864091,0.24972722646065104,0.2876893728823261,False
4.942999999999985,0.34766762661997774,1.8588235294117648,1.8588235294117648,0.04274463967717473,0.3241156365417285,67.84776671916393,2.3106588398060066,0.2520396210154064,0.28794014094621806,False
4.943999999999986,0.3477162253864523,1.8588235294117648,1.8588235294117648,0.04274463967717473,0.3344487125647338,67.9050492478729,2.0493099563478507,0.2540906814554844,0.2881931038065829,False
4.944999999999986,0.34776396619770616,1.8588235294117648,1.8588235294117648,0.04274463967717473,0.34374848098543825,67.9582798813664,1.8141414641287332,0.25590658647119346,0.28844801190945574,False
4.945999999999986,0.34781084893594366,1.8588235294117648,1.8588235294117648,0.04274463967717473,0.35211827256407197,68.00791448428498,1.6026296239076294,0.2575109911845221,0.28870464074398283,False
4.946999999999987,0.3478568734854863,1.8588235294117648,1.8588235294117648,0.04274463967717473,0.359651084984842,68.05444884949401,1.4123260824422348,0.25892510251795814,0.28896278835276606,False
4.947999999999987,0.34790203973277295,1.8588235294117648,1.8588235294117648,0.04274463967717473,0.3664306161635348,68.09804586502234,1.24153960617626,0.26016843630034714,0.2892222732243591,False
4.948999999999987,0.3479463475663605,1.8588235294117648,1.8588235294117648,0.04274463967717473,0.37253219422435807,68.13891004832783,1.0877264648642084,0.2612579647549385,0.28948293221854093,False
4.949999999999988,0.3479897968769238,1.8588235294117648,1.8588235294117648,0.04274463967717473,0.3780236144790988,68.17738941255416,0.9497576974791782,0.2622095312568539,0.28974461865934953,False
4.950999999999988,0.34803238755725596,1.8588235294117648,1.8588235294117648,0.04274463967717473,0.38296589270836534,68.21377671160108,0.825568468083339,0.26303691444645944,0.29000720078508274,False
4.951999999999988,0.3480741195022686,1.8588235294117648,1.8588235294117648,0.04274463967717473,0.387413943114705,68.24838587647147,0.71412735487834,0.2637528616334907,0.2902705601485943,False
4.952999999999989,0.3481149926089925,1.8588235294117648,1.8588235294117648,0.04274463967717473,0.3914171884804105,68.28103767403208,0.6139393132343713,0.26436862516514437,0.29053459037732665,False
4.953999999999989,0.3481550067765772,1.8588235294117648,1.8588235294117648,0.04274463967717473,0.39502010930954545,68.31226610356356,0.5240109491446725,0.2648944640684252,0.2907991959040869,False
4.954999999999989,0.3481941619062917,1.8588235294117648,1.8588235294117648,0.04274463967717473,0.39826273805576673,68.34196557671463,0.4432828491805448,0.2653395780235644,0.29106429094401337,False
4.95599999999999,0.3482324579015247,1.8588235294117648,1.8588235294117648,0.04274463967717473,0.4011811039273657,68.37046297356241,0.3708801584327906,0.26571229191596357,0.2913297985182759,False
4.95699999999999,0.3482698946677846,1.8588235294117648,1.8588235294117648,0.04274463967717473,0.4038076332118048,68.39782494639638,0.30582505376468094,0.26601995286147856,0.2915956495329419,False
4.95799999999999,0.3483064721126998,1.8588235294117648,1.8588235294117648,0.04274463967717473,0.4061715095677998,68.42425306173551,0.2474936710093257,0.2662692841600844,0.29186178196048485,False
4.958999999999991,0.3483421901460193,1.8588235294117648,1.8588235294117648,0.04274463967717473,0.40829899828819527,68.44967031927824,0.19524854603132746,0.2664663716915258,0.29212814020984557,False
4.959999999999991,0.3483770486796123,1.8588235294117648,1.8588235294117648,0.04274463967717473,0.4102137381365511,68.47421272703778,0.14836657938614028,0.26661657827523705,0.2923946744504739,False
4.960999999999991,0.3484110476274688,1.8588235294117648,1.8588235294117648,0.04274463967717473,0.4119370040000713,68.49801687035368,0.10639206034304223,0.2667248110551561,0.29266134000959015,False
4.961999999999992,0.3484441869056998,1.8588235294117648,1.8588235294117648,0.04274463967717473,0.41348794327723937,68.52115853829456,0.06885259942306601,0.26679550481775,0.29292809690900284,False
4.962999999999992,0.3484764664325374,1.8588235294117648,1.8588235294117648,0.04274463967717473,0.4148837886266907,68.54370024940826,0.03524066494109762,0.26683258684639016,0.2931949093769348,False
4.963999999999992,0.34850788612833505,1.8588235294117648,1.8588235294117648,0.04274463967717473,0.41614004944119676,68.56568699686031,0.005156733932969298,0.26683958492700743,0.2934617453891227,False
4.964999999999993,0.3485384459155679,1.8588235294117648,1.8588235294117648,0.04274463967717473,0.41727068417425217,68.58722787906164,-0.021702882001456678,0.2668197231802868,0.29372857631244276,False
4.965999999999993,0.3485681457188326,1.8588235294117648,1.8588235294117648,0.04274463967717473,0.418288255434002,68.60818855066229,-0.04564815894203429,0.2667759157718568,0.29399537659841546,False
4.966999999999993,0.3485969854648479,1.8588235294117648,1.8588235294117648,0.04274463967717473,0.41920406956777684,68.62886226821948,-7.264683387093423,0.25951304280293175,0.2942588844944217,False
4.967999999999994,0.34862496508245455,1.8588235294117648,1.8588235294117648,0.04274463967717473,0.4200283022881741,68.6491951849919,-8.700279195897695,0.25081451783866165,0.2945144834659298,False
4.968999999999994,0.34865208450261564,1.8588235294117648,1.8588235294117648,0.04274463967717473,0.4207701117365317,68.66910892942555,-8.537560095976673,0.24227865251277447,0.2947614571003576,False
4.969999999999994,0.3486783436584167,1.8588235294117648,1.8588235294117648,0.04274463967717473,0.4214377402400535,68.688744659995,-7.973053599446585,0.2343072370196723,0.29500014886326753,False
4.970999999999995,0.3487037424850659,1.8588235294117648,1.8588235294117648,0.04274463967717473,0.42203860589322306,68.70811643949769,-7.344829756884595,0.2269639928740428,0.2952311518797862,False
4.971999999999995,0.3487282809198941,1.8588235294117648,1.8588235294117648,0.04274463967717473,0.4225793849810757,68.72724418829131,-6.7449493159285145,0.22022058089992275,0.2954550815692716,False
4.972999999999995,0.3487519589023553,1.8588235294117648,1.8588235294117648,0.04274463967717473,0.42306608616014296,68.74615288131369,-6.195214434147606,0.2140268594766987,0.29567251520076704,False
4.973999999999996,0.34877477637402615,1.8588235294117648,1.8588235294117648,0.04274463967717473,0.4235041172213036,68.7648562242692,1.4368998030786777,0.21546524106013587,0.29588718955392873,False
4.974999999999996,0.34879673327860705,1.8588235294117648,1.8588235294117648,0.04274463967717473,0.42389834517634806,68.78342254968446,3.3471257294475354,0.21881386629283087,0.29610416190057953,False
4.975999999999996,0.3488178295619214,1.8588235294117648,1.8588235294117648,0.04274463967717473,0.4242531503358881,68.80175118486977,3.584324156421187,0.2223997139210352,0.2963245896260873,False
4.976999999999997,0.34883806517191634,1.8588235294117648,1.8588235294117648,0.04274463967717473,0.42457247497947415,68.81994701352238,3.372353706595193,0.22577361484046993,0.2965485078268095,False
4.977999999999997,0.34885744005866237,1.8588235294117648,1.8588235294117648,0.04274463967717473,0.4248598671587015,68.83801466886162,3.059026612735089,0.22883421052185224,0.2967756589444373,False
4.978999999999997,0.348875954174354,1.8588235294117648,1.8588235294117648,0.04274463967717473,0.42511852012000617,68.8559563074401,2.741785631381762,0.23157758489723046,0.2970057279111758,False
4.979999999999998,0.34889360747330944,1.8588235294117648,1.8588235294117648,0.04274463967717473,0.4253513077851804,68.87378663010938,2.4465265933769036,0.2340257178101467,0.297238407396329,False
4.980999999999998,0.3489103999119709,1.8588235294117648,1.8588235294117648,0.04274463967717473,0.4255608166838371,68.89153342375866,2.1783468476176595,0.23620568662615066,0.29747341434295443,False
4.981999999999998,0.3489263314489047,1.8588235294117648,1.8588235294117648,0.04274463967717473,0.42574937469262825,68.90914182555342,1.936448455851166,0.23814377095635644,0.2977104924125133,False
4.982999999999999,0.34894140204480145,1.8588235294117648,1.8588235294117648,0.04274463967717473,0.4259190769005402,68.92670710304414,1.7181399041626264,0.23986355906840054,0.2979494103349995,False
4.983999999999999,0.3489556116624759,1.8588235294117648,1.8588235294117648,0.04274463967717473,0.42607180888766094,68.94414494082712,1.522052619818803,0.24138727081449615,0.29818995981291135,False
4.984999999999999,0.34896896026686725,1.8588235294117648,1.8588235294117648,0.04274463967717473,0.4262092676760696,68.9615539584916,1.3457675233611215,0.24273470711088763,0.29843195368010045,False
4.986,0.34898144782503904,1.8588235294117648,1.8588235294117648,0.04274463967717473,0.42633298058563746,68.97884754642982,1.1873860849883733,0.24392377047294786,0.29867522371707395,False
4.987,0.3489930743061796,1.8588235294117648,1.8588235294117648,0.04274463967717473,0.4264443222042485,68.99609519942115,1.0450221889642577,0.24497047741617436,0.29891961875817213,False
4.988,0.34900383968160165,1.8588235294117648,1.8588235294117648,0.04274463967717473,0.4265445296609983,69.0133200447477,0.9172404750094012,0.24588940920047833,0.2991650030084017,False
4.989000000000001,0.34901374392474277,1.8588235294117648,1.8588235294117648,0.04274463967717473,0.4266347163720733,69.03044775645728,0.802295034313738,0.24669340127044914,0.2994112544684269,False
4.990000000000001,0.3490227870111651,1.8588235294117648,1.8588235294117648,0.04274463967717473,0.42671588441204067,69.04753654792565,0.6991454382524412,0.24739424872639823,0.29965826350621444,False
4.991000000000001,0.34903096891855595,1.8588235294117648,1.8588235294117648,0.04274463967717473,0.4267889356480114,69.06457993557329,0.6064917996243827,0.24800244685751638,0.2999059316999279,False
4.992000000000002,0.34903828962672706,1.8588235294117648,1.8588235294117648,0.04274463967717473,0.426854681760385,69.08157951604323,0.5232485308835866,0.24852740543343635,0.30015417063454697,False
4.993000000000002,0.3490447491176154,1.8588235294117648,1.8588235294117648,0.04274463967717473,0.42691385326152126,69.09853765292608,0.44855465522094246,0.2489776733083985,0.3004029009174183,False
4.994000000000002,0.3490503473752828,1.8588235294117648,1.8588235294117648,0.04274463967717473,0.42696710761254386,69.11545607548169,0.38157272352899946,0.24936096194309987,0.3006520513279239,False
4.995000000000003,0.34905508438591615,1.8588235294117648,1.8588235294117648,0.04274463967717473,0.42701503652846423,69.13233729662821,0.32152977596741233,0.24968420988844184,0.30090155800910506,False
4.996000000000003,0.3490589601378273,1.8588235294117648,1.8588235294117648,0.04274463967717473,0.42705817255279255,69.14918267814419,0.26767406986329323,0.24995360399744623,0.301151363704297,False
4.997000000000003,0.34906197462145316,1.8588235294117648,1.8588235294117648,0.04274463967717473,0.42709699497468806,69.1659944207857,0.2194289028290415,0.25017475446107224,0.30140141708419566,False
4.998000000000004,0.349064127829356,1.8588235294117648,1.8588235294117648,0.04274463967717473,0.42713193515439396,69.18277342634894,0.17622466172090473,0.2503527018935052,0.30165167217338423,False
4.999000000000004,0.3490654197562228,1.8588235294117648,1.8588235294117648,0.04274463967717473,0.4271633813161293,69.19952164505348,0.13754850386184564,0.2504919740989243,0.30190208780630073,False
5.0,0.3490658503988659,1.8588235294117648,1.8588235294117648,0.04274463967717473,0.4271916828616911,69.21623955055502,0.10295940219902679,0.2505966578838811,0.3021526271467428,False
