time,ref.q_ref,sensor_ref.U_q,sensor_state.U_q,pid.I_out,pid.u,drive.torque,Pendulum.alpha,Pendulum.omega,Pendulum.q,Pendulum.wall_hit
s,rad,V,V,-,-,m·N,rad/s²,rad/s,rad,-
0.0,0.0,1.4941176470588236,1.4941176470588236,0.0,0.0,-0.0,0.0,0.0,0.0,False
0.0,0.0,1.4941176470588236,1.4941176470588236,0.0,0.0,-0.0,-0.0,0.0,0.0,False
0.001,0.0005483111301320963,1.4941176470588236,1.4941176470588236,0.0,0.0,0.0,0.0,0.0,0.0,False
0.002,0.001096620907360985,1.4941176470588236,1.4941176470588236,0.0,0.0,0.0,0.0,0.0,0.0,False
0.003,0.0016449279787867964,1.4941176470588236,1.4941176470588236,0.0,0.0,0.0,0.0,0.0,0.0,False
0.004,0.002193230991516338,1.4941176470588236,1.4941176470588236,0.0,0.0,0.0,0.0,0.0,0.0,False
0.005,0.0027415285926664303,1.4941176470588236,1.4941176470588236,0.0,0.0,0.0,0.0,0.0,0.0,False
0.006,0.0032898194293672473,1.4941176470588236,1.4941176470588236,0.0,0.0,0.0,0.0,0.0,0.0,False
0.007,0.0038381021487656542,1.4941176470588236,1.4941176470588236,0.0,0.0,0.0,0.0,0.0,0.0,False
0.008,0.004386375398028544,1.4941176470588236,1.4941176470588236,0.0,0.0,0.0,0.0,0.0,0.0,False
0.009000000000000001,0.004934637824346175,1.4941176470588236,1.4941176470588236,0.0,0.0,0.0,0.0,0.0,0.0,False
0.010000000000000002,0.005482888074935513,1.4941176470588236,1.4941176470588236,0.0,0.0,0.0,0.0,0.0,0.0,False
0.011000000000000003,0.0060311247970435645,1.5058823529411764,1.4941176470588236,5.882352941176455e-05,1.0,115.57525070383126,0.0,0.0,0.0,False
0.012000000000000004,0.006579346637950715,1.5058823529411764,1.4941176470588236,0.0001176470588235291,1.0,148.66308671359707,6.1149427496548405,0.006114969197995534,2.7517387839330365e-06,False
0.013000000000000005,0.00712755224497407,1.5058823529411764,1.4941176470588236,0.00017647058823529367,0.9770588235294081,155.3894166425126,7.8654627826728465,0.013980510081129036,1.2406211393415635e-05,False
0.014000000000000005,0.007675740265470789,1.5058823529411764,1.4941176470588236,0.0002352941176470582,0.891882352941173,147.35034762267182,8.221114905471614,0.022201761325388186,3.0086303207362483e-05,False
0.015000000000000006,0.008223909346841425,1.5058823529411764,1.4941176470588236,0.00029411764705882274,0.8152823529411732,136.07018215470595,7.795438286645776,0.02999739337394377,5.579612633301484e-05,False
0.016000000000000007,0.008772058136533267,1.5058823529411764,1.4941176470588236,0.0003529411764705873,0.7464011764705852,124.76005054892481,7.198179622979588,0.037195820371681856,8.903284740543377e-05,False
0.017000000000000008,0.009320185282043657,1.5058823529411764,1.4941176470588236,0.0004117647058823518,0.6844669411764679,114.26023880009835,6.599244664135696,0.04379536171112171,0.00012919850445395335,False
0.01800000000000001,0.009868289430923357,1.5058823529411764,1.4941176470588236,0.00047058823529411636,0.6287849529411739,104.70984668411658,6.0430997560857715,0.04983880331096463,0.0001757134648546242,False
0.01900000000000001,0.010416369230779864,1.5058823529411764,1.4941176470588236,0.0005294117647058809,0.5787299870588212,96.10266198168854,5.537111531135624,0.055376298062508725,0.00022804419708931722,False
0.02000000000000001,0.010964423329280755,1.5058823529411764,1.4941176470588236,0.0005882352941176455,0.5337393412941154,88.34893762657026,5.08095764390136,0.06045767687180887,0.0002857071776919328,False
0.02100000000000001,0.011512450374157022,1.5058823529411764,1.4941176470588236,0.0006470588235294101,0.49330658363529206,81.37754494464073,4.669895372946527,0.06512802826218393,0.00034826658008202556,False
0.022000000000000013,0.012060449013206413,1.5058823529411764,1.4941176470588236,0.0007058823529411747,0.45697592527176284,75.1134119503974,4.300166509819969,0.06942868285727408,0.00041532997519474205,False
0.023000000000000013,0.012608417894296753,1.5058823529411764,1.4941176470588236,0.0007647058823529393,0.4243371562739983,69.47913700067737,3.96780369083473,0.07339700419781078,0.000486544479444535,False
0.024000000000000014,0.013156355665369306,1.5058823529411764,1.4941176470588236,0.0008235294117647039,0.3950210877054219,64.41693965366672,3.66871582670767,0.07706626498688818,0.0005615927319482831,False
0.025000000000000015,0.013704260974442089,1.5058823529411764,1.4941176470588236,0.0008823529411764685,0.36869544952311484,59.86913413465611,3.3998495495513867,0.08046668478635757,0.000640189270647057,False
0.026000000000000016,0.014252132469613219,1.5058823529411764,1.4941176470588236,0.000941176470588233,0.3450611986884504,55.782860724918145,3.1581561221323367,0.08362543462549242,0.0007220774812354761,False
0.027000000000000017,0.01479996879906424,1.5058823529411764,1.4941176470588236,0.0009999999999999976,0.32384919646666405,52.11286386431176,2.940841809699407,0.08656689198259769,0.0008070266633676694,False
0.028000000000000018,0.015347768611063475,1.5058823529411764,1.4941176470588236,0.0010588235294117622,0.3048172179964681,48.81726896567319,2.7455149010468727,0.08931304279015637,0.0008948294180057749,False
0.02900000000000002,0.015895530553969337,1.5058823529411764,1.4941176470588236,0.0011176470588235268,0.2877472609027037,45.85894304854037,2.5699622939909013,0.09188366002738409,0.0009852993362382601,False
0.03000000000000002,0.016443253276233687,1.5058823529411764,1.4941176470588236,0.0011764705882352914,0.27244312304772744,43.20348168378416,2.4122215127581903,0.09429655433177116,0.0010782688990995633,False
0.03100000000000002,0.01699093542640515,1.5176470588235293,1.4941176470588236,0.0012941176470588206,1.0,126.49347643367405,2.2704742239718247,0.09656771812795659,0.001173587580084301,False
0.03200000000000002,0.01753857565313247,1.5176470588235293,1.4941176470588236,0.0014117647058823498,1.0,150.30332884264425,6.675965178921978,0.1032444083056695,0.001273159916098166,False
0.03300000000000002,0.018086172605167823,1.5176470588235293,1.4941176470588236,0.001529411764705879,1.0,157.01734501981738,7.934322298791785,0.11117950917578326,0.0013799752348650632,False
0.03400000000000002,0.018633724931370166,1.5176470588235293,1.4941176470588236,0.0016470588235294082,1.0,158.81657826850685,8.28804856589657,0.11946839504424958,0.0014948848664845125,False
0.035000000000000024,0.019181231280708564,1.5176470588235293,1.4941176470588236,0.0017647058823529373,1.0,159.2056922281767,8.381629057041382,0.12785092156020136,0.0016181255312669996,False
0.036000000000000025,0.019728690302265532,1.5176470588235293,1.4941176470588236,0.0018823529411764665,0.9553550810497219,154.0268955739347,8.400491473018985,0.13625237100027515,0.0017497572469534247,False
0.037000000000000026,0.020276100645240346,1.5176470588235293,1.4941176470588236,0.0019999999999999957,0.8864078082388671,144.44730393697571,8.124652439513381,0.1443780407766985,0.0018896663201964019,False
0.03800000000000003,0.020823460958952406,1.5176470588235293,1.4941176470588236,0.002117647058823525,0.8244729097679216,134.428413579671,7.615867945559067,0.15199498243342346,0.002037472144128096,False
0.03900000000000003,0.021370769892844546,1.5176470588235293,1.4941176470588236,0.002235294117647054,0.7688491482028941,125.01258305002254,7.083743872360245,0.1590798526229412,0.0021926554855622384,False
0.04000000000000003,0.021918026096486385,1.5176470588235293,1.4941176470588236,0.0023529411764705833,0.7189054098531926,116.43088096414799,6.583437225507971,0.1656644650736193,0.00235469858864781,False
0.04100000000000003,0.022465228219577638,1.5176470588235293,1.4941176470588236,0.0024705882352941124,0.6740736923972851,108.69136182594617,6.127179927194794,0.17179286571825267,0.002523121015793842,False
0.04200000000000003,0.023012374911951457,1.5176470588235293,1.4941176470588236,0.0025882352941176416,0.6338427937457916,101.73221687227169,5.715403850920047,0.17750953268251057,0.0026974865698767684,False
0.04300000000000003,0.023559464823577778,1.5176470588235293,1.4941176470588236,0.002705882352941171,0.5977526320182712,95.48031592546768,5.344843906133942,0.18285567930801291,0.0028774020627925475,False
0.04400000000000003,0.02410649660456662,1.5176470588235293,1.4941176470588236,0.0028235294117647,0.5653891335223266,89.86867600015927,5.011635479428894,0.187868654603345,0.0030625137808717876,False
0.04500000000000003,0.024653468905171453,1.5176470588235293,1.4941176470588236,0.002941176470588229,0.5363796319347998,84.83150830823243,4.712238730979618,0.1925822679911875,0.003252503766678877,False
0.046000000000000034,0.025200380375792485,1.5176470588235293,1.4941176470588236,0.0030588235294117584,0.5103887275648492,80.31636611332671,4.443176582213861,0.19702685204432574,0.0034470863076534845,False
0.047000000000000035,0.025747229666980044,1.5176470588235293,1.4941176470588236,0.0031764705882352876,0.48711456069071707,76.26288002035126,4.201677488882136,0.20122996799796028,0.003646004776737751,False
0.048000000000000036,0.026294015429437847,1.5176470588235293,1.4941176470588236,0.0032941176470588167,0.4662854575628216,72.62976991231237,3.984550383838849,0.2052159862050189,0.003849028672240416,False
0.04900000000000004,0.02684073631402639,1.5176470588235293,1.4941176470588236,0.003411764705882346,0.4476569118065393,69.37871001240502,3.789613889315289,0.2090070958068985,0.004055950881303365,False
0.05000000000000004,0.02738739097176624,1.5176470588235293,1.4941176470588236,0.003529411764705875,0.43100886768470875,66.46374857614741,3.6148426600584047,0.2126234607509319,0.004266585568895669,False
0.05100000000000004,0.027933978053841364,1.5294117647058822,1.4941176470588236,0.0037058823529411687,1.0,131.33348564339443,3.4578076180257034,0.21608281604125343,0.004480765970930042,False
0.05200000000000004,0.028480496211602483,1.5294117647058822,1.4941176470588236,0.0038823529411764622,1.0,149.8511978754037,6.887132245132355,0.22297153572658582,0.004699948947456061,False
0.05300000000000004,0.029026944096570355,1.5294117647058822,1.4941176470588236,0.004058823529411756,1.0,155.0470485195115,7.863918386482965,0.230837095434229,0.004926460229548357,False
0.05400000000000004,0.029573320360439154,1.5294117647058822,1.4941176470588236,0.00423529411764705,1.0,156.41336459764435,8.135752555518877,0.2389745471842075,0.0051609594313895505,False
0.05500000000000004,0.030119623655079763,1.5294117647058822,1.4941176470588236,0.004411764705882343,1.0,156.67942591473903,8.204862562163495,0.24718116789696817,0.00540362721984245,False
0.05600000000000004,0.0306658526325431,1.5294117647058822,1.5058823529411764,0.004529411764705872,-0.06775648693700516,33.22296167369928,8.215651495620518,0.25539863674535107,0.0056545065195471285,False
0.057000000000000044,0.031212005945063476,1.5294117647058822,1.5058823529411764,0.004647058823529401,-0.031745544125657624,1.9149917042689593,1.680327740728156,0.257080812806104,0.005910662412404148,False
0.058000000000000045,0.031758082245061874,1.5294117647058822,1.5058823529411764,0.00476470588235293,0.0007819514633786856,-3.3143242827944266,0.020482696267701793,0.25710314876656803,0.0061677535543773684,False
0.059000000000000045,0.03230408018514931,1.5294117647058822,1.5058823529411764,0.004882352941176458,0.030174344552334788,-1.4146293145053237,-0.259563703182919,0.2568454372744025,0.006424741010859959,False
0.060000000000000046,0.03284999841813015,1.5294117647058822,1.5058823529411764,0.004999999999999987,0.05674514539121888,2.2041653877067486,-0.1624179659094267,0.25668487007888524,0.006681514470546777,False
0.06100000000000005,0.0333958355970054,1.5294117647058822,1.5058823529411764,0.005117647058823516,0.0807765132050382,6.0201180459292285,0.025684737156004868,0.25671240523935474,0.006938212009005536,False
0.06200000000000005,0.0339415903749761,1.5294117647058822,1.5058823529411764,0.005235294117647045,0.10252239129629907,9.625471806315364,0.2242173581445895,0.2569384740746559,0.007195026422893585,False
0.06300000000000004,0.03448726140544659,1.5294117647058822,1.5058823529411764,0.0053529411764705725,0.12221132863725732,12.929700495507177,0.4116033258209464,0.2573519313142614,0.007452151230723846,False
0.06400000000000004,0.035032847342027836,1.5294117647058822,1.5058823529411764,0.005470588235294101,0.14004901930294342,15.9309459399139,0.5830506229976476,0.25793683956937913,0.00770976664927137,False
0.06500000000000004,0.03557834683854078,1.5294117647058822,1.5058823529411764,0.00558823529411763,0.15622058796088412,18.650297877380858,0.7384587832218373,0.2586771608694347,0.007968036912643339,False
0.06600000000000004,0.03612375854901964,1.5294117647058822,1.5058823529411764,0.005705882352941159,0.1708926468118543,21.11299047326427,0.8789416962988132,0.25955797102285694,0.008227110718160045,False
0.06700000000000005,0.03666908112771523,1.5294117647058822,1.5058823529411764,0.0058235294117646875,0.18421514683655119,23.344497640826425,1.0058327175872581,0.2605656790916089,0.008487122438898742,False
0.06800000000000005,0.037214313229098316,1.5294117647058822,1.5058823529411764,0.005941176470588216,0.196323043917602,25.367213840860384,1.1204780574896764,0.261688040255899,0.008748193462737742,False
0.06900000000000005,0.03775945350786286,1.5294117647058822,1.5058823529411764,0.006058823529411745,0.20733779834937124,27.20016559617118,1.2240611489705884,0.26291399304574214,0.009010433465230241,False
0.07000000000000005,0.03830450061892944,1.5294117647058822,1.5058823529411764,0.006176470588235274,0.21736872439678712,28.866240230358382,1.3175873695970517,0.26423348129332275,0.009273941512833913,False
0.07100000000000005,0.03884945321744848,1.5411764705882354,1.5058823529411764,0.006352941176470568,1.0,119.77716967908621,1.402266492989996,0.26563765853717924,0.009538807160196115,False
0.07200000000000005,0.039394309958803615,1.5411764705882354,1.5058823529411764,0.006529411764705863,1.0,145.78131660897037,6.208760979781005,0.27184836117276734,0.009807239924824797,False
0.07300000000000005,0.039939069498615,1.5411764705882354,1.5058823529411764,0.006705882352941157,1.0,153.13099781959667,7.581008605871814,0.2794313621328268,0.010082500933643098,False
0.07400000000000005,0.04048373049274262,1.5411764705882354,1.5058823529411764,0.0068823529411764514,1.0,155.11827123018006,7.966164190055836,0.2873995749976455,0.010365518297143403,False
0.07500000000000005,0.04102829159728962,1.5411764705882354,1.5058823529411764,0.007058823529411746,1.0,155.56479622087392,8.06749475712582,0.2954691762986264,0.01065654950696326,False
0.07600000000000005,0.04157275146860561,1.5411764705882354,1.5058823529411764,0.00723529411764704,1.0,155.56863461339802,8.087199897562352,0.30355854098622675,0.010955659220340757,False
0.07700000000000005,0.042117108763289966,1.5411764705882354,1.5058823529411764,0.007411764705882335,0.9516455314477121,149.85642815504366,8.083376920242664,0.3116441409826267,0.011262856613038568,False
0.07800000000000006,0.0426613621381952,1.5411764705882354,1.5058823529411764,0.007588235294117629,0.9009515665382349,142.24608362734688,7.777019189046154,0.31942344019756497,0.011578001778989842,False
0.07900000000000006,0.04320551025043019,1.5411764705882354,1.5058823529411764,0.007764705882352924,0.8555034687079408,134.68796162213332,7.3701332027573665,0.3267959077324646,0.011900743178133976,False
0.08000000000000006,0.04374955175736358,1.5411764705882354,1.5058823529411764,0.007941176470588219,0.8147766512489116,127.70341852845014,6.965916040475124,0.3337642094895147,0.012230675178008065,False
0.08100000000000006,0.044293485316627,1.5411764705882354,1.5058823529411764,0.008117647058823514,0.7782989861240208,121.38724510616352,6.591957302904202,0.3403586011101456,0.012567407227448873,False
0.08200000000000006,0.044837309586118514,1.5411764705882354,1.5058823529411764,0.00829411764705881,0.7456455580998539,115.7015206560947,6.253276974681571,0.3466143584602211,0.012910581290070467,False
0.08300000000000006,0.045381023224005765,1.5411764705882354,1.5058823529411764,0.008470588235294105,0.7164339434663389,110.59741706129745,5.947872950312096,0.35256475554572064,0.013259873704553102,False
0.08400000000000006,0.045924624888729386,1.5411764705882354,1.5058823529411764,0.0086470588235294,0.6903199608844112,106.02969125316112,5.673165602134325,0.35824048697364436,0.013614992922888338,False
0.08500000000000006,0.04646811323900634,1.5411764705882354,1.5058823529411764,0.008823529411764695,0.6669938471489114,101.93558615105941,5.426764595889216,0.363669857227639,0.013975677016151381,False
0.08600000000000006,0.04701148693383313,1.5411764705882354,1.5058823529411764,0.00899999999999999,0.646176815375197,98.27480414179706,5.2053525958929425,0.36887785364533415,0.014341690867214535,False
0.08700000000000006,0.047554744632489196,1.5411764705882354,1.5058823529411764,0.009176470588235286,0.6276179573670894,95.00496500792407,5.006800261055463,0.37388733439416116,0.014712823388187243,False
0.08800000000000006,0.04809788499454015,1.5411764705882354,1.5058823529411764,0.009352941176470581,0.6110914557480275,92.07800892813901,4.828867775296237,0.3787189179805363,0.01508888534152267,False
0.08900000000000007,0.04864090667984115,1.5411764705882354,1.5058823529411764,0.009529411764705877,0.5963940748791072,89.46718412848408,4.669014564776376,0.38339068247465624,0.015469706965005284,False
0.09000000000000007,0.04918380834854018,1.5411764705882354,1.5058823529411764,0.009705882352941172,0.5833429026853144,87.14169523986853,4.525827216024255,0.3879192926574264,0.015855135938528504,False
0.09100000000000007,0.04972658866108131,1.5411764705882354,1.5058823529411764,0.009882352941176467,0.5717733182991357,85.067107563115,4.397678163944003,0.39231978585772215,0.016245035874430564,False
0.09200000000000007,0.0502692462782081,1.5529411764705883,1.5176470588235293,0.010058823529411762,0.5615371629398104,83.2225041191012,4.282747103570447,0.39660537919995364,0.016639284603302006,False
0.09300000000000007,0.050811779860966806,1.5529411764705883,1.5176470588235293,0.010235294117647058,0.5525010937046533,81.58418001514407,4.179928773244617,0.40078818463734295,0.017037772675544585,False
0.09400000000000007,0.05135418807070977,1.5529411764705883,1.5176470588235293,0.010411764705882353,0.5445451019812471,80.1323404683439,4.087970254090829,0.40487906128610135,0.017440402189749158,False
0.09500000000000007,0.05189646956909863,1.5529411764705883,1.5176470588235293,0.010588235294117648,0.5375611800184165,78.84703822473323,4.005825371392448,0.40888782216145014,0.01784708563288863,False
0.09600000000000007,0.05243862301810772,1.5529411764705883,1.5176470588235293,0.010764705882352944,0.531452120840104,77.70995552131372,3.932439760985078,0.4128232259805964,0.018257744830527188,False
0.09700000000000007,0.052980647080027275,1.5529411764705883,1.5176470588235293,0.010941176470588239,0.5261304381678581,76.7092721199087,3.866845164518792,0.41669306326131916,0.018672309931265514,False
0.09800000000000007,0.0535225404174668,1.5529411764705883,1.5176470588235293,0.011117647058823534,0.5215173943510725,75.83056414089691,3.80841700325698,0.42050449999608924,0.019090718593193848,False
0.09900000000000007,0.05406430169335837,1.5529411764705883,1.5176470588235293,0.01129411764705883,0.5175421255042005,75.06056545398644,3.7563928528498844,0.4242639398013569,0.019512915297333087,False
0.10000000000000007,0.05460592957095988,1.5529411764705883,1.5176470588235293,0.011470588235294125,0.5141408541302511,74.38922912536577,3.710071464647788,0.42797708508802024,0.019938850612784716,False
0.10100000000000008,0.055147422713858404,1.5529411764705883,1.5176470588235293,0.01164705882352942,0.5112561804819323,73.80670501359876,3.668921843136217,0.43164910731024186,0.0203684805721365,False
0.10200000000000008,0.055688779785973405,1.5529411764705883,1.5176470588235293,0.011823529411764715,0.5088364447866801,73.30365034858573,3.632423340250419,0.4352846573091146,0.020801766145159852,False
0.10300000000000008,0.05622999945156015,1.5529411764705883,1.5176470588235293,0.01200000000000001,0.5068351532491884,72.87276849122019,3.6000820944854075,0.43888789209558404,0.021238672730248518,False
0.10400000000000008,0.05677108037521292,1.5529411764705883,1.5176470588235293,0.012176470588235306,0.5052104614536811,72.50605624780022,3.571512451070904,0.44246258305409064,0.021679169709279605,False
0.10500000000000008,0.057312021221868306,1.5529411764705883,1.5176470588235293,0.012352941176470601,0.50392470942596,72.19781320029168,3.546291325218138,0.4460120785096087,0.022123230045141776,False
0.10600000000000008,0.057852820656808544,1.5529411764705883,1.5176470588235293,0.012529411764705897,0.5029440031892465,71.94150148627521,3.5241174278074947,0.44953942552079246,0.0225708299134823,False
0.10700000000000008,0.058393477345664774,1.5529411764705883,1.5176470588235293,0.012705882352941192,0.5022378381644397,71.73248849727248,3.5046451234830553,0.4530473255313749,0.02302194838148355,False
0.10800000000000008,0.0589339899544204,1.5529411764705883,1.5176470588235293,0.012882352941176487,0.5017787602303483,71.56554173031553,3.4876295482018906,0.45653823513942504,0.023476567107593868,False
0.10900000000000008,0.05947435714941426,1.5529411764705883,1.5176470588235293,0.013058823529411782,0.5015420606779016,71.43666386311136,3.4727940675627003,0.4600143343250864,0.023934670082384146,False
0.11000000000000008,0.06001457759734403,1.5529411764705883,1.5176470588235293,0.013235294117647078,0.5015055016689354,71.34246523574303,3.459927372164133,0.4634775917738649,0.024396243381325088,False
0.11100000000000008,0.06055464996526945,1.5529411764705883,1.5176470588235293,0.013411764705882373,0.5016490691491005,71.2786764073686,3.4488502787774715,0.46692979700141624,0.024861274967948523,False
0.11200000000000009,0.06109457292061564,1.5647058823529412,1.5176470588235293,0.013647058823529432,1.0,128.80450252534948,3.4393370337318,0.4703725137816105,0.025329754493719946,False
0.11300000000000009,0.061634345131176375,1.5647058823529412,1.5176470588235293,0.013882352941176491,1.0,145.22032849724178,6.4767737069844635,0.4768527051370067,0.02580304360485909,False
0.11400000000000009,0.06217396526511739,1.5647058823529412,1.5176470588235293,0.01411764705882355,1.0,149.82026807043778,7.339028668637005,0.48419520183755865,0.026283200952130135,False
0.11500000000000009,0.06271343199097965,1.5647058823529412,1.5176470588235293,0.01435294117647061,1.0,151.02445463936635,7.576018572684845,0.4917747423333656,0.026770807473842126,False
0.11600000000000009,0.06325274397768263,1.5647058823529412,1.5176470588235293,0.01458823529411767,1.0,151.2528091828635,7.633242790175248,0.4994115618658235,0.02726601931982699,False
0.11700000000000009,0.06379189989452762,1.5647058823529412,1.5294117647058822,0.014764705882352964,0.07474326648708125,44.26357597150138,7.638736645220844,0.5070539302584798,0.027768870490581073,False
0.11800000000000009,0.06433089841120097,1.5647058823529412,1.5294117647058822,0.01494117647058826,0.11909246925013786,18.642524055764493,1.9713812220968456,0.5090289737435749,0.028276813739321945,False
0.11900000000000009,0.06486973819777744,1.5647058823529412,1.5294117647058822,0.015117647058823555,0.15918322232512425,15.911097643285103,0.6091226995253425,0.5096417669952218,0.02878611902048076,False
0.12000000000000009,0.06540841792472343,1.5647058823529412,1.5294117647058822,0.01529411764705885,0.19544137068084694,19.3104296081026,0.457925893568928,0.5101033671487734,0.02929596905858597,False
0.1210000000000001,0.06594693626290024,1.5647058823529412,1.5294117647058822,0.015470588235294146,0.22825017478923298,24.068449042053757,0.6310948319456126,0.5107381402603465,0.02980635862524139,False
0.1220000000000001,0.06648529188356742,1.5647058823529412,1.5294117647058822,0.01564705882352944,0.2579545690750158,28.853859389388102,0.876140999424085,0.511617965116409,0.030317493239077023,False
0.1230000000000001,0.06702348345838598,1.5647058823529412,1.5294117647058822,0.015823529411764736,0.28486499452045566,33.320756244247114,1.122623519262995,0.5127442798399603,0.030829618599257994,False
0.1240000000000001,0.06756150965942172,1.5647058823529412,1.5294117647058822,0.01600000000000003,0.3092608480095868,37.40171257718054,1.352237784420139,0.5141002178780644,0.03134297360596188,False
0.12500000000000008,0.06809936915914845,1.5647058823529412,1.5294117647058822,0.016176470588235323,0.33139358673803965,41.10742458428221,1.5614134085635594,0.5156653421543722,0.031857778686058,False
0.12600000000000008,0.06863706063045134,1.5647058823529412,1.5294117647058822,0.01635294117647062,0.3514895221818832,44.467020456843855,1.7507136970449875,0.5174197787529549,0.032374234082739636,False
0.12700000000000009,0.06917458274663014,1.5647058823529412,1.5294117647058822,0.016529411764705914,0.3697523346695776,47.51252121548166,1.9216774263852758,0.5193451923977551,0.032892520857651285,False
0.12800000000000009,0.06971193418140247,1.5647058823529412,1.5294117647058822,0.01670588235294121,0.3863653364967373,50.27209140844186,2.075996660416616,0.5214249397516529,0.03341280249851479,False
0.1290000000000001,0.07024911360890705,1.5647058823529412,1.5294117647058822,0.016882352941176505,0.4014935087294169,52.77939886751244,2.2151596300458554,0.5236438655948555,0.033935226519350305,False
0.1300000000000001,0.07078611970370707,1.5647058823529412,1.5294117647058822,0.0170588235294118,0.4152853343270637,55.059313420859404,2.3409459279967115,0.5259885941987008,0.034459926079713564,False
0.1310000000000001,0.07132295114079334,1.5647058823529412,1.5294117647058822,0.017235294117647095,0.4278744479531814,57.12921226879302,2.454669820456568,0.5284470640099346,0.034987021554796736,False
0.1320000000000001,0.0718596065955877,1.5647058823529412,1.5294117647058822,0.01741176470588239,0.4393811208049221,59.01458421340252,2.557249298405153,0.5310081313832621,0.03551662167128459,False
0.1330000000000001,0.07239608474394613,1.576470588235294,1.5294117647058822,0.01764705882352945,1.0,124.31015115591607,2.650031668302138,0.5336619999053014,0.03604882461845952,False
0.1340000000000001,0.07293238426216213,1.576470588235294,1.5294117647058822,0.01788235294117651,1.0,142.96141520720602,6.09773341935513,0.5397636041245161,0.036585232919567105,False
0.1350000000000001,0.07346850382696996,1.576470588235294,1.5294117647058822,0.018117647058823568,1.0,148.20793437377193,7.077443017178713,0.5468449660537589,0.037128183722868635,False
0.1360000000000001,0.07400444211554788,1.576470588235294,1.5294117647058822,0.018352941176470627,1.0,149.60242013112878,7.34782585716428,0.5541967629230422,0.03767833759157912,False
0.1370000000000001,0.07454019780552147,1.576470588235294,1.5294117647058822,0.018588235294117687,1.0,149.887872240948,7.414304669606233,0.5616150917671446,0.038235873204507664,False
0.1380000000000001,0.07507576957496677,1.576470588235294,1.5294117647058822,0.018823529411764746,1.0,149.85561264142672,7.4220084992718185,0.5690411778238595,0.038800830645031904,False
0.1390000000000001,0.07561115610241372,1.576470588235294,1.5411764705882354,0.01900000000000004,0.0048839089406765845,34.72105271392741,7.412805459273523,0.5764581142015167,0.03937321006226353,False
0.1400000000000001,0.07614635606684926,1.576470588235294,1.5411764705882354,0.019176470588235336,0.06045434157602045,8.0685543041771,1.3135859472358378,0.577775858037759,0.03995026178459287,False
0.1410000000000001,0.0766813681477207,1.576470588235294,1.5411764705882354,0.019352941176470632,0.1106442015360655,6.2176961472550865,-0.1041388700277993,0.5776758803250436,0.04052799327685806,False
0.1420000000000001,0.07721619102493889,1.576470588235294,1.5411764705882354,0.019529411764705927,0.15599154608834132,10.931855184598476,-0.2096299048269404,0.5774704103038619,0.04110557731970352,False
0.1430000000000001,0.07775082337888158,1.576470588235294,1.5411764705882354,0.019705882352941222,0.19698062677362488,17.022017068963777,0.032229447608465286,0.577506799101399,0.04168306472886395,False
0.1440000000000001,0.07828526389039656,1.576470588235294,1.5411764705882354,0.019882352941176518,0.23404726997861544,23.04905026322343,0.34688967987142233,0.5778578496526399,0.04226073012477134,False
0.1450000000000001,0.078819511240805,1.576470588235294,1.5411764705882354,0.020058823529411813,0.26758371945134224,28.645098719637694,0.6582035854261374,0.5785202178811111,0.042838886664683266,False
0.1460000000000001,0.07935356411190467,1.576470588235294,1.5411764705882354,0.020235294117647108,0.2979429945650314,33.74604808873065,0.9467043045186736,0.579471092742155,0.043417835401633055,False
0.1470000000000001,0.07988742118597318,1.576470588235294,1.5411764705882354,0.020411764705882404,0.32544281275558706,38.37001163455682,1.2089959867169284,0.5806842671615048,0.04399785304936994,False
0.1480000000000001,0.0804210811457713,1.576470588235294,1.5411764705882354,0.0205882352941177,0.35036911971532236,42.556128625741536,1.4460337059099588,0.5821344889539645,0.044579190544241004,False
0.1490000000000001,0.08095454267454612,1.576470588235294,1.5411764705882354,0.020764705882352994,0.3729792665673193,46.345396921917754,1.6598853211197946,0.5837985736202429,0.04516207450084041,False
0.1500000000000001,0.08148780445603435,1.576470588235294,1.5411764705882354,0.02094117647058829,0.3935048693223522,49.77692654648031,1.852717318828949,0.5856555029897449,0.045746709324086775,False
0.1510000000000001,0.08202086517446554,1.576470588235294,1.5411764705882354,0.021117647058823585,0.41215438239011704,52.88633888652339,2.02659656520337,0.5876863256154391,0.046333279330731926,False
0.1520000000000001,0.08255372351456537,1.576470588235294,1.5411764705882354,0.02129411764705888,0.42911541473934084,55.70563074583052,2.183405583256568,0.5898739724448039,0.046921950733138464,False
0.1530000000000001,0.08308637816155885,1.576470588235294,1.5411764705882354,0.021470588235294175,0.444556814441877,58.261910975159154,2.324835336482434,0.5922030652730463,0.04751287343548024,False
0.1540000000000001,0.08361882780117358,1.588235294117647,1.5411764705882354,0.021705882352941235,1.0,123.15613682063552,2.4523183645075823,0.5946596583303039,0.048106182608306014,False
0.1550000000000001,0.08415107111964303,1.588235294117647,1.5411764705882354,0.021941176470588294,1.0,141.6964095639487,5.877991886944183,0.6005419572743873,0.048703489945952916,False
0.1560000000000001,0.08468310680370968,1.588235294117647,1.5411764705882354,0.022176470588235353,1.0,146.9136168058889,6.851038437873617,0.6073973491988939,0.0493071174811395,False
0.1570000000000001,0.08521493354062841,1.588235294117647,1.5529411764705883,0.02235294117647065,0.20876990242590432,56.855314166822474,7.119082925363388,0.6145208359951093,0.04991772105844277,False
0.1580000000000001,0.0857465500181696,1.588235294117647,1.5529411764705883,0.022529411764705944,0.247304676889196,35.41681786720577,2.3461240807519976,0.6168713944793659,0.0505333003104128,False
0.1590000000000001,0.08627795492462241,1.588235294117647,1.5529411764705883,0.02270588235294124,0.28216244449439387,33.27233841002295,1.2037514580938689,0.6180795921902142,0.051150716060543264,False
0.16000000000000011,0.0868091469487981,1.588235294117647,1.5529411764705883,0.022882352941176534,0.3137109059273077,36.28624689402966,1.082192444614259,0.6191662389194709,0.05176928531167396,False
0.16100000000000012,0.08734012478003314,1.588235294117647,1.5529411764705883,0.02305882352941183,0.342280991805165,40.434304646832125,1.233544075542088,0.62040424561281,0.052389009322735124,False
0.16200000000000012,0.08787088710819248,1.588235294117647,1.5529411764705883,0.023235294117647125,0.3681705396834719,44.59531432565879,1.4448853029434932,0.6218536032128349,0.053010066449803966,False
0.16300000000000012,0.08840143262367291,1.588235294117647,1.5529411764705883,0.02341176470588242,0.3916476033621835,48.477736799595974,1.6568918550159846,0.6235149785657558,0.05363266834409606,False
0.16400000000000012,0.08893176001740603,1.588235294117647,1.5529411764705883,0.023588235294117715,0.41295343126125955,52.02279501704153,1.854135985375941,0.6253736107093393,0.05425702038115339,False
0.16500000000000012,0.0894618679808618,1.588235294117647,1.5529411764705883,0.02376470588235301,0.4323051469586628,55.247654409251254,2.0335053842799615,0.6274116262516916,0.054883311774945105,False
0.16600000000000012,0.08999175520605143,1.588235294117647,1.5529411764705883,0.023941176470588306,0.449898161674561,58.17377613103673,2.19590601695363,0.6296120576411923,0.05551171427365759,False
0.16700000000000012,0.0905214203855309,1.588235294117647,1.5529411764705883,0.0241176470588236,0.46590834550710475,60.82868261358752,2.3424713471002865,0.631959070672489,0.05614238316791359,False
0.16800000000000012,0.09105086221240406,1.588235294117647,1.5529411764705883,0.024294117647058897,0.4804939815446295,63.23720828122231,2.474655733909252,0.6344382853915401,0.05677545856852708,False
0.16900000000000012,0.09158007938032581,1.588235294117647,1.5529411764705883,0.024470588235294192,0.49379752456663706,65.42782016932792,2.5937714974149246,0.6370366340663258,0.05741106679684293,False
0.17000000000000012,0.09210907058350538,1.588235294117647,1.5529411764705883,0.024647058823529487,0.5059471838746792,67.41699006047916,2.7013233181769407,0.6397425535576592,0.05804932178352727,False
0.17100000000000012,0.09263783451670958,1.588235294117647,1.5529411764705883,0.024823529411764782,0.5170583478401526,69.23137123207411,2.798181365594437,0.6425453508161252,0.05869032628763531,False
0.17200000000000013,0.09316636987526598,1.588235294117647,1.5529411764705883,0.025000000000000078,0.5272348659973138,70.88226053091502,2.8857546343831766,0.6454357417159944,0.059334173009177565,False
0.17300000000000013,0.09369467535506609,1.588235294117647,1.5529411764705883,0.025176470588235373,0.5365702029269942,72.39107899718128,2.964639743072225,0.6484050386856761,0.05998094563247837,False
0.17400000000000013,0.0942227496525687,1.588235294117647,1.5529411764705883,0.02535294117647067,0.5451484767519422,73.76811421498347,3.035969079100548,0.6514456864832424,0.060630719663829914,False
0.17500000000000013,0.09475059146480293,1.6,1.5647058823529412,0.025529411764705964,0.5530453937826528,75.02917125460178,3.1002860650341533,0.6545506732371662,0.061283563298791206,False
0.17600000000000013,0.09527819948937159,1.6,1.5647058823529412,0.02570588235294126,0.5603290896985056,76.18350668189824,3.1584261355644054,0.657713822463624,0.06193953809696695,False
0.17700000000000013,0.09580557242445437,1.6,1.5647058823529412,0.025882352941176554,0.5670608866110081,77.24304425538145,3.2108783282899935,0.660929446673924,0.06259869966151935,False
0.17800000000000013,0.09633270896881092,1.6,1.5647058823529412,0.02605882352941185,0.5732959744204955,78.21884474317454,3.2582728704236676,0.6641924885682526,0.06326109819170107,False
0.17900000000000013,0.09685960782178425,1.6,1.5647058823529412,0.026235294117647145,0.5790840240372696,79.11705844350858,3.301194392114177,0.667498475442953,0.06392677909252797,False
0.18000000000000013,0.0973862676833038,1.6,1.5647058823529412,0.02641176470588244,0.5844697392806013,79.94606091380858,3.339967771952039,0.6708432594420538,0.06459578344248905,False
0.18100000000000013,0.09791268725388871,1.6,1.5647058823529412,0.026588235294117735,0.5894933535878357,80.71268075258932,3.3750356767971255,0.6742231353483885,0.06526814837140041,False
0.18200000000000013,0.09843886523465106,1.6,1.5647058823529412,0.02676470588235303,0.594191077052582,81.4231106935377,3.406758971919992,0.67763475878484,0.06594390746623521,False
0.18300000000000013,0.09896480032729896,1.6,1.5647058823529412,0.026941176470588326,0.5985954987590886,82.08349062025258,3.435464921613906,0.6810751126158172,0.06662309111684471,False
0.18400000000000014,0.09949049123413985,1.6,1.5647058823529412,0.02711764705882362,0.6027359488831802,82.69817896418739,3.461478031693308,0.6845415041911205,0.06730572684195982,False
0.18500000000000014,0.10001593665808367,1.6,1.5647058823529412,0.027294117647058917,0.6066388245830974,83.27210572138974,3.485028587076676,0.6880314711269744,0.06799183957127833,False
0.18600000000000014,0.10054113530264608,1.6,1.5647058823529412,0.027470588235294212,0.6103278833012586,83.80923681110671,3.5063771445166423,0.6915428115796521,0.06868145188935473,False
0.18700000000000014,0.10106608587195165,1.6,1.5647058823529412,0.027647058823529507,0.6138245067358388,84.31326559189715,3.525733280134748,0.6950735332664982,0.0693745842732,False
0.18800000000000014,0.10159078707073699,1.6,1.5647058823529412,0.027823529411764802,0.6171479384151962,84.78697175964783,3.543292174236411,0.6986218390715603,0.0700712552953653,False
0.18900000000000014,0.10211523760435409,1.6,1.5647058823529412,0.028000000000000098,0.6203154975148533,85.23480559105035,3.559200688932537,0.7021860787285893,0.07077148179736639,False
0.19000000000000014,0.10263943617877334,1.6,1.5647058823529412,0.028176470588235393,0.6233427712927796,85.65827109854608,3.5736940956116556,0.705764837231757,0.07147527907631826,False
0.19100000000000014,0.10316338150058695,1.6,1.576470588235294,0.028294117647058924,-0.5508150352482586,-49.97884874707226,3.5868517998099683,0.709356778970823,0.07218266105005655,False
0.19200000000000014,0.10368707227701186,1.6,1.576470588235294,0.028411764705882456,-0.4427335317234321,-76.37315963354402,-3.5988334902387393,0.7057630299862412,0.0728904014054432,False
0.19300000000000014,0.10421050721589316,1.6,1.576470588235294,0.028529411764705987,-0.34534253149226524,-72.61812168881416,-5.004527835557889,0.7007635544941726,0.07359391543039571,False
0.19400000000000014,0.10473368502570717,1.6,1.576470588235294,0.02864705882352952,-0.2575729842253913,-61.321850283115474,-4.814983521248577,0.6959535879319654,0.07429251525352595,False
0.19500000000000015,0.10525660441556461,1.6,1.576470588235294,0.02876470588235305,-0.17846274462638131,-48.870913717957734,-4.226379693507524,0.6917321928994721,0.07498656996231065,False
0.19600000000000015,0.10577926409521393,1.611764705882353,1.576470588235294,0.028941176470588345,1.0,90.95995212800736,-3.576631786421459,0.6881605179729726,0.07567669564580022,False
0.19700000000000015,0.10630166277504431,1.611764705882353,1.576470588235294,0.02911764705882364,1.0,131.04681982906845,3.812673172644242,0.6919781539411394,0.07636657484356288,False
0.19800000000000015,0.10682379916608893,1.611764705882353,1.576470588235294,0.029294117647058936,0.992205953285012,141.56251101675872,5.924554305682394,0.6979077073251321,0.07706122204511809,False
0.19900000000000015,0.10734567198002813,1.611764705882353,1.576470588235294,0.02947058823529423,0.9593382991329817,140.68348501396773,6.47177183279286,0.7043845229417202,0.0777620450746501,False
0.20000000000000015,0.10786727992919265,1.611764705882353,1.576470588235294,0.029647058823529526,0.9299338809843898,136.93503979087632,6.416021691274143,0.710805634445379,0.07846931985986447,False
0.20100000000000015,0.10838862172656671,1.611764705882353,1.576470588235294,0.02982352941176482,0.9036463752388921,132.72919513965115,6.2083710919361215,0.717019140312796,0.07918292234083571,False
0.20200000000000015,0.10890969608579128,1.611764705882353,1.576470588235294,0.030000000000000117,0.8801640906561792,128.71370527473889,5.976440628142349,0.7230007590727697,0.07990263398502978,False
0.20300000000000015,0.10943050172116711,1.611764705882353,1.576470588235294,0.030176470588235412,0.8592065051199735,125.05003740135146,5.754505361005259,0.7287604842886748,0.08062822740219558,False
0.20400000000000015,0.10995103734765813,1.611764705882353,1.576470588235294,0.030352941176470707,0.8405211487256236,121.75553111888891,5.551111178002388,0.7343168555201902,0.08135948904135823,False
0.20500000000000015,0.11047130168089439,1.611764705882353,1.576470588235294,0.030529411764706003,0.8238807985589438,118.79934896256066,5.367178061392937,0.7396893324465867,0.08209622430517675,False
0.20600000000000016,0.11099129343717541,1.611764705882353,1.576470588235294,0.030705882352941298,0.8090809539971676,116.16000520625472,5.201076744981532,0.7448957456138657,0.08283825732289973,False
0.20700000000000016,0.11151101133347317,1.611764705882353,1.588235294117647,0.03082352941176483,-0.3811212590496037,-22.233824721097605,5.051672527896175,0.7499527909904794,0.08358542954378066,False
0.20800000000000016,0.11203045408743548,1.611764705882353,1.588235294117647,0.03094117647058836,-0.2874797213799371,-51.10888710550979,-2.280397392890693,0.747677770834085,0.08433435938278674,False
0.20900000000000016,0.11254962041738889,1.611764705882353,1.588235294117647,0.031058823529411892,-0.2030846904184136,-49.58625632830697,-3.817892013768592,0.74386523274983,0.08508032231540412,False
0.21000000000000016,0.11306850904234218,1.611764705882353,1.588235294117647,0.031176470588235423,-0.12701151549421885,-40.2995191556934,-3.7470230266432565,0.7401235362353978,0.08582250458451574,False
0.21100000000000016,0.11358711868198922,1.611764705882353,1.588235294117647,0.03129411764705895,-0.05842801100362019,-29.656333321601384,-3.26531575928343,0.7368635218523097,0.08656116191019776,False
0.21200000000000016,0.11410544805671229,1.611764705882353,1.588235294117647,0.03141176470588248,0.0034147900967419764,-19.411550445722185,-2.711800126057801,0.7341570017367247,0.08729680829059294,False
0.21300000000000016,0.11462349588758512,1.611764705882353,1.588235294117647,0.03152941176470601,0.05919095814589159,-9.990547392830722,-2.1793307959787667,0.7319829334704797,0.0880299877514679,False
0.21400000000000016,0.11514126089637627,1.611764705882353,1.588235294117647,0.031647058823529535,0.10950715644894977,-1.4445422059454822,-1.690420758939811,0.7302977613964856,0.0887612131451811,False
0.21500000000000016,0.11565874180555201,1.611764705882353,1.588235294117647,0.03176470588235306,0.1549093819805257,6.275470491994328,-1.2477860240352594,0.729055213523236,0.0894909525460352,False
0.21600000000000016,0.11617593733827963,1.611764705882353,1.588235294117647,0.03188235294117659,0.1958890320177674,13.241060215727233,-0.8488392822556674,0.7282116048463464,0.09021962892043672,False
0.21700000000000016,0.11669284621843058,1.6235294117647059,1.588235294117647,0.03205882352941188,1.0,108.18372884928769,-0.48979882770341676,0.7277270317692509,0.09094762325137576,False
0.21800000000000017,0.11720946717058357,1.6235294117647059,1.588235294117647,0.032235294117647174,1.0,135.37220174490452,4.524004398356702,0.7322562796869517,0.09167738923027105,False
0.21900000000000017,0.11772579892002778,1.6235294117647059,1.588235294117647,0.032411764705882466,1.0,143.08521048735682,5.952929402079782,0.7382144909200086,0.09241232749601529,False
0.22000000000000017,0.11824184019276594,1.6235294117647059,1.588235294117647,0.03258823529411776,1.0,145.20238166743994,6.351346305709752,0.7445711631759364,0.0931534032869853,False
0.22100000000000017,0.11875758971551749,1.6235294117647059,1.588235294117647,0.03276470588235305,1.0,145.71093154170384,6.45360977980879,0.7510301445974648,0.09390088179616786,False
0.22200000000000017,0.11927304621572175,1.6235294117647059,1.6,0.03288235294117658,-0.059858549876641784,23.263746889385704,6.470678909334679,0.7575062411946711,0.0946548269955046,False
0.22300000000000017,0.11978820842154105,1.6235294117647059,1.6,0.033000000000000106,0.003715540405140119,-4.542653725851883,-0.017770993176965854,0.7574939060358166,0.09541232850126745,False
0.22400000000000017,0.12030307506186388,1.6235294117647059,1.6,0.033117647058823634,0.0610498687175675,-5.876260053415972,-1.4988556311229384,0.7560004793796394,0.09616915117998762,False
0.22500000000000017,0.12081764486630799,1.6235294117647059,1.6,0.03323529411764716,0.11276841125757539,-0.2575462289073143,-1.5792687172123538,0.7544266281795374,0.0969244442393055,False
0.22600000000000017,0.12133191656522349,1.6235294117647059,1.6,0.03335294117647069,0.15943274660240614,6.768609096248773,-1.2918214567283988,0.7531402137879142,0.09767829279235749,False
0.22700000000000017,0.12184588888969611,1.6235294117647059,1.6,0.03347058823529422,0.2015482954715772,13.667532501307063,-0.929892396942101,0.7522157203857928,0.0984310177941747,False
0.22800000000000017,0.12235956057155026,1.6235294117647059,1.6,0.033588235294117745,0.2395699365126549,20.051292987280434,-0.5746843569608049,0.7516464295192058,0.09918297814282873,False
0.22900000000000018,0.12287293034335209,1.6235294117647059,1.6,0.03370588235294127,0.2739070605084482,25.85624491970828,-0.24672687349677289,0.7514050930601868,0.09993451677956769,False
0.23000000000000018,0.12338599693841275,1.6235294117647059,1.6,0.0338235294117648,0.3049281191634857,31.1072565620311,0.05060852961612352,0.7514610911462821,0.10068594788020037,False
0.23100000000000018,0.1238987590907914,1.6235294117647059,1.6,0.03394117647058833,0.33296471901184316,35.8502434568996,0.3186339091920742,0.7517851157572385,0.10143755559096951,False
0.23200000000000018,0.12441121553529838,1.6235294117647059,1.6,0.03405882352941186,0.3583153059341882,40.13291271415939,0.5597752830002667,0.7523502846902274,0.10218959584168501,False
0.23300000000000018,0.1249233650074984,1.6235294117647059,1.6,0.034176470588235384,0.38124848122312216,44.001089836237554,0.7765537956811741,0.7531322367045853,0.1029422988143589,False
0.23400000000000018,0.12543520624371354,1.6235294117647059,1.6,0.03429411764705891,0.40200598604198634,47.495715804460346,0.9713913421086482,0.7541090322897551,0.1036958714195159,False
0.23500000000000018,0.12594673798102643,1.6235294117647059,1.6,0.03441176470588244,0.42080538743778784,50.649743031951076,1.1464516558717448,0.755260895520307,0.10445049960176073,False
0.23600000000000018,0.12645795895728332,1.6235294117647059,1.6,0.03452941176470597,0.4378424957528325,53.5080112124978,1.3034760512216628,0.7565697916503425,0.10520635031328286,False
0.23700000000000018,0.1269688679110973,1.6235294117647059,1.611764705882353,0.03458823529411773,-0.7237652832342114,-79.94637444650411,1.4448350092484876,0.7580200562955661,0.10596357353817022,False
0.23800000000000018,0.1274794635818513,1.6235294117647059,1.611764705882353,0.034647058823529496,-0.6044475784402018,-104.38412911112403,-5.625958162856491,0.7523995073173236,0.10671906516002504,False
0.23900000000000018,0.12798974470970131,1.6352941176470588,1.611764705882353,0.034764705882353024,0.680056002933226,37.162996703524996,-6.928701298906221,0.7454761688808051,0.10746834997097694,False
0.24000000000000019,0.12849971003557933,1.6352941176470588,1.611764705882353,0.03488235294117655,0.6715209908751976,76.80600442922197,0.5507080624218214,0.7460322219172069,0.10821407716536369,False
0.2410000000000002,0.12900935830119659,1.6352941176470588,1.611764705882353,0.03500000000000008,0.6639571270817954,87.27269313390323,2.638446797311808,0.748676026215834,0.10896129990228529,False
0.2420000000000002,0.12951868824904667,1.6352941176470588,1.611764705882353,0.03511764705882361,0.6572672967265569,89.45552534279152,3.1824568442743573,0.7518638614050916,0.1097114112604161,False
0.2430000000000002,0.13002769862240862,1.6352941176470588,1.611764705882353,0.035235294117647135,0.6513640964656658,89.34953171502552,3.2881344241717,0.7551573970230998,0.110464758022334,False
0.2440000000000002,0.13053638816534985,1.6352941176470588,1.611764705882353,0.03535294117647066,0.6461688632896876,88.66809949588074,3.272670372049689,0.7584354916654623,0.11122139137489592,False
0.2450000000000002,0.13104475562272955,1.6352941176470588,1.611764705882353,0.03547058823529419,0.6416108004901305,87.89674499811517,3.2267188066901094,0.7616676575682296,0.11198128215760142,False
0.2460000000000002,0.13155279974020148,1.6352941176470588,1.611764705882353,0.03558823529411772,0.6376261910293529,87.16517872136546,3.1759685865987564,0.76484909571796,0.11274438228210205,False
0.2470000000000002,0.13206051926421736,1.6352941176470588,1.611764705882353,0.03570588235294125,0.6341576895734764,86.50599383604194,3.127283238517253,0.7679818706230918,0.11351064194961856,False
0.2480000000000002,0.13256791294202971,1.6352941176470588,1.611764705882353,0.035823529411764775,0.631153685322011,85.92186767739756,3.082387864769776,0.7710697719166053,0.11428001420218921,False
0.2490000000000002,0.13307497952169506,1.6352941176470588,1.611764705882353,0.0359411764705883,0.6285677285545157,85.40824305491265,3.041424698517027,0.774116731492404,0.11505245593550675,False
0.25000000000000017,0.13358171775207703,1.6352941176470588,1.611764705882353,0.03605882352941183,0.6263580145225935,84.96008860999856,3.0041531511089965,0.7771264406828685,0.11582792786890926,False
0.25100000000000017,0.1340881263828494,1.6352941176470588,1.6235294117647059,0.036117647058823595,-0.5525719045767205,-51.470477856116545,2.9703074996088605,0.7801023251227278,0.11660639429350717,False
0.25200000000000017,0.13459420416449924,1.6352941176470588,1.6235294117647059,0.03617647058823536,-0.4488441258837542,-78.58546044175966,-4.258236327133538,0.7758496554813019,0.11738458375322283,False
0.25300000000000017,0.13509994984832993,1.6352941176470588,1.6235294117647059,0.03623529411764712,-0.35543030153067307,-75.48622729440618,-5.7029297362875475,0.7701522552729416,0.11815787040927837,False
0.25400000000000017,0.13560536218646424,1.6352941176470588,1.6235294117647059,0.036294117647058886,-0.27129903608348804,-64.78778471227187,-5.548942977756683,0.7646088011969198,0.1189255289347579,False
0.25500000000000017,0.13611043993184752,1.6352941176470588,1.6235294117647059,0.03635294117647065,-0.19552207365160967,-52.88172386395243,-4.992819333235574,0.7596214329756567,0.11968789423900794,False
0.25600000000000017,0.13661518183825055,1.6352941176470588,1.6235294117647059,0.036411764705882414,-0.12726398393350755,-41.50810207819006,-4.372739558649643,0.7552541110004358,0.12044555119068487,False
0.2570000000000002,0.13711958666027296,1.6352941176470588,1.6235294117647059,0.03647058823529418,-0.06577287965780373,-31.077097848437813,-3.780776379425822,0.7514787229979896,0.1211991071861661,False
0.2580000000000002,0.13762365315334593,1.6352941176470588,1.6235294117647059,0.03652941176470594,-0.01037206228025854,-21.629607666429628,-3.2386393754665703,0.7482454468192815,0.12194913174007205,False
0.2590000000000002,0.13812738007373548,1.6352941176470588,1.6235294117647059,0.036588235294117706,0.039547496888943864,-13.105606883866846,-2.7484990966647342,0.745502289398197,0.12269614356790678,False
0.2600000000000002,0.13863076617854558,1.6470588235294117,1.6235294117647059,0.036705882352941234,1.0,100.38159252742477,-2.307185789333337,0.7432004270626772,0.12344061081828088,False
0.2610000000000002,0.13913381022572097,1.6470588235294117,1.6235294117647059,0.03682352941176476,1.0,132.9063139208923,3.687628293821085,0.7468933875818992,0.1241854738766334,False
0.2620000000000002,0.13963651097405053,1.6470588235294117,1.6235294117647059,0.03694117647058829,1.0,142.16131934727048,5.398735972379379,0.7522974890396815,0.12493479991354967,False
0.2630000000000002,0.14013886718317012,1.6470588235294117,1.6235294117647059,0.03705882352941182,1.0,144.72778890634999,5.878592501295925,0.758181487228061,0.1256897460113802,False
0.2640000000000002,0.14064087761356575,1.6470588235294117,1.6235294117647059,0.037176470588235346,1.0,145.37226059598487,6.004488526243333,0.7641914235413754,0.12645063278584376,False
0.2650000000000002,0.14114254102657653,1.6470588235294117,1.6235294117647059,0.03729411764705887,0.9975098071765074,145.1769303470687,6.02861611714213,0.770225529993947,0.1272175403795608,False
0.2660000000000002,0.1416438561843979,1.6470588235294117,1.6352941176470588,0.03735294117647064,-0.21729999707055087,4.625879218242343,6.008233227255982,0.7762392960709554,0.1279904729329434,False
0.2670000000000002,0.14214482185008454,1.6470588235294117,1.6352941176470588,0.0374117647058824,-0.14586411501055463,-27.447388040544425,-1.4382736759138055,0.7748065657443393,0.12876606833219378,False
0.2680000000000002,0.14264543678755348,1.6470588235294117,1.6352941176470588,0.037470588235294165,-0.08151299762714628,-29.169762381728784,-3.1452925028629393,0.7716667984711036,0.12953946283213968,False
0.2690000000000002,0.14314569976158711,1.6470588235294117,1.6352941176470588,0.03752941176470593,-0.023538168452666847,-22.91403663516114,-3.2464314610314746,0.7684258688078682,0.1303096720382437,False
0.2700000000000002,0.14364560953783623,1.6470588235294117,1.6352941176470588,0.03758823529411769,0.02869800133377648,-15.035947425619286,-2.925415331434213,0.7655059329332911,0.1310767847584693,False
0.2710000000000002,0.14414516488282322,1.6470588235294117,1.6352941176470588,0.03764705882352946,0.07576937767098724,-7.295236129956063,-2.518524895313411,0.7629928678192845,0.13184116063162388,False
0.2720000000000002,0.14464436456394494,1.6470588235294117,1.6352941176470588,0.03770588235294122,0.11819243990388861,-0.13729868871072712,-2.1188716776640475,0.7608794391261662,0.13260320327344863,False
0.2730000000000002,0.14514320734947578,1.6470588235294117,1.6352941176470588,0.037764705882352985,0.15643201944291163,6.364094368271471,-1.7500261774175232,0.7591348418614716,0.13336329845853317,False
0.2740000000000002,0.14564169200857072,1.6470588235294117,1.6352941176470588,0.03782352941176475,0.1909064645574439,12.236736810070575,-1.4158961143942292,0.757724363075033,0.13412179939785893,False
0.2750000000000002,0.1461398173112684,1.6470588235294117,1.6352941176470588,0.03788235294117651,0.2219922886899349,17.532287741046982,-1.115015091922572,0.7566147559706982,0.13487902524918963,False
0.2760000000000002,0.14663758202849428,1.6470588235294117,1.6352941176470588,0.03794117647058828,0.2500283539385884,22.3060166215887,-0.8446536032323055,0.75577550303243,0.1356352631516344,False
0.2770000000000002,0.14713498493206326,1.6470588235294117,1.6352941176470588,0.03800000000000004,0.2753196361917884,26.608758923349093,-0.6018907402872983,0.7551790074459905,0.13639077104107059,False
0.2780000000000002,0.14763202479468318,1.6470588235294117,1.6352941176470588,0.038058823529411805,0.2981406137490802,30.487400745521565,-0.3840398493031308,0.7548003588646397,0.13714578046544315,False
0.2790000000000002,0.1481287003899576,1.6470588235294117,1.6352941176470588,0.03811764705882357,0.3187383170800545,33.98411730492479,-0.1886229239715011,0.7546171247800343,0.13790049917735184,False
0.2800000000000002,0.14862501049238883,1.6470588235294117,1.6470588235294117,0.03811764705882357,-0.8397237499220644,-98.90135355192007,-0.013410927096982897,0.7546091015698194,0.13865511349986356,False
0.2810000000000002,0.14912095387738106,1.6470588235294117,1.6470588235294117,0.03811764705882357,-0.7176337278710343,-122.83343176201856,-7.054011119985229,0.7475604473853957,0.1394065515121173,False
0.2820000000000002,0.14961652932124328,1.6470588235294117,1.6470588235294117,0.03811764705882357,-0.6077527080251073,-116.87638737460514,-8.329888878410229,0.7392358591014472,0.1401503666916635,False
0.2830000000000002,0.15011173560119234,1.6588235294117646,1.6470588235294117,0.03817647058823533,0.6681990333656347,32.42548649941855,-8.024253757920155,0.7312168472774659,0.14088599478346775,False
0.2840000000000002,0.15060657149535597,1.6588235294117646,1.6470588235294117,0.038235294117647096,0.651908541793777,73.4092153675007,-0.13431830844992917,0.7310877469133196,0.14161715431831695,False
0.2850000000000002,0.15110103578277578,1.6588235294117646,1.6470588235294117,0.03829411764705886,0.637305922908517,83.45670414524503,2.024595084803507,0.7331175677200792,0.14234915626803352,False
0.2860000000000002,0.15159512724341032,1.6588235294117646,1.6470588235294117,0.038352941176470624,0.6242223894411947,84.79083432877874,2.5466724592063157,0.7356694820699178,0.14308342298296503,False
0.2870000000000002,0.15208884465813802,1.6588235294117646,1.6470588235294117,0.03841176470588239,0.6125060328500164,83.77877357657214,2.6077016996298017,0.7382824435718945,0.14382026908613882,False
0.2880000000000002,0.15258218680876023,1.6588235294117646,1.6470588235294117,0.03847058823529415,0.6020201354473677,82.23711306347613,2.5445636624135983,0.7408322848436374,0.14455969974939575,False
0.2890000000000002,0.15307515247800418,1.6588235294117646,1.6470588235294117,0.038529411764705916,0.5926416513143955,80.67253541548368,2.4533734921493418,0.7432909531730232,0.14530163922870437,False
0.2900000000000002,0.15356774044952623,1.6588235294117646,1.6470588235294117,0.03858823529411768,0.5842598391241323,79.21909622466784,2.3609404997944172,0.745657205073708,0.14604599579145403,False
0.2910000000000002,0.15405994950791438,1.6588235294117646,1.6470588235294117,0.038647058823529444,0.5767750316823073,77.90089240968598,2.2743586215268694,0.7479368910172228,0.14679267965383058,False
0.2920000000000002,0.1545517784386918,1.6588235294117646,1.6470588235294117,0.03870588235294121,0.5700975285140765,76.71756245481333,2.1949038989086977,0.7501371375640407,0.14754160745673828,False
0.2930000000000002,0.15504322602831944,1.6588235294117646,1.6470588235294117,0.03876470588235297,0.5641465991920807,75.657208984311,2.1225582079039116,0.7522650532015211,0.14829270295951655,False
0.2940000000000002,0.15553429106419925,1.6588235294117646,1.6470588235294117,0.038823529411764736,0.558849586331696,74.70844423123322,2.056692984084249,0.7543271179007535,0.1490458967471672,False
0.2950000000000002,0.15602497233467708,1.6588235294117646,1.6588235294117646,0.038823529411764736,-0.6229177252426458,-62.17833440467326,1.996706545190097,0.7563292099943372,0.1498011256139326,False
0.2960000000000002,0.15651526862904566,1.6588235294117646,1.6588235294117646,0.038823529411764736,-0.5218024233066164,-89.7110983616712,-5.255616071864887,0.7510789621126586,0.1505550930187498,False
0.2970000000000002,0.1570051787375476,1.6588235294117646,1.6588235294117646,0.038823529411764736,-0.4307986515641899,-86.99436683870425,-6.722041979495444,0.744362244025257,0.15130315025776123,False
0.2980000000000002,0.15749470145137845,1.6588235294117646,1.6588235294117646,0.038823529411764736,-0.3488952569960061,-76.6477960197945,-6.587907927855804,0.7377796120969696,0.1520445511102439,False
0.2990000000000002,0.15798383556268955,1.6588235294117646,1.6588235294117646,0.038823529411764736,-0.2751822018846408,-65.06478052447592,-6.050002962133693,0.7317348399363885,0.1527796113607987,False
0.3000000000000002,0.1584725798645911,1.6588235294117646,1.6588235294117646,0.038823529411764736,-0.20884045228441195,-53.987828076885094,-5.446603005009793,0.7262934266587332,0.1535088983443998,False
0.3010000000000002,0.15896093315115514,1.6588235294117646,1.6588235294117646,0.038823529411764736,-0.14913287764420594,-43.83236252506966,-4.86991019513074,0.721428669311241,0.15423300340423635,False
0.3020000000000002,0.15944889421741848,1.6588235294117646,1.6588235294117646,0.038823529411764736,-0.09539606046802061,-34.63901707717903,-4.341911422595093,0.7170918777650587,0.15495248128627723,False
0.3030000000000002,0.15993646185938565,1.6588235294117646,1.6588235294117646,0.038823529411764736,-0.04703292500945373,-26.350848737362256,-3.8647631078147766,0.7132322051132477,0.1556678370757592,False
0.3040000000000002,0.16042363487403202,1.6588235294117646,1.6588235294117646,0.038823529411764736,-0.003506103096743568,-18.888471618148046,-3.4354583615224437,0.7098018109873709,0.15637952636390107,False
0.3050000000000002,0.1609104120593066,1.6705882352941177,1.6588235294117646,0.0388823529411765,1.0,99.28198604229769,-3.049802264520184,0.7067570496141001,0.1570879587890715,False
0.3060000000000002,0.16139679221413503,1.6705882352941177,1.6588235294117646,0.038941176470588264,1.0,133.1598872337348,3.193319285690792,0.7099554142167476,0.15779615585888832,False
0.3070000000000002,0.1618827741384226,1.6705882352941177,1.6588235294117646,0.03900000000000003,1.0,142.8088031465226,4.976549474404676,0.7149370388213953,0.15850835376440017,False
0.3080000000000002,0.16236835663305738,1.6705882352941177,1.6588235294117646,0.03905882352941179,1.0,145.49463255441756,5.4777802938679905,0.7204199312632411,0.1592257588704895,False
0.3090000000000002,0.16285353849991266,1.6705882352941177,1.6588235294117646,0.039117647058823556,0.9721982694177103,142.96654664130668,5.610530046413686,0.7260356124536362,0.1599487066297791,False
0.3100000000000002,0.16333831854185052,1.6705882352941177,1.6588235294117646,0.03917647058823532,0.9264490307112336,136.86989578921217,5.467345667836197,0.7315081480117128,0.1606772056605675,False
0.3110000000000002,0.16382269556272433,1.6705882352941177,1.6705882352941177,0.03917647058823532,-0.2917252841246134,-5.75158365362439,5.135284095298502,0.7366486589020579,0.1614110278214206,False
0.3120000000000002,0.164306668367382,1.6705882352941177,1.6705882352941177,0.03917647058823532,-0.2233762851239167,-38.761226937089475,-2.4202003160217775,0.7342336890750654,0.16214659052900826,False
0.3130000000000002,0.1647902357616687,1.6705882352941177,1.6705882352941177,0.03917647058823532,-0.16186218602328967,-41.06447476071843,-4.176182020550208,0.730062712241755,0.16287894806019537,False
0.3140000000000002,0.16527339655242998,1.6705882352941177,1.6705882352941177,0.03917647058823532,-0.10649949683272535,-35.26110034512949,-4.307461113773509,0.7257604254635662,0.163607075520474,False
0.3150000000000002,0.16575614954751464,1.6705882352941177,1.6705882352941177,0.03917647058823532,-0.056673076561217436,-27.774655275548685,-4.009771349939167,0.7217557985022481,0.16433103463633622,False
0.3160000000000002,0.16623849355577758,1.6705882352941177,1.6705882352941177,0.03917647058823532,-0.011829298316860318,-20.386788877486815,-3.6229812387528315,0.7181379342096643,0.16505116316423896,False
0.3170000000000002,0.16672042738708295,1.6705882352941177,1.6705882352941177,0.03917647058823532,0.02853010210306102,-13.551440831643257,-3.2413611683455037,0.7149016652797376,0.16576784554197457,False
0.3180000000000002,0.16720194985230696,1.6705882352941177,1.6705882352941177,0.03917647058823532,0.06485356248099032,-7.346540067857741,-2.8889334379400045,0.7120178019666994,0.1664814502299155,False
0.31900000000000023,0.16768305976334075,1.6705882352941177,1.6705882352941177,0.03917647058823532,0.09754467682112664,-1.7474230380922349,-2.569825564849744,0.7094530267811772,0.1671923146411708,False
0.32000000000000023,0.16816375593309346,1.6705882352941177,1.6705882352941177,0.03917647058823532,0.12696667972724934,3.2955663065416516,-2.28273656898149,0.7071753229815478,0.1679007434566614,False
0.32100000000000023,0.16864403717549506,1.6705882352941177,1.6705882352941177,0.03917647058823532,0.15344648234275976,7.834881083766219,-2.0250427400552486,0.705155297319144,0.1686070105211053,False
0.32200000000000023,0.16912390230549934,1.6705882352941177,1.6705882352941177,0.03917647058823532,0.17727830469671912,11.919976600173065,-1.7939720122194642,0.7033663284132259,0.1693113615332822,False
0.32300000000000023,0.1696033501390868,1.6705882352941177,1.6705882352941177,0.03917647058823532,0.19872694481528255,15.596030685819429,-1.5869106008487845,0.701784408488889,0.1700140167466862,False
0.32400000000000023,0.17008237949326754,1.6705882352941177,1.6705882352941177,0.03917647058823532,0.21803072092198963,18.903874577440586,-1.4014707410838285,0.7003879173750047,0.17071517348143364,False
0.32500000000000023,0.1705609891860843,1.6705882352941177,1.6705882352941177,0.03917647058823532,0.23540411941802597,21.880524842999467,-1.2354943744082982,0.6991573928139505,0.1714150084085085,False
0.32600000000000023,0.1710391780366152,1.6705882352941177,1.6823529411764706,0.039117647058823556,-0.9260186454649488,-111.48040077419,-1.0870250318653985,0.6980753288866013,0.1721136796169695,False
0.32700000000000023,0.1715169448649768,1.6705882352941177,1.6823529411764706,0.03905882352941179,-0.8066520750361008,-135.84638028809306,-8.151993667419507,0.6899282579351566,0.172808089504089,False
0.32800000000000024,0.17199428849232695,1.6823529411764706,1.6823529411764706,0.03905882352941179,0.47777783834985815,5.751898932934977,-9.45002746663499,0.6804830892118756,0.17349376816693976,False
0.32900000000000024,0.1724712077408677,1.6823529411764706,1.6823529411764706,0.03905882352941179,0.46905887804428414,45.42685156142614,-1.9669674725935349,0.6785209447196002,0.17417336901501243,False
0.33000000000000024,0.1729477014338482,1.6823529411764706,1.6823529411764706,0.03905882352941179,0.4612118137692675,55.908398284212346,0.12343852182262623,0.6786492006198753,0.174851948397484,False
0.33100000000000024,0.1734237683955676,1.6823529411764706,1.6823529411764706,0.03905882352941179,0.4541494559217525,58.09104020533826,0.6692448387621658,0.6793232654940268,0.17553090165017646,False
0.33200000000000024,0.17389940745137808,1.6823529411764706,1.6823529411764706,0.03905882352941179,0.44779333385898906,57.971205520979254,0.7759555735424574,0.6801040457603196,0.17621057699034554,False
0.33300000000000024,0.17437461742768745,1.6823529411764706,1.6823529411764706,0.03905882352941179,0.4420728240025019,57.2653088818175,0.7608354921504253,0.680869710836996,0.17689102630968268,False
0.33400000000000024,0.17484939715196243,1.6823529411764706,1.6823529411764706,0.03905882352941179,0.4369243651316635,56.45527682648476,0.7146988770626469,0.6815892439468412,0.17757222053541857,False
0.33500000000000024,0.17532374545273122,1.6823529411764706,1.6823529411764706,0.03905882352941179,0.432290752147909,55.67700457571504,0.6630446470311879,0.6822571271199882,0.17825411105244796,False
0.33600000000000024,0.17579766115958648,1.6823529411764706,1.6823529411764706,0.03905882352941179,0.42812050046252986,54.9618527826369,0.6130635553830622,0.6828750331315172,0.17893664696352804,False
0.33700000000000024,0.17627114310318837,1.6823529411764706,1.6823529411764706,0.03905882352941179,0.42436727394568863,54.31396977680663,0.5664154973827189,0.6834462946708638,0.1796197797911551,False
0.33800000000000024,0.17674419011526726,1.6823529411764706,1.6823529411764706,0.03905882352941179,0.4209893700805316,53.729476522789305,0.5233205450776865,0.6839744645242369,0.18030346448956203,False
0.33900000000000025,0.17721680102862666,1.6823529411764706,1.6823529411764706,0.03905882352941179,0.41794925660189025,53.20279554734318,0.4835740052303832,0.6844628908090742,0.18098765947367076,False
0.34000000000000025,0.17768897467714612,1.6823529411764706,1.6823529411764706,0.03905882352941179,0.41521315447111296,52.72848454236649,0.4468812801424785,0.6849146270677349,0.18167232637396524,False
0.34100000000000025,0.17816070989578411,1.6823529411764706,1.6823529411764706,0.03905882352941179,0.4127506625534134,52.301070459918826,0.4129548856569377,0.6853324393789691,0.18235742974511643,False
0.34200000000000025,0.17863200552058087,1.6823529411764706,1.6941176470588235,0.03900000000000003,-0.7665244037019234,-84.12280369506531,0.3815056770157401,0.6857188046952621,0.18304293677777,False
0.34300000000000025,0.17910286038866124,1.6823529411764706,1.6941176470588235,0.038941176470588264,-0.6632249045082017,-111.24602431347489,-6.845351456358959,0.6788782842682626,0.18372557807440046,False
0.34400000000000025,0.17957327333823775,1.6823529411764706,1.6941176470588235,0.0388823529411765,-0.5703141787632635,-108.16772574036787,-8.289115240252155,0.6705939448324761,0.1844007291240726,False
0.34500000000000025,0.18004324320861312,1.6823529411764706,1.6941176470588235,0.038823529411764736,-0.4867533491222312,-97.50060512785508,-8.134837860320875,0.6624638241337706,0.18506766522391088,False
0.34600000000000025,0.1805127688401835,1.6823529411764706,1.6941176470588235,0.03876470588235297,-0.41160742597471384,-85.63674004605159,-7.578940401465249,0.6548895450704174,0.1857267213232941,False
0.34700000000000025,0.18098184907444098,1.6823529411764706,1.6941176470588235,0.03870588235294121,-0.34403491867135993,-74.3137765585421,-6.959629291987247,0.6479345255184159,0.18637848180252226,False
0.34800000000000025,0.18145048275397668,1.6823529411764706,1.6941176470588235,0.038647058823529444,-0.2832784856277532,-63.94682755771184,-6.368849606438818,0.6415702383355043,0.18702355308454102,False
0.34900000000000025,0.18191866872248375,1.6823529411764706,1.6941176470588235,0.03858823529411768,-0.22865651941791895,-54.564378817835404,-5.828571923123485,0.6357461855035896,0.1876625031782198,False
0.35000000000000026,0.18238640582475968,1.6823529411764706,1.6941176470588235,0.038529411764705916,-0.17955557335847994,-46.11363324754774,-5.3403100772393355,0.6304103548033981,0.1882958489129647,False
0.35100000000000026,0.18285369290670977,1.6823529411764706,1.6941176470588235,0.03847058823529415,-0.13542354543439647,-38.514628475695204,-4.901276646607601,0.6255135210796461,0.1889240563600871,False
0.35200000000000026,0.18332052881534952,1.6941176470588235,1.6941176470588235,0.03847058823529415,1.0,94.96599084136973,-4.50724630734166,0.621010684168819,0.18954754426693857,False
0.35300000000000026,0.1837869123988078,1.6941176470588235,1.6941176470588235,0.03847058823529415,1.0,133.2496938261656,2.547081011131621,0.6235621721366126,0.1901697037812104,False
0.35400000000000026,0.18425284250632942,1.6941176470588235,1.6941176470588235,0.03847058823529415,0.9489432942018508,138.2702027499817,4.564584637062618,0.6281311898283813,0.19079532267531243,False
0.35500000000000026,0.18471831798827823,1.6941176470588235,1.6941176470588235,0.03847058823529415,0.89251955301696,133.1156351521447,4.822104352679437,0.63295776012706,0.19142562649065875,False
0.35600000000000026,0.1851833376961397,1.6941176470588235,1.6941176470588235,0.03847058823529415,0.8417381859505582,125.70249530878098,4.541210771117928,0.637503469257984,0.19206063049370037,False
0.35700000000000026,0.18564790048252397,1.6941176470588235,1.6941176470588235,0.03847058823529415,0.7960349555907964,118.22225102852337,4.140763087359693,0.6416487606102886,0.1927000000224437,False
0.35800000000000026,0.18611200520116847,1.6941176470588235,1.6941176470588235,0.03847058823529415,0.7549020482670109,111.26321266446644,3.7367150165676595,0.6453900309357631,0.19334333303721998,False
0.35900000000000026,0.18657565070694102,1.6941176470588235,1.6941176470588235,0.03847058823529415,0.7178824316756038,104.93564110068867,3.3601985706629596,0.6487548091060514,0.19399023790457576,False
0.36000000000000026,0.18703883585584236,1.6941176470588235,1.7058823529411764,0.03841176470588239,-0.4924940467860698,-36.81816209930511,3.017052219515698,0.6517764626834124,0.1946403531473719,False
0.36100000000000027,0.18750155950500919,1.6941176470588235,1.7058823529411764,0.038352941176470624,-0.41718581857805104,-68.74272943732711,-4.491364186831095,0.6472896887739966,0.19529011125130735,False
0.36200000000000027,0.18796382051271693,1.6941176470588235,1.7058823529411764,0.03829411764705886,-0.3494672367202457,-69.98632901199905,-6.188749493704983,0.6411054900429345,0.1959346187345961,False
0.36300000000000027,0.1884256177383825,1.6941176470588235,1.7058823529411764,0.038235294117647096,-0.28857933657763285,-63.210410987824645,-6.262752405273889,0.6348472437843967,0.19657290869108937,False
0.36400000000000027,0.18888695004256714,1.6941176470588235,1.7058823529411764,0.03817647058823533,-0.23383904997869293,-54.8472831774136,-5.912370662484549,0.6289393359441796,0.1972050980470389,False
0.36500000000000027,0.18934781628697928,1.6941176470588235,1.7058823529411764,0.03811764705882357,-0.18463161556905874,-46.67492130927352,-5.47793669242446,0.6234658215965497,0.1978315749660557,False
0.36600000000000027,0.1898082153344772,1.6941176470588235,1.7058823529411764,0.038058823529411805,-0.14040374812979983,-39.139179867789885,-5.053527082263678,0.6184166794222515,0.198452769332497,False
0.36700000000000027,0.19026814604907208,1.6941176470588235,1.7058823529411764,0.03800000000000004,-0.10065749096387855,-32.310407518787834,-4.662736857499665,0.6137582929041401,0.19906909039154083,False
0.36800000000000027,0.19072760729593055,1.6941176470588235,1.7058823529411764,0.03794117647058828,-0.06494468304396116,-26.156355164351034,-4.30929292463894,0.6094533183638126,0.1996809120945881,False
0.36900000000000027,0.1911865979413777,1.6941176470588235,1.7058823529411764,0.03788235294117651,-0.03286197944544739,-20.620007934276558,-3.991493365878472,0.6054661137827689,0.20028857181506912,False
0.3700000000000003,0.19164511685289973,1.6941176470588235,1.7058823529411764,0.03782352941176475,-0.004046369736196639,-15.643323505676358,-3.7063254869856217,0.6017640495965851,0.20089237263996357,False
0.3710000000000003,0.19210316289914683,1.6941176470588235,1.7058823529411764,0.037764705882352985,0.02182885547271727,-11.170914386009146,-3.4507218289552015,0.5983175634813495,0.20149258640691123,False
0.3720000000000003,0.19256073494993586,1.6941176470588235,1.7058823529411764,0.03770588235294122,0.045057734631327936,-7.152728750756964,-3.221755033005502,0.5951000202746455,0.2020894567084207,False
0.3730000000000003,0.19301783187625332,1.6941176470588235,1.7058823529411764,0.03764705882352946,0.06590490234466587,-3.54344016461508,-3.016779717384019,0.5920874300181224,0.2026832016921526,False
0.3740000000000003,0.19347445255025797,1.6941176470588235,1.7058823529411764,0.03758823529411769,0.08460852975725822,-0.30196670720317287,-2.8334002208045894,0.5892581982547577,0.20327401659376035,False
0.3750000000000003,0.1939305958452837,1.6941176470588235,1.7058823529411764,0.03752941176470593,0.10138297089917964,2.6083661057978467,-2.669445189473054,0.5865929017374258,0.20386207603146278,False
0.3760000000000003,0.1943862606358422,1.7058823529411764,1.7058823529411764,0.03752941176470593,1.0,107.34069945651909,-2.5229762237773645,0.5840740554891444,0.20444753607243327,False
0.3770000000000003,0.19484144579762594,1.7058823529411764,1.7058823529411764,0.03752941176470593,1.0,137.36309087067366,3.0108011868728073,0.5870889918064924,0.20503296746891153,False
0.3780000000000003,0.19529615020751082,1.7058823529411764,1.7176470588235293,0.037470588235294165,-0.05803416715567368,23.628492453867313,4.591698291923156,0.5916848526938989,0.20562212522154907,False
0.3790000000000003,0.19575037274355886,1.7058823529411764,1.7176470588235293,0.0374117647058824,-0.02711310338128263,-5.428641416083464,-1.4334762222660495,0.5902555454746956,0.20621316751166285,False
0.3800000000000003,0.19620411228502113,1.7058823529411764,1.7176470588235293,0.03735294117647064,0.0006570304862575996,-10.517265115235144,-2.978416804598454,0.5872812805343186,0.20680208526133892,False
0.3810000000000003,0.19665736771234044,1.7058823529411764,1.7176470588235293,0.03729411764705887,0.025591327437631955,-9.044632549701825,-3.255165170946767,0.584030244562808,0.20738790419576933,False
0.3820000000000003,0.19711013790715404,1.7058823529411764,1.7176470588235293,0.03723529411764711,0.04797337116445706,-5.986133648775568,-3.184721370816522,0.5808496292505815,0.20797050378003865,False
0.3830000000000003,0.19756242175229646,1.7058823529411764,1.7176470588235293,0.037176470588235346,0.06805838698918792,-2.740154217972888,-3.0303300490776954,0.5778233829780366,0.20854999221168846,False
0.3840000000000003,0.19801421813180237,1.7058823529411764,1.7176470588235293,0.03711764705882358,0.08607607770203393,0.31816991280677176,-2.865980544404429,0.574961465065399,0.209126528341621,False
0.3850000000000003,0.19846552593090905,1.7058823529411764,1.7176470588235293,0.03705882352941182,0.1022331758141836,3.105214603666131,-2.711523004950622,0.5722539846704362,0.2097002720474877,False
0.3860000000000003,0.19891634403605932,1.7058823529411764,1.7176470588235293,0.037000000000000054,0.11671574058570645,5.618678711714569,-2.5713838136928326,0.5696866244789467,0.210271371324173,False
0.3870000000000003,0.1993666713349044,1.7058823529411764,1.7176470588235293,0.03694117647058829,0.12969122535066535,7.877457420775144,-2.445686444493544,0.5672449436009275,0.21083995979362286,False
0.3880000000000003,0.19981650671630644,1.7058823529411764,1.7176470588235293,0.036882352941176526,0.14131033810971666,9.904650449968623,-2.333432713196999,0.5649154992325277,0.21140615708601684,False
0.3890000000000003,0.20026584907034126,1.7058823529411764,1.7176470588235293,0.03682352941176476,0.151708716063451,11.722773813114724,-2.233401811662996,0.5626860692880696,0.2119700699380403,False
0.3900000000000003,0.20071469728830138,1.7058823529411764,1.7176470588235293,0.036764705882353,0.1610084326924002,13.352464992187434,-2.144403664679509,0.5605456216756461,0.21253179339977754,False
0.3910000000000003,0.20116305026269837,1.7058823529411764,1.7176470588235293,0.036705882352941234,0.1693193541290426,14.812588942158582,-2.0653474527926488,0.5584842150493778,0.21309141198004541,False
0.3920000000000003,0.20161090688726593,1.7058823529411764,1.7176470588235293,0.03664705882352947,0.17674035989260897,16.12010782263064,-1.9952360172031531,0.5564929051560912,0.21364900069499657,False
0.3930000000000003,0.20205826605696225,1.7058823529411764,1.7176470588235293,0.036588235294117706,0.18336044155040696,17.28907444694215,-1.9331727644089447,0.5545636442766595,0.21420462601996154,False
0.3940000000000003,0.2025051266679731,1.7058823529411764,1.7176470588235293,0.03652941176470594,0.1892596915130135,18.33641801777941,-1.8784149325358674,0.5526891274000759,0.2147583467167624,False
0.3950000000000003,0.20295148761771434,1.7058823529411764,1.7176470588235293,0.03647058823529418,0.1945101929499476,19.27157216210741,-1.8300674839050213,0.5508629445051635,0.215310214644948,False
0.3960000000000003,0.2033973478048347,1.7058823529411764,1.7176470588235293,0.036411764705882414,0.19917682071377643,20.106703259485684,-1.7876318852668058,0.5490791840608019,0.21586027547836018,False
0.3970000000000003,0.2038427061292185,1.7058823529411764,1.7294117647058824,0.036294117647058886,-0.9737408613576191,-115.18620904616081,-1.7504649437434021,0.5473325776897031,0.21640856926872276,False
0.3980000000000003,0.20428756149198832,1.7058823529411764,1.7294117647058824,0.03617647058823536,-0.8647785399277395,-141.29932621860985,-8.915641456251565,0.5384207517817688,0.21695189209898208,False
0.3990000000000003,0.20473191279550776,1.7058823529411764,1.7294117647058824,0.03605882352941183,-0.7668300976996711,-137.32264304461413,-10.304093866282498,0.5281204044161886,0.21748567825861295,False
0.4000000000000003,0.2051757589433842,1.7176470588235293,1.7294117647058824,0.03600000000000007,0.49826467677617386,10.194081191428339,-10.10039153908795,0.5180236873043199,0.2180092556936376,False
0.4010000000000003,0.20561909884047136,1.7176470588235293,1.7294117647058824,0.0359411764705883,0.4720852679220858,49.55582608636629,-2.302034334376227,0.5157252888473132,0.21852624564751563,False
0.4020000000000003,0.20606193139287213,1.7176470588235293,1.7294117647058824,0.03588235294117654,0.44846497642399463,58.130045589866455,-0.22603808974324496,0.5155028788098797,0.2190418713961134,False
0.4030000000000003,0.2065042555079412,1.7176470588235293,1.7294117647058824,0.035823529411764775,0.42714789054630103,58.12453998263198,0.22101990470183033,0.5157275266727508,0.2195574759106204,False
0.4040000000000003,0.2069460700942878,1.7176470588235293,1.7294117647058824,0.03576470588235301,0.4079036897269649,55.89520384679903,0.21413056375780595,0.5159452863283366,0.22007330197346853,False
0.4050000000000003,0.20738737406177832,1.7176470588235293,1.7294117647058824,0.03570588235294125,0.39052508546015063,53.247663233057516,0.08957911498922254,0.5160384951222844,0.22058928974819894,False
0.4060000000000003,0.2078281663215391,1.7176470588235293,1.7294117647058824,0.03564705882352948,0.37482551809060605,50.67191560061655,-0.05709872733804746,0.5159850256903775,0.22110530472649514,False
0.4070000000000003,0.2082684457859591,1.7176470588235293,1.7294117647058824,0.03558823529411772,0.3606370839286043,48.29539892298728,-0.19997579881232433,0.5157886777870507,0.22162120193986742,False
0.4080000000000003,0.20870821136869244,1.7176470588235293,1.7294117647058824,0.035529411764705955,0.34780866965339063,46.135547536488126,-0.3323077077997917,0.5154599956140169,0.22213684325458885,False
0.4090000000000003,0.20914746198466133,1.7176470588235293,1.7294117647058824,0.03547058823529419,0.3362042732762868,44.181282976776416,-0.4531703935324142,0.5150104475122363,0.22265210149700837,False
0.4100000000000003,0.2095861965500585,1.7176470588235293,1.7294117647058824,0.03541176470588243,0.3257014930074815,42.41477307413822,-0.5631485249403796,0.5144509172323078,0.22316686069876207,False
0.4110000000000003,0.21002441398235006,1.7176470588235293,1.7294117647058824,0.03535294117647066,0.316190167236145,40.819680372855984,-0.6631842375886455,0.5137913464621726,0.22368101535131973,False
0.4120000000000003,0.21046211320027802,1.7176470588235293,1.7294117647058824,0.0352941176470589,0.30757115051253037,39.37604393570391,-0.7541407058341608,0.5130408137819937,0.22419446949945065,False
0.4130000000000003,0.21089929312386305,1.7176470588235293,1.7294117647058824,0.035235294117647135,0.2997552119318654,38.07084158997307,-0.837072929579685,0.5122073428316968,0.22470713579179036,False
0.4140000000000003,0.2113359526744072,1.7176470588235293,1.7294117647058824,0.03517647058823537,0.29266204367985515,36.8904418227246,-0.9126688842482784,0.5112982693295522,0.22521893459105768,False
0.4150000000000003,0.2117720907744964,1.7176470588235293,1.7294117647058824,0.03511764705882361,0.2862193687236342,35.821951792199684,-0.981648874941283,0.5103202087374953,0.22572979327158207,False
0.4160000000000003,0.2122077063480033,1.7176470588235293,1.7294117647058824,0.035058823529411844,0.2803621377336237,34.85489172463648,-1.0446942053833272,0.5092790952575792,0.22623964551659448,False
0.4170000000000003,0.21264279832008964,1.7176470588235293,1.7294117647058824,0.03500000000000008,0.2750318063132023,33.97751288762863,-1.1023585791328958,0.5081803094278692,0.22674843069438524,False
0.4180000000000003,0.21307736561720939,1.7176470588235293,1.7294117647058824,0.034941176470588316,0.27017568450541146,33.183167563000744,-1.155262904682043,0.507028610913314,0.22725609327439533,False
0.4190000000000003,0.21351140716711084,1.7176470588235293,1.7411764705882353,0.03482352941176479,-0.9113124721804198,-103.57871661940224,-1.2037582597121197,0.5058284083333122,0.22776258232776503,False
0.4200000000000003,0.21394492189883968,1.7176470588235293,1.7411764705882353,0.03470588235294126,-0.8100635779035542,-131.01004165340558,-8.446111704801643,0.49738581295184375,0.22826461209741603,False
0.4210000000000003,0.21437790874274137,1.7176470588235293,1.7411764705882353,0.03458823529411773,-0.7190572201131986,-128.21614409267204,-9.903770253224607,0.4874854931991224,0.22875754328615147,False
0.4220000000000003,0.2148103666304639,1.7176470588235293,1.7411764705882353,0.034470588235294204,-0.6372691451607024,-117.81145841597507,-9.76211416582558,0.47772676023571803,0.22924063785876417,False
0.4230000000000003,0.21524229449496046,1.7176470588235293,1.7411764705882353,0.034352941176470676,-0.5637775247622792,-106.18823278943209,-9.217656258818604,0.4685124185939071,0.2297142186644051,False
0.4240000000000003,0.21567369127049196,1.7176470588235293,1.7411764705882353,0.03423529411764715,-0.4977527134625218,-95.08791536644132,-8.608611782823806,0.45990705895660383,0.23017885916080671,False
0.4250000000000003,0.21610455589262972,1.7176470588235293,1.7411764705882353,0.03411764705882362,-0.4384480303515637,-84.92375004926586,-8.027126784938924,0.45188312602281283,0.23063515593072048,False
0.4260000000000003,0.2165348872982581,1.7294117647058824,1.7411764705882353,0.03405882352941186,0.7918673609189048,60.303630612133034,-7.495072782122985,0.44439119268708854,0.23108366815924633,False
0.4270000000000003,0.21696468442557723,1.7294117647058824,1.7411764705882353,0.03400000000000009,0.7343865071799555,95.35500829154557,0.18310218583671756,0.4445774137469825,0.23152814361921215,False
0.4280000000000003,0.21739394621410535,1.7294117647058824,1.7411764705882353,0.03394117647058833,0.6825949152854893,99.39867056016043,2.031955110228501,0.44661249649315354,0.23197363728892184,False
0.4290000000000003,0.21782267160468163,1.7294117647058824,1.7411764705882353,0.033882352941176565,0.6359236590510581,95.1303702227018,2.240192153804518,0.4488558311054354,0.2324212597568972,False
0.4300000000000003,0.2182508595394689,1.7294117647058824,1.7411764705882353,0.0338235294117648,0.5938607049106582,89.01282663315064,2.008624326261799,0.45086761231705774,0.23287102136266746,False
0.4310000000000003,0.21867850896195595,1.7294117647058824,1.7411764705882353,0.03376470588235304,0.5559452226548868,82.84882964595542,1.6791916104171907,0.4525499731986091,0.23332264651242812,False
0.43200000000000033,0.21910561881696028,1.7294117647058824,1.7411764705882353,0.03370588235294127,0.5217624650952806,77.10760016047065,1.347282160715553,0.4539004346910192,0.2337758046699243,False
0.43300000000000033,0.21953218805063082,1.7294117647058824,1.7411764705882353,0.03364705882352951,0.4909391597622232,71.8809222350356,1.0377261282668817,0.4549413479743818,0.23423017399345755,False
0.43400000000000033,0.21995821561045045,1.7294117647058824,1.7411764705882353,0.033588235294117745,0.4631393614330598,67.15559559509637,0.7553835181005928,0.4556999244119159,0.23468545717961764,False
0.43500000000000033,0.2203837004452384,1.7294117647058824,1.7411764705882353,0.03352941176470598,0.4380607194074011,62.89539747621847,0.4995593675503489,0.45620268059288943,0.23514138382373775,False
0.43600000000000033,0.2208086415051532,1.7294117647058824,1.7411764705882353,0.03347058823529422,0.41543111805489646,59.0501116726296,0.26834028700664575,0.45647421989558634,0.23559770917682266,False
0.43700000000000033,0.22123303774169503,1.7294117647058824,1.7411764705882353,0.03341176470588245,0.39500565330823056,55.584025810324796,0.059072207257218776,0.45653649179108885,0.23605421189902193,False
0.43800000000000033,0.2216568881077084,1.7294117647058824,1.7411764705882353,0.03335294117647069,0.37656391150681934,52.46128348528094,-0.1301318267758669,0.4564095589419547,0.23651069175091485,False
0.43900000000000033,0.22208019155738462,1.7294117647058824,1.7411764705882353,0.033294117647058925,0.3599075203561376,49.64271173265905,-0.3011666365282397,0.45611158932252865,0.23696696770315387,False
0.44000000000000034,0.22250294704626447,1.7294117647058824,1.7411764705882353,0.03323529411764716,0.3448579447911122,47.101043590324785,-0.45610274016753327,0.45565868050812636,0.2374228759627046,False
0.44100000000000034,0.2229251535312409,1.7294117647058824,1.7411764705882353,0.0331764705882354,0.33125450325317773,44.80966322750988,-0.5963809180625262,0.45506548940091146,0.2378782681858213,False
0.44200000000000034,0.22334680997056128,1.7294117647058824,1.7411764705882353,0.033117647058823634,0.3189525823396247,42.74095262574113,-0.7234076792790142,0.4543452664911944,0.23833301005279026,False
0.44300000000000034,0.22376791532383034,1.7294117647058824,1.7529411764705882,0.033000000000000106,-0.8692367935413923,-95.16681264465933,-0.8386427188387034,0.4535098026613482,0.23878697983757746,False
0.44400000000000034,0.22418846855201244,1.7294117647058824,1.7529411764705882,0.03288235294117658,-0.7740189965401939,-123.63013160626123,-8.1409424394423,0.44537200222465595,0.23923682810306288,False
0.44500000000000034,0.22460846861743428,1.7294117647058824,1.7529411764705882,0.03276470588235305,-0.6884406262979387,-121.76321244220652,-9.652525592774634,0.4357225549550045,0.23967785831780183,False
0.44600000000000034,0.22502791448378753,1.7294117647058824,1.7529411764705882,0.03264705882352952,-0.6115377401387327,-112.1914862814494,-9.55924119587626,0.4261663245804166,0.24010928102272847,False
0.44700000000000034,0.2254468051161311,1.7294117647058824,1.7529411764705882,0.032529411764705994,-0.542442789654271,-101.31836047578169,-9.058183286299293,0.41711108699973914,0.24053137293416457,False
0.44800000000000034,0.2258651394808941,1.7294117647058824,1.7529411764705882,0.032411764705882466,-0.480374981277079,-90.8927226507996,-8.48815698757279,0.4086258144184425,0.2409446660829546,False
0.44900000000000034,0.226282916545878,1.7294117647058824,1.7529411764705882,0.03229411764705894,-0.4246316007964297,-81.3349125653165,-7.9417014662745755,0.4006869399676734,0.24134971982959813,False
0.45000000000000034,0.22670013528025948,1.7294117647058824,1.7529411764705882,0.03217647058823541,-0.3745802054226689,-72.69185815254734,-7.441063228671821,0.3932486500120995,0.2417470599566468,False
0.45100000000000035,0.2271167946545927,1.7294117647058824,1.7529411764705882,0.03205882352941188,-0.3296515966451075,-64.91384821821644,-6.988731308997597,0.3862626415494058,0.24213716531275228,False
0.45200000000000035,0.2275328936408121,1.7411764705882353,1.7529411764705882,0.03200000000000012,0.8877253277252815,78.12290156409716,-6.582081052992695,0.37968323590305275,0.24252046762446075,False
0.45300000000000035,0.22794843121223493,1.7411764705882353,1.7529411764705882,0.031941176470588355,0.8185998537762829,111.18406784064243,0.9810239543198519,0.3806669207264862,0.24290059391746574,False
0.45400000000000035,0.2283634063435633,1.7411764705882353,1.7529411764705882,0.03188235294117659,0.7563281036927723,113.43972973099275,2.725401276421988,0.3833949968259177,0.24328248887309542,False
0.45500000000000035,0.2287778180108875,1.7411764705882353,1.7529411764705882,0.03182352941176483,0.7002247050882013,107.55662471114816,2.839853173317482,0.38623754413337313,0.243667163419741,False
0.45600000000000035,0.22919166519168793,1.7411764705882353,1.7529411764705882,0.03176470588235306,0.6496728228146753,99.98621101963099,2.5236566224717287,0.3887639131883897,0.24405453823629172,False
0.45700000000000035,0.22960494686483773,1.7411764705882353,1.7529411764705882,0.0317058823529413,0.60411730523909,92.51511293777817,2.1181568100389176,0.39088479813739796,0.24444425695649097,False
0.45800000000000035,0.2300176620106055,1.7411764705882353,1.7529411764705882,0.031647058823529535,0.5630585158916517,85.60100220013594,1.7178874974250848,0.39260542666130643,0.24483591644826516,False
0.45900000000000035,0.23042980961065765,1.7411764705882353,1.7529411764705882,0.03158823529411777,0.5260467819495456,79.31447958636338,1.3470685981920176,0.39395524649383024,0.24522912970626118,False
0.46000000000000035,0.23084138864806095,1.7411764705882353,1.7529411764705882,0.03152941176470601,0.4926773978722382,73.63986441922971,1.0094400647103074,0.3949674455436785,0.2456235408559711,False
0.46100000000000035,0.231252398107285,1.7411764705882353,1.7529411764705882,0.03147058823529424,0.4625861286732498,68.52011098957001,0.7041763589501078,0.3956743864110544,0.2460188268394413,False
0.46200000000000035,0.23166283697420487,1.7411764705882353,1.7529411764705882,0.03141176470588248,0.4354451628647485,63.90691082269527,0.4282629618698804,0.3961054173915882,0.24641469560491433,False
0.46300000000000036,0.23207270423610338,1.7411764705882353,1.7529411764705882,0.031352941176470715,0.4109594701076855,59.749394681862114,0.17914727349535522,0.3962873343761723,0.24681088330037584,False
0.46400000000000036,0.23248199888167392,1.7411764705882353,1.7529411764705882,0.03129411764705895,0.388863523096917,56.00285380366206,-0.045859120166507235,0.39624424501844097,0.24720715166002277,False
0.46500000000000036,0.2328907199010225,1.7411764705882353,1.7529411764705882,0.031235294117647187,0.3689183472578137,52.62788810807195,-0.24911898223704745,0.39599789436813576,0.24760328546255833,False
0.46600000000000036,0.23329886628567076,1.7411764705882353,1.7529411764705882,0.031176470588235423,0.35090886547320893,49.58207756498402,-0.43271446382223583,0.3955679454677103,0.24799909029485429,False
0.46700000000000036,0.23370643702855803,1.7411764705882353,1.7529411764705882,0.03111764705882366,0.33464150833765294,46.83744256047424,-0.5988877367532468,0.39497181931631653,0.24839439039792496,False
0.46800000000000036,0.23411343112404398,1.7411764705882353,1.7529411764705882,0.031058823529411896,0.31994206338624087,44.36116499829726,-0.7491171576455568,0.39422545867249426,0.24878902676859344,False
0.46900000000000036,0.23451984756791117,1.7411764705882353,1.7529411764705882,0.03100000000000013,0.3066537394005581,42.127737940577596,-0.8851372761065573,0.3933430718497205,0.24918285556595693,False
0.47000000000000036,0.2349256853573674,1.7411764705882353,1.7647058823529411,0.030882352941176604,-0.8824233992453756,-95.92633108172792,-1.008295988652599,0.39233751935895306,0.24957574655092948,False
0.47100000000000036,0.2353309434910483,1.7411764705882353,1.7647058823529411,0.030764705882353076,-0.7880045887326024,-124.52096772404977,-8.317543263025794,0.38402268166471804,0.2499643428009118,False
0.47200000000000036,0.2357356209690197,1.7411764705882353,1.7647058823529411,0.030647058823529548,-0.7031453063299298,-122.77150803791423,-9.835279225805797,0.3741900433107684,0.25034394119351605,False
0.47300000000000036,0.23613971679278006,1.7411764705882353,1.7647058823529411,0.03052941176470602,-0.6268895992263485,-113.30588675961755,-9.747412518598804,0.36444520311366935,0.25071374644663535,False
0.47400000000000037,0.23654322996526328,1.7411764705882353,1.7647058823529411,0.030411764705882492,-0.5583771098919486,-102.52809219814101,-9.251169564793075,0.35519653966295506,0.25107403012905777,False
0.47500000000000037,0.2369461594908406,1.7411764705882353,1.7647058823529411,0.030294117647058964,-0.4968335165498123,-92.18736090458206,-8.685386147133876,0.3465135971959483,0.25142531971298804,False
0.47600000000000037,0.2373485043753235,1.7411764705882353,1.7647058823529411,0.030176470588235436,-0.44156192960071305,-82.70857431715002,-8.142619821315316,0.33837336249033584,0.2517681705640451,False
0.47700000000000037,0.237750263625966,1.7411764705882353,1.7647058823529411,0.03005882352941191,-0.39193514840534743,-74.1305600024099,-7.645357324452882,0.33073033533015217,0.2521031049154447,False
0.47800000000000037,0.23815143625146704,1.7411764705882353,1.7647058823529411,0.02994117647058838,-0.3473886923883418,-66.40862804919286,-7.195659050979258,0.3235369547772283,0.2524305985728131,False
0.47900000000000037,0.23855202126197309,1.7529411764705882,1.7647058823529411,0.029882352941176617,0.8696442944975471,76.571878543503,-6.79116597077635,0.3167480186000656,0.25275108084220677,False
0.48000000000000037,0.2389520176690804,1.7529411764705882,1.7647058823529411,0.029823529411764853,0.8002092768124985,109.58422974897363,0.7697755611363003,0.31752000805168995,0.25306817658798747,False
0.48100000000000037,0.23935142448583763,1.7529411764705882,1.7647058823529411,0.02976470588235309,0.737658937366543,111.79426936482817,2.512385050808769,0.32003461949499556,0.2533868285046266,False
0.4820000000000004,0.23975024072674814,1.7529411764705882,1.7647058823529411,0.029705882352941325,0.6813048083357711,105.87538709498442,2.62524072371311,0.3226621044462432,0.2537080458284394,False
0.4830000000000004,0.24014846540777257,1.7529411764705882,1.7647058823529411,0.02964705882352956,0.6305272686786647,98.2725431574014,2.3079715329064467,0.3249723370238732,0.25403174787622446,False
0.4840000000000004,0.24054609754633105,1.7529411764705882,1.7647058823529411,0.029588235294117797,0.5847686594578573,90.7720815317441,1.9015788592035525,0.32687619115403543,0.2543575772885049,False
0.4850000000000004,0.2409431361613058,1.7529411764705882,1.7647058823529411,0.029529411764706033,0.5435270876297189,83.82855845510332,1.5005816289034755,0.328379059463895,0.2546851301130918,False
0.4860000000000004,0.24133958027304356,1.7529411764705882,1.7647058823529411,0.02947058823529427,0.5063508494549824,77.52083342444102,1.1290349124973267,0.32951038979033526,0.2550140186152839,False
0.4870000000000004,0.24173542890335784,1.7529411764705882,1.7647058823529411,0.029411764705882505,0.47283341156830794,71.8263224050301,0.7911156171135019,0.3303038071011417,0.25534388638795813,False
0.4880000000000004,0.24213068107553148,1.7529411764705882,1.7647058823529411,0.02935294117647074,0.442608893940889,66.68826947847332,0.48563294602518964,0.3307917457977321,0.25567441011323927,False
0.4890000000000004,0.24252533581431912,1.7529411764705882,1.7647058823529411,0.029294117647058977,0.4153480045468003,62.059172895055745,0.20958770444107638,0.33100364130113047,0.25600529755814516,False
0.4900000000000004,0.24291939214594932,1.7529411764705882,1.7647058823529411,0.029235294117647213,0.39075438056270867,57.88832975321408,-0.03953003313949212,0.33096641930230564,0.2563362847957658,False
0.4910000000000004,0.2433128490981273,1.7529411764705882,1.7647058823529411,0.02917647058823545,0.3685612954476146,54.12997685948028,-0.26439988939507963,0.330704326046703,0.256667133619159,False
0.4920000000000004,0.2437057057000372,1.7529411764705882,1.7647058823529411,0.029117647058823685,0.348528695314618,50.74276947208539,-0.4674404262545192,0.33023918937733043,0.2569976289793713,False
0.4930000000000004,0.24409796098234435,1.7529411764705882,1.7647058823529411,0.02905882352941192,0.33044053166550935,47.689735974216006,-0.6508366946394446,0.32959065222981504,0.25732757667210593,False
0.4940000000000004,0.2444896139771978,1.7529411764705882,1.7647058823529411,0.029000000000000158,0.3141023608518999,44.93748909254567,-0.8165426061719517,0.32877640375737655,0.2576568012568195,False
0.4950000000000004,0.24488066371823278,1.7529411764705882,1.7647058823529411,0.028941176470588394,0.29933918359023937,42.457470025276955,-0.9663226430828133,0.3278123687473367,0.257985144188175,False
0.4960000000000004,0.24527110924057288,1.7529411764705882,1.7647058823529411,0.02888235294117663,0.2859935005253334,40.219420726258754,-1.1016860115591933,0.32671296288588214,0.258312462166543,False
0.4970000000000004,0.24566094958083262,1.7529411764705882,1.7647058823529411,0.028823529411764866,0.27392356223750614,38.20198682925158,-1.224231997387858,0.3254910026675246,0.2586386255883589,False
0.4980000000000004,0.2460501837771197,1.7529411764705882,1.7647058823529411,0.028764705882353102,0.26300179424904985,36.37847388141818,-1.3350889574584273,0.32415817631478167,0.2589635171588428,False
0.4990000000000004,0.2464388108690375,1.7529411764705882,1.7647058823529411,0.028705882352941338,0.25311337953002744,34.735833694764096,-1.435667928200723,0.32272476108955456,0.2592870306365172,False
0.5000000000000003,0.24682682989768714,1.7529411764705882,1.7647058823529411,0.028647058823529577,0.24415498275349606,33.25048746517769,-1.5266580616006418,0.32120034517072604,0.25960906974708914,False
0.5010000000000003,0.2472142399056704,1.7529411764705882,1.7647058823529411,0.028588235294117813,0.2360336021252054,31.911451747061882,-1.609305789480249,0.319593270367162,0.2599295472435878,False
0.5020000000000003,0.24760103993709148,1.7529411764705882,1.7647058823529411,0.02852941176470605,0.22866553603033216,30.700284720864573,-1.684191237689612,0.31791129841775895,0.26024838395982813,False
0.5030000000000003,0.24798722903755985,1.7529411764705882,1.7647058823529411,0.028470588235294286,0.22197545301553437,29.606983937551767,-1.7522892407621005,0.31616121627704513,0.2605655080527189,False
0.5040000000000003,0.24837280625419225,1.7529411764705882,1.776470588235294,0.028352941176470758,-0.9611632687566027,-107.42200103501757,-1.8141281972261687,0.3143492825462386,0.26088085422837126,False
0.5050000000000003,0.24875777063561522,1.7529411764705882,1.776470588235294,0.02823529411764723,-0.8613998830574128,-135.0925235095473,-9.0681329200082,0.3052833009789996,0.2611911241438147,False
0.5060000000000003,0.24914212123196744,1.7529411764705882,1.776470588235294,0.028117647058823702,-0.7717304829869652,-132.5183600974147,-10.53595982420029,0.2947494230660168,0.26149166751422526,False
0.5070000000000003,0.24952585709490202,1.7647058823529411,1.776470588235294,0.028058823529411938,0.4859131535470215,13.740392099694608,-10.403435670801553,0.2843479963463291,0.26178173659878773,False
0.5080000000000003,0.24990897727758885,1.7647058823529411,1.776470588235294,0.028000000000000174,0.45302772054526064,51.971197182762126,-2.6686059215911597,0.2816813591132239,0.26206488490424396,False
0.5090000000000003,0.250291480834717,1.7647058823529411,1.776470588235294,0.02794117647058841,0.4233720073142643,59.529749016895884,-0.6494116626796286,0.281033905859274,0.26234627520329395,False
0.5100000000000003,0.25067336682249686,1.7647058823529411,1.776470588235294,0.027882352941176646,0.39662304187695563,58.61247135459864,-0.2530515345885946,0.28078280973381575,0.26262719640926496,False
0.5110000000000003,0.25105463429866276,1.7647058823529411,1.776470588235294,0.027823529411764882,0.3724901494539662,55.56731775970945,-0.30513590381183603,0.28047962712607405,0.26290784307988757,False
0.5120000000000003,0.2514352823224752,1.7647058823529411,1.776470588235294,0.02776470588235312,0.35071172274386386,52.182667653450046,-0.4697991628569974,0.2800117783138223,0.2631881124677028,False
0.5130000000000003,0.25181530995472295,1.7647058823529411,1.776470588235294,0.027705882352941354,0.33105231517536016,48.94627426255299,-0.6524176378636568,0.27936130686055044,0.26346783182593053,False
0.5140000000000003,0.25219471625772555,1.7647058823529411,1.776470588235294,0.02764705882352959,0.31330002483429487,45.97807194982308,-0.8271824953353101,0.2785360651464162,0.2637468220653138,False
0.5150000000000003,0.2525735002953358,1.7647058823529411,1.776470588235294,0.027588235294117826,0.29726413999792434,43.28819239575199,-0.9877459912881793,0.2775502533770801,0.2640249148055075,False
0.5160000000000003,0.25295166113294165,1.7647058823529411,1.776470588235294,0.027529411764706063,0.2827730201157792,40.85816313688358,-1.1335701226948407,0.27641860986263145,0.2643019561085349,False
0.5170000000000003,0.2533291978374688,1.7647058823529411,1.776470588235294,0.0274705882352943,0.26967218869243686,38.66705798988859,-1.265630486602899,0.2751548974148979,0.26457780633577005,False
0.5180000000000003,0.25370610947738303,1.7647058823529411,1.776470588235294,0.027411764705882535,0.25782261688201696,36.68843985723565,-1.3850326724140671,0.2737717733477234,0.26485233911393846,False
0.5190000000000003,0.2540823951226923,1.7647058823529411,1.776470588235294,0.02735294117647077,0.24709917872322723,34.90393413809936,-1.4931739994767077,0.27228049773807683,0.2651254400983359,False
0.5200000000000004,0.2544580538449492,1.7647058823529411,1.776470588235294,0.027294117647059007,0.23738926085090473,33.29503429712325,-1.5910253452572787,0.2706913598599608,0.26539700576748465,False
0.5210000000000004,0.25483308471725313,1.7647058823529411,1.776470588235294,0.027235294117647243,0.22859151123640273,31.841039630434608,-1.6795646926879453,0.2690136710721342,0.2656669424491301,False
0.5220000000000004,0.2552074868142527,1.7647058823529411,1.776470588235294,0.02717647058823548,0.22061471305393907,30.528991404151597,-1.7598862279668332,0.26725564860753237,0.2659351652900286,False
0.5230000000000004,0.2555812592121481,1.7647058823529411,1.776470588235294,0.027117647058823715,0.21337677116031017,29.343493377217115,-1.8326746171785426,0.2654248250874557,0.2662015973461027,False
0.5240000000000004,0.2559544009886929,1.7647058823529411,1.776470588235294,0.02705882352941195,0.20680379992663234,28.272667158583957,-1.898743583514013,0.26352791945914206,0.2664661688397505,False
0.5250000000000004,0.2563269112231969,1.7647058823529411,1.776470588235294,0.027000000000000187,0.2008293022869105,27.304884499120654,-1.9587208056056162,0.26157102303542323,0.2667288164298884,False
0.5260000000000004,0.25669878899652826,1.7647058823529411,1.776470588235294,0.026941176470588423,0.19539343088174915,26.429530148527014,-2.013220801024433,0.2595596126514597,0.2669894825902372,False
0.5270000000000004,0.2570700333911154,1.7647058823529411,1.776470588235294,0.02688235294117666,0.1904423230876921,25.63784271853024,-2.062804556738443,0.25749860419127796,0.26724811501892987,False
0.5280000000000004,0.2574406434909497,1.7647058823529411,1.776470588235294,0.026823529411764895,0.18592750254362897,24.921074694942583,-2.1079350332643894,0.2553924506107168,0.26750466612167095,False
0.5290000000000004,0.25781061838158764,1.7647058823529411,1.776470588235294,0.02676470588235313,0.18180534052456038,24.27250380202873,-2.149074510843583,0.2532451426144737,0.2677590925491122,False
0.5300000000000004,0.25817995715015285,1.7647058823529411,1.776470588235294,0.026705882352941367,0.178036571177987,23.683746791977846,-2.186578164772547,0.2510603157582718,0.26801135478279703,False
0.5310000000000004,0.2585486588853388,1.7647058823529411,1.776470588235294,0.026647058823529603,0.17458585523665912,23.1500345898231,-2.22088909435896,0.24884116252200264,0.2682614167404441,False
0.5320000000000004,0.25891672267741045,1.7647058823529411,1.776470588235294,0.02658823529411784,0.1714213873600523,22.665678045829083,-2.25225921538997,0.2465906234909547,0.2685092454189026,False
0.5330000000000004,0.25928414761820706,1.7647058823529411,1.776470588235294,0.026529411764706076,0.16851454274169436,22.2259271582867,-2.2809891594722522,0.2443113386380318,0.2687548106203345,False
0.5340000000000004,0.25965093280114415,1.7647058823529411,1.776470588235294,0.02647058823529431,0.1658395590557604,21.825877160023737,-2.3073299007560237,0.24200569697931965,0.2689980846739465,False
0.5350000000000004,0.26001707732121565,1.7647058823529411,1.776470588235294,0.026411764705882548,0.16337325020900817,21.461726785039385,-2.3315406306479707,0.2396758283550439,0.2692390421813349,False
0.5360000000000004,0.2603825802749964,1.7647058823529411,1.776470588235294,0.026352941176470784,0.1610947487175194,21.129983212294917,-2.353822181141864,0.2373236617874196,0.2694776597835702,False
0.5370000000000004,0.26074744076064416,1.776470588235294,1.776470588235294,0.026352941176470784,1.0,118.02800300438382,-2.3743590880469267,0.23495094177550235,0.2697139159677115,False
0.5380000000000004,0.26111165787790197,1.776470588235294,1.776470588235294,0.026352941176470784,1.0,145.8051904802453,2.7494412221925706,0.23770202684109387,0.2699501051437727,False
0.5390000000000004,0.26147523072810036,1.776470588235294,1.776470588235294,0.026352941176470784,1.0,153.71514200101961,4.21607981426101,0.2419197756164269,0.27018970540703113,False
0.5400000000000004,0.2618381584141594,1.776470588235294,1.776470588235294,0.026352941176470784,1.0,155.91444935687946,4.631506033574382,0.24655298153051594,0.27043371037932884,False
0.5410000000000004,0.2622004400405911,1.776470588235294,1.776470588235294,0.026352941176470784,0.9672062969937352,152.68304726140164,4.744728441870195,0.2512994423922524,0.2706823995271246,False
0.5420000000000004,0.26256207471350157,1.776470588235294,1.776470588235294,0.026352941176470784,0.8968386084708325,143.55217120943624,4.57055833938532,0.25587176527292027,0.27093575677854537,False
0.5430000000000004,0.26292306154059325,1.776470588235294,1.776470588235294,0.026352941176470784,0.83350768880022,133.5487160749868,4.084197818568975,0.25995775723691505,0.2711934675084765,False
0.5440000000000004,0.263283399631167,1.776470588235294,1.776470588235294,0.026352941176470784,0.7765098610966686,124.03440803345987,3.5516216182609943,0.2635111990282672,0.2714550245868092,False
0.5450000000000004,0.26364308809612436,1.776470588235294,1.788235294117647,0.02629411764705902,-0.45184700736593486,-20.71242866661835,3.044883989354795,0.26655792562210157,0.2717199070885648,False
0.5460000000000004,0.2640021260479698,1.776470588235294,1.788235294117647,0.026235294117647256,-0.392721130158753,-55.36423007958593,-4.616875403782952,0.2619428819216006,0.2719843885202427,False
0.5470000000000004,0.26436051260081295,1.776470588235294,1.788235294117647,0.026176470588235492,-0.3395666642017009,-59.07005889980981,-6.453540132364755,0.25549113366377585,0.2722434283855774,False
0.5480000000000004,0.26471824687037054,1.776470588235294,1.788235294117647,0.026117647058823728,-0.2917864683697658,-54.509784063327906,-6.652799479202016,0.24884008030805121,0.2724959268085387,False
0.5490000000000004,0.2650753279739688,1.776470588235294,1.788235294117647,0.026058823529411964,-0.2488431156504359,-48.138586564533966,-6.41462416161899,0.24242715696679387,0.2727418813298053,False
0.5500000000000004,0.26543175503054567,1.776470588235294,1.788235294117647,0.0260000000000002,-0.2102529217324509,-41.7558022579985,-6.080555357754037,0.23634825918788618,0.27298157323267774,False
0.5510000000000004,0.26578752716065285,1.776470588235294,1.788235294117647,0.025941176470588436,-0.17558057073567615,-35.82771674227237,-5.745798486165487,0.23060407736901262,0.2732153368537466,False
0.5520000000000004,0.26614264348645783,1.776470588235294,1.788235294117647,0.025882352941176672,-0.14443427836799058,-30.442447041885444,-5.435028385693794,0.22517062697024995,0.2734434961162686,False
0.5530000000000004,0.26649710313174657,1.776470588235294,1.788235294117647,0.025823529411764908,-0.11646143876648532,-25.584051922794004,-5.15291101780197,0.22001925730357932,0.27366634885916713,False
0.5540000000000004,0.26685090522192495,1.776470588235294,1.788235294117647,0.025764705882353144,-0.09134470665454232,-21.21109061284478,-4.898606360480777,0.2151221575069909,0.2738841646485692,False
0.5550000000000004,0.26720404888402155,1.776470588235294,1.788235294117647,0.02570588235294138,-0.06879847128320543,-17.278021336211783,-4.669924895360136,0.2104537060523775,0.27409718622491225,False
0.5560000000000004,0.26755653324668954,1.776470588235294,1.788235294117647,0.025647058823529616,-0.0485656829784141,-13.741874578837836,-4.464459813225041,0.20599068805255402,0.27430563179006834,False
0.5570000000000004,0.26790835744020874,1.776470588235294,1.788235294117647,0.025588235294117852,-0.030414997033513594,-10.563785100459599,-4.279940119989382,0.2017121594623301,0.2745096973528778,False
0.5580000000000004,0.26825952059648794,1.776470588235294,1.788235294117647,0.02552941176470609,-0.014138203212514903,-7.706096289433364,-4.114311721551855,0.1975992301934385,0.2747095589023955,False
0.5590000000000004,0.26861002184906696,1.776470588235294,1.788235294117647,0.025470588235294325,0.00045208769697217127,-5.138431783068733,-3.9655842435538418,0.19363500040883008,0.274905374433182,False
0.5600000000000004,0.2689598603331188,1.776470588235294,1.788235294117647,0.02541176470588256,0.01352452598609881,-2.8315262751342356,-3.832152298158498,0.18980417554840318,0.2750972857623188,False
0.5610000000000004,0.2693090351854518,1.776470588235294,1.788235294117647,0.025352941176470797,0.025230896916900933,-0.7591277006422761,-3.71246909781479,0.18609300773965048,0.275285420108321,False
0.5620000000000004,0.26965754554451166,1.776470588235294,1.788235294117647,0.025294117647059033,0.035707807225211184,1.1021558994678742,-3.605147116751744,0.18248913654598098,0.27546989156616397,False
0.5630000000000004,0.2700053905503838,1.776470588235294,1.788235294117647,0.02523529411764727,0.04507820297327856,2.77346331366018,-3.508950005429781,0.17898143779951453,0.27565080242669476,False
0.5640000000000004,0.2703525693447952,1.776470588235294,1.788235294117647,0.025176470588235505,0.05345273561712747,4.273794418878267,-3.422760493124144,0.17555990453037404,0.27582824435932063,False
0.5650000000000004,0.2706990810711166,1.776470588235294,1.788235294117647,0.02511764705882374,0.06093099146717976,5.620288086187192,-3.3455743560756117,0.17221553392702232,0.27600229947834015,False
0.5660000000000004,0.271044924874365,1.776470588235294,1.788235294117647,0.025058823529411977,0.06760259820281507,6.827876290049334,-3.2764857259058635,0.16894022898745747,0.27617304130284553,False
0.5670000000000004,0.271390099901205,1.776470588235294,1.788235294117647,0.025000000000000213,0.07354822073547498,7.911587893632742,-3.214705401167928,0.16572668185809708,0.27634053561003574,False
0.5680000000000004,0.2717346052999515,1.788235294117647,1.788235294117647,0.025000000000000213,1.0,115.34628510219665,-3.159438966222862,0.1625683790534808,0.2765048412267147,False
0.5690000000000004,0.27207844022057187,1.788235294117647,1.788235294117647,0.025000000000000213,1.0,146.1523402905031,2.5227666915924,0.16509228359459793,0.2766685455329656,False
0.5700000000000004,0.2724216038146875,1.788235294117647,1.788235294117647,0.025000000000000213,1.0,154.93222998994938,4.15058134696942,0.1692440270117263,0.27683550627454634,False
0.5710000000000004,0.2727640952355763,1.788235294117647,1.788235294117647,0.025000000000000213,0.9833005758598367,155.45223529248173,4.612957247141472,0.17385817698471723,0.2770068268469967,False
0.5720000000000004,0.2731059136381748,1.788235294117647,1.788235294117647,0.025000000000000213,0.9099705182738532,147.06794771199597,4.638252154859986,0.1784976539043602,0.2771827729713467,False
0.5730000000000004,0.27344705817908016,1.788235294117647,1.788235294117647,0.025000000000000213,0.843973466446468,136.9565578209579,4.1923733799482905,0.18269128229872145,0.27736315794541033,False
0.5740000000000004,0.27378752801655193,1.788235294117647,1.788235294117647,0.025000000000000213,0.7845761198018213,127.13205273318403,3.6550655347592174,0.18634762962153367,0.277547494775514,False
0.5750000000000004,0.27412732231051473,1.788235294117647,1.788235294117647,0.025000000000000213,0.7311185078216393,118.084729973911,3.132893494917271,0.18948182801218805,0.2777352529894958,False
0.5760000000000004,0.27446644022255995,1.788235294117647,1.788235294117647,0.025000000000000213,0.6830066570394755,109.88632991468556,2.651804800601606,0.19213495736377875,0.27792592892384926,False
0.5770000000000004,0.2748048809159478,1.788235294117647,1.788235294117647,0.025000000000000213,0.6397059913355281,102.49449739104627,2.2156009824641045,0.1943518994013054,0.27811906170582934,False
0.5780000000000004,0.2751426435556096,1.788235294117647,1.788235294117647,0.025000000000000213,0.6007353922019755,95.83920058672678,1.8220463285329427,0.19617530044023565,0.2783142343385278,False
0.5790000000000004,0.27547972730814946,1.788235294117647,1.788235294117647,0.025000000000000213,0.5656618529817781,89.85219919818199,1.4674402634392243,0.19764410650145914,0.27851107080626214,False
0.5800000000000004,0.2758161313418469,1.788235294117647,1.788235294117647,0.025000000000000213,0.5340956676836005,84.47096254204412,1.1481765277511702,0.19879365760190815,0.278709232416708,False
0.5810000000000004,0.27615185482665827,1.788235294117647,1.788235294117647,0.025000000000000213,0.5056861009152406,79.62560281542692,0.8609505252265768,0.19965598939395027,0.2789084143306294,False
0.5820000000000004,0.27648689693421935,1.788235294117647,1.788235294117647,0.025000000000000213,0.4801174908237167,75.27021943617738,0.6020680177405067,0.20025944349892977,0.2791083420821607,False
0.5830000000000004,0.2768212568378469,1.788235294117647,1.788235294117647,0.025000000000000213,0.45710574174134533,71.35631913509577,0.3691035645652472,0.20062993628418924,0.27930876845572145,False
0.5840000000000004,0.2771549337125413,1.788235294117647,1.788235294117647,0.025000000000000213,0.4363951675672109,67.8348873998549,0.1594942356424456,0.20079082135631346,0.2795094709988825,False
0.5850000000000004,0.2774879267349879,1.788235294117647,1.788235294117647,0.025000000000000213,0.41775565081049004,64.6698307855334,-0.029350757722400984,0.200762861684575,0.2797102494470577,False
0.5860000000000004,0.2778202350835595,1.788235294117647,1.788235294117647,0.025000000000000213,0.40098008572944127,61.82494572830209,-0.19933881389847039,0.2005649129761101,0.27991092344038276,False
0.5870000000000004,0.27815185793831837,1.788235294117647,1.788235294117647,0.025000000000000213,0.38588207715649736,59.26894396960186,-0.3523833847250978,0.20021391760917165,0.28011133061372173,False
0.5880000000000004,0.278482794481018,1.788235294117647,1.788235294117647,0.025000000000000213,0.3722938694408478,56.972518282663,-0.4901380623101977,0.1997251644806508,0.28031132480026716,False
0.5890000000000004,0.2788130438951055,1.788235294117647,1.788235294117647,0.025000000000000213,0.36006448249676315,54.9086585520349,-0.6141518084144358,0.19911239362537347,0.2805107744251357,False
0.5900000000000004,0.27914260536572305,1.788235294117647,1.788235294117647,0.025000000000000213,0.34905803424708715,53.056994545643064,-0.7258522121053939,0.19838791757854007,0.2807095610111177,False
0.5910000000000004,0.2794714780797107,1.788235294117647,1.788235294117647,0.025000000000000213,0.33915223082237855,51.391700003126566,-0.8263157016990649,0.1975629725280227,0.28090757790919496,False
0.5920000000000004,0.27979966122560757,1.788235294117647,1.788235294117647,0.025000000000000213,0.3302370077401409,49.89703678900963,-0.9169075129392702,0.19664742949825845,0.28110472909222467,False
0.5930000000000004,0.2801271539936544,1.788235294117647,1.788235294117647,0.025000000000000213,0.32221330696612704,48.55733830169462,-0.9984592481318605,0.19565032797642865,0.2813009280299065,False
0.5940000000000004,0.2804539555757954,1.788235294117647,1.788235294117647,0.025000000000000213,0.3149919762695146,47.35411647577714,-1.0717988341555424,0.19457987958212317,0.2814960968588962,False
0.5950000000000004,0.28078006516568016,1.788235294117647,1.788235294117647,0.025000000000000213,0.3084927786425633,46.274441807761775,-1.1379035769709263,0.1934433186818871,0.28169016548771314,False
0.5960000000000004,0.28110548195866564,1.788235294117647,1.788235294117647,0.025000000000000213,0.3026435007783072,45.30657307435807,-1.197456771601479,0.19224719639459684,0.28188307075178903,False
0.5970000000000004,0.2814302051518182,1.788235294117647,1.788235294117647,0.025000000000000213,0.29737915070047666,44.43992775866623,-1.2510789213937321,0.19099744337865257,0.28207475575847407,False
0.5980000000000004,0.28175423394391574,1.788235294117647,1.788235294117647,0.025000000000000213,0.2926412356304292,43.66422773230259,-1.299329295252456,0.18969943106236542,0.282265169294129,False
0.5990000000000004,0.28207756753544944,1.788235294117647,1.788235294117647,0.025000000000000213,0.2883771120673865,42.9682371047384,-1.342751121832982,0.18835798768039036,0.2824542652721112,False
0.6000000000000004,0.2824002051286257,1.788235294117647,1.788235294117647,0.025000000000000213,0.28453940086064805,42.34602797878943,-1.3819383616124024,0.1869773475379224,0.2826420021667492,False
0.6010000000000004,0.28272214592736833,1.788235294117647,1.8,0.02494117647058845,-0.8959733627548462,-94.24904997051752,-1.4172041857028828,0.18556143179710718,0.28282834254576655,False
0.6020000000000004,0.2830433891373205,1.8,1.8,0.02494117647058845,0.3832710323441858,14.516615378096583,-8.64660890306501,0.17691607144395172,0.2830100137544845,False
0.6030000000000004,0.2833639339658465,1.8,1.8,0.02494117647058845,0.3698851055803557,44.2407259778795,-2.894128990230168,0.1740231549888651,0.28318562819600646,False
0.6040000000000004,0.28368377962203384,1.8,1.8,0.02494117647058845,0.35783777149290863,51.40309781532255,-1.3236364600796644,0.17270071750160165,0.28335905643424836,False
0.6050000000000004,0.2840029253166951,1.8,1.8,0.02494117647058845,0.34699517081420617,52.22015462154923,-0.9468498862735626,0.17175505893994106,0.283531331784294,False
0.6060000000000004,0.28432137026237003,1.8,1.8,0.02494117647058845,0.337236830203374,51.340755397525506,-0.9057762426631735,0.1708504675882999,0.2837026799550489,False
0.6070000000000004,0.28463911367332745,1.8,1.8,0.02494117647058845,0.32845432365362504,50.08816426819378,-0.9544487418195648,0.1698971972163879,0.28387310162792506,False
0.6080000000000004,0.2849561547655669,1.8,1.8,0.02494117647058845,0.320550067758851,48.83058200905236,-1.022853989482011,0.16887551465785272,0.2840425392439185,False
0.6090000000000004,0.28527249275682126,1.8,1.8,0.02494117647058845,0.3134362374535543,47.664120059203626,-1.0915099654004257,0.1677851687110107,0.28421092427773115,False
0.6100000000000004,0.28558812686655777,1.8,1.8,0.02494117647058845,0.30703379017878735,46.60699217293689,-1.1553306683584588,0.16663099419485866,0.28437819024157396,False
0.6110000000000004,0.28590305631598073,1.8,1.8,0.02494117647058845,0.30127158763149703,45.656138435752034,-1.213351657486372,0.16541879040680066,0.2845442759164979,False
0.6120000000000004,0.286217280328033,1.8,1.8,0.02494117647058845,0.2960856053389358,44.803727302445616,-1.2657341340803028,0.16415419548247132,0.2847091258103343,False
0.6130000000000004,0.2865307981273981,1.8,1.8,0.02494117647058845,0.29141822127563066,44.039304672093735,-1.3128918306682404,0.16284243386233033,0.2848726898828932,False
0.6140000000000004,0.286843608940502,1.8,1.8,0.02494117647058845,0.287217575618656,43.35506003103292,-1.355377299447462,0.16148817746854466,0.2850349230697969,False
0.6150000000000004,0.2871557119955151,1.8,1.8,0.02494117647058845,0.2834369945273789,42.74315173372684,-1.393603279391798,0.16009568551496126,0.2851957847928757,False
0.6160000000000004,0.2874671065223542,1.8,1.8,0.02494117647058845,0.2800344715452294,42.196164086614445,-1.4279842079330873,0.15866880280577877,0.285355238546694,False
0.6170000000000004,0.2877777917526842,1.8,1.8,0.02494117647058845,0.2769722008612949,41.70754453319211,-1.458912031982459,0.15721098222328794,0.2855132514942591,False
0.6180000000000004,0.28808776691992016,1.8,1.8,0.02494117647058845,0.2742161572457539,41.27172107617969,-1.4867330721921612,0.155725330351602,0.28566979409563,False
0.6190000000000004,0.2883970312592293,1.8,1.8,0.02494117647058845,0.27173571799176693,40.88311946531162,-1.5117418061857,0.1542146593174999,0.28582483978494694,False
0.6200000000000004,0.28870558400753243,1.8,1.8,0.02494117647058845,0.2695033226631787,40.537097481630525,-1.5342328645224743,0.15268148663544748,0.28597836467590443,False
0.6210000000000004,0.2890134244035064,1.8,1.8,0.02494117647058845,0.26749416686744926,40.229513517196324,-1.5544515951518767,0.15112808448836992,0.2861303472893146,False
0.6220000000000004,0.2893205516875857,1.8,1.8,0.02494117647058845,0.2656859266512928,39.95625223062524,-1.5726168865159194,0.14955650618556812,0.2862807683196817,False
0.6230000000000004,0.2896269651019641,1.8,1.8,0.02494117647058845,0.264058510456752,39.714516151888134,-1.588946261921312,0.14796858752634215,0.2864296104169418,False
0.6240000000000004,0.2899326638905972,1.8,1.8,0.02494117647058845,0.2625938358816652,39.500273353246634,-1.6035875395864878,0.1463660165038611,0.28657685800031935,False
0.6250000000000004,0.29023764729920337,1.8,1.8,0.02494117647058845,0.2612756287640871,39.31137251791839,-1.6167538717604006,0.14475026796983662,0.2867224970811201,False
0.6260000000000004,0.2905419145752666,1.8,1.8,0.02494117647058845,0.26008924235826686,39.14489239414528,-1.6285589272203846,0.14312270311693046,0.28686651509435607,False
0.6270000000000004,0.29084546496803754,1.8,1.8,0.02494117647058845,0.25902149459302864,38.99887448911855,-1.6391571275235823,0.14148452872501766,0.287008900766748,False
0.6280000000000004,0.29114829772853573,1.8,1.8,0.02494117647058845,0.2580605216043142,38.87122936904328,-1.6486519701288855,0.139836848084426,0.28714964398522713,False
0.6290000000000004,0.2914504121095515,1.8,1.8,0.02494117647058845,0.25719564591447125,38.76004412074127,-1.657153893697568,0.1381806540539874,0.28728873569032204,False
0.6300000000000004,0.2917518073656476,1.8,1.8,0.02494117647058845,0.2564172577936126,38.6638817076469,-1.6647640092477765,0.13651683838795464,0.28742616776992397,False
0.6310000000000004,0.2920524827531612,1.8,1.8,0.02494117647058845,0.25571670848483974,38.580927745709424,-1.671558260376361,0.1348462169028263,0.28756193296950744,False
0.6320000000000005,0.29235243753020573,1.8,1.8,0.02494117647058845,0.25508621410694426,38.50996934473353,-1.6776325654807602,0.1331695095019372,0.28769602480720335,False
0.6330000000000005,0.2926516709566725,1.8,1.8,0.02494117647058845,0.25451876916683824,38.44991295852203,-1.6830510271479457,0.13148737199073648,0.28782843749220255,False
0.6340000000000005,0.29295018229423286,1.8,1.8,0.02494117647058845,0.2540080687207429,38.399522491738004,-1.687871441482083,0.12980040238285226,0.28795916586349557,False
0.6350000000000005,0.29324797080633974,1.8,1.8,0.02494117647058845,0.25354843831925705,38.35792256642468,-1.692159153855548,0.12810913335039165,0.2880882053286838,False
0.6360000000000005,0.2935450357582296,1.8,1.8,0.02494117647058845,0.2531347709579198,38.324227246448686,-1.695960430831394,0.12641405130237693,0.2882155518072224,False
0.6370000000000005,0.2938413764169241,1.811764705882353,1.8,0.025000000000000213,1.0,124.65988791157051,-1.699322103421033,0.12471559581997396,0.28834120168390404,False
0.6380000000000005,0.2941369920512323,1.811764705882353,1.8,0.025058823529411977,1.0,149.4034717314032,2.8670339461628647,0.12758350355153902,0.2884672079686774,False
0.6390000000000005,0.2944318819317518,1.811764705882353,1.8,0.02511764705882374,1.0,156.44283633509642,4.174567236763153,0.13175896978105928,0.2885966705660165,False
0.6400000000000005,0.2947260453308713,1.811764705882353,1.8,0.025176470588235505,1.0,158.39348242240737,4.545332291571517,0.13630523142135675,0.28873047549199665,False
0.6410000000000005,0.2950194815227718,1.811764705882353,1.8,0.02523529411764727,1.0,158.88219956512944,4.646800367331373,0.14095299293540192,0.288868872359309,False
0.6420000000000005,0.29531218978342866,1.811764705882353,1.8,0.025294117647059033,0.9977914993420577,158.6947224429847,4.6708606902674985,0.14562484694681696,0.2890119278345805,False
0.6430000000000005,0.2956041693906133,1.811764705882353,1.8,0.025352941176470797,0.9356594082313814,151.3945319823689,4.659085657517925,0.1502849581136691,0.2891596498844141,False
0.6440000000000005,0.2958954196238952,1.811764705882353,1.8,0.02541176470588256,0.8797993497611845,142.77489074742536,4.2709273257186,0.15455694149121685,0.28931185739257137,False
0.6450000000000005,0.29618593976464325,1.811764705882353,1.8,0.025470588235294325,0.829584120667419,134.4343809962833,3.812907096683308,0.15837093220697085,0.2894681307916386,False
0.6460000000000005,0.2964757290960279,1.811764705882353,1.8,0.02552941176470609,0.7844492380124422,126.77129966435848,3.3696101447371984,0.16174165043116728,0.2896280187125613,False
0.6470000000000005,0.2967647869030227,1.811764705882353,1.8,0.025588235294117852,0.7438866671523745,119.8387276175365,2.962115361329777,0.1647048954150528,0.28979109399206615,False
0.6480000000000005,0.2970531124724064,1.811764705882353,1.8,0.025647058823529616,0.7074391769077254,113.59845248476611,2.593236110928378,0.16729928003379022,0.2899569665322998,False
0.6490000000000005,0.2973407050927643,1.811764705882353,1.8,0.02570588235294138,0.674695259216953,107.98814914694417,2.260955043504846,0.1695614000713387,0.29012528394063253,False
0.6500000000000005,0.2976275640544901,1.811764705882353,1.8,0.025764705882353144,0.6452845568246696,102.94800695838617,1.961978584224786,0.1715245579763811,0.2902957289382542,False
0.6510000000000005,0.2979136886497879,1.811764705882353,1.8,0.025823529411764908,0.6188737482010263,98.42215748571996,1.693145795612205,0.17321889547744113,0.2904680161265127,False
0.6520000000000005,0.29819907817267366,1.811764705882353,1.8,0.025882352941176672,0.5951628439691591,94.35660392724658,1.4515039564759886,0.17467160177815846,0.2906418889198779,False
0.6530000000000005,0.29848373191897715,1.811764705882353,1.8,0.025941176470588436,0.5738818536898903,90.71132395998879,1.234199046008493,0.17590701223765062,0.2908171166378207,False
0.6540000000000005,0.29876764918634346,1.811764705882353,1.8,0.0260000000000002,0.5547877859679602,87.44110070710121,1.039116125871704,0.1769473474362983,0.29099349198354507,False
0.6550000000000005,0.29905082927423515,1.811764705882353,1.8,0.026058823529411964,0.5376619485476349,84.5129135057541,0.8638651527172841,0.1778124380549565,0.2911708288054024,False
0.6560000000000005,0.29933327148393324,1.811764705882353,1.8,0.026117647058823728,0.5223075183987539,81.8857816289376,0.7067011339309467,0.1785203699118254,0.29134895999725663,False
0.6570000000000005,0.2996149751185398,1.811764705882353,1.8,0.026176470588235492,0.5085473547941728,79.53173292408611,0.5654577020778765,0.1790870625738055,0.2915277355639949,False
0.6580000000000005,0.2998959394829792,1.811764705882353,1.8,0.026235294117647256,0.4962220310794614,77.42342074907937,0.438656569391324,0.1795269574240318,0.29170702076490435,False
0.6590000000000005,0.3001761638839996,1.811764705882353,1.8,0.02629411764705902,0.48518806326563313,75.5395285284612,0.3248523698120825,0.17985305057348674,0.291886694650297,False
0.6600000000000005,0.3004556476301753,1.811764705882353,1.8,0.026352941176470784,0.47531631576259936,73.85268356369166,0.222918625405104,0.180077211740444,0.29206664875973243,False
0.6610000000000005,0.3007343900319079,1.811764705882353,1.8,0.026411764705882548,0.4664905665392807,72.34605298050069,0.13140829331075765,0.1802098636764188,0.29224678585136504,False
0.6620000000000005,0.3010123904014282,1.811764705882353,1.8,0.02647058823529431,0.45860621576770566,71.00163555035324,0.049431856902223126,0.18026053968470207,0.2924270187058595,False
0.6630000000000005,0.3012896480527979,1.811764705882353,1.8,0.026529411764706076,0.45156912360269996,69.8025049526624,-0.02396213148532178,0.1802378216829088,0.29260726920906954,False
0.6640000000000005,0.3015661623019114,1.811764705882353,1.8,0.02658823529411784,0.4452945641836065,68.73491423784148,-0.08966834999266796,0.1801493969661542,0.2927874674261952,False
0.6650000000000005,0.3018419324664972,1.811764705882353,1.8,0.026647058823529603,0.4397062842358343,67.78513720107057,-0.1484133517533787,0.180002226326568,0.29296755078281284,False
0.6660000000000005,0.30211695786611986,1.811764705882353,1.8,0.026705882352941367,0.43473565581225104,66.9411214662558,-0.20092267572934286,0.17980254506244325,0.2931474633388257,False
0.6670000000000005,0.3023912378221816,1.811764705882353,1.8,0.02676470588235313,0.43032091376043774,66.19157400032414,-0.24783337495319935,0.17955595145951295,0.2933271551027857,False
0.6680000000000005,0.30266477165792377,1.811764705882353,1.8,0.026823529411764895,0.4264064694432177,65.52841147227079,-0.28974239332880414,0.17926744689583862,0.2935065814129277,False
0.6690000000000005,0.3029375586984289,1.811764705882353,1.8,0.02688235294117666,0.4229422930871314,64.94261851699089,-0.3270769128689365,0.17894160560027522,0.29368570241665254,False
0.6700000000000005,0.3032095982706221,1.811764705882353,1.811764705882353,0.02688235294117666,-0.757175465633342,-71.61283133466056,-0.36031348344266734,0.17858252528145457,0.2938644826211604,False
0.6710000000000005,0.30348088970327275,1.811764705882353,1.811764705882353,0.02688235294117666,-0.654575566128831,-98.84279637569796,-7.587532474342686,0.1709961935102977,0.29403965147882244,False
0.6720000000000005,0.3037514323269962,1.811764705882353,1.811764705882353,0.02688235294117666,-0.5622356565747713,-95.84931825398898,-9.030338519688774,0.16196699732117478,0.2942065847072677,False
0.6730000000000005,0.3040212254742554,1.811764705882353,1.811764705882353,0.02688235294117666,-0.47912973797611735,-85.2485968843497,-8.873937875919653,0.1530941400776125,0.294364559082762,False
0.6740000000000005,0.30429026847936264,1.811764705882353,1.811764705882353,0.02688235294117666,-0.404334411237329,-73.43274386324268,-8.314936854792242,0.14478022491052922,0.2945139121159895,False
0.6750000000000005,0.3045585606784809,1.811764705882353,1.811764705882353,0.02688235294117666,-0.3370186171724193,-62.14253389816339,-7.691543512565209,0.13708964827099482,0.29465523172803587,False
0.6760000000000005,0.30482610140962607,1.811764705882353,1.811764705882353,0.02688235294117666,-0.27643440251400075,-51.78931735370003,-7.095868290820527,0.1299946962303628,0.2947891287867954,False
0.6770000000000005,0.30509289001266787,1.8235294117647058,1.811764705882353,0.026941176470588423,0.9551502142079836,93.62480599364764,-6.5496825556672995,0.12344588321159752,0.29491617664895403,False
0.6780000000000005,0.30535892582933194,1.8235294117647058,1.811764705882353,0.027000000000000187,0.8989293104342442,128.85737200729318,1.1424886790976418,0.12458922805865397,0.29504013716553634,False
0.6790000000000005,0.30562420820320135,1.8235294117647058,1.811764705882353,0.02705882352941195,0.8483893205672904,133.0849194950119,3.0050315993634307,0.12759513138664122,0.29516607918023097,False
0.6800000000000005,0.30588873647971826,1.8235294117647058,1.811764705882353,0.027117647058823715,0.8029621532164438,128.99977704724054,3.227088996941317,0.1308231137281129,0.2952951270370061,False
0.6810000000000005,0.3061525100061854,1.8235294117647058,1.811764705882353,0.02717647058823548,0.7621365261300937,123.06740016676807,3.009290533511904,0.13383331893098052,0.29542730487965424,False
0.6820000000000005,0.30641552813176776,1.8235294117647058,1.811764705882353,0.027235294117647243,0.7254522852817904,117.08338112349948,2.693720721847603,0.13652797373806436,0.29556235093280486,False
0.6830000000000005,0.30667779020749436,1.8235294117647058,1.811764705882353,0.027294117647059007,0.6924952920477291,111.51788649084604,2.375386652090134,0.13890431170145287,0.2956999484008328,False
0.6840000000000005,0.3069392955862596,1.8235294117647058,1.811764705882353,0.02735294117647077,0.6628928216664856,106.46272278837999,2.0791682696175116,0.14098444640279453,0.2958397889176855,False
0.6850000000000005,0.3072000436228249,1.8235294117647058,1.811764705882353,0.027411764705882535,0.6363094218527783,101.91080878202999,1.8099265366877482,0.14279535255890696,0.29598158841842814,False
0.6860000000000005,0.30746003367382035,1.8235294117647058,1.811764705882353,0.0274705882352943,0.6124431855498534,97.82204849594748,1.5672900200338553,0.14436363363809823,0.2961250896458085,False
0.6870000000000005,0.3077192650977465,1.8235294117647058,1.811764705882353,0.027529411764706063,0.5910223964066329,94.15079891458454,1.3491401851009648,0.14571377474906216,0.2962700609928075,False
0.6880000000000005,0.30797773725497546,1.8235294117647058,1.811764705882353,0.027588235294117826,0.5718025097071462,90.86100903244292,1.1530647148340096,0.1468678488425279,0.29641629425206806,False
0.6890000000000005,0.3082354495077529,1.8235294117647058,1.811764705882353,0.02764705882352959,0.5545634352070199,87.90574770014297,0.9771585301200929,0.14784602393464172,0.2965636024319855,False
0.6900000000000005,0.30849240122019944,1.8235294117647058,1.811764705882353,0.027705882352941354,0.5391070916863181,85.25871973281497,0.818940654376042,0.14866598719395546,0.2967118175926094,False
0.6910000000000005,0.3087485917583123,1.8235294117647058,1.811764705882353,0.02776470588235312,0.5252552060470982,82.88872664829204,0.6770217264584946,0.14934403654425446,0.29686078885601574,False
0.6920000000000005,0.30900402048996684,1.8235294117647058,1.811764705882353,0.027823529411764882,0.512847332501212,80.76428123793765,0.5497527610390369,0.14989482102969912,0.2970103809002246,False
0.6930000000000005,0.3092586867849179,1.8235294117647058,1.811764705882353,0.027882352941176646,0.5017390698393261,78.86386867231478,0.43546932203826527,0.15033132535262303,0.2971604723033609,False
0.6940000000000005,0.3095125900148019,1.8235294117647058,1.811764705882353,0.02794117647058841,0.49180045697304065,77.16447090805694,0.3330344460841677,0.15066539733693024,0.2973109541166695,False
0.6950000000000005,0.30976572955313775,1.8235294117647058,1.811764705882353,0.028000000000000174,0.48291452892279546,75.64581037131079,0.24123149430253008,0.15090766824441004,0.29746172869177806,False
0.6960000000000005,0.3100181047753289,1.8235294117647058,1.811764705882353,0.028058823529411938,0.4749760172069866,74.29075071847275,0.15898869611168076,0.1510676976352274,0.29761270852932087,False
0.6970000000000005,0.3102697150586644,1.8235294117647058,1.811764705882353,0.028117647058823702,0.4678901801921703,73.08191953469577,0.08540036561974759,0.1511541394458986,0.2977638152819712,False
0.6980000000000005,0.31052055978232107,1.8235294117647058,1.811764705882353,0.028176470588235466,0.46157175040824755,72.00296818084118,0.019548223193445454,0.15117472938924298,0.2979149788431468,False
0.6990000000000005,0.3107706383273644,1.8235294117647058,1.811764705882353,0.02823529411764723,0.4559439871321287,71.04475352640726,-0.03943193599090691,0.1511363390230763,0.2980661364531162,False
0.7000000000000005,0.31101995007675043,1.8235294117647058,1.811764705882353,0.028294117647058994,0.4509378237130336,70.19161365456779,-0.09202316352005781,0.15104535689905754,0.29821723200635963,False
0.7010000000000005,0.3112684944153272,1.8235294117647058,1.811764705882353,0.028352941176470758,0.4464911001652599,69.43437801598304,-0.1390534893862746,0.15090734357951863,0.29836821541332037,False
0.7020000000000005,0.3115162707298364,1.8235294117647058,1.811764705882353,0.02841176470588252,0.44254787250167515,68.76393189024962,-0.1810075584187352,0.1507273750183332,0.29851904192693557,False
0.7030000000000005,0.3117632784089144,1.8235294117647058,1.811764705882353,0.028470588235294286,0.4390577911338606,68.17195950604443,-0.21836712256152455,0.15051004545046623,0.2986696716593279,False
0.7040000000000005,0.3120095168430944,1.8235294117647058,1.811764705882353,0.02852941176470605,0.43597554143223927,67.64946324758647,-0.25157171726904276,0.150259509605312,0.29882006911908215,False
0.7050000000000005,0.31225498542480756,1.8235294117647058,1.811764705882353,0.028588235294117813,0.4332603402301919,67.18954785110527,-0.2810970031907477,0.1499794465783149,0.2989702027554811,False
0.7060000000000005,0.31249968354838453,1.8235294117647058,1.811764705882353,0.028647058823529577,0.430875482677761,66.78693197834244,-0.307307451588347,0.14967317101753408,0.2991200445329054,False
0.7070000000000005,0.31274361061005707,1.8235294117647058,1.811764705882353,0.02870588235294134,0.4287879344099851,66.4348730847697,-0.330482182432944,0.14934371847277067,0.29926956960479295,False
0.7080000000000005,0.31298676600795927,1.8235294117647058,1.811764705882353,0.028764705882353105,0.4269679644983984,66.12867733337407,-0.350977662821411,0.14899376804619516,0.29941875599973294,False
0.7090000000000005,0.3132291491421295,1.8235294117647058,1.811764705882353,0.02882352941176487,0.42538881510738213,65.86405218270932,-0.36904199684711075,0.14862575075333861,0.2995675843137804,False
0.7100000000000005,0.3134707594145114,1.8235294117647058,1.811764705882353,0.028882352941176633,0.4240264041848793,65.63639851261993,-0.38490208563618844,0.14824187072443498,0.29971603747190995,False
0.7110000000000005,0.31371159622895567,1.8235294117647058,1.811764705882353,0.028941176470588397,0.4228590578840385,65.44232915910914,-0.3988010773764158,0.1478440889557262,0.29986410049381834,False
0.7120000000000005,0.31395165899122135,1.8235294117647058,1.811764705882353,0.02900000000000016,0.4218672697426935,65.27848695852333,-0.41091802036302943,0.14743418740794165,0.3000117602796346,False
0.7130000000000005,0.3141909471089775,1.8235294117647058,1.811764705882353,0.029058823529411925,0.42103348394489487,65.14143593426365,-0.4214303969411372,0.1470137705710188,0.3001590054315882,False
0.7140000000000005,0.31442945999180444,1.8235294117647058,1.811764705882353,0.02911764705882369,0.42034190025628776,65.02851612347385,-0.4305198784648516,0.14658426127385232,0.3003058260746528,False
0.7150000000000005,0.3146671970511954,1.8235294117647058,1.811764705882353,0.029176470588235453,0.4197782984659532,64.93773116764065,-0.4383270951662343,0.14614694172433212,0.3004522136933529,False
0.7160000000000005,0.3149041577005578,1.8235294117647058,1.811764705882353,0.029235294117647217,0.4193298803840638,64.86660753772404,-0.44495758206516717,0.14570298860373054,0.3005981610069353,False
0.7170000000000005,0.3151403413552147,1.8235294117647058,1.811764705882353,0.02929411764705898,0.4189851276397752,64.81331714917098,-0.4505421348377472,0.14525344780521296,0.3007436618524744,False
0.7180000000000005,0.31537574743240654,1.8235294117647058,1.811764705882353,0.029352941176470745,0.4187336736993272,64.77589647872954,-0.4551774118538724,0.14479926857038283,0.30088871106944576,False
0.7190000000000005,0.3156103753512921,1.8235294117647058,1.811764705882353,0.02941176470588251,0.41856618868233575,64.75273678055387,-0.45896724872578887,0.14434129631134274,0.30103330439984394,False
0.7200000000000005,0.31584422453295047,1.8235294117647058,1.811764705882353,0.029470588235294273,0.41847427569645523,64.74269544337868,-0.46199672023423954,0.14388029137088731,0.3011774383927956,False
0.7210000000000005,0.3160772944003819,1.8352941176470587,1.811764705882353,0.0295882352941178,1.0,131.95703525789196,-0.4643262475959357,0.1434169536755821,0.3013211103305835,False
0.7220000000000005,0.3163095843785097,1.8352941176470587,1.811764705882353,0.02970588235294133,1.0,151.20681903216823,3.0901094491308694,0.1465080631237425,0.3014659184328737,False
0.7230000000000005,0.31654109389418156,1.8352941176470587,1.811764705882353,0.029823529411764856,1.0,156.6695161137328,4.106740852651618,0.15061582940561985,0.30161427514379185,False
0.7240000000000005,0.3167718223761705,1.8352941176470587,1.811764705882353,0.029941176470588384,1.0,158.17001147412861,4.393857409353576,0.15501074165565265,0.30176686884103004,False
0.7250000000000005,0.31700176925517726,1.8352941176470587,1.811764705882353,0.030058823529411912,1.0,158.5325435131673,4.471282222864335,0.15948310923677422,0.30192389230997907,False
0.7260000000000005,0.31723093396383045,1.8352941176470587,1.811764705882353,0.03017647058823544,1.0,158.56785523296708,4.488442493456258,0.1639726678857462,0.30208539588710587,False
0.7270000000000005,0.3174593159366892,1.8352941176470587,1.811764705882353,0.030294117647058968,1.0,158.5088005175391,4.488233769087898,0.16846204864948988,0.3022513889474594,False
0.7280000000000005,0.31768691461024345,1.8352941176470587,1.811764705882353,0.030411764705882496,1.0,158.42291129462484,4.482976171206521,0.17294620262757418,0.30242186904114615,False
0.7290000000000005,0.3179137294229163,1.8352941176470587,1.811764705882353,0.030529411764706024,0.9987485762954161,158.18462776179592,4.476242833898456,0.17742365403353447,0.3025968302772698,False
0.7300000000000005,0.31813975981506465,1.8352941176470587,1.811764705882353,0.03064705882352955,0.9541090127835214,152.89459247608812,4.461390643830765,0.18188628392986728,0.30277626229972554,False
0.7310000000000005,0.318365005228981,1.8352941176470587,1.811764705882353,0.03076470588235308,0.9140510526816398,146.67655238049326,4.179200864012792,0.18606675351599591,0.3029600299844168,False
0.7320000000000005,0.3185894651088947,1.8352941176470587,1.811764705882353,0.030882352941176607,0.8781165356487701,140.6790184462923,3.847860918106951,0.18991591047655831,0.30314782905217913,False
0.7330000000000005,0.31881313890097324,1.8352941176470587,1.811764705882353,0.031000000000000135,0.8458931173780107,135.17882370391644,3.528141539060947,0.19344537314223276,0.3033393334182982,False
0.7340000000000005,0.3190360260533238,1.8352941176470587,1.811764705882353,0.031117647058823663,0.817009687993151,130.21229945899023,3.234693563675018,0.19668141082133056,0.3035342352093481,False
0.7350000000000005,0.31925812601599457,1.8352941176470587,1.811764705882353,0.03123529411764719,0.7911322486056007,125.7487497286816,2.9694427664350056,0.1996522187857231,0.3037322536879225,False
0.7360000000000005,0.3194794382409759,1.8352941176470587,1.811764705882353,0.03135294117647072,0.7679602002156292,121.74955353791813,2.730768226227273,0.20238437157381464,0.303933135582586,False
0.7370000000000005,0.31969996218220187,1.8352941176470587,1.811764705882353,0.03147058823529425,0.7472230037234778,118.165117444333,2.516629396461548,0.20490240335214513,0.30413665327830053,False
0.7380000000000005,0.31991969729555164,1.8352941176470587,1.811764705882353,0.03158823529411778,0.7286771739393655,114.95571806382569,2.324404894862942,0.2072282270632351,0.30434260251466794,False
0.7390000000000005,0.3201386430388506,1.8352941176470587,1.811764705882353,0.031705882352941306,0.7121035741924875,112.08618102552275,2.1519952919868954,0.20938165636250483,0.3045507999995755,False
0.7400000000000005,0.32035679887187185,1.8352941176470587,1.811764705882353,0.031823529411764834,0.697304981479121,109.52039957133668,1.9975416046456116,0.2113806460510509,0.304761081418101,False
0.7410000000000005,0.32057416425633767,1.8352941176470587,1.8235294117647058,0.0318823529411766,-0.49295492843349265,-28.81015038809259,1.8591353036992702,0.21324124251667415,0.3049732995513549,False
0.7420000000000005,0.32079073865592045,1.8352941176470587,1.8235294117647058,0.03194117647058836,-0.3994241414724961,-57.63084971222428,-5.4624402808994486,0.20778024588870972,0.30518408356306626,False
0.7430000000000005,0.32100652153624454,1.8352941176470587,1.8235294117647058,0.032000000000000126,-0.31518760967818776,-56.062153243634796,-6.989874685038759,0.2007917709157642,0.3053887192066181,False
0.7440000000000005,0.321221512364887,1.8352941176470587,1.8235294117647058,0.03205882352941189,-0.23931590753389811,-46.74192319965025,-6.909347412332373,0.1938837754147225,0.3055864025837723,False
0.7450000000000006,0.32143571061137943,1.8352941176470587,1.8235294117647058,0.03211764705882365,-0.17097255207462567,-36.063374707120204,-6.418609986767832,0.1874664717924299,0.30577739876983745,False
0.7460000000000006,0.3216491157472089,1.8352941176470587,1.8235294117647058,0.03217647058823542,-0.1094047086318687,-25.791497663960214,-5.8559280154571764,0.18161180827241266,0.30596223083392976,False
0.7470000000000006,0.3218617272458194,1.8352941176470587,1.8235294117647058,0.03223529411764718,-0.05393482600397591,-16.349831636344646,-5.314692393435921,0.17629834229144298,0.30614145176757046,False
0.7480000000000006,0.32207354458261334,1.8352941176470587,1.8235294117647058,0.032294117647058945,-0.003953108109460424,-7.788448083881599,-4.817318732761095,0.17148221543336428,0.30631558303255196,False
0.7490000000000006,0.32228456723495236,1.8352941176470587,1.8235294117647058,0.03235294117647071,0.04108926152501517,-0.057554983878760034,-4.3664622312570005,0.16711691377087634,0.3064851010372245,False
0.7500000000000006,0.3224947946821591,1.8352941176470587,1.8235294117647058,0.03241176470588247,0.08168621772545501,6.914868123255053,-3.959493835001297,0.16315855212095473,0.3066504368588986,False
0.7510000000000006,0.3227042264055182,1.8352941176470587,1.8235294117647058,0.03247058823529424,0.11828230183526245,13.201484209263603,-3.592607875918459,0.1595670506820418,0.3068119794020797,False
0.7520000000000006,0.3229128618882778,1.8352941176470587,1.8235294117647058,0.032529411764706,0.15127760106350108,18.869664889233654,-3.261964210879021,0.1563061695354981,0.3069700792193793,False
0.7530000000000006,0.3231207006156504,1.8352941176470587,1.8235294117647058,0.032588235294117765,0.18103219389832748,23.981540890265396,-2.9640022237417827,0.15334322914393922,0.3071250522256257,False
0.7540000000000006,0.3233277420748148,1.8352941176470587,1.8235294117647058,0.03264705882352953,0.2078701509790831,28.592531648389674,-2.695438198174154,0.15064883347482863,0.3072771831336549,False
0.7550000000000006,0.32353398575491665,1.8352941176470587,1.8235294117647058,0.03270588235294129,0.2320831358811749,32.75049751165275,-2.4533431544614404,0.14819651528502642,0.3074267285781959,False
0.7560000000000006,0.32373943114707027,1.8352941176470587,1.8235294117647058,0.03276470588235306,0.25393364582246924,36.50579440069633,-2.235187740101828,0.14596233651211063,0.3075739198648401,False
0.7570000000000006,0.32394407774435946,1.8352941176470587,1.8235294117647058,0.03282352941176482,0.27365792829904584,39.89489642494448,-2.0383102795173467,0.1439250206154268,0.30771896555877737,False
0.7580000000000006,0.32414792504183915,1.8352941176470587,1.8235294117647058,0.032882352941176585,0.29146860605737657,42.95493342847557,-1.8607833153712152,0.14206521837314975,0.3078620538159293,False
0.7590000000000006,0.32435097253653644,1.8352941176470587,1.8235294117647058,0.03294117647058835,0.3075570395692861,45.71878187890384,-1.700644464904387,0.14036554282112876,0.30800335432599263,False
0.7600000000000006,0.3245532197274517,1.8352941176470587,1.8235294117647058,0.03300000000000011,0.3220954532594164,48.216343900652824,-1.5561561797384666,0.13881034443109413,0.3081430201735284,False
0.7610000000000006,0.32475466611556025,1.8352941176470587,1.8235294117647058,0.033058823529411877,0.3352388491099455,50.47461184149723,-1.4257380942887594,0.1373855539391803,0.3082811895046733,False
0.7620000000000006,0.324955311203813,1.8352941176470587,1.8235294117647058,0.03311764705882364,0.3471267289048334,52.51472811359347,-1.307963628528831,0.1360785285706147,0.30841798703820617,False
0.7630000000000006,0.3251551544971383,1.8352941176470587,1.8235294117647058,0.033176470588235404,0.35788464424964417,54.36472343455481,-1.2017155651805422,0.13487774268551514,0.30855352535282915,False
0.7640000000000006,0.3253541955024425,1.8352941176470587,1.8235294117647058,0.03323529411764717,0.36762559158938585,56.038792254808264,-1.1055120972860972,0.13377315237776566,0.3086879061683734,False
0.7650000000000006,0.3255524337286118,1.8352941176470587,1.8235294117647058,0.03329411764705893,0.37645126772456505,57.5538384709891,-1.0186033604573115,0.13275546353962467,0.30882122149816316,False
0.7660000000000006,0.3257498686865131,1.8352941176470587,1.8235294117647058,0.033352941176470696,0.38445319977563797,58.92914337518736,-0.9400960247960375,0.13181627533299156,0.3089535544633771,False
0.7670000000000006,0.3259464998889953,1.8352941176470587,1.8235294117647058,0.03341176470588246,0.39171376215101533,60.17650059475088,-0.8689708752771604,0.13094820608120075,0.30908498024297026,False
0.7680000000000006,0.32614232685089045,1.8352941176470587,1.8235294117647058,0.033470588235294224,0.39830709181826685,61.308365253532685,-0.8046047734134261,0.1301444971978631,0.30921556691460417,False
0.7690000000000006,0.32633734908901485,1.8352941176470587,1.8235294117647058,0.03352941176470599,0.4042999120482049,62.337030458880676,-0.7463395007245347,0.12939904827129306,0.30934537609352586,False
0.7700000000000006,0.32653156612217066,1.8352941176470587,1.8235294117647058,0.03358823529411775,0.4097522737845609,63.2732115546868,-0.6935253382307087,0.1287064085695024,0.3094744635869206,False
0.7710000000000006,0.3267249774711466,1.8352941176470587,1.8235294117647058,0.033647058823529516,0.41471822287669324,64.1261576118147,-0.6455959799628559,0.12806169363131567,0.30960288000605807,False
0.7720000000000006,0.3269175826587194,1.8352941176470587,1.8235294117647058,0.03370588235294128,0.41924640058902396,64.90390800001444,-0.6020626407559048,0.12746050774914225,0.30973067129768106,False
0.7730000000000006,0.3271093812096549,1.8470588235294116,1.8235294117647058,0.03382352941176481,1.0,132.2572581716382,-0.5625004870225578,0.12689888002049782,0.3098578792039828,False
0.7740000000000006,0.32730037265070927,1.8470588235294116,1.8235294117647058,0.033941176470588336,1.0,151.54852485406118,2.999501680092715,0.1298992652398498,0.30998612838926604,False
0.7750000000000006,0.3274905565106301,1.8470588235294116,1.8235294117647058,0.034058823529411864,1.0,157.02484926677616,4.01854068965337,0.1339187142265232,0.3101178365419678,False
0.7760000000000006,0.3276799323201576,1.8470588235294116,1.8235294117647058,0.03417647058823539,1.0,158.53020665306516,4.306592262471156,0.1382262435252172,0.3102536937840483,False
0.7770000000000006,0.3278684996120258,1.8470588235294116,1.8235294117647058,0.03429411764705892,1.0,158.89586173867343,4.384489547247655,0.14261169995600034,0.31039389362709807,False
0.7780000000000006,0.32805625792096366,1.8470588235294116,1.8235294117647058,0.03441176470588245,1.0,158.9328785016518,4.4020314960819364,0.14701472846517688,0.31053848683852986,False
0.7790000000000006,0.3282432067836962,1.8470588235294116,1.8235294117647058,0.034529411764705975,1.0,158.87571419581357,4.402130634596434,0.15141788628696154,0.3106874831411877,False
0.7800000000000006,0.32842934573894567,1.8470588235294116,1.8235294117647058,0.0346470588235295,1.0,158.79176314520905,4.397191912211943,0.1558161355362186,0.3108408803973334,False
0.7810000000000006,0.32861467432743274,1.8470588235294116,1.8235294117647058,0.03476470588235303,1.0,158.69982460513063,4.390781177488571,0.16020800415635306,0.3109986730359624,False
0.7820000000000006,0.3287991920918775,1.8470588235294116,1.8235294117647058,0.03488235294117656,0.9819636198000368,156.522483272553,4.383893172190298,0.16459301482640362,0.311160854461644,False
0.7830000000000006,0.32898289857700086,1.8470588235294116,1.8235294117647058,0.03500000000000009,0.9433554931141506,151.36899271208145,4.266614502448388,0.16886077637560096,0.3113273681403478,False
0.7840000000000006,0.3291657933295251,1.8470588235294116,1.8235294117647058,0.035117647058823614,0.9087258261556765,145.82610964221067,3.9918189602678122,0.1728537704736687,0.3114980259395181,False
0.7850000000000006,0.32934787589817577,1.8470588235294116,1.8235294117647058,0.03523529411764714,0.8776767729518736,140.5917164786201,3.6963729854353002,0.17655134471298653,0.3116725437978285,False
0.7860000000000006,0.3295291458336821,1.8470588235294116,1.8235294117647058,0.03535294117647067,0.8498502721272747,135.81744012353653,3.417204488262276,0.17996977460690514,0.3118506336191031,False
0.7870000000000006,0.32970960268877864,1.8470588235294116,1.8235294117647058,0.0354705882352942,0.8249240684439587,131.52065383814207,3.1623392601521774,0.18313336160523305,0.31203202719437106,False
0.7880000000000006,0.329889246018206,1.8470588235294116,1.8235294117647058,0.035588235294117726,0.802608132187798,127.65952574859777,2.932699548541299,0.1860673295760681,0.31221648103122496,False
0.7890000000000006,0.33006807537871213,1.8470588235294116,1.8235294117647058,0.035705882352941254,0.7826414366160772,124.20127505390631,2.726074809554766,0.18879469200788704,0.3124037758664797,False
0.7900000000000006,0.3302460903290534,1.8470588235294116,1.8235294117647058,0.03582352941176478,0.7647890576603518,121.1060880785283,2.540733105303647,0.19133673060230477,0.3125937146711578,False
0.7910000000000006,0.3304232904299955,1.8470588235294116,1.8235294117647058,0.03594117647058831,0.7488395636590226,118.33753393852292,2.3745701409643942,0.193712622903696,0.31278612075113343,False
0.7920000000000006,0.330599675244315,1.8470588235294116,1.8235294117647058,0.03605882352941184,0.7346026661166496,115.86293257057058,2.225660373263088,0.19593962103701687,0.31298083572340546,False
0.7930000000000006,0.33077524433679967,1.8470588235294116,1.8235294117647058,0.036176470588235365,0.7219071053873374,113.65425695780476,2.092276505499185,0.19803324994195967,0.31317771767988145,False
0.7940000000000006,0.3309499972742504,1.8470588235294116,1.8235294117647058,0.03629411764705889,0.7105987477897802,111.68249790855322,1.9729372436797703,0.20000755336480053,0.3133766395708869,False
0.7950000000000006,0.3311239336254816,1.8470588235294116,1.8235294117647058,0.03641176470588242,0.7005388730108022,109.92451534202824,1.8661091610209917,0.2018750417152113,0.31357748770050636,False
0.7960000000000006,0.3312970529613226,1.8470588235294116,1.8235294117647058,0.03652941176470595,0.6916026327685455,108.35936847539588,1.7705692105080582,0.2036470024367682,0.3137801603329111,False
0.7970000000000006,0.3314693548546187,1.8470588235294116,1.8235294117647058,0.03664705882352948,0.6836776636093379,106.96794320951925,1.6852105731465612,0.20533361622704327,0.31398456652169193,False
0.7980000000000006,0.33164083888023216,1.8470588235294116,1.8235294117647058,0.036764705882353005,0.6766628384248747,105.73382384901493,1.6090229565808634,0.20694405355703255,0.3141906250465451,False
0.7990000000000006,0.33181150461504305,1.8470588235294116,1.8235294117647058,0.03688235294117653,0.6704671428176814,104.6388974005859,1.541138728815803,0.2084866173251594,0.3143982634672393,False
0.8000000000000006,0.33198135163795073,1.8470588235294116,1.8235294117647058,0.03700000000000006,0.665008663830031,103.67110300045067,1.4806003570862936,0.2099686529501705,0.3146074172155841,False
0.8010000000000006,0.33215037952987453,1.8470588235294116,1.8235294117647058,0.03711764705882359,0.660213679799969,102.8171138819017,1.4267704330073598,0.21139686849025405,0.31481802878200255,False
0.8020000000000006,0.33231858787375496,1.8470588235294116,1.8235294117647058,0.037235294117647116,0.6560158412317368,102.06526632657713,1.3789444906418014,0.21277726758082927,0.31503004704799265,False
0.8030000000000006,0.3324859762545546,1.8470588235294116,1.8235294117647058,0.037352941176470644,0.6523554335791514,101.40597141537634,1.3365059828914145,0.2141152373489062,0.31524342662126476,False
0.8040000000000006,0.33265254425925933,1.8470588235294116,1.8235294117647058,0.03747058823529417,0.649178713750648,100.82922235796407,1.298948073942628,0.21541565812058458,0.3154581272686013,False
0.8050000000000006,0.3328182914768791,1.8470588235294116,1.8235294117647058,0.0375882352941177,0.6464373129638183,100.32745441005915,1.265741760851903,0.21668288125034907,0.3156741133990782,False
0.8060000000000006,0.3329832174984491,1.8470588235294116,1.8235294117647058,0.03770588235294123,0.644087699314495,99.89305258328442,1.2364871949886203,0.21792085827227903,0.31589135359321113,False
0.8070000000000006,0.33314732191703084,1.8470588235294116,1.8352941176470587,0.03776470588235299,-0.5349681294404796,-36.52046696358096,1.2107818222981006,0.21913313819186464,0.31610982020191575,False
0.8080000000000006,0.333310604327713,1.8470588235294116,1.8352941176470587,0.037823529411764756,-0.431353669437608,-63.616900903390594,-6.009426390619521,0.21312518841745623,0.31632624998543957,False
0.8090000000000006,0.3334730643276123,1.8470588235294116,1.8352941176470587,0.03788235294117652,-0.3380418319056121,-60.49720385283955,-7.445686398408567,0.20568093147044433,0.31653602547418147,False
0.8100000000000006,0.33363470151587504,1.8470588235294116,1.8352941176470587,0.037941176470588284,-0.2540023545974036,-49.77658885024128,-7.283147088235602,0.1983991634107522,0.31673842981837846,False
0.8110000000000006,0.33379551549367736,1.8470588235294116,1.8352941176470587,0.03800000000000005,-0.17830800149060438,-37.847084714595155,-6.7183626039625395,0.1916821321884938,0.3169338065188292,False
0.8120000000000006,0.3339555058642269,1.8470588235294116,1.8352941176470587,0.03805882352941181,-0.11012426016507329,-26.44806064020259,-6.0895366423083495,0.18559388342124075,0.3171227491335071,False
0.8130000000000006,0.33411467223276325,1.8470588235294116,1.8352941176470587,0.038117647058823576,-0.04870006944268368,-15.991871180900786,-5.488705294278881,0.1801064266946923,0.31730587384981623,False
0.8140000000000006,0.33427301420655914,1.8470588235294116,1.8352941176470587,0.03817647058823534,0.006640525736878941,-6.518008549598668,-4.9376930697461106,0.17516994680207745,0.31748375904355225,False
0.8150000000000006,0.3344305313949217,1.8470588235294116,1.8352941176470587,0.0382352941176471,0.05650588492789696,2.03334534184604,-4.438596045554047,0.17073253210894027,0.31765693233185893,False
0.8160000000000006,0.3345872234091927,1.8470588235294116,1.8352941176470587,0.03829411764705887,0.10144353172922498,9.74344777302849,-3.9882552526689556,0.16674542960641042,0.31782587084157515,False
0.8170000000000006,0.3347430898627503,1.8470588235294116,1.8352941176470587,0.03835294117647063,0.14194623737983192,16.693198871952177,-3.5823768099696633,0.16316417984972367,0.3179910048785865,False
0.8180000000000006,0.3348981303710096,1.8470588235294116,1.8352941176470587,0.038411764705882395,0.17845749599478994,22.957544694702403,-3.216685202025425,0.15994859862197772,0.3181527222131423,False
0.8190000000000006,0.3350523445514233,1.8470588235294116,1.8352941176470587,0.03847058823529416,0.211376452277664,28.605215456502737,-2.8872194585917943,0.15706246241703153,0.3183113722135546,False
0.8200000000000006,0.3352057320234834,1.8470588235294116,1.8352941176470587,0.03852941176470592,0.24106233646166234,33.69742230907371,-2.590347052195616,0.1544731800225935,0.3184672696591262,False
0.8210000000000006,0.33535829240872167,1.8470588235294116,1.8352941176470587,0.03858823529411769,0.26783845575667253,38.28961886829069,-2.3228328935645695,0.15215139510533374,0.3186206981936109,False
0.8220000000000006,0.3355100253307103,1.8470588235294116,1.8352941176470587,0.03864705882352945,0.2919957866515935,42.43198302569772,-2.08174616952757,0.15007068195574738,0.31877191342318073,False
0.8230000000000006,0.33566093041506356,1.8470588235294116,1.8352941176470587,0.038705882352941215,0.3137962079864342,46.16940518925053,-1.8644348858408606,0.14820726668820258,0.3189211457215929,False
0.8240000000000006,0.335811007289438,1.8470588235294116,1.8352941176470587,0.03876470588235298,0.3334754107172025,49.54097785713365,-1.6685265208940327,0.14653974778536316,0.3190686027562614,False
0.8250000000000006,0.33596025558353404,1.8470588235294116,1.8352941176470587,0.03882352941176474,0.3512455167043057,52.58697956435527,-1.4919550597753326,0.14504878960651463,0.31921447172270595,False
0.8260000000000006,0.3361086749290962,1.8470588235294116,1.8352941176470587,0.03888235294117651,0.3672974356221104,55.33742729106247,-1.3325915063001306,0.14371718538327505,0.3193589214387793,False
0.8270000000000006,0.33625626495991456,1.8470588235294116,1.8352941176470587,0.03894117647058827,0.3818029861775464,57.82028358369985,-1.1888495879359091,0.14252931450831885,0.3195021042293211,False
0.8280000000000006,0.33640302531182537,1.8470588235294116,1.8352941176470587,0.039000000000000035,0.3949168052068507,60.06671199484086,-1.0592515438552565,0.14147103403411182,0.3196441574634952,False
0.8290000000000006,0.33654895562271203,1.8470588235294116,1.8352941176470587,0.0390588235294118,0.4067780658626362,62.09537063009529,-0.9421500838966836,0.14052984821308054,0.31978520510874386,False
0.8300000000000006,0.33669405553250614,1.8470588235294116,1.8352941176470587,0.03911764705882356,0.41751202398225495,63.93052543826403,-0.8365594191962266,0.13969424700489422,0.3199253590803177,False
0.8310000000000006,0.3368383246831879,1.8470588235294116,1.8352941176470587,0.039176470588235326,0.4272314098193235,65.59420605723606,-0.7411969188484683,0.13895400292649068,0.3200647203605666,False
0.8320000000000006,0.33698176271878766,1.8470588235294116,1.8352941176470587,0.03923529411764709,0.436037680602097,67.09858737504545,-0.6548981521192548,0.1383000528602143,0.3202033802283117,False
0.8330000000000006,0.33712436928538625,1.8470588235294116,1.8352941176470587,0.039294117647058854,0.44402214783600485,68.46298666550375,-0.577019984547758,0.13772397676338544,0.32034142118863107,False
0.8340000000000006,0.33726614403111616,1.8470588235294116,1.8352941176470587,0.03935294117647062,0.4512669918759338,69.69871565731096,-0.50654128548146,0.13721837567045822,0.3204789177860366,False
0.8350000000000006,0.33740708660616237,1.8470588235294116,1.8352941176470587,0.03941176470588238,0.45784617504128156,70.82088535855907,-0.4428644013386742,0.13677644822121007,0.3206159374349897,False
0.8360000000000006,0.337547196662763,1.8470588235294116,1.8352941176470587,0.039470588235294146,0.4638262634195062,71.84051449067145,-0.3851905819246281,0.13639219176227985,0.32075254110800294,False
0.8370000000000006,0.3376864738552104,1.8470588235294116,1.8352941176470587,0.03952941176470591,0.46926716648932026,72.76783549812973,-0.33293752457973,0.1360601859042186,0.3208887840369485,False
0.8380000000000006,0.337824917839852,1.8470588235294116,1.8352941176470587,0.039588235294117674,0.4742228027815647,73.61111109776245,-0.285564463311785,0.13577555098864347,0.32102471627663254,False
0.8390000000000006,0.3379625282750911,1.8470588235294116,1.8352941176470587,0.03964705882352944,0.47874169897399643,74.37925951428508,-0.24263479022737416,0.13553384393341847,0.3211603831986575,False
0.8400000000000006,0.33809930482138745,1.8470588235294116,1.8352941176470587,0.0397058823529412,0.4828675290765967,75.07980599202946,-0.2036771624029849,0.13533109297082044,0.32129582594363054,False
0.8410000000000006,0.33823524714125863,1.8588235294117648,1.8352941176470587,0.03982352941176473,1.0,135.05171999453756,-0.168293890951529,0.13516372399643056,0.32143108185933594,False
0.8420000000000006,0.33837035489928047,1.8588235294117648,1.8352941176470587,0.03994117647058826,1.0,152.22196983522804,3.0030666150804075,0.1381677273553655,0.3215675975247404,False
0.8430000000000006,0.338504627762088,1.8588235294117648,1.8352941176470587,0.040058823529411786,1.0,157.09180435034736,3.9097886063817837,0.1420784769271545,0.3217075252327469,False
0.8440000000000006,0.3386380653983763,1.8588235294117648,1.8352941176470587,0.040176470588235313,1.0,158.42649039373973,4.165657109624068,0.1462451227505524,0.3218514788477483,False
0.8450000000000006,0.3387706674789012,1.8588235294117648,1.8352941176470587,0.04029411764705884,1.0,158.7446340152576,4.234432098545085,0.15048057228942513,0.32199963007454,False
0.8460000000000006,0.3389024336764804,1.8588235294117648,1.8352941176470587,0.04041176470588237,1.0,158.77082964591918,4.249370125849051,0.15473098882743772,0.32215202349036304,False
0.8470000000000006,0.3390333636659937,1.8588235294117648,1.8352941176470587,0.0405294117647059,1.0,158.7128484978038,4.248808716398274,0.15898087296211408,0.32230866708749367,False
0.8480000000000006,0.3391634571243845,1.8588235294117648,1.8352941176470587,0.040647058823529425,1.0,158.63090619856186,4.2437408915766905,0.1632257182513519,0.3224695583056266,False
0.8490000000000006,0.33929271373066006,1.8588235294117648,1.8352941176470587,0.04076470588235295,1.0,158.54202054582976,4.2373526827173755,0.16746420426651895,0.32263469151171725,False
0.8500000000000006,0.3394211331658926,1.8588235294117648,1.8352941176470587,0.04088235294117648,1.0,158.45142913257993,4.230544575814542,0.1716959110595247,0.32280406015750723,False
0.8510000000000006,0.3395487151132199,1.8588235294117648,1.8352941176470587,0.04100000000000001,1.0,158.36062019411213,4.223593781094398,0.17592069589065332,0.32297765739953394,False
0.8520000000000006,0.3396754592578462,1.8588235294117648,1.8352941176470587,0.04111764705882354,0.9697485397959678,154.77397633624093,4.2165791353084225,0.18013849485617123,0.3231554762870708,False
0.8530000000000006,0.33980136528704297,1.8588235294117648,1.8352941176470587,0.041235294117647064,0.9385972152281361,150.08241521992403,4.024551910447586,0.18416429456530028,0.3233374265781427,False
0.8540000000000006,0.3399264328901495,1.8588235294117648,1.8352941176470587,0.04135294117647059,0.9106786701759106,145.4505608873076,3.7740160545292056,0.18793958482962198,0.3235232899436867,False
0.8550000000000006,0.340050661758574,1.8588235294117648,1.8352941176470587,0.04147058823529412,0.8856696266877315,141.17499668322728,3.5265938449283123,0.19146747759118213,0.3237128172743756,False
0.8560000000000006,0.340174051585794,1.8588235294117648,1.8352941176470587,0.04158823529411765,0.8632791346071935,137.31342551554647,3.2979802075888824,0.1947667798039232,0.3239057696355895,False
0.8570000000000007,0.3402966020673575,1.8588235294117648,1.8352941176470587,0.041705882352941176,0.8432453387935333,133.84118089589208,3.0912308757832334,0.19785935429643292,0.32410192827482626,False
0.8580000000000007,0.3404183129008832,1.8588235294117648,1.8352941176470587,0.041823529411764704,0.8253325696200622,130.72687880976332,2.905043229883424,0.200765761422027,0.32430109571632054,False
0.8590000000000007,0.34053918378606185,1.8588235294117648,1.8352941176470587,0.04194117647058823,0.809328724422762,127.94317780119715,2.737758985541417,0.20350490338363877,0.32450309429851315,False
0.8600000000000007,0.3406592144246565,1.8588235294117648,1.8352941176470587,0.04205882352941176,0.7950429108040152,125.45024224593176,2.587933519204818,0.20609423788412912,0.32470776461204137,False
0.8610000000000007,0.34077840452050345,1.8588235294117648,1.8352941176470587,0.04217647058823529,0.7823033256059666,123.22433577023538,2.453460947005873,0.2085491168533612,0.32491496375766477,False
0.8620000000000007,0.3408967537795131,1.8588235294117648,1.8352941176470587,0.042294117647058815,0.7709553459865466,121.23773986611738,2.333086997355428,0.2108836380495553,0.32512456362371084,False
0.8630000000000007,0.3410142619096703,1.8588235294117648,1.8352941176470587,0.04241176470588234,0.7608598113878919,119.46625773706845,2.2253465403911474,0.2131104341915577,0.32533644953701124,False
0.8640000000000007,0.3411309286210355,1.8588235294117648,1.8352941176470587,0.04252941176470587,0.7518914773079264,117.88836990281185,2.1289606266631598,0.21524085912998397,0.3255505188816385,False
0.8650000000000007,0.34124675362574514,1.8588235294117648,1.8352941176470587,0.0426470588235294,0.7439376236947808,116.48460625539761,2.0427918261011215,0.2172851293584209,0.32576667988371594,False
0.8660000000000007,0.3413617366380125,1.8588235294117648,1.8352941176470587,0.04276470588235293,0.7368968025017736,115.23715822091788,1.965811017644062,0.21925243231509112,0.325984850522796,False
0.8670000000000007,0.34147587737412854,1.8588235294117648,1.8352941176470587,0.042882352941176455,0.7306777104868902,114.13288205027096,1.8970768814006571,0.22115101417733543,0.3262049575423107,False
0.8680000000000007,0.3415891755524622,1.8588235294117648,1.8352941176470587,0.04299999999999998,0.725198174732319,113.15263132629202,1.83589481030573,0.22298842656900444,0.32642693561932856,False
0.8690000000000007,0.3417016308934616,1.8588235294117648,1.8352941176470587,0.04311764705882351,0.7203842396120284,112.28755503583187,1.7812525134407862,0.2247712088705452,0.32665072652703975,False
0.8700000000000007,0.34181324311965433,1.8588235294117648,1.8352941176470587,0.04323529411764704,0.7161693450625903,111.52600595285055,1.7326823413910748,0.22650543285580982,0.3268762783675985,False
0.8710000000000007,0.34192401195564837,1.8588235294117648,1.8470588235294116,0.0432941176470588,-0.464565236502488,-25.18338819606255,1.6895686276507154,0.22819655467115213,0.3271035450379066,False
0.8720000000000007,0.3420339371281325,1.8588235294117648,1.8470588235294116,0.043352941176470566,-0.36246165402870967,-52.54637201779257,-5.54639924395749,0.22265169040327687,0.32732924663504265,False
0.8730000000000007,0.34214301836587735,1.8588235294117648,1.8470588235294116,0.04341176470588233,-0.27050960627289744,-49.6672631655811,-6.996873314553343,0.21565630816210604,0.32754875062853417,False
0.8740000000000007,0.3422512553997359,1.8588235294117648,1.8470588235294116,0.043470588235294094,-0.18769393976325432,-39.16474672874943,-6.847180270637438,0.2088105717248286,0.32776132657327933,False
0.8750000000000007,0.34235864796264387,1.8588235294117648,1.8470588235294116,0.04352941176470586,-0.11310101637516376,-27.430705725983962,-6.294057790922583,0.20251791321047963,0.3279673056598555,False
0.8760000000000007,0.34246519578962087,1.8588235294117648,1.8470588235294116,0.04358823529411762,-0.045908561796470654,-16.208771641849708,-5.6757016930960775,0.19684357028765295,0.3281672703237306,False
0.8770000000000007,0.34257089861777074,1.8588235294117648,1.8470588235294116,0.043647058823529386,0.014623470853764725,-5.912898409956432,-5.084373429504373,0.19176051923866916,0.3283618267204464,False
0.8780000000000007,0.3426757561862822,1.8588235294117648,1.8470588235294116,0.04370588235294115,0.06916112376838861,3.4161320575623635,-4.5419819924078615,0.18721982707822482,0.32855154412261955,False
0.8790000000000007,0.3427797682364297,1.8588235294117648,1.8470588235294116,0.043764705882352914,0.11830383492096162,11.836452417075247,-4.050691568933284,0.18317039629002965,0.3287369418957914,False
0.8800000000000007,0.34288293451157376,1.8588235294117648,1.8470588235294116,0.04382352941176468,0.16259109848768905,19.427853620754348,-3.6074322500079696,0.1795641989298264,0.32891848968924314,False
0.8810000000000007,0.34298525475716196,1.8588235294117648,1.8470588235294116,0.04388235294117644,0.20250845922715566,26.270152881418785,-3.207987632502702,0.1763574231452279,0.32909661102150556,False
0.8820000000000007,0.3430867287207292,1.8588235294117648,1.8470588235294116,0.043941176470588206,0.23849290742208734,32.43713754625046,-2.8481394025955447,0.17351047511530665,0.329271687497328,False
0.8830000000000007,0.34318735615189855,1.8588235294117648,1.8470588235294116,0.04399999999999997,0.2709377343269377,37.996366488382975,-2.523987810512304,0.17098766051412664,0.3294440628823724,False
0.8840000000000007,0.3432871368023818,1.8588235294117648,1.8470588235294116,0.044058823529411734,0.3001969020707147,43.00825844282909,-2.2319622254146934,0.16875685541715452,0.32961404685462065,False
0.8850000000000007,0.3433860704259802,1.8588235294117648,1.8470588235294116,0.0441176470588235,0.3265889765695257,47.52747329381339,-1.9688694130220572,0.16678912892759282,0.3297819184049606,False
0.8860000000000007,0.34348415677858485,1.8588235294117648,1.8470588235294116,0.04417647058823526,0.3504006671478674,51.60197174481468,-1.731820491016284,0.16505843884502117,0.3299479288932682,False
0.8870000000000007,0.3435813956181774,1.8588235294117648,1.8470588235294116,0.044235294117647025,0.3718900121977866,55.2805079980524,-1.5182807149832818,0.16354127754580622,0.3301123047777533,False
0.8880000000000007,0.3436777867048306,1.8588235294117648,1.8470588235294116,0.04429411764705879,0.3912892462721258,58.598997278872545,-1.3256730794873877,0.16221671426163561,0.3302752501685633,False
0.8890000000000007,0.3437733298007092,1.8588235294117648,1.8470588235294116,0.04435294117647055,0.4088073804684427,61.59223412943253,-1.1520996279017244,0.16106571604555026,0.33043694909907684,False
0.8900000000000007,0.34386802467006994,1.8588235294117648,1.8470588235294116,0.04441176470588232,0.42463252477453983,64.29764934351692,-0.9957214716860366,0.16007108871659897,0.33059756739715107,False
0.8910000000000007,0.3439618710792628,1.8588235294117648,1.8470588235294116,0.04447058823529408,0.4389339781794389,66.74030189942395,-0.8545600381097328,0.1592176165571745,0.3307572545867541,False
0.8920000000000007,0.3440548687967309,1.8588235294117648,1.8470588235294116,0.044529411764705845,0.4518641097732598,68.94704830597739,-0.7272911540330688,0.15849140792426714,0.33091614557195487,False
0.8930000000000007,0.34414701759301186,1.8588235294117648,1.8470588235294116,0.04458823529411761,0.46356005173711035,70.942010562721,-0.6124953760107648,0.15787999052921586,0.33107436200387524,False
0.8940000000000007,0.34423831724073745,1.8588235294117648,1.8470588235294116,0.04464705882352937,0.47414522303398765,72.74380792638806,-0.508897793128837,0.15737216691428724,0.33123201363501004,False
0.8950000000000007,0.34432876751463504,1.8588235294117648,1.8470588235294116,0.04470588235294114,0.483730700730589,74.37723530349965,-0.41551450588043565,0.1569577234487908,0.33138919946310735,False
0.8960000000000007,0.3444183681915275,1.8588235294117648,1.8470588235294116,0.0447647058823529,0.4924164541869419,75.85534903436618,-0.33103474734933774,0.15662775720455188,0.33154600886209096,False
0.8970000000000007,0.34450711905033404,1.8588235294117648,1.8470588235294116,0.044823529411764665,0.5002924558270715,77.19294517926038,-0.2547687204982327,0.15637405499244414,0.3317025226133299,False
0.8980000000000007,0.34459501987207075,1.8588235294117648,1.8470588235294116,0.04488235294117643,0.5074396808325998,78.40684688869963,-0.18593448369749735,0.15618918551207608,0.33185881363684616,False
0.8990000000000007,0.3446820704398511,1.8588235294117648,1.8470588235294116,0.04494117647058819,0.5139310068669871,79.50743354304946,-0.12364275654497375,0.15606660669634512,0.33201494782150914,False
0.9000000000000007,0.3447682705388865,1.8588235294117648,1.8470588235294116,0.04499999999999996,0.5198320238273474,80.50533668315374,-0.06734511433704812,0.1560003248604182,0.33217098476088636,False
0.9010000000000007,0.3448536199564868,1.8588235294117648,1.8470588235294116,0.04505882352941172,0.5252017626210833,81.4137152117677,-0.016479719508752867,0.1559849081183961,0.3323269783076643,False
0.9020000000000007,0.34493811848206063,1.8588235294117648,1.8470588235294116,0.045117647058823485,0.5300933510648574,82.23929389990579,0.029649049428857134,0.15601562017162274,0.33248297719565273,False
0.9030000000000007,0.3450217659071165,1.8588235294117648,1.8470588235294116,0.04517647058823525,0.534554604193666,82.9909059064377,0.07139644687378842,0.15608807994495125,0.33263902558220826,False
0.9040000000000007,0.3451045620252625,1.8588235294117648,1.8470588235294116,0.04523529411764701,0.5386285555390053,83.67584203439077,0.10922933184699356,0.15619837319425153,0.33279516345368215,False
0.9050000000000007,0.34518650663220757,1.8588235294117648,1.8470588235294116,0.045294117647058776,0.5423539352792227,84.30005645302403,0.14353300520364878,0.15634297095109898,0.33295142705555186,False
0.9060000000000007,0.3452675995257615,1.8588235294117648,1.8470588235294116,0.04535294117647054,0.54576560057483,84.87169393257794,0.17462208980600366,0.15651865884712388,0.33310784924589293,False
0.9070000000000007,0.34534784050583567,1.8588235294117648,1.8470588235294116,0.045411764705882304,0.5488949228702883,85.3938759283049,0.2029271486734264,0.15672265305679123,0.33326445986215364,False
0.9080000000000007,0.3454272293744434,1.8588235294117648,1.8470588235294116,0.04547058823529407,0.5517701364656126,85.8728047634835,0.22861299954978875,0.15695233455397736,0.33342128603211363,False
0.9090000000000007,0.34550576593570054,1.8588235294117648,1.8470588235294116,0.04552941176470583,0.554416652230816,86.3122848795397,0.2520074967165766,0.15720541215030104,0.33357835241205097,False
0.9100000000000007,0.3455834499958259,1.8588235294117648,1.8470588235294116,0.045588235294117596,0.5568573399489112,86.71641750215402,0.2733116520812715,0.15747979565446824,0.3337356814575016,False
0.9110000000000007,0.345660281363142,1.8588235294117648,1.8470588235294116,0.04564705882352936,0.5591127824246085,87.08889803394001,0.29274220486638264,0.15777361160102432,0.3338932936313349,False
0.9120000000000007,0.34573625984807477,1.8588235294117648,1.8470588235294116,0.045705882352941124,0.5612015041821476,87.43197872806616,0.3104944447403641,0.1580851818021915,0.334051207610828,False
0.9130000000000007,0.34581138526315497,1.8588235294117648,1.8470588235294116,0.04576470588235289,0.5631401772933448,87.74928148349822,0.3266873258473315,0.15841294701336575,0.3342094404485927,False
0.9140000000000007,0.3458856574230182,1.8588235294117648,1.8470588235294116,0.04582352941176465,0.5649438066228339,88.0439287608765,0.3415122873005377,0.15875553941919474,0.3343680077241382,False
0.9150000000000007,0.3459590761444052,1.8588235294117648,1.8470588235294116,0.045882352941176416,0.5666258965487859,88.31773399819467,0.35513435945562927,0.15911175622601822,0.33452692372341664,False
0.9160000000000007,0.3460316412461626,1.8588235294117648,1.8470588235294116,0.04594117647058818,0.5681986010115546,88.57215813674907,0.3676493278973499,0.1594804904179404,0.3346862015726851,False
0.9170000000000007,0.3461033525492432,1.8588235294117648,1.8470588235294116,0.045999999999999944,0.569672858557458,88.80969570825138,0.37913434125065915,0.1598607121204478,0.33484585332589756,False
0.9180000000000007,0.3461742098767065,1.8588235294117648,1.8470588235294116,0.04605882352941171,0.5710585138781828,89.0321940114532,0.38972124649526463,0.16025152329951464,0.3350058900664605,False
0.9190000000000007,0.3462442130537191,1.8588235294117648,1.8470588235294116,0.04611764705882347,0.572364427196247,89.24052227723233,0.3995076567228291,0.16065212352847408,0.33516632202366886,False
0.9200000000000007,0.3463133619075551,1.8588235294117648,1.8470588235294116,0.046176470588235236,0.5735985727119166,89.43698387593317,0.4085394460473523,0.16106175824949506,0.3353271586470313,False
0.9210000000000007,0.3463816562675966,1.8588235294117648,1.8470588235294116,0.046235294117647,0.5747681272054309,89.6218671161038,0.41693837625492347,0.1614797946618781,0.3354884086862882,False
0.9220000000000007,0.346449095965334,1.8588235294117648,1.8470588235294116,0.04629411764705876,0.5758795497790057,89.79666793077836,0.4247196018637175,0.16190561511518187,0.33565008026519677,False
0.9230000000000007,0.3465156808343666,1.8588235294117648,1.8470588235294116,0.04635294117647053,0.5769386536246345,89.96284854188573,0.431962178906814,0.1623386810111031,0.3358121809254362,False
0.9240000000000007,0.34658141071040294,1.8588235294117648,1.8470588235294116,0.04641176470588229,0.5779506706151123,90.1210593357289,0.4387433860526514,0.16277853102664386,0.33597471770486076,False
0.9250000000000007,0.3466462854312609,1.8588235294117648,1.8470588235294116,0.046470588235294055,0.5789203094359542,90.27168635048977,0.445097554043131,0.16322473816653627,0.336137697195449,False
0.9260000000000007,0.3467103048368687,1.8588235294117648,1.8470588235294116,0.04652941176470582,0.5798518079041235,90.41562335184257,0.45104503239902255,0.16367689578219882,0.33630112557133973,False
0.9270000000000007,0.3467734687692648,1.8588235294117648,1.8470588235294116,0.04658823529411758,0.5807489800548877,90.55342831336496,0.4566330388185874,0.16413464444016254,0.3364650086212695,False
0.9280000000000007,0.3468357770725984,1.8588235294117648,1.8470588235294116,0.04664705882352935,0.5816152585199874,90.68618739186795,0.4618910288557184,0.16459765416017613,0.33662935178779474,False
0.9290000000000007,0.34689722959312996,1.8588235294117648,1.8470588235294116,0.04670588235294111,0.5824537326679888,90.81396388289255,0.4668764075285198,0.1650656523649851,0.3367941602093231,False
0.9300000000000007,0.3469578261792316,1.8588235294117648,1.8470588235294116,0.046764705882352875,0.5832671829306018,90.93759389936518,0.4715924645902024,0.1655383697652373,0.3369594387531641,False
0.9310000000000007,0.34701756668138717,1.8588235294117648,1.8470588235294116,0.04682352941176464,0.5840581116963651,91.05693122933619,0.47608338194431227,0.16601558125182278,0.3371251920372186,False
0.9320000000000007,0.34707645095219297,1.8588235294117648,1.8470588235294116,0.0468823529411764,0.5848287711149641,91.17306346481284,0.480341370445259,0.16649705392491349,0.3372914244507724,False
0.9330000000000007,0.3471344788463579,1.8588235294117648,1.8470588235294116,0.04694117647058817,0.5855811881211149,91.28575754340255,0.48442392294208997,0.16698261237617176,0.3374581401760825,False
0.9340000000000007,0.34719165022070386,1.8588235294117648,1.8470588235294116,0.04699999999999993,0.5863171869560625,91.39566302955201,0.48831865994443396,0.16747206881651733,0.337625343214426,False
0.9350000000000007,0.34724796493416626,1.8588235294117648,1.8470588235294116,0.047058823529411695,0.587038409436927,91.50282026718224,0.4920599030724039,0.1679652697773441,0.33779303739473493,False
0.9360000000000007,0.34730342284779403,1.8588235294117648,1.8470588235294116,0.04711764705882346,0.5877463331991167,91.6079212489057,0.49564974255715005,0.16846206387923374,0.3379612263934126,False
0.9370000000000007,0.34735802382475034,1.8588235294117648,1.8470588235294116,0.04717647058823522,0.5884422881144992,91.71083513483858,0.4991247484380404,0.1689623363119187,0.3381299137519391,False
0.9380000000000007,0.34741176773031274,1.8588235294117648,1.8588235294117648,0.04717647058823522,-0.5879313524616743,-44.22681938123038,0.5024779569267152,0.16946596530052607,0.33829910289385007,False
0.9390000000000007,0.34746465443187347,1.8588235294117648,1.8588235294117648,0.04717647058823522,-0.4819617466272714,-70.90415773621767,-6.691914615684108,0.1627751757209031,0.338465558173962,False
0.9400000000000007,0.3475166837989398,1.8588235294117648,1.8588235294117648,0.04717647058823522,-0.386589101376309,-67.42146531377576,-8.105354977357253,0.15467089445561585,0.3386246865858253,False
0.9410000000000007,0.3475678557031345,1.8588235294117648,1.8588235294117648,0.04717647058823522,-0.3007537206504428,-56.38200175248758,-7.92295693719365,0.1467489568148268,0.3387757927628544,False
0.9420000000000007,0.3476181700181959,1.8588235294117648,1.8588235294117648,0.04717647058823522,-0.22350187799716315,-44.16330746969848,-7.34064239403884,0.1394092821811023,0.3389192390127465,False
0.9430000000000007,0.34766762661997846,1.8588235294117648,1.8588235294117648,0.04717647058823522,-0.1539752196092116,-32.51624848482217,-6.695848627339443,0.13271435399891773,0.33905563571667924,False
0.9440000000000007,0.347716225386453,1.8588235294117648,1.8588235294117648,0.04717647058823522,-0.09140122706005518,-21.8467862737927,-6.081220140403298,0.1266340112551553,0.33918561404929426,False
0.9450000000000007,0.3477639661977069,1.8588235294117648,1.8588235294117648,0.04717647058823522,-0.03508463376581436,-12.189910410592711,-5.518243296126297,0.1211166062800656,0.3393097653551851,False
0.9460000000000007,0.34781084893594433,1.8588235294117648,1.8588235294117648,0.04717647058823522,0.015600300199002382,-3.482534804391666,-5.008776029375435,0.11610863310944769,0.3394286284949894,False
0.9470000000000007,0.3478568734854869,1.8588235294117648,1.8588235294117648,0.04717647058823522,0.06121674076733738,4.35943184460366,-4.549486538764187,0.11155991722958382,0.33954269032248013,False
0.9480000000000007,0.34790203973277356,1.8588235294117648,1.8588235294117648,0.04717647058823522,0.10227153727883895,11.419371479603182,-4.135931060247677,0.10742472756720531,0.3396523895164154,False
0.9490000000000007,0.3479463475663611,1.8588235294117648,1.8588235294117648,0.04717647058823522,0.13922085413919033,17.774547423274054,-3.7637028194615807,0.10366173952997233,0.33975812100735125,False
0.9500000000000007,0.34798979687692433,1.8588235294117648,1.8588235294117648,0.04717647058823522,0.17247523931350653,23.495158399827076,-3.428718283666901,0.10023371179357272,0.3398602402386816,False
0.9510000000000007,0.34803238755725646,1.8588235294117648,1.8588235294117648,0.04717647058823522,0.20240418597039112,28.644641946406438,-3.1272672610884733,0.09710711298706612,0.3399590670819186,False
0.9520000000000007,0.34807411950226913,1.8588235294117648,1.8588235294117648,0.04717647058823522,0.22934023796158726,33.28019740388823,-2.855996891682011,0.09425176438497655,0.340054889385861,False
0.9530000000000007,0.348114992608993,1.8588235294117648,1.8588235294117648,0.04717647058823522,0.2535826847536638,37.4529515315707,-2.611884015877867,0.09164051022831511,0.34014796618088733,False
0.9540000000000007,0.3481550067765776,1.8588235294117648,1.8588235294117648,0.04717647058823522,0.27540088686653263,41.20918340763318,-2.392226447719837,0.0892488967702497,0.34023853055749614,False
0.9550000000000007,0.34819416190629215,1.8588235294117648,1.8588235294117648,0.04717647058823522,0.2950372687681146,44.58931263395234,-2.1945781985614006,0.08705491609615419,0.34032679225303963,False
0.9560000000000007,0.3482324579015251,1.8588235294117648,1.8588235294117648,0.04717647058823522,0.31271001247953845,47.6349869670177,-2.016803038769204,0.08503869637998836,0.34041293995817345,False
0.9570000000000007,0.34826989466778496,1.8588235294117648,1.8588235294117648,0.04717647058823522,0.32861548181981975,50.37601439493197,-1.8566995245868099,0.08318256711323259,0.34049714348230103,False
0.9580000000000007,0.3483064721127002,1.8588235294117648,1.8588235294117648,0.04717647058823522,0.34293040422607307,52.84149762237024,-1.712692433527097,0.08147043289604981,0.34057955567309844,False
0.9590000000000007,0.3483421901460197,1.8588235294117648,1.8588235294117648,0.04717647058823522,0.355813834391701,55.06326493941226,-1.58324366844406,0.07988773632251844,0.3406603139749238,False
0.9600000000000007,0.34837704867961267,1.8588235294117648,1.8588235294117648,0.04717647058823522,0.3674089215407661,57.0624448316535,-1.4666707532995993,0.07842160237058297,0.34073954203178736,False
0.9610000000000007,0.3484110476274691,1.8588235294117648,1.8588235294117648,0.04717647058823522,0.37784449997492475,58.86639107519242,-1.361857175701036,0.07706027244754923,0.34081735111505834,False
0.9620000000000007,0.3484441869057,1.8588235294117648,1.8588235294117648,0.04717647058823522,0.3872365205656675,60.48936421636807,-1.267356911547845,0.07579343391073565,0.3408938413881791,False
0.9630000000000007,0.34847646643253766,1.8588235294117648,1.8588235294117648,0.04717647058823522,0.39568933909733595,61.948771714031594,-1.1824165639721822,0.07461152744725395,0.3409691030409376,False
0.9640000000000007,0.34850788612833533,1.8588235294117648,1.8588235294117648,0.04717647058823522,0.4032968757758376,63.265679087442685,-1.1061161227974492,0.07350591369312648,0.34104321711777646,False
0.9650000000000007,0.34853844591556815,1.8588235294117648,1.8588235294117648,0.04717647058823522,0.41014365878648906,64.45040627005041,-1.0373419326376938,0.07246906688554462,0.34111625652488675,False
0.9660000000000007,0.3485681457188328,1.8588235294117648,1.8588235294117648,0.04717647058823522,0.4163057634960754,65.5179133405676,-0.9755487870084844,0.07149400641922433,0.3411882868880097,False
0.9670000000000007,0.3485969854648481,1.8588235294117648,1.8588235294117648,0.04717647058823522,0.4218516577347031,66.47884278291359,-0.9199458917457257,0.07057454243879768,0.3412593672081121,False
0.9680000000000007,0.3486249650824548,1.8588235294117648,1.8588235294117648,0.04717647058823522,0.426842962549468,67.34584811467539,-0.8699708191947265,0.06970504747675121,0.34132955054937414,False
0.9690000000000007,0.34865208450261587,1.8588235294117648,1.8588235294117648,0.04717647058823522,0.43133513688275643,68.12676401113987,-0.8249546739243497,0.06888056292546248,0.3413988846494896,False
0.9700000000000008,0.3486783436584169,1.8588235294117648,1.8588235294117648,0.04717647058823522,0.4353780937827161,68.83022741620773,-0.7844834619537948,0.06809654413925946,0.3414674124738228,False
0.9710000000000008,0.3487037424850661,1.8588235294117648,1.8588235294117648,0.04717647058823522,0.4390167549926796,69.46432105218307,-0.7481006883694374,0.06734890293834303,0.34153517264849736,False
0.9720000000000008,0.3487282809198943,1.8588235294117648,1.8588235294117648,0.04717647058823522,0.4422915500816469,70.0358514429882,-0.7153791334400257,0.06663397833658992,0.3416021999036908,False
0.9730000000000008,0.3487519589023554,1.8588235294117648,1.8588235294117648,0.04717647058823522,0.44523886566171744,70.55122885907672,-0.6859590566429415,0.06594846906497435,0.341668525470463,False
0.9740000000000008,0.34877477637402626,1.8588235294117648,1.8588235294117648,0.04717647058823522,0.4478914496837809,71.01465208215738,-0.6595016439307383,0.06528941264745391,0.3417341774310587,False
0.9750000000000008,0.34879673327860716,1.8588235294117648,1.8588235294117648,0.04717647058823522,0.450278775303638,71.43420743688728,-0.6357850536770387,0.06465406843037583,0.3417991810050637,False
0.9760000000000008,0.34881782956192153,1.8588235294117648,1.8588235294117648,0.04717647058823522,0.45242736836150943,71.81219193673523,-0.6143817264801261,0.06404012330259962,0.34186355886380165,False
0.9770000000000008,0.3488380651719164,1.8588235294117648,1.8588235294117648,0.04717647058823522,0.45436110211359376,72.15421104098236,-0.595170382079547,0.06344538541801364,0.3419273314200522,False
0.9780000000000008,0.3488574400586625,1.8588235294117648,1.8588235294117648,0.04717647058823522,0.4561014624904696,72.46220463972377,-0.5778546679848324,0.0628679592693042,0.34199051702809913,False
0.9790000000000008,0.3488759541743541,1.8588235294117648,1.8588235294117648,0.04717647058823522,0.4576677868296579,72.74006559089959,-0.5623321506951761,0.06230605177018983,0.34205313219280625,False
0.9800000000000008,0.3488936074733095,1.8588235294117648,1.8588235294117648,0.04717647058823522,0.45907747873492727,72.99112824851163,-0.5483970459825928,0.061758075607266774,0.3421151917185475,False
0.9810000000000008,0.3489103999119709,1.8588235294117648,1.8588235294117648,0.04717647058823522,0.4603462014496698,73.21832820100522,-0.5358731009029046,0.06122261971000367,0.342176708901691,False
0.9820000000000008,0.3489263314489048,1.8588235294117648,1.8588235294117648,0.04717647058823522,0.46148805189293807,73.42350779556132,-0.524605144248039,0.06069842817011764,0.3422376956973558,False
0.9830000000000008,0.3489414020448015,1.8588235294117648,1.8588235294117648,0.04717647058823522,0.46251571729187946,73.60892264500767,-0.5144958322050732,0.060184342414998204,0.34229816284855263,False
0.9840000000000008,0.34895561166247596,1.8588235294117648,1.8588235294117648,0.04717647058823522,0.4634406161509268,73.77706617813199,-0.505425941804533,0.05967932308761501,0.3423581199933655,False
0.9850000000000008,0.34896896026686725,1.8588235294117648,1.8588235294117648,0.04717647058823522,0.46427302512406926,73.9292403598453,-0.49726365534328687,0.059182462642113146,0.34241757578983556,False
0.9860000000000008,0.34898144782503904,1.8588235294117648,1.8588235294117648,0.04717647058823522,0.4650221931998976,74.06698945265131,-0.48994018352742524,0.05869292231604296,0.3424765380194095,False
0.9870000000000008,0.3489930743061796,1.8588235294117648,1.8588235294117648,0.04717647058823522,0.465696444468143,74.19180185213915,-0.48337390741069913,0.05820994496053238,0.34253501366149697,False
0.9880000000000008,0.3490038396816017,1.8588235294117648,1.8588235294117648,0.04717647058823522,0.466303270609564,74.30522883265236,-0.4774861549930914,0.05773285209388352,0.3425930089737582,False
0.9890000000000008,0.34901374392474277,1.8588235294117648,1.8588235294117648,0.04717647058823522,0.46684941413684283,74.40819862360695,-0.47219491948882397,0.057261047236906636,0.3426505295722722,False
0.9900000000000008,0.3490227870111651,1.8588235294117648,1.8588235294117648,0.04717647058823522,0.46734094331139375,74.50173722452179,-0.4674511517393292,0.056793982955715916,0.3427075804987086,False
0.9910000000000008,0.34903096891855595,1.8588235294117648,1.8588235294117648,0.04717647058823522,0.4677833195684896,74.58681252780778,-0.4632006231966992,0.05633116604147343,0.34276416627170375,False
0.9920000000000008,0.34903828962672706,1.8588235294117648,1.8588235294117648,0.04717647058823522,0.46818145819987583,74.66411785412397,-0.4593921738947188,0.05587215444216341,0.34282029093970545,False
0.9930000000000008,0.3490447491176154,1.8588235294117648,1.8588235294117648,0.04717647058823522,0.4685397829681235,74.73498647024209,-0.4559891659429211,0.055416542740805014,0.34287595812559474,False
0.9940000000000008,0.3490503473752828,1.8588235294117648,1.8588235294117648,0.04717647058823522,0.4688622752595464,74.79955947441337,-0.4529210978794687,0.05496399601941072,0.34293117107855975,False
0.9950000000000008,0.34905508438591615,1.8588235294117648,1.8588235294117648,0.04717647058823522,0.469152518321827,74.8585244843751,-0.45018054066951046,0.054514186786781244,0.34298593271621247,False
0.9960000000000008,0.3490589601378273,1.8588235294117648,1.8588235294117648,0.04717647058823522,0.4694137370778795,74.91249685135055,-0.44773114559570976,0.05406682389835656,0.3430402456450294,False
0.9970000000000008,0.34906197462145316,1.8588235294117648,1.8588235294117648,0.04717647058823522,0.4696488339583268,74.96217568530236,-0.4455403840767142,0.053621648736311284,0.343094112194979,False
0.9980000000000008,0.349064127829356,1.8588235294117648,1.8588235294117648,0.04717647058823522,0.4698604211507293,75.00762752893007,-0.44357129294286474,0.05317843964438201,0.34314753445404444,False
0.9990000000000008,0.3490654197562228,1.8588235294117648,1.8588235294117648,0.04717647058823522,0.47005084962389154,75.04944481607619,-0.44182037484811526,0.052736978462158544,0.3432005142901258,False
1.0000000000000007,0.3490658503988659,1.8588235294117648,1.8588235294117648,0.04717647058823522,0.4702222352497376,75.08804487064046,-0.4402563055132737,0.052297078352154296,0.3432530533670576,False
1.0010000000000006,0.3490654197562228,1.8588235294117648,1.8588235294117648,0.04717647058823522,0.4703764823129991,75.12371678787198,-0.4388570233756184,0.0518585745372647,0.34330515317176385,False
1.0020000000000004,0.349064127829356,1.8588235294117648,1.8588235294117648,0.04717647058823522,0.4705153046699344,75.15674257607175,-0.43760724937825196,0.05142131751838379,0.3433568150332665,False
1.0030000000000003,0.34906197462145316,1.8588235294117648,1.8588235294117648,0.04717647058823522,0.47064024479117617,75.18737403270565,-0.43649207766217724,0.05098517270130851,0.3434080401377952,False
1.0040000000000002,0.3490589601378273,1.8588235294117648,1.8588235294117648,0.04717647058823522,0.47075269090029376,75.21593505355621,-0.4354981992048878,0.050550018799997015,0.34345882954297435,False
1.0050000000000001,0.3490550843859161,1.8588235294117648,1.8588235294117648,0.04717647058823522,0.47085389239849956,75.24246999106443,-0.4346084889240575,0.05011575165273449,0.343509184192848,False
1.006,0.3490503473752828,1.8588235294117648,1.8588235294117648,0.04717647058823522,0.4709449737468848,75.26727080593683,-0.4338206108393511,0.04968226943308715,0.34355910492834896,False
1.007,0.3490447491176154,1.8588235294117648,1.8588235294117648,0.04717647058823522,0.47102694696043157,75.29051396129229,-0.43311912707382083,0.049249485751868216,0.34360859249553066,False
1.0079999999999998,0.34903828962672706,1.8588235294117648,1.8588235294117648,0.04717647058823522,0.47110072285262367,75.31236718952592,-0.4324947096029281,0.0488173235473654,0.3436576475582545,False
1.0089999999999997,0.34903096891855595,1.8588235294117648,1.8588235294117648,0.04717647058823522,0.4711671211555965,75.33300654169174,-0.4319384914319075,0.04838571462437263,0.3437062707073099,False
1.0099999999999996,0.3490227870111651,1.8588235294117648,1.8588235294117648,0.04717647058823522,0.47122687962827203,75.35243678531178,-0.4314411646407597,0.04795460009517731,0.34375446246947944,False
1.0109999999999995,0.34901374392474277,1.8588235294117648,1.8588235294117648,0.04717647058823522,0.47128066225368004,75.37089388127339,-0.4310024830334302,0.0475239213178627,0.3438022233127685,False
1.0119999999999993,0.3490038396816017,1.8588235294117648,1.8588235294117648,0.04717647058823522,0.4713290666165473,75.38837577100617,-0.4306099675312435,0.04709363212924204,0.3438495536521561,False
1.0129999999999992,0.3489930743061796,1.8588235294117648,1.8588235294117648,0.04717647058823522,0.4713726305431277,75.40506091357383,-0.43026373187025085,0.046663686252077265,0.34389645385640655,False
1.0139999999999991,0.34898144782503904,1.8588235294117648,1.8588235294117648,0.04717647058823522,0.47141183807705017,75.42098997437948,-0.42995433824539747,0.04623404684665825,0.34394292425225387,False
1.014999999999999,0.34896896026686725,1.8588235294117648,1.8588235294117648,0.04717647058823522,0.47144712485758045,75.43625031376699,-0.42967963894052474,0.04580467922074829,0.3439889651305583,False
1.015999999999999,0.34895561166247596,1.8588235294117648,1.8588235294117648,0.04717647058823522,0.4714788829600576,75.45089635211117,-0.4294350152486475,0.04537555330059966,0.3440345767495667,False
1.0169999999999988,0.3489414020448015,1.8588235294117648,1.8588235294117648,0.04717647058823522,0.47150746525228704,75.46501517761145,-0.42921759092816947,0.04494664188851241,0.3440797593387462,False
1.0179999999999987,0.34892633144890484,1.8588235294117648,1.8588235294117648,0.04717647058823522,0.47153318931529353,75.47867695476738,-0.42902276100077086,0.044517922391597686,0.3441245131024381,False
1.0189999999999986,0.3489103999119709,1.8588235294117648,1.8588235294117648,0.04717647058823522,0.47155634097199944,75.49174924432977,-0.4288468156446344,0.04408937592664885,0.34416883822406047,False
1.0199999999999985,0.3488936074733095,1.8588235294117648,1.8588235294117648,0.04717647058823522,0.47157717746303474,75.5044581490973,-0.4286967643390705,0.0436609766008219,0.34421273486499365,False
1.0209999999999984,0.3488759541743541,1.8588235294117648,1.8588235294117648,0.04717647058823522,0.4715959303049665,75.51697636936126,-0.4285606461822024,0.04323271048204635,0.34425620316610744,False
1.0219999999999982,0.3488574400586625,1.8588235294117648,1.8588235294117648,0.04717647058823522,0.471612807862705,75.52910264760722,-0.4284293256254021,0.0428045727737416,0.3442992432584506,False
1.0229999999999981,0.34883806517191646,1.8588235294117648,1.8588235294117648,0.04717647058823522,0.47162799766466973,75.54092934607006,-0.42831345275829363,0.04237654802916015,0.3443418552634828,False
1.023999999999998,0.34881782956192153,1.8588235294117648,1.8588235294117648,0.04717647058823522,0.471641668486438,75.55248363681712,-0.42820814235726096,0.0419486256866919,0.3443840392894151,False
1.024999999999998,0.3487967332786072,1.8588235294117648,1.8588235294117648,0.04717647058823522,0.4716539722260294,75.5638060795213,-0.4281119582249258,0.0415207966208569,0.3444257954345432,False
1.0259999999999978,0.3487747763740263,1.8588235294117648,1.8588235294117648,0.04717647058823522,0.47166504559166167,75.57491270066028,-0.42802275573505255,0.04109305385074694,0.34446712378900257,False
1.0269999999999977,0.3487519589023554,1.8588235294117648,1.8588235294117648,0.04717647058823522,0.4716750116207308,75.5858340407772,-0.4279396882060494,0.040665391242090135,0.34450802443632855,False
1.0279999999999976,0.34872828091989433,1.8588235294117648,1.8588235294117648,0.04717647058823522,0.4716839810468929,75.59657975961277,-0.4278611409614879,0.04023780427525462,0.34454849745464877,False
1.0289999999999975,0.3487037424850661,1.8588235294117648,1.8588235294117648,0.04717647058823522,0.47169205353043886,75.60717672333446,-0.42778660405339375,0.03981028894052658,0.3445885429178009,False
1.0299999999999974,0.34867834365841693,1.8588235294117648,1.8588235294117648,0.04717647058823522,0.47169931876563015,75.61762976461546,-0.42771465711376877,0.03938284264853748,0.34462816089625187,False
1.0309999999999973,0.34865208450261587,1.8588235294117648,1.8588235294117648,0.04717647058823522,0.4717058574773024,75.62796392893449,-0.4276450455133175,0.03895546306453016,0.34466735145799393,False
1.0319999999999971,0.3486249650824548,1.8588235294117648,1.8588235294117648,0.04717647058823522,0.4717117423178074,75.63817296807773,-0.42757644515815607,0.038528149177829596,0.3447061146692802,False
1.032999999999997,0.3485969854648482,1.8588235294117648,1.8588235294117648,0.04717647058823522,0.47171703867426185,75.64829863192845,-0.42750918765778695,0.03810089964614172,0.34474445059520414,False
1.033999999999997,0.3485681457188329,1.8588235294117648,1.8588235294117648,0.04717647058823522,0.47172180539507086,75.65831702087428,-0.42744106508039437,0.03767371533510281,0.34478235930051054,False
1.0349999999999968,0.3485384459155682,1.8588235294117648,1.8588235294117648,0.04717647058823522,0.471726095443799,75.66826982809053,-0.42737334294902973,0.037246595844825474,0.34481984085024,False
1.0359999999999967,0.3485078861283354,1.8588235294117648,1.8588235294117648,0.04717647058823522,0.4717299564876543,75.67813142151849,-0.4273038163383562,0.03681954298035262,0.34485689531002567,False
1.0369999999999966,0.3484764664325377,1.8588235294117648,1.8588235294117648,0.04717647058823522,0.4717334314271241,75.6879439180199,-0.4272338424507381,0.03639255718953016,0.34489352274669477,False
1.0379999999999965,0.34844418690570017,1.8588235294117648,1.8588235294117648,0.04717647058823522,0.4717365588726469,75.69767705489774,-0.42716119397175517,0.0359656411475292,0.34492972322852516,False
1.0389999999999964,0.3484110476274692,1.8588235294117648,1.8588235294117648,0.04717647058823522,0.47173937357361745,75.70737631431821,-0.42708747314366785,0.03553879592728886,0.3449654968257484,False
1.0399999999999963,0.3483770486796127,1.8588235294117648,1.8588235294117648,0.04717647058823522,0.4717419068044909,75.71700349507431,-0.4270102746427734,0.035112025007087724,0.34500084361075173,False
1.0409999999999962,0.3483421901460198,1.8588235294117648,1.8588235294117648,0.04717647058823522,0.4717441867122771,75.72647881154167,-0.4269316207839047,0.034685329842903574,0.3450357636584904,False
1.041999999999996,0.3483064721127003,1.8588235294117648,1.8588235294117648,0.04717647058823522,0.47174623862928455,75.73604952316293,-0.42685573406676136,0.03425870766820583,0.34507025704347555,False
1.042999999999996,0.3482698946677851,1.8588235294117648,1.8588235294117648,0.04717647058823522,0.47174808535459134,75.74564700534857,-0.42676953337736045,0.033832168797611036,0.3451043238433382,False
1.0439999999999958,0.34823245790152524,1.8588235294117648,1.8588235294117648,0.04717647058823522,0.4717497474073674,75.75510417592693,-0.4266766508361338,0.03340571991366914,0.34513796414439,False
1.0449999999999957,0.3481941619062923,1.8588235294117648,1.8588235294117648,0.04717647058823522,0.4717512432548659,75.7646023465076,-0.4265859278933417,0.03297935885748786,0.34517117803564606,False
1.0459999999999956,0.3481550067765778,1.8588235294117648,1.8588235294117648,0.04717647058823522,0.4717525895176145,75.77391163582034,-0.42648777283310846,0.032553093061913854,0.345203965608279,False
1.0469999999999955,0.34811499260899315,1.8588235294117648,1.8588235294117648,0.04717647058823522,0.4717538011540883,75.7833037948573,-0.4263943497933827,0.03212691779565536,0.34523632695542045,False
1.0479999999999954,0.3480741195022693,1.8588235294117648,1.8588235294117648,0.04717647058823522,0.47175489162691475,75.79278553174431,-0.4262912820355535,0.031700842704184336,0.3452682621719404,False
1.0489999999999953,0.34803238755725663,1.8588235294117648,1.8588235294117648,0.04717647058823522,0.4717558730524585,75.80219440485897,-0.42617821611057194,0.031274877786487326,0.34529977136251316,False
1.0499999999999952,0.3479897968769245,1.8588235294117648,1.8588235294117648,0.04717647058823522,0.4717567563354479,75.81151221882745,-0.42606374819811027,0.030849024445402655,0.345330854637944,False
1.050999999999995,0.3479463475663613,1.8588235294117648,1.8588235294117648,0.04717647058823522,0.4717575512901383,75.82070548610749,-0.4259488425527448,0.030423283119518352,0.34536151211000693,False
1.051999999999995,0.3479020397327737,1.8588235294117648,1.8588235294117648,0.04717647058823522,0.47175826674935967,75.83009387783295,-0.4258352725165676,0.029997652474074744,0.3453917438901168,False
1.0529999999999948,0.3478568734854871,1.8588235294117648,1.8588235294117648,0.04717647058823522,0.47175891066265896,75.83931749211222,-0.4257061262101512,0.029572148086250034,0.34542155009596387,False
1.0539999999999947,0.34781084893594455,1.8588235294117648,1.8588235294117648,0.04717647058823522,0.47175949018462826,75.84868010725592,-0.4255804474135571,0.029146766489469168,0.34545093085224576,False
1.0549999999999946,0.3477639661977071,1.8588235294117648,1.8588235294117648,0.04717647058823522,0.4717600117544007,75.85792274721823,-0.42544216524978806,0.02872152028807463,0.34547988628742576,False
1.0559999999999945,0.34771622538645325,1.8588235294117648,1.8588235294117648,0.04717647058823522,0.4717604811671958,75.86710011762452,-0.42530498372738446,0.028296408382428733,0.3455084165364047,False
1.0569999999999944,0.34766762661997874,1.8588235294117648,1.8588235294117648,0.04717647058823522,0.4717609036387115,75.87632210181562,-0.42516601025000195,0.027871432565493105,0.34553652173428495,False
1.0579999999999943,0.34761817001819617,1.8588235294117648,1.8588235294117648,0.04717647058823522,0.47176128386307553,75.88555285403363,-0.42501943287171484,0.027446600442209777,0.3455642020205779,False
1.0589999999999942,0.34756785570313475,1.8588235294117648,1.8588235294117648,0.04717647058823522,0.4717616260650032,75.89476281726074,-0.4248671501182023,0.027021917719037582,0.34559145754154524,False
1.059999999999994,0.3475166837989401,1.8588235294117648,1.8588235294117648,0.04717647058823522,0.47176193404673805,75.90402275639693,-0.42471072784299424,0.026597388536612827,0.3456182884484504,False
1.060999999999994,0.34746465443187374,1.8588235294117648,1.8588235294117648,0.04717647058823522,0.4717622112302995,75.91330954179662,-0.42454642402981785,0.02617302077763005,0.3456446948983816,False
1.0619999999999938,0.34741176773031307,1.8588235294117648,1.8588235294117648,0.04717647058823522,0.4717624606955048,75.92248445492491,-0.42437546462325193,0.025748821098886328,0.3456706770557581,False
1.0629999999999937,0.3473580238247507,1.8588235294117648,1.8588235294117648,0.04717647058823522,0.4717626852141895,75.93163886514584,-0.4242051913071947,0.025324788815508776,0.34569623508835196,False
1.0639999999999936,0.34730342284779436,1.8588235294117648,1.8588235294117648,0.04717647058823522,0.4717628872810058,75.94077222376791,-0.42403077204513406,0.024900928074674682,0.3457213691654251,False
1.0649999999999935,0.34724796493416654,1.8588235294117648,1.8588235294117648,0.04717647058823522,0.4717630691411404,75.94992552795763,-0.42385223814773637,0.024477242992277316,0.3457460794603723,False
1.0659999999999934,0.3471916502207042,1.8588235294117648,1.8588235294117648,0.04717647058823522,0.4717632328152616,75.9591204876003,-0.42366742283336334,0.024053739851026972,0.3457703661516795,False
1.0669999999999933,0.34713447884635823,1.8588235294117648,1.8588235294117648,0.04717647058823522,0.47176338012197067,75.9682703021466,-0.42347517987383093,0.023630426079908052,0.34579422942463095,False
1.0679999999999932,0.3470764509521933,1.8588235294117648,1.8588235294117648,0.04717647058823522,0.4717635126980088,75.97740223122466,-0.423280104290593,0.02320730451291384,0.34581766946987247,False
1.068999999999993,0.34701756668138756,1.8588235294117648,1.8588235294117648,0.04717647058823522,0.47176363201644317,75.98658359305023,-0.42308075632788983,0.02278437942381713,0.3458406864815315,False
1.069999999999993,0.346957826179232,1.8588235294117648,1.8588235294117648,0.04717647058823522,0.47176373940303407,75.99570265620093,-0.422873576837411,0.022361658645581126,0.34586328065961097,False
1.0709999999999928,0.3468972295931304,1.8588235294117648,1.8588235294117648,0.04717647058823522,0.47176383605096583,76.00482547959145,-0.4226644800816754,0.02193914409693421,0.3458854522092853,False
1.0719999999999927,0.3468357770725988,1.8588235294117648,1.8588235294117648,0.04717647058823522,0.4717639230341045,76.01396119362012,-0.4224499736427299,0.021516841189048636,0.3459072013392195,False
1.0729999999999926,0.3467734687692652,1.8588235294117648,1.8588235294117648,0.04717647058823522,0.47176400131892926,76.02307565407719,-0.4222295772043175,0.02109475581345019,0.3459285282637056,False
1.0739999999999925,0.34671030483686915,1.8588235294117648,1.8588235294117648,0.04717647058823522,0.4717640717752716,76.03219369574461,-0.42200510012952536,0.02067289205233281,0.3459494332021133,False
1.0749999999999924,0.3466462854312614,1.8588235294117648,1.8588235294117648,0.04717647058823522,0.47176413518597965,76.0412979159899,-0.42177523131311456,0.02025125529902737,0.34596991637848407,False
1.0759999999999923,0.34658141071040344,1.8588235294117648,1.8588235294117648,0.04717647058823522,0.47176419225561694,76.05041271139628,-0.4215408944510225,0.019829850023200292,0.34598997802183745,False
1.0769999999999922,0.3465156808343671,1.8588235294117648,1.8588235294117648,0.04717647058823522,0.4717642436182905,76.05950004908237,-0.42130080174144796,0.019408681982353976,0.34600961836624206,False
1.077999999999992,0.3464490959653345,1.8588235294117648,1.8588235294117648,0.04717647058823522,0.47176428984469665,76.06860425663939,-0.4210569685247572,0.018987754918679964,0.3460288376506171,False
1.078999999999992,0.3463816562675971,1.8588235294117648,1.8588235294117648,0.04717647058823522,0.47176433144846214,76.07779262880358,-0.4208070525821621,0.018567074916622177,0.346047636118678,False
1.0799999999999919,0.3463133619075556,1.8588235294117648,1.8588235294117648,0.04717647058823522,0.47176436889185114,76.08690426043947,-0.4205474966169516,0.018146651617975625,0.3460660140218255,False
1.0809999999999917,0.3462442130537196,1.8588235294117648,1.8588235294117648,0.04717647058823522,0.4717644025909013,76.09585248879796,-0.4202868172441755,0.01772648614794967,0.34608397161726956,False
1.0819999999999916,0.34617420987670705,1.8588235294117648,1.8588235294117648,0.04717647058823522,0.47176443292004644,76.10500102952633,-0.42002960296939207,0.017306575043235743,0.3461015091612806,False
1.0829999999999915,0.34610335254924374,1.8588235294117648,1.8588235294117648,0.04717647058823522,0.47176446021627694,76.11399992257358,-0.4197566132585151,0.01688693408111281,0.34611862691532386,False
1.0839999999999914,0.34603164124616315,1.8588235294117648,1.8588235294117648,0.04717647058823522,0.47176448478288446,76.12313669460778,-0.4194863675829693,0.01646756051941874,0.3461353251483085,False
1.0849999999999913,0.3459590761444058,1.8588235294117648,1.8588235294117648,0.04717647058823522,0.4717645068928312,76.13211762309605,-0.41920365663406883,0.016048466825342028,0.34615160413324525,False
1.0859999999999912,0.3458856574230188,1.8588235294117648,1.8588235294117648,0.04717647058823522,0.4717645267917834,76.14112114149162,-0.4189240245217661,0.01562964992198119,0.34616746414861743,False
1.086999999999991,0.34581138526315564,1.8588235294117648,1.8588235294117648,0.04717647058823522,0.4717645447008403,76.15014159228367,-0.4186380340347788,0.015211116169662241,0.3461829054740784,False
1.087999999999991,0.3457362598480754,1.8588235294117648,1.8588235294117648,0.04717647058823522,0.47176456081899143,76.15917798397766,-0.4183459881175114,0.014792871625807343,0.346197928395505,False
1.0889999999999909,0.3456602813631426,1.8588235294117648,1.8588235294117648,0.04717647058823522,0.4717645753253275,76.1681906941499,-0.4180479429117623,0.014374922291736399,0.3462125332048069,False
1.0899999999999908,0.34558344999582663,1.8588235294117648,1.8588235294117648,0.04717647058823522,0.47176458838103,76.1772146239699,-0.4177459985457271,0.013957272068671936,0.3462267201989496,False
1.0909999999999906,0.3455057659357012,1.8588235294117648,1.8588235294117648,0.04717647058823522,0.47176460013116217,76.18620069680522,-0.4174383122296494,0.013539926700658877,0.3462404896796292,False
1.0919999999999905,0.3454272293744441,1.8588235294117648,1.8588235294117648,0.04717647058823522,0.47176461070628123,76.1953064477184,-0.4171274844150207,0.013122889331317703,0.3462538419531158,False
1.0929999999999904,0.3453478405058364,1.8588235294117648,1.8588235294117648,0.04717647058823522,0.4717646202238883,76.20434906962932,-0.41680518400366307,0.012706171435420962,0.34626677733257194,False
1.0939999999999903,0.34526759952576225,1.8588235294117648,1.8588235294117648,0.04717647058823522,0.47176462878973474,76.21327754434748,-0.4164810871684215,0.012289774811605498,0.3462792961382809,False
1.0949999999999902,0.3451865066322083,1.8588235294117648,1.8588235294117648,0.04717647058823522,0.4717646364989964,76.22231992711896,-0.4161578972595871,0.01187369855515774,0.34629139869110787,False
1.09599999999999,0.3451045620252633,1.8588235294117648,1.8588235294117648,0.04717647058823522,0.47176464343733204,76.23131724731336,-0.4158235521653714,0.01145795382351754,0.3463030853164415,False
1.09699999999999,0.34502176590711725,1.8588235294117648,1.8588235294117648,0.04717647058823522,0.471764649681834,76.24028918916919,-0.4154864670409478,0.011042543359009699,0.3463143563470409,False
1.0979999999999899,0.34493811848206146,1.8588235294117648,1.8588235294117648,0.04717647058823522,0.4717646553018859,76.24924999366343,-0.4151456046160539,0.01062747094125078,0.34632521211887446,False
1.0989999999999898,0.34485361995648756,1.8588235294117648,1.8588235294117648,0.04717647058823522,0.4717646603599325,76.25820205642964,-0.4148002156667088,0.010212741099108713,0.34633565297202706,False
1.0999999999999897,0.34476827053888737,1.8588235294117648,1.8588235294117648,0.04717647058823522,0.4717646649121745,76.26714624704314,-0.4144501777491712,0.00979835848392507,0.346345679251168,False
1.1009999999999895,0.344682070439852,1.8588235294117648,1.8588235294117648,0.04717647058823522,0.4717646690091923,76.27608270707566,-0.4140954492172393,0.009384327788718049,0.34635529130563636,False
1.1019999999999894,0.3445950198720716,1.8588235294117648,1.8588235294117648,0.04717647058823522,0.47176467269650824,76.28501141627919,-0.4137360269982264,0.008970653709609066,0.3463644894894658,False
1.1029999999999893,0.34450711905033493,1.8588235294117648,1.8588235294117648,0.04717647058823522,0.47176467601509264,76.29393230027713,-0.41337191663670186,0.008557340937205515,0.3463732741613835,False
1.1039999999999892,0.3444183681915284,1.8588235294117648,1.8588235294117648,0.04717647058823522,0.4717646790018186,76.3028452701027,-0.4130031265965699,0.008144394153681357,0.3463816456848037,False
1.104999999999989,0.344328767514636,1.8588235294117648,1.8588235294117648,0.04717647058823522,0.47176468168987196,76.31175023214298,-0.41262966616902264,0.007731818031949794,0.34638960442781813,False
1.105999999999989,0.34423831724073845,1.8588235294117648,1.8588235294117648,0.04717647058823522,0.47176468410912,76.32064709125325,-0.41225154494630767,0.007319617235362147,0.34639715076318767,False
1.1069999999999889,0.3441470175930128,1.8588235294117648,1.8588235294117648,0.04717647058823522,0.47176468628644325,76.32953575164966,-0.4118687726568388,0.006907796417571628,0.346404285068332,False
1.1079999999999888,0.3440548687967319,1.8588235294117648,1.8588235294117648,0.04717647058823522,0.4717646882460341,76.33841611720725,-0.4114813591178413,0.006496360222444465,0.34641100772532013,False
1.1089999999999887,0.34396187107926374,1.8588235294117648,1.8588235294117648,0.04717647058823522,0.4717646900096659,76.34728809157474,-0.4110893142194784,0.006085313283986899,0.34641731912086027,False
1.1099999999999886,0.343868024670071,1.8588235294117648,1.8588235294117648,0.04717647058823522,0.47176469159693457,76.35615157823682,-0.4106926479186574,0.005674660226278381,0.3464232196462903,False
1.1109999999999884,0.34377332980071024,1.8588235294117648,1.8588235294117648,0.04717647058823522,0.4717646930254763,76.36500648055866,-0.4102913702356225,0.005264405663408169,0.34642870969756784,False
1.1119999999999883,0.3436777867048317,1.8588235294117648,1.8588235294117648,0.04717647058823522,0.4717646943111639,76.3738527018227,-0.4098854912514748,0.004854554199414405,0.3464337896752599,False
1.1129999999999882,0.34358139561817846,1.8588235294117648,1.8588235294117648,0.04717647058823522,0.47176469546828276,76.3826901452579,-0.40947502110611916,0.004445110428225246,0.34643845998453304,False
1.113999999999988,0.3434841567785859,1.8588235294117648,1.8588235294117648,0.04717647058823522,0.4717646965096897,76.39151871407083,-0.4090599699965842,0.004036078933601676,0.3464427210351432,False
1.114999999999988,0.34338607042598135,1.8588235294117648,1.8588235294117648,0.04717647058823522,0.4717646974469559,76.40033831147034,-0.4086403481752732,0.0036274642890820703,0.34644657324142547,False
1.115999999999988,0.343287136802383,1.8588235294117648,1.8588235294117648,0.04717647058823522,0.47176469829049555,76.40914884069001,-0.4082161659485303,0.003219271057928186,0.34645001702228384,False
1.1169999999999878,0.3431873561518997,1.8588235294117648,1.8588235294117648,0.04717647058823522,0.47176469904968127,76.41795020500868,-0.40778743367533127,0.002811503793072458,0.3464530528011808,False
1.1179999999999877,0.34308672872073037,1.8588235294117648,1.8588235294117648,0.04717647058823522,0.4717646997329483,76.42674230777112,-0.4073541617660877,0.0024041670370665083,0.34645568100612745,False
1.1189999999999876,0.3429852547571632,1.8588235294117648,1.8588235294117648,0.04717647058823522,0.4717647003478887,76.43552505240262,-0.40691636068141873,0.0019972653220308636,0.34645790206967236,False
1.1199999999999875,0.34288293451157503,1.8588235294117648,1.8588235294117648,0.04717647058823522,0.4717647009013351,76.44429834242571,-0.40647404093127093,0.0015908031696055631,0.3464597164288918,False
1.1209999999999873,0.3427797682364309,1.8588235294117648,1.8588235294117648,0.04717647058823522,0.4717647013994368,76.45306208147387,-0.40602721307390155,0.0011847850909017825,0.34646112452537875,False
1.1219999999999872,0.3426757561862835,1.8588235294117648,1.8588235294117648,0.04717647058823522,0.47176470184772834,76.46181517776297,-0.40557588771503567,0.0007792155864542974,0.34646212680523275,False
1.1229999999999871,0.342570898617772,1.8588235294117648,1.8588235294117648,0.04717647058823522,0.4717647022511907,76.47045041942006,-0.40512012817993864,0.0003740990935016622,0.3464627237190251,False
1.123999999999987,0.3424651957896222,1.8588235294117648,1.8588235294117648,0.04717647058823522,0.47176470261430686,76.4791272112562,-0.4046656125298873,-3.0565628773070404e-05,0.34646291571920945,False
1.124999999999987,0.3423586479626452,1.8588235294117648,1.8588235294117648,0.04717647058823522,0.47176470294111145,76.48794532749001,-0.40420391241512593,-0.0004347713928124197,0.34646270326079126,False
1.1259999999999868,0.3422512553997372,1.8588235294117648,1.8588235294117648,0.04717647058823522,0.47176470323523545,76.49656429875276,-0.4037297546006544,-0.000838505737754919,0.34646208680833684,False
1.1269999999999867,0.34214301836587874,1.8588235294117648,1.8588235294117648,0.04717647058823522,0.4717647034999472,76.50536815189699,-0.40326115878090857,-0.0012417742224235535,0.3464610668307641,False
1.1279999999999866,0.3420339371281339,1.8588235294117648,1.8588235294117648,0.04717647058823522,0.4717647037381877,76.51399890597952,-0.4027778122723715,-0.0016445620929140393,0.3464596438005732,False
1.1289999999999865,0.34192401195564975,1.8588235294117648,1.8588235294117648,0.04717647058823522,0.4717647039526041,76.52266459029119,-0.4022986614071765,-0.0020468735416324505,0.34645781819649196,False
1.1299999999999863,0.3418132431196558,1.8588235294117648,1.8588235294117648,0.04717647058823522,0.4717647041455789,76.53134058681431,-0.40181270545060904,-0.002448701760235001,0.3464555904980067,False
1.1309999999999862,0.3417016308934631,1.8588235294117648,1.8588235294117648,0.04717647058823522,0.47176470431925627,76.5399791846251,-0.4013212528947844,-0.0028500412488303593,0.3464529611908229,False
1.1319999999999861,0.3415891755524637,1.8588235294117648,1.8588235294117648,0.04717647058823522,0.47176470447556584,76.54873007692818,-0.4008268341075947,-0.0032508890378692597,0.34644993076500735,False
1.132999999999986,0.34147587737413004,1.8588235294117648,1.8588235294117648,0.04717647058823522,0.47176470461624453,76.5572833637152,-0.4003215350668369,-0.003651234243729071,0.3464464997171577,False
1.133999999999986,0.34136173663801406,1.8588235294117648,1.8588235294117648,0.04717647058823522,0.47176470474285526,76.56600979165559,-0.39982175843999673,-0.004051082385448743,0.346442668547374,False
1.1349999999999858,0.3412467536257467,1.8588235294117648,1.8588235294117648,0.04717647058823522,0.47176470485680494,76.57457248673502,-0.3993078945517467,-0.0044504193723507,0.3464384377590618,False
1.1359999999999857,0.34113092862103706,1.8588235294117648,1.8588235294117648,0.04717647058823522,0.47176470495935974,76.58313673156451,-0.3987977733504354,-0.004849248943683862,0.3464338078616937,False
1.1369999999999856,0.34101426190967193,1.8588235294117648,1.8588235294117648,0.04717647058823522,0.4717647050516589,76.59183199390921,-0.3982826561455987,-0.005247566099997636,0.3464287793649356,False
1.1379999999999855,0.3408967537795147,1.8588235294117648,1.8588235294117648,0.04717647058823522,0.47176470513472823,76.6003244527778,-0.3977556992744176,-0.005645358998118007,0.3464233527865326,False
1.1389999999999854,0.3407784045205052,1.8588235294117648,1.8588235294117648,0.04717647058823522,0.47176470520949065,76.60899960675462,-0.3972345712963723,-0.0060426334634231605,0.3464175286481218,False
1.1399999999999852,0.3406592144246582,1.8588235294117648,1.8588235294117648,0.04717647058823522,0.47176470527677683,76.61750143836913,-0.3966988822817444,-0.006439374931319235,0.3464113074746907,False
1.1409999999999851,0.34053918378606357,1.8588235294117648,1.8588235294117648,0.04717647058823522,0.4717647053373344,76.62604008317419,-0.3961674752972649,-0.006835587680258134,0.3464046897973119,False
1.141999999999985,0.3404183129008849,1.8588235294117648,1.8588235294117648,0.04717647058823522,0.4717647053918361,76.63457293455423,-0.39562923878762873,-0.00723126487712138,0.34639767614777983,False
1.142999999999985,0.3402966020673593,1.8588235294117648,1.8588235294117648,0.04717647058823522,0.4717647054408878,76.64312827222123,-0.39508643361981516,-0.007626401949621449,0.34639026706370474,False
1.1439999999999848,0.34017405158579583,1.8588235294117648,1.8588235294117648,0.04717647058823522,0.47176470548503424,76.65174383384226,-0.3945375701938825,-0.008020992835834927,0.34638246308793924,False
1.1449999999999847,0.34005066175857585,1.8588235294117648,1.8588235294117648,0.04717647058823522,0.47176470552476596,76.66027925296613,-0.393980658582063,-0.008415029483862534,0.34637426477029354,False
1.1459999999999846,0.3399264328901514,1.8588235294117648,1.8588235294117648,0.04717647058823522,0.47176470556052463,76.66870658318634,-0.3934231322355519,-0.00880851127523293,0.3463656726652847,False
1.1469999999999845,0.33980136528704485,1.8588235294117648,1.8588235294117648,0.04717647058823522,0.4717647055927074,76.67716421856069,-0.3928664765631413,-0.009201439076886505,0.34635668732737984,False
1.1479999999999844,0.3396754592578481,1.8588235294117648,1.8588235294117648,0.04717647058823522,0.47176470562167183,76.68569966954477,-0.39230337608258,-0.009593806440258599,0.34634730931347124,False
1.1489999999999843,0.3395487151132218,1.8588235294117648,1.8588235294117648,0.04717647058823522,0.47176470564773987,76.69409492706417,-0.3917313239697621,-0.009985604409907603,0.3463375391880275,False
1.1499999999999841,0.33942113316589456,1.8588235294117648,1.8588235294117648,0.04717647058823522,0.4717647056712011,76.7026143965628,-0.3911618618359113,-0.010376835571990442,0.3463273775192791,False
1.150999999999984,0.339292713730662,1.8588235294117648,1.8588235294117648,0.04717647058823522,0.47176470569231627,76.7109958522475,-0.39058100723337835,-0.010767488530178098,0.34631682487916277,False
1.151999999999984,0.3391634571243865,1.8588235294117648,1.8588235294117648,0.04717647058823522,0.4717647057113199,76.7194770100202,-0.39000264134407503,-0.011157565769303731,0.3463058818447647,False
1.1529999999999838,0.33903336366599574,1.8588235294117648,1.8588235294117648,0.04717647058823522,0.47176470572842305,76.72774591754944,-0.38941419393788435,-0.01154705720393715,0.34629454899634293,False
1.1539999999999837,0.33890243367648243,1.8588235294117648,1.8588235294117648,0.04717647058823522,0.471764705743816,76.73622755417125,-0.3888321772495322,-0.011935969260882731,0.3462828269168106,False
1.1549999999999836,0.33877066747890333,1.8588235294117648,1.8588235294117648,0.04717647058823522,0.4717647057576696,76.74454498679748,-0.3882341131894981,-0.012324285888808496,0.34627071619276895,False
1.1559999999999835,0.33863806539837843,1.8588235294117648,1.8588235294117648,0.04717647058823522,0.4717647057701379,76.7529189032973,-0.3876399521926849,-0.012712010986790737,0.34625821741789303,False
1.1569999999999834,0.33850462776209017,1.8588235294117648,1.8588235294117648,0.04717647058823522,0.4717647057813593,76.76131126667826,-0.38703802514083563,-0.01309913678476748,0.34624533118720996,False
1.1579999999999833,0.3383703548992827,1.8588235294117648,1.8588235294117648,0.04717647058823522,0.4717647057914586,76.76958167870268,-0.38643035188974956,-0.013485657532489105,0.346232058102608,False
1.1589999999999832,0.33823524714126085,1.8588235294117648,1.8588235294117648,0.04717647058823522,0.47176470580054797,76.77800659979694,-0.38582436816111637,-0.013871574915419961,0.3462183987683795,False
1.159999999999983,0.33809930482138967,1.8470588235294116,1.8588235294117648,0.047117647058823466,-0.7052941177207142,-59.252388660700625,-0.3852054541316492,-0.014256875999154076,0.34620435379371034,False
1.160999999999983,0.3379625282750933,1.8470588235294116,1.8588235294117648,0.04705882352941171,-0.6000000000663017,-86.02027880994291,-7.58222906672575,-0.021839232590490837,0.3461866848396588,False
1.1619999999999828,0.3378249178398543,1.8470588235294116,1.8588235294117648,0.04699999999999995,-0.5052941177067412,-82.62135899213905,-8.998174009073535,-0.03083759130243833,0.3461607963197731,False
1.1629999999999827,0.3376864738552127,1.8470588235294116,1.8588235294117648,0.046941176470588195,-0.4201176471125472,-71.6658445628431,-8.817911200562248,-0.039655747493480754,0.3461259905232302,False
1.1639999999999826,0.33754719666276534,1.8470588235294116,1.8588235294117648,0.04688235294117644,-0.34351764710718347,-59.54064124651834,-8.237730502791441,-0.04789378042754395,0.3460826276172277,False
1.1649999999999825,0.33740708660616475,1.8470588235294116,1.8588235294117648,0.04682352941176468,-0.27463647063176694,-47.98201232908348,-7.5955646377393,-0.05548970075386298,0.3460313156208455,False
1.1659999999999824,0.3372661440311186,1.8470588235294116,1.8588235294117648,0.046764705882352924,-0.21270223533330315,-37.39798072677522,-6.9832854239231485,-0.062473390893785445,0.3459726832002423,False
1.1669999999999823,0.3371243692853887,1.8470588235294116,1.8588235294117648,0.046705882352941167,-0.15702024709409684,-27.824847297162556,-6.4224882312402825,-0.06889632892912294,0.345907319421069,False
1.1679999999999822,0.3369817627187901,1.8470588235294116,1.8588235294117648,0.04664705882352941,-0.10696528120822224,-19.200391039607588,-5.91510031644835,-0.07481192055537077,0.34583576100341545,False
1.168999999999982,0.3368383246831904,1.8470588235294116,1.8588235294117648,0.04658823529411765,-0.0619746354403463,-11.440481340317897,-5.457835596427401,-0.0802702857336491,0.34575849274020354,False
1.169999999999982,0.3366940555325087,1.8470588235294116,1.8588235294117648,0.046529411764705896,-0.021541877778669255,-4.4620354567114635,-5.046248177674087,-0.0853170988532917,0.34567595130485207,False
1.1709999999999818,0.33654895562271464,1.8470588235294116,1.8588235294117648,0.04647058823529414,0.014788780587428815,1.8123454445169134,-4.675947069947866,-0.08999364360516801,0.34558852967216025,False
1.1719999999999817,0.336403025311828,1.8470588235294116,1.8588235294117648,0.04641176470588238,0.04742754958750567,7.452754750568305,-4.342841527214446,-0.09433711319732664,0.3454965813739133,False
1.1729999999999816,0.33625626495991723,1.8470588235294116,1.8588235294117648,0.046352941176470625,0.0767436181581635,12.522539973902672,-4.043226889949423,-0.09838099641533306,0.34540042441564217,False
1.1739999999999815,0.33610867492909885,1.8470588235294116,1.8588235294117648,0.04629411764705887,0.10306925634234407,17.07870401735224,-3.773755022436333,-0.10215543412240709,0.34530034482062477,False
1.1749999999999814,0.33596025558353676,1.8470588235294116,1.8588235294117648,0.04623529411764711,0.12670350717869514,21.172535892316223,-3.5314131216173417,-0.10568755457074533,0.3451965998269212,False
1.1759999999999813,0.33581100728944074,1.8470588235294116,1.8588235294117648,0.046176470588235353,0.14791550940199957,24.85049245713288,-3.3134903818420365,-0.10900177537973268,0.3450894207640976,False
1.1769999999999812,0.3356609304150663,1.8470588235294116,1.8588235294117648,0.046117647058823596,0.16694748787356203,28.153958095184507,-3.1175313749053397,-0.11212005889605105,0.3449790156489499,False
1.177999999999981,0.3355100253307131,1.8470588235294116,1.8588235294117648,0.04605882352941184,0.18401744496855682,31.120499628540443,-2.9413487940277605,-0.11506218029955281,0.34486557152013064,False
1.178999999999981,0.3353582924087245,1.8470588235294116,1.8588235294117648,0.04600000000000008,0.1993215828246406,33.783690001444896,-2.782957083378364,-0.11784592934020566,0.34474925653453675,False
1.1799999999999808,0.3352057320234863,1.8470588235294116,1.8588235294117648,0.045941176470588325,0.2130364833657044,36.174114066259804,-2.6405817901120385,-0.12048732142848097,0.34463022185775083,False
1.1809999999999807,0.3350523445514262,1.8470588235294116,1.8588235294117648,0.04588235294117657,0.22532107032325016,38.318672839072995,-2.5126063701599612,-0.12300075553274752,0.3445086033673281,False
1.1819999999999806,0.33489813037101246,1.8470588235294116,1.8588235294117648,0.04582352941176481,0.2363183750556298,40.24225766101849,-2.397609018253705,-0.12539920890790987,0.34438452318161233,False
1.1829999999999805,0.33474308986275325,1.8470588235294116,1.8588235294117648,0.045764705882353054,0.2461571257853597,41.966839394425925,-2.2942741065374883,-0.12769434326361861,0.3442580910336754,False
1.1839999999999804,0.3345872234091957,1.8470588235294116,1.8588235294117648,0.0457058823529413,0.2549531779127051,43.512563733650055,-2.2014403897031074,-0.12989665913853154,0.3441294055173948,False
1.1849999999999803,0.3344305313949247,1.8470588235294116,1.8588235294117648,0.04564705882352954,0.26281080129790424,44.89705957323503,-2.1180430668853893,-0.13201559233728055,0.34399855520522965,False
1.1859999999999802,0.33427301420656225,1.8470588235294116,1.8588235294117648,0.04558823529411778,0.26982383881517175,46.135287675244285,-2.0431503876375623,-0.1340596469742167,0.3438656196530859,False
1.18699999999998,0.3341146722327663,1.8470588235294116,1.8588235294117648,0.045529411764706026,0.27607674905130086,47.24513049782134,-1.9759716694968328,-0.1360365365356556,0.34373067026852916,False
1.18799999999998,0.33395550586423,1.8470588235294116,1.8588235294117648,0.04547058823529427,0.2816455447344055,48.23623388677831,-1.9155615559623673,-0.13795302919985236,0.34359377117101997,False
1.1889999999999799,0.33379551549368053,1.8470588235294116,1.8588235294117648,0.04541176470588251,0.2865986373197879,49.1223973251265,-1.861410401425781,-0.13981538354326115,0.34345497994115487,False
1.1899999999999797,0.3336347015158782,1.8470588235294116,1.8588235294117648,0.045352941176470755,0.2909975971172204,49.91328027907145,-1.8127887221097914,-0.1416291286980196,0.34331434822919793,False
1.1909999999999796,0.33347306432761553,1.8470588235294116,1.8588235294117648,0.045294117647059,0.2948978374054979,50.61830108091553,-1.7691860133460948,-0.1433992833270057,0.3431719223859865,False
1.1919999999999795,0.3333106043277162,1.8470588235294116,1.8588235294117648,0.04523529411764724,0.29834923013553605,51.246221545543854,-1.730104469531652,-0.145130368319496,0.3430277439676885,False
1.1929999999999794,0.33314732191703417,1.8470588235294116,1.8588235294117648,0.045176470588235484,0.3013966600631586,51.80446867445484,-1.6950809676232377,-0.14682644147049417,0.34288185021797046,False
1.1939999999999793,0.33298321749845244,1.8470588235294116,1.8588235294117648,0.04511764705882373,0.30408052346860726,52.300807739081314,-1.6637229604587875,-0.14849116805376095,0.34273427449933475,False
1.1949999999999792,0.3328182914768824,1.8470588235294116,1.8588235294117648,0.04505882352941197,0.3064371770040993,52.740891161559226,-1.6356199604133081,-0.15012780287861854,0.34258504669371503,False
1.195999999999979,0.3326525442592627,1.8470588235294116,1.8588235294117648,0.04500000000000021,0.3084993416566303,53.12990391705804,-1.6104732302708247,-0.15173930203803287,0.3424341935626553,False
1.196999999999979,0.33248597625455806,1.8470588235294116,1.8588235294117648,0.044941176470588456,0.3102964663144965,53.47427624266293,-1.5880087300628718,-0.1533283476039376,0.34228173903491266,False
1.1979999999999789,0.3323185878737584,1.8470588235294116,1.8588235294117648,0.0448823529411767,0.3118550549771644,53.776985886848955,-1.5678865029794244,-0.15489728170826744,0.3421277045101429,False
1.1989999999999787,0.332150379529878,1.8470588235294116,1.8588235294117648,0.04482352941176494,0.3131989612441538,54.0430215983599,-1.5499492321472799,-0.15644828918133424,0.3419721091166534,False
1.1999999999999786,0.3319813516379543,1.8470588235294116,1.8588235294117648,0.044764705882353185,0.31434965335503245,54.27634851424203,-1.533933175052093,-0.15798329112468731,0.3418149699165968,False
1.2009999999999785,0.3318115046150466,1.8470588235294116,1.8588235294117648,0.04470588235294143,0.3153264527254116,54.47972123343556,-1.5196287249797917,-0.1595039990453463,0.3416563021453401,False
1.2019999999999784,0.33164083888023577,1.8470588235294116,1.8588235294117648,0.04464705882352967,0.316146748629341,54.655719089489175,-1.506890303346032,-0.1610119788827709,0.3414961193922469,False
1.2029999999999783,0.33146935485462237,1.8470588235294116,1.8588235294117648,0.044588235294117914,0.3168261914134657,54.80807804437702,-1.49558158612319,-0.16250866026246932,0.34133443374208117,False
1.2039999999999782,0.3312970529613263,1.8470588235294116,1.8588235294117648,0.04452941176470616,0.3173788663897662,54.938656585536016,-1.4855050365990377,-0.16399527528214025,0.34117125593886727,False
1.204999999999978,0.3311239336254853,1.8470588235294116,1.8588235294117648,0.0444705882352944,0.3178174503390249,55.049473307711814,-1.476562438820943,-0.16547295783149785,0.34100659553872453,False
1.205999999999978,0.3309499972742541,1.8470588235294116,1.8588235294117648,0.04441176470588264,0.318153352363946,55.14262685669551,-1.4686470922958215,-0.1669427351070313,0.34084046101189314,False
1.2069999999999779,0.33077524433680344,1.8470588235294116,1.8588235294117648,0.044352941176470886,0.31839684065696316,55.22023430157656,-1.4616480490307366,-0.16840552336376452,0.34067285985133966,False
1.2079999999999778,0.3305996752443188,1.8470588235294116,1.8588235294117648,0.04429411764705913,0.31855715659126693,55.28357183363307,-1.4554533755726018,-0.16986212692903987,0.3405037986841421,False
1.2089999999999776,0.3304232904299994,1.8470588235294116,1.8588235294117648,0.04423529411764737,0.3186426174027286,55.33381870437168,-1.449995618961995,-0.1713132826824339,0.3403332833634017,False
1.2099999999999775,0.33024609032905733,1.8470588235294116,1.8588235294117648,0.044176470588235615,0.3186607086036324,55.37258358544496,-1.4452124464671643,-0.1727596651755491,0.3401613190333873,False
1.2109999999999774,0.3300680753787161,1.8470588235294116,1.8588235294117648,0.04411764705882386,0.31861816715503394,55.40095979898098,-1.4410187972655453,-0.1742018639034079,0.33998791020209096,False
1.2119999999999773,0.32988924601820996,1.8470588235294116,1.8588235294117648,0.0440588235294121,0.31852105632188366,55.420068875141524,-1.4373568702240416,-0.17564041056367638,0.33981306081401746,False
1.2129999999999772,0.32970960268878263,1.8470588235294116,1.8588235294117648,0.044000000000000344,0.3183748330426366,55.43079616515921,-1.4341673654959117,-0.17707577755755255,0.33963677430865724,False
1.213999999999977,0.32952914583368614,1.8470588235294116,1.8588235294117648,0.04394117647058859,0.31818440856190244,55.43384224539324,-1.4314034736502932,-0.17850839047983139,0.33945905367416174,False
1.214999999999977,0.3293478758981798,1.8470588235294116,1.8588235294117648,0.04388235294117683,0.3179542029998301,55.430235370137076,-1.429028156454193,-0.17993863788982456,0.33927990148975334,False
1.2159999999999769,0.3291657933295293,1.8470588235294116,1.8588235294117648,0.04382352941176507,0.31768819446455326,55.4203173935093,-1.4269870340248085,-0.18136685396938942,0.3390993199705645,False
1.2169999999999768,0.328982898577005,1.8470588235294116,1.8588235294117648,0.043764705882353316,0.31738996325339225,55.40491872956756,-1.4252620392262723,-0.1827933548354547,0.3389173110056746,False
1.2179999999999767,0.3287991920918818,1.8470588235294116,1.8588235294117648,0.04370588235294156,0.3170627316339356,55.38461780266283,-1.4238092519909347,-0.18421841268686115,0.3387338761878092,False
1.2189999999999765,0.328614674327437,1.8470588235294116,1.8588235294117648,0.0436470588235298,0.31670939964701283,55.35994222040621,-1.4225980815788124,-0.18564226913344564,0.3385490168512596,False
1.2199999999999764,0.32842934573894994,1.8470588235294116,1.8588235294117648,0.043588235294118045,0.3163325773293707,55.33120568532116,-1.4216006230657388,-0.18706513788166013,0.3383627341012635,False
1.2209999999999763,0.3282432067837005,1.8470588235294116,1.8470588235294116,0.043588235294118045,1.0,134.35987675023188,-1.4208002864771354,-0.18848721604937838,0.3381750288368168,False
1.2219999999999762,0.32805625792096804,1.8470588235294116,1.8470588235294116,0.043588235294118045,1.0,157.00645634130345,2.7628482745908802,-0.18572563834041242,0.3379877841395907,False
1.222999999999976,0.3278684996120302,1.8470588235294116,1.8470588235294116,0.043588235294118045,1.0,163.44721820134203,3.9633322382044245,-0.1817635530699296,0.33780384125177093,False
1.223999999999976,0.327679932320162,1.8470588235294116,1.8470588235294116,0.043588235294118045,1.0,165.2298421448079,4.306330727317304,-0.1774584410416819,0.3376240148154328,False
1.2249999999999759,0.3274905565106346,1.8470588235294116,1.8470588235294116,0.043588235294118045,1.0,165.67369405267792,4.402817840009002,-0.17305681229945688,0.3374485369280644,False
1.2259999999999758,0.32730037265071377,1.8470588235294116,1.8470588235294116,0.043588235294118045,1.0,165.73352857642723,4.4284173226777535,-0.1686295541005465,0.3372774722071846,False
1.2269999999999757,0.3271093812096595,1.8470588235294116,1.8470588235294116,0.043588235294118045,0.9976745246939434,165.41375685890088,4.433644140740358,-0.16419703901293586,0.3371108371146129,False
1.2279999999999756,0.326917582658724,1.8352941176470587,1.8470588235294116,0.04352941176470629,-0.23556351601074715,22.72190621800307,4.418731721070896,-0.1597794063155092,0.3369486278445605,False
1.2289999999999754,0.32672497747115126,1.8352941176470587,1.8470588235294116,0.04347058823529453,-0.18083069382144268,-11.870573364626408,-3.1289672427028288,-0.16290947339907594,0.336787439743722,False
1.2299999999999753,0.3265315661221754,1.8352941176470587,1.8470588235294116,0.043411764705882774,-0.1316299773804798,-16.03923095729911,-4.957180204203342,-0.167867782267423,0.33662229886304657,False
1.2309999999999752,0.32633734908901957,1.8352941176470587,1.8470588235294116,0.04335294117647102,-0.08740815611302445,-12.045489632241445,-5.175634417419859,-0.17304458004541678,0.3364521013483337,False
1.2319999999999751,0.32614232685089517,1.8352941176470587,1.8470588235294116,0.04329411764705926,-0.04766734050172597,-6.229533824153154,-4.962160723172934,-0.17800793855503608,0.3362768230783064,False
1.232999999999975,0.32594649988900015,1.8352941176470587,1.8470588235294116,0.0432352941176475,-0.011959429980968536,-0.36121770935453384,-4.652215538396701,-0.18266138446560326,0.3360967209054882,False
1.233999999999975,0.325749868686518,1.8352941176470587,1.8470588235294116,0.043176470588235746,0.020118865958301674,5.097805388156923,-4.339444037752222,-0.18700208934661533,0.3359121060155884,False
1.2349999999999748,0.3255524337286167,1.8352941176470587,1.8470588235294116,0.04311764705882399,0.048930508774233626,10.057271019954111,-4.048275607544152,-0.1910516542339805,0.3357232814294798,False
1.2359999999999747,0.32535419550244743,1.8352941176470587,1.8470588235294116,0.04305882352941223,0.07480216377916082,14.529274903242426,-3.7834895015637016,-0.1948364595835337,0.3355305264162368,False
1.2369999999999746,0.3251551544971432,1.8352941176470587,1.8470588235294116,0.043000000000000475,0.09802782975418395,18.552121809495166,-3.544448870399776,-0.19838224917827685,0.3353340941509539,False
1.2379999999999745,0.32495531120381804,1.8352941176470587,1.8470588235294116,0.04294117647058872,0.11887210560229323,22.16730926482681,-3.3291298613179676,-0.20171274311509352,0.3351342129755758,False
1.2389999999999743,0.32475466611556525,1.8352941176470587,1.8470588235294116,0.04288235294117696,0.13757313033618013,25.414934356751772,-3.135339415147787,-0.20484946858388278,0.3349310884987352,False
1.2399999999999742,0.3245532197274568,1.8352941176470587,1.8470588235294116,0.042823529411765204,0.1543452290672667,28.3310060164681,-2.9609583145232548,-0.20781183369477232,0.3347249057554401,False
1.2409999999999741,0.32435097253654155,1.8352941176470587,1.8470588235294116,0.04276470588235345,0.169381294395833,30.94934204530065,-2.8040834134880477,-0.21061734353601733,0.3345158312289288,False
1.241999999999974,0.3241479250418443,1.8352941176470587,1.8470588235294116,0.04270588235294169,0.18285492966213113,33.29926738419464,-2.662927290449294,-0.21328171588591124,0.3343040147016239,False
1.242999999999974,0.3239440777443647,1.8352941176470587,1.8470588235294116,0.04264705882352993,0.1949223778723878,35.40666146005737,-2.5359400513433044,-0.21581911872914497,0.3340895909355614,False
1.2439999999999738,0.3237394311470755,1.8352941176470587,1.8470588235294116,0.042588235294118176,0.20572425773220715,37.29829260185575,-2.4217539336393017,-0.21824235237855794,0.3338726811402311,False
1.2449999999999737,0.323533985754922,1.8352941176470587,1.8470588235294116,0.04252941176470642,0.215387126076633,38.99396179046248,-2.3189539935731247,-0.2205628022844232,0.3336533943614856,False
1.2459999999999736,0.3233277420748202,1.8352941176470587,1.8470588235294116,0.04247058823529466,0.2240248840572047,40.512598054547084,-2.2264937884454037,-0.22279080752740574,0.33343182873058247,False
1.2469999999999735,0.3231207006156558,1.8352941176470587,1.8470588235294116,0.042411764705882905,0.23174004271030757,41.87329459790858,-2.1433728875666844,-0.2249357068236547,0.3332080724898523,False
1.2479999999999734,0.3229128618882832,1.8352941176470587,1.8470588235294116,0.04235294117647115,0.23862486196868848,43.091518464583416,-2.0685820641272,-0.2270058297218533,0.332982204997026,False
1.2489999999999732,0.3227042264055237,1.8352941176470587,1.8470588235294116,0.04229411764705939,0.24476237577181953,44.18209056687836,-2.001303849680692,-0.22900868835550964,0.33275429764811454,False
1.2499999999999731,0.32249479468216463,1.8352941176470587,1.8470588235294116,0.042235294117647634,0.25022731466522585,45.15668728398964,-1.9407548735422977,-0.2309510115353053,0.33252441467948296,False
1.250999999999973,0.3222845672349579,1.8352941176470587,1.8470588235294116,0.04217647058823588,0.25508693613987976,46.02721258564789,-1.8863180596257934,-0.23283891103905222,0.3322926138763441,False
1.251999999999973,0.32207354458261894,1.8352941176470587,1.8470588235294116,0.04211764705882412,0.25940177193765657,46.80416121813522,-1.837364218209727,-0.23467786949381747,0.33205894719524476,False
1.2529999999999728,0.32186172724582507,1.8352941176470587,1.8470588235294116,0.04205882352941236,0.2632263006262441,47.49649542046173,-1.793338655595937,-0.23647281486797678,0.33182346135969565,False
1.2539999999999727,0.3216491157472146,1.8352941176470587,1.8470588235294116,0.042000000000000606,0.26660955291656113,48.11357040239717,-1.7537677033410204,-0.23822820149303228,0.3315861983783711,False
1.2549999999999726,0.32143571061138515,1.8352941176470587,1.8470588235294116,0.04194117647058885,0.2695956564484347,48.66136790463452,-1.7181568489736752,-0.23994798921628194,0.3313471960281272,False
1.2559999999999725,0.32122151236489277,1.8352941176470587,1.8470588235294116,0.04188235294117709,0.27222432609770925,49.14949985153314,-1.686190019931698,-0.24163582183809776,0.33110648826819006,False
1.2569999999999724,0.32100652153625037,1.8352941176470587,1.8470588235294116,0.041823529411765335,0.2745313052526446,49.58131950186371,-1.6573590317939098,-0.24329483499713536,0.3308641056426548,False
1.2579999999999723,0.32079073865592633,1.8352941176470587,1.8470588235294116,0.04176470588235358,0.2765487629626746,49.96388147403862,-1.6314868025163893,-0.24492798727060935,0.3306200756396522,False
1.2589999999999721,0.32057416425634355,1.8352941176470587,1.8470588235294116,0.04170588235294182,0.27830565137229,50.30165991479526,-1.6082003800528542,-0.24653786430228977,0.3303744229565531,False
1.259999999999972,0.3203567988718778,1.8352941176470587,1.8470588235294116,0.041647058823530064,0.27982802741153223,50.59873685506145,-1.5872633120454214,-0.2481268153002127,0.33012716981147816,False
1.260999999999972,0.32013864303885664,1.8352941176470587,1.8470588235294116,0.04158823529411831,0.2811393423174384,50.85990562401059,-1.5684598647597003,-0.24969697375378225,0.3298783361704112,False
1.2619999999999718,0.3199196972955577,1.8352941176470587,1.8470588235294116,0.04152941176470655,0.28226070220334215,51.08842587797334,-1.551536645350121,-0.2512502197730397,0.32962793997986484,False
1.2629999999999717,0.31969996218220803,1.8352941176470587,1.8470588235294116,0.04147058823529479,0.2832111025712438,51.28751106850138,-1.536321383868438,-0.2527882612101695,0.3293759973837563,False
1.2639999999999716,0.3194794382409821,1.8352941176470587,1.8470588235294116,0.041411764705883036,0.2840076393729437,51.46010591358429,-1.5226442348290585,-0.2543126360828015,0.3291225228945743,False
1.2649999999999715,0.3192581260160008,1.8352941176470587,1.8470588235294116,0.04135294117647128,0.2846656989650618,51.6089836571464,-1.5103495530192332,-0.2558247267731873,0.32886752955682425,False
1.2659999999999714,0.3190360260533301,1.8352941176470587,1.8470588235294116,0.04129411764705952,0.2851991290685563,51.736341489471044,-1.4992907494628236,-0.25732576908341603,0.32861102909858914,False
1.2669999999999713,0.31881313890097956,1.8352941176470587,1.8470588235294116,0.041235294117647765,0.28562039263228967,51.844680300040324,-1.4893516989907685,-0.2588168826983491,0.3283530320644015,False
1.2679999999999712,0.318589465108901,1.8352941176470587,1.8470588235294116,0.04117647058823601,0.285940706310238,51.93562733312698,-1.4804001948629189,-0.2602990551031942,0.3280935479385976,False
1.268999999999971,0.3183650052289874,1.8352941176470587,1.8470588235294116,0.04111764705882425,0.28617016509097964,52.010935030178246,-1.4723502423407742,-0.26177318779479647,0.3278325852567223,False
1.269999999999971,0.3181397598150711,1.8352941176470587,1.8470588235294116,0.041058823529412494,0.2863178544642354,52.07224578812204,-1.4651092119672433,-0.2632400896463087,0.3275701516945036,False
1.2709999999999708,0.3179137294229228,1.8352941176470587,1.8470588235294116,0.04100000000000074,0.28639195137075385,52.12089954458496,-1.4585902870983105,-0.26470048271939794,0.3273062541578604,False
1.2719999999999707,0.31768691461025,1.8352941176470587,1.8352941176470587,0.04100000000000074,1.0,134.63284456665625,-1.452722645374226,-0.2661550182580048,0.3270408988625174,False
1.2729999999999706,0.31745931593669574,1.8352941176470587,1.8352941176470587,0.04100000000000074,1.0,158.2777001221754,2.916194840977196,-0.2632406285074703,0.32677605504829155,False
1.2739999999999705,0.3172309339638371,1.8352941176470587,1.8352941176470587,0.04100000000000074,1.0,165.00117433141534,4.170466587633442,-0.25907194213448076,0.3265146900607706,False
1.2749999999999704,0.3170017692551839,1.8352941176470587,1.8352941176470587,0.04100000000000074,1.0,166.86117200205368,4.529390342086782,-0.25454430222784286,0.3262576552931059,False
1.2759999999999703,0.3167718223761773,1.8352941176470587,1.8352941176470587,0.04100000000000074,1.0,167.32481882986846,4.6309355784560085,-0.24991508590100409,0.3260051938793935,False
1.2769999999999702,0.3165410938941884,1.8352941176470587,1.8352941176470587,0.04100000000000074,1.0,167.38626617277657,4.658543823544008,-0.24525822974637965,0.32575737412466194,False
1.27799999999997,0.3163095843785166,1.8352941176470587,1.8352941176470587,0.04100000000000074,0.9698511123491615,163.84793667574118,4.664814460624784,-0.24059507126258411,0.32551421406688535,False
1.27899999999997,0.31607729440038884,1.8352941176470587,1.8352941176470587,0.04100000000000074,0.9138660011142521,156.29853536694736,4.480567623562873,-0.23611612865361822,0.32527563427513073,False
1.2799999999999698,0.3158442245329574,1.8235294117647058,1.8352941176470587,0.04094117647058898,-0.3135794225265872,12.199465213652406,4.084045539228149,-0.23203367928766946,0.32504135500843306,False
1.2809999999999697,0.3156103753512991,1.8235294117647058,1.8352941176470587,0.04088235294117722,-0.25363324497981665,-22.188047204574296,-3.537200159405724,-0.23557247909552895,0.3248077286300136,False
1.2819999999999696,0.31537574743241353,1.8235294117647058,1.8352941176470587,0.040823529411765466,-0.19974050871713417,-25.749495801559,-5.353655230887683,-0.2409277657257333,0.3245697460283262,False
1.2829999999999695,0.31514034135522184,1.8235294117647058,1.8352941176470587,0.04076470588235371,-0.15129586961013117,-21.087804485886114,-5.539064187210323,-0.2464684987957151,0.32432632468352635,False
1.2839999999999694,0.3149041577005649,1.8235294117647058,1.8352941176470587,0.04070588235294195,-0.10775451794323959,-14.635754438483843,-5.289326782191529,-0.2517595314363499,0.32407747496525247,False
1.2849999999999693,0.3146671970512026,1.8235294117647058,1.8352941176470587,0.040647058823530195,-0.06862612497244867,-8.18499882827723,-4.944799089631605,-0.2567060712741046,0.32382348923079557,False
1.2859999999999692,0.3144294599918117,1.8235294117647058,1.8352941176470587,0.04058823529411844,-0.03346939482814809,-2.198994589197839,-4.600280073815387,-0.26130812464006126,0.3235647119704612,False
1.286999999999969,0.31419094710898476,1.8235294117647058,1.8352941176470587,0.04052941176470668,-0.001887161227688873,3.2355768119924893,-4.280294937892917,-0.2655902231684061,0.3233014766318277,False
1.287999999999969,0.3139516589912286,1.8235294117647058,1.8352941176470587,0.040470588235294924,0.026478025483313086,8.135536404162469,-3.9894337168013605,-0.2695814887141151,0.32303409006521283,False
1.2889999999999688,0.31371159622896305,1.8235294117647058,1.8352941176470587,0.04041176470588317,0.05194786999380339,12.543309799999346,-3.7268098690236346,-0.27331015678547016,0.32276283039790604,False
1.2899999999999687,0.31347075941451885,1.8235294117647058,1.8352941176470587,0.04035294117647141,0.07481190652383324,16.504984937252285,-3.490181800996358,-0.2768022214804578,0.3224879485302951,False
1.2909999999999686,0.31322914914213695,1.8235294117647058,1.8352941176470587,0.04029411764705965,0.09533071587144858,20.06409173870903,-3.277113840409124,-0.28008124139196244,0.32220967046462173,False
1.2919999999999685,0.3129867660079668,1.8235294117647058,1.8352941176470587,0.040235294117647896,0.11373882075489086,23.261142155732436,-3.0853053780138118,-0.28316847465478895,0.3219281996797175,False
1.2929999999999684,0.3127436106100646,1.8235294117647058,1.8352941176470587,0.04017647058823614,0.1302472916205773,26.131676779119395,-2.9126152311018547,-0.2860830383571789,0.32164371935972946,False
1.2939999999999683,0.31249968354839214,1.8235294117647058,1.8352941176470587,0.04011764705882438,0.14504609187028356,28.70857197888775,-2.7571650205620073,-0.2888421713308951,0.321356394416913,False
1.2949999999999682,0.3122549854248153,1.8235294117647058,1.8352941176470587,0.040058823529412625,0.15830618856560763,31.02132424497994,-2.6172171247471785,-0.2914613748964636,0.3210663733065547,False
1.295999999999968,0.31200951684310213,1.8235294117647058,1.8352941176470587,0.04000000000000087,0.1701814520619876,33.09483041042625,-2.4912125648704238,-0.29395459149492464,0.32077378968410136,False
1.296999999999968,0.3117632784089222,1.8235294117647058,1.8352941176470587,0.03994117647058911,0.18081036567931794,34.95635389596381,-2.3778355602155403,-0.29633444787627794,0.32047876385460605,False
1.2979999999999678,0.31151627072984417,1.8235294117647058,1.8352941176470587,0.039882352941177354,0.19031756440550363,36.624664323545105,-2.275644967626303,-0.2986121297275625,0.32018140414483764,False
1.2989999999999677,0.3112684944153351,1.8235294117647058,1.8352941176470587,0.0398235294117656,0.19881521972965913,38.11816505151051,-2.183648909786364,-0.30079783093071444,0.3198818081421795,False
1.2999999999999676,0.3110199500767584,1.8235294117647058,1.8352941176470587,0.03976470588235384,0.2064042859919875,39.45768676403868,-2.100874767082711,-0.3029007728135924,0.3195800636777719,False
1.3009999999999675,0.3107706383273724,1.8235294117647058,1.8352941176470587,0.03970588235294208,0.2131756220986713,40.65607690955137,-2.026221384160572,-0.3049290756070805,0.31927624985691255,False
1.3019999999999674,0.3105205597823291,1.8235294117647058,1.8352941176470587,0.039647058823530326,0.21921100106527505,41.72660646180991,-1.9590098943270262,-0.30689018072797314,0.31897043797012614,False
1.3029999999999673,0.31026971505867257,1.8235294117647058,1.8352941176470587,0.03958823529411857,0.22458401860580668,42.685322481540226,-1.8985389341868646,-0.3087908282775571,0.31866269218210524,False
1.3039999999999672,0.31001810477533703,1.8235294117647058,1.8352941176470587,0.03952941176470681,0.22936091086287355,43.54049279703819,-1.8439601813123492,-0.3106369100771954,0.3183530702991608,False
1.304999999999967,0.30976572955314596,1.8235294117647058,1.8352941176470587,0.039470588235295055,0.23360129036482208,44.30428298348102,-1.7948368345753511,-0.3124338811855284,0.3180416244323196,False
1.305999999999967,0.30951259001481024,1.8235294117647058,1.8352941176470587,0.0394117647058833,0.23735880838716392,44.984146494446044,-1.7505258026143353,-0.31418655360442005,0.31772840152691983,False
1.3069999999999669,0.3092586867849263,1.8235294117647058,1.8352941176470587,0.03935294117647154,0.24068175107785988,45.5898894468457,-1.7106332505332968,-0.3158993455320594,0.31741344389350495,False
1.3079999999999667,0.3090040204899752,1.8235294117647058,1.8352941176470587,0.039294117647059784,0.24361357597007455,46.128949819866044,-1.6746408142891416,-0.3175761568306196,0.3170967896576671,False
1.3089999999999666,0.3087485917583207,1.8235294117647058,1.8352941176470587,0.03923529411764803,0.24619339484365604,46.60680180701103,-1.6421553796058372,-0.31922049427300186,0.3167784732220227,False
1.3099999999999665,0.3084924012202079,1.8235294117647058,1.8352941176470587,0.03917647058823627,0.24845640830046758,47.030656300278,-1.6128876923766293,-0.3208355754007507,0.3164585256125657,False
1.3109999999999664,0.3082354495077614,1.8235294117647058,1.8352941176470587,0.03911764705882451,0.2504342968821864,47.405390604158846,-1.5864565735928478,-0.32242423659680347,0.3161369748092669,False
1.3119999999999663,0.30797773725498406,1.8235294117647058,1.8235294117647058,0.03911764705882451,1.0,134.16855491770454,-1.5626042784215848,-0.3239890565175719,0.3158138460716881,False
1.3129999999999662,0.30771926509775516,1.8235294117647058,1.8235294117647058,0.03911764705882451,1.0,159.0319120497679,3.03197350822768,-0.32095929071762075,0.31549122007800845,False
1.313999999999966,0.30746003367382907,1.8235294117647058,1.8235294117647058,0.03911764705882451,1.0,166.10245547258157,4.351445448721906,-0.316610027018274,0.31517221762780584,False
1.314999999999966,0.30720004362283365,1.8235294117647058,1.8235294117647058,0.03911764705882451,1.0,168.05966702735668,4.729460287656911,-0.31188271734020107,0.31485773456658583,False
1.3159999999999659,0.30693929558626837,1.8235294117647058,1.8235294117647058,0.03911764705882451,1.0,168.54760851314438,4.836874382021038,-0.30704796093959263,0.3145480271709409,False
1.3169999999999658,0.3066777902075032,1.8235294117647058,1.8235294117647058,0.03911764705882451,1.0,168.61337122791144,4.866490724576677,-0.3021835551415324,0.31424316787887724,False
1.3179999999999656,0.30641552813177675,1.8235294117647058,1.8235294117647058,0.03911764705882451,0.9428323840289501,161.95743078097394,4.873709677871835,-0.29731189721406975,0.31394317626104445,False
1.3189999999999655,0.30615251000619437,1.8235294117647058,1.8235294117647058,0.03911764705882451,0.8876667926848858,153.5998401947582,4.525231163692221,-0.29278868602845437,0.31364789950494265,False
1.3199999999999654,0.30588873647972725,1.8235294117647058,1.8235294117647058,0.03911764705882451,0.8380177604752271,145.393561993364,4.08666634231554,-0.28870401064276413,0.3133569486233596,False
1.3209999999999653,0.3056242082032104,1.8235294117647058,1.8235294117647058,0.03911764705882451,0.7933336314865338,137.82073615998513,3.6560591423326647,-0.2850499164020825,0.3130698886596437,False
1.3219999999999652,0.30535892582934104,1.8235294117647058,1.8235294117647058,0.03911764705882451,0.7531179153967094,130.94435400392112,3.258924308956011,-0.2817929337479395,0.31278630409352304,False
1.322999999999965,0.30509289001267703,1.8235294117647058,1.8235294117647058,0.03911764705882451,0.7169237709158669,124.74672766330201,2.898599387571171,-0.2788962553342831,0.3125058143763243,False
1.323999999999965,0.3048261014096354,1.811764705882353,1.8235294117647058,0.039058823529412756,-0.49270978264631216,-16.880308440248644,2.5741528117967754,-0.27632400513377814,0.3122280753476643,False
1.3249999999999649,0.3045585606784903,1.811764705882353,1.8235294117647058,0.039000000000001,-0.41673292202874695,-48.68468453290087,-4.9157273668449895,-0.2812416484664152,0.31194953811665316,False
1.3259999999999648,0.304290268479372,1.811764705882353,1.8235294117647058,0.03894117647058924,-0.34841257100234935,-49.817966841097146,-6.594921855414231,-0.2878385271154318,0.31166532758063886,False
1.3269999999999647,0.3040212254742648,1.811764705882353,1.8235294117647058,0.038882352941177485,-0.28698307860800243,-42.94126900257203,-6.651254406720839,-0.29449178399599896,0.3113744947889313,False
1.3279999999999645,0.30375143232700563,1.811764705882353,1.8235294117647058,0.03882352941176573,-0.23175535898250132,-34.487542800289425,-6.283705080201276,-0.3007775358844602,0.3110771741108643,False
1.3289999999999644,0.30348088970328224,1.811764705882353,1.8235294117647058,0.03876470588235397,-0.18210923484896147,-26.23271907380425,-5.832640392228145,-0.3066122645656115,0.31077377063503736,False
1.3299999999999643,0.30320959827063176,1.811764705882353,1.8235294117647058,0.038705882352942214,-0.13748654665818683,-18.622767463751657,-5.392028736847538,-0.312006420031127,0.31046473068262004,False
1.3309999999999642,0.3029375586984386,1.811764705882353,1.8235294117647058,0.03864705882353046,-0.09738495081590096,-11.72617141520063,-4.98547123925979,-0.31699405356580834,0.31015047950418767,False
1.331999999999964,0.3026647716579335,1.811764705882353,1.8235294117647058,0.0385882352941187,-0.06135233808725479,-5.510707492294867,-4.616596138224943,-0.32161284494094194,0.30983140666617554,False
1.332999999999964,0.3023912378221913,1.811764705882353,1.8235294117647058,0.03852941176470694,-0.028981810160884774,0.08091530568685097,-4.2837029061716345,-0.3258987736510138,0.3095078648203342,False
1.3339999999999639,0.30211695786612963,1.811764705882353,1.8235294117647058,0.038470588235295186,9.28414434369848e-05,5.10787901799167,-3.9837642834345077,-0.329884792164569,0.30918017200104575,False
1.3349999999999638,0.30184193246650703,1.811764705882353,1.8235294117647058,0.03841176470588343,0.026201204357915106,9.625755330744223,-3.7136525648553245,-0.33360072545760966,0.3088486146975629,False
1.3359999999999637,0.30156616230192135,1.811764705882353,1.8235294117647058,0.03835294117647167,0.049639907451533884,13.685158871087072,-3.4704307111096546,-0.3370734616588231,0.3085134508957142,False
1.3369999999999636,0.3012896480528079,1.811764705882353,1.8235294117647058,0.038294117647059915,0.0706759167063793,17.33187340539839,-3.2514236367131284,-0.3403272139844101,0.3081749128968836,False
1.3379999999999634,0.3010123904014382,1.811764705882353,1.8235294117647058,0.03823529411764816,0.08954950150632864,20.60703854018869,-3.0542115648259203,-0.34338377602948283,0.3078332098780444,False
1.3389999999999633,0.300734390031918,1.811764705882353,1.8235294117647058,0.0381764705882364,0.1064769042968716,23.548109918887228,-2.8766201777974563,-0.3462627672117121,0.3074885302009334,False
1.3399999999999632,0.30045564763018545,1.811764705882353,1.8235294117647058,0.038117647058824644,0.12165274327894865,26.18817206328137,-2.716669839996932,-0.3489818274392759,0.30714104349862953,False
1.340999999999963,0.3001761638840098,1.811764705882353,1.8235294117647058,0.03805882352941289,0.13525217483340646,28.557481507648273,-2.572611978056027,-0.3515568481605307,0.30679090255109304,False
1.341999999999963,0.2998959394829895,1.811764705882353,1.8235294117647058,0.03800000000000113,0.1474328397030069,30.682873073141298,-2.4428474559871973,-0.3540021217900467,0.3064382449663855,False
1.342999999999963,0.2996149751185502,1.811764705882353,1.8235294117647058,0.03794117647058937,0.1583366145562356,32.58926135173395,-2.3259580075265904,-0.3563305225681362,0.3060831946983181,False
1.3439999999999628,0.2993332714839437,1.811764705882353,1.8235294117647058,0.037882352941177616,0.16809118839472978,34.29784889707265,-2.2206268110880405,-0.3585536079962465,0.30572586341898156,False
1.3449999999999627,0.29905082927424553,1.811764705882353,1.8235294117647058,0.03782352941176586,0.176811481319963,35.829036065470945,-2.1257333079937584,-0.3606818150916669,0.3053663517471716,False
1.3459999999999626,0.298767649186354,1.811764705882353,1.8235294117647058,0.0377647058823541,0.18460092142326123,37.20051978113213,-2.0401992591984324,-0.3627245026996693,0.3050047503498339,False
1.3469999999999624,0.2984837319189877,1.811764705882353,1.811764705882353,0.0377647058823541,1.0,131.86473619012693,-1.9630893504619844,-0.3646900944115234,0.30464114095592376,False
1.3479999999999623,0.2981990781726843,1.811764705882353,1.811764705882353,0.0377647058823541,1.0,158.99619377902727,3.0500489993616156,-0.36164254089146036,0.3042778218856541,False
1.3489999999999622,0.29791368864979856,1.811764705882353,1.811764705882353,0.0377647058823541,1.0,166.7159256905529,4.490046312406171,-0.35715496343741115,0.30391819838337064,False
1.3499999999999621,0.29762756405450086,1.811764705882353,1.811764705882353,0.0377647058823541,1.0,168.85697852758636,4.902929364294802,-0.3522544706343348,0.30356324827520736,False
1.350999999999962,0.29734070509277505,1.811764705882353,1.811764705882353,0.0377647058823541,1.0,169.3941530893983,5.020588237095597,-0.34723628502800247,0.3032132516266735,False
1.351999999999962,0.2970531124724173,1.811764705882353,1.811764705882353,0.0377647058823541,0.9628016029880276,165.17904011729487,5.053324921990222,-0.3421853283355974,0.30286828791588777,False
1.3529999999999618,0.2967647869030336,1.811764705882353,1.811764705882353,0.0377647058823541,0.9042861485715856,157.1306546916979,4.834561004042573,-0.337353101961381,0.30252827673823607,False
1.3539999999999617,0.29647572909603886,1.811764705882353,1.811764705882353,0.0377647058823541,0.8516222395967867,148.65998764016558,4.412924573777328,-0.3329424807496827,0.3021929080694124,False
1.3549999999999616,0.2961859397646543,1.811764705882353,1.811764705882353,0.0377647058823541,0.8042247215194676,140.6892916385792,3.968893360726401,-0.3289758624674805,0.30186175022481604,False
1.3559999999999615,0.2958954196239063,1.811764705882353,1.811764705882353,0.0377647058823541,0.7615669552498795,133.41570359390613,3.551268285916368,-0.32542684391472076,0.30153437108251135,False
1.3569999999999613,0.2956041693906245,1.811764705882353,1.811764705882353,0.0377647058823541,0.7231749656072499,126.84136984144618,3.1704846839041956,-0.3222585863332363,0.3012103696197954,False
1.3579999999999612,0.29531218978343987,1.811764705882353,1.811764705882353,0.0377647058823541,0.6886221749288829,120.9214413883358,2.826660660190982,-0.31943413260642617,0.3008893817060226,False
1.3589999999999611,0.2950194815227831,1.811764705882353,1.811764705882353,0.0377647058823541,0.657524663318352,115.5846276463935,2.517427393891016,-0.31691889419494707,0.3005710791018409,False
1.359999999999961,0.2947260453308827,1.811764705882353,1.811764705882353,0.0377647058823541,0.6295369028688741,110.78621336305832,2.2390166538580694,-0.31468205056892273,0.3002551664608678,False
1.360999999999961,0.29443188193176323,1.811764705882353,1.811764705882353,0.0377647058823541,0.6043479184643435,106.46974440177843,1.9890659141210865,-0.31269514352278305,0.2999413781942353,False
1.3619999999999608,0.2941369920512437,1.811764705882353,1.811764705882353,0.0377647058823541,0.5816778325002657,102.57755850906725,1.7645912171029918,-0.310932698625595,0.29962947582861027,False
1.3629999999999607,0.29384137641693564,1.811764705882353,1.811764705882353,0.0377647058823541,0.5612747551325956,99.08019303304322,1.5625443842362536,-0.30937228946277107,0.2993192449935084,False
1.3639999999999606,0.29354503575824115,1.8,1.811764705882353,0.037705882352942345,-0.6341468380277284,-40.108724570604636,1.381368980552761,-0.3079930459072136,0.29901049304455296,False
1.3649999999999605,0.29324797080635145,1.8,1.811764705882353,0.03764705882353059,-0.5453792130484936,-69.71856358071244,-5.979095420646924,-0.313974287878664,0.29869980811901836,False
1.3659999999999604,0.29295018229424463,1.8,1.811764705882353,0.03758823529411883,-0.4655471740965928,-68.87671190193556,-7.541748773525509,-0.3215182310812458,0.2983824387291,False
1.3669999999999602,0.2926516709566843,1.8,1.811764705882353,0.037529411764707074,-0.39375716256929316,-60.22274125037606,-7.493136918400095,-0.32901361442737614,0.29805754724010497,False
1.3679999999999601,0.29235243753021756,1.8,1.811764705882353,0.03747058823529532,-0.32920497572413443,-50.16988326204382,-7.031101409764831,-0.33604701223472494,0.29772536825366563,False
1.36899999999996,0.29205248275317314,1.8,1.811764705882353,0.03741176470588356,-0.2711668310929026,-40.47545585862572,-6.494966536966123,-0.34254432166354176,0.29738639710210485,False
1.36999999999996,0.29175180736565953,1.8,1.811764705882353,0.0373529411764718,-0.218991324454205,-31.569735984077745,-5.977716939734315,-0.348524424386391,0.29704116137759273,False
1.3709999999999598,0.2914504121095636,1.8,1.811764705882353,0.037294117647060046,-0.1720921920087884,-23.507895772207927,-5.5021243935469375,-0.35402897407436423,0.2966901595431988,False
1.3719999999999597,0.29114829772854783,1.8,1.811764705882353,0.03723529411764829,-0.12994179633732472,-16.243829559560197,-5.0711136916078745,-0.3591025494897678,0.2963338470919863,False
1.3729999999999596,0.2908454649680497,1.8,1.811764705882353,0.03717647058823653,-0.09206526376241864,-9.708683370961712,-4.682250570297687,-0.3637872954274094,0.29597263603349677,False
1.3739999999999595,0.29054191457527884,1.8,1.811764705882353,0.037117647058824775,-0.05803520797441446,-3.8327723322132226,-4.331896668166586,-0.3681217185951227,0.295606897869574,False
1.3749999999999594,0.29023764729921564,1.8,1.811764705882353,0.03705882352941302,-0.02746698129462214,1.4489602803773725,-4.016369201469657,-0.3721406431663148,0.2952369672524565,False
1.3759999999999593,0.28993266389060945,1.8,1.811764705882353,0.03700000000000126,-1.4400812220448367e-05,6.195625445666193,-3.7322298419879387,-0.3758754552112155,0.2948631455573212,False
1.3769999999999591,0.28962696510197655,1.8,1.811764705882353,0.036941176470589504,0.024634098092529665,10.46060416708473,-3.476354470873083,-0.3793544168839354,0.29448570417900577,False
1.377999999999959,0.2893205516875981,1.8,1.811764705882353,0.03688235294117775,0.04675892357739315,14.292004590607922,-3.2459217997871614,-0.38260296923277387,0.2941048875196639,False
1.378999999999959,0.28901342440351896,1.8,1.8,0.03688235294117775,1.0,125.61021520253276,-3.0383892188706696,-0.3856440108604753,0.29372091568447595,False
1.3799999999999588,0.288705584007545,1.8,1.8,0.03688235294117775,1.0,157.52587796478917,2.856175760882354,-0.3827904843962058,0.29333655536254843,False
1.3809999999999587,0.2883970312592419,1.8,1.8,0.03688235294117775,1.0,166.6183434478367,4.549581116387838,-0.3782435261772122,0.2929558106149838,False
1.3819999999999586,0.2880877669199329,1.8,1.8,0.03688235294117775,1.0,169.15153451762077,5.0353731141774265,-0.37321074286409217,0.29257983145179406,False
1.3829999999999585,0.287777791752697,1.8,1.8,0.03688235294117775,0.942811129724429,163.1950189715539,5.174056599344634,-0.36803924104171215,0.29220894750047116,False
1.3839999999999584,0.28746710652236707,1.8,1.8,0.03688235294117775,0.8854123696931702,154.77152604560396,4.863494977222922,-0.36317826670843445,0.2918430953187844,False
1.3849999999999583,0.28715571199552803,1.8,1.8,0.03688235294117775,0.8337534856650366,146.31406937051077,4.422349853927877,-0.3587584060388491,0.2914819056150923,False
1.3859999999999582,0.28684360894051497,1.8,1.8,0.03688235294117775,0.7872604900397157,138.4517966109071,3.979355242512117,-0.35478151156419996,0.291124936441636,False
1.386999999999958,0.2865307981274111,1.8,1.8,0.03688235294117775,0.7454167939769265,131.30326898253819,3.567804126475631,-0.35121614270851237,0.29077175898003527,False
1.387999999999958,0.28621728032804605,1.8,1.8,0.03688235294117775,0.7077574675204157,124.84981566391623,3.193974408289151,-0.34802458075151804,0.29042197867768593,False
1.3889999999999578,0.28590305631599394,1.8,1.8,0.03688235294117775,0.6738640737095557,119.03942156802712,2.856882705305268,-0.34517009010034005,0.29007523825833537,False
1.3899999999999577,0.285588126866571,1.8,1.8,0.03688235294117775,0.6433600192797811,113.8020756919119,2.5537809769794544,-0.3426186829613359,0.2897312159448504,False
1.3909999999999576,0.28527249275683453,1.8,1.8,0.03688235294117775,0.6159063702929839,109.09376889348279,2.2809686313741966,-0.3403400719142772,0.2893896222827575,False
1.3919999999999575,0.2849561547655803,1.8,1.8,0.03688235294117775,0.5911980862048659,104.8525826375291,2.0361204450018433,-0.3383062945636358,0.28905019705877233,False
1.3929999999999574,0.28463911367334077,1.8,1.8,0.03688235294117775,0.5689606305255596,101.03617983577288,1.8159632936523726,-0.33649266145918827,0.28871270654920833,False
1.3939999999999573,0.28432137026238347,1.8,1.8,0.03688235294117775,0.5489469204141835,97.6064082881082,1.618259792884476,-0.3348767203744693,0.28837694071310294,False
1.3949999999999572,0.2840029253167087,1.8,1.8,0.03688235294117775,0.5309345813139449,94.51584650208089,1.440993707145842,-0.3334380351723387,0.28804271105450224,False
1.395999999999957,0.28368377962204744,1.8,1.8,0.03688235294117775,0.5147234761237299,91.73575099076636,1.2816581295829397,-0.33215867649217334,0.2877098483855601,False
1.396999999999957,0.2833639339658602,1.8,1.8,0.03688235294117775,0.5001334814525362,89.2318341166855,1.1387341733167178,-0.3310222337430525,0.2873782007643625,False
1.3979999999999568,0.28304338913733423,1.8,1.8,0.03688235294117775,0.4870024862484619,86.97988100546213,1.0104094203712255,-0.3300141086465106,0.28704763184406196,False
1.3989999999999567,0.2827221459273821,1.788235294117647,1.8,0.03682352941176599,-0.7018742329646479,-51.0853434483664,0.8954042176883045,-0.3291209824818839,0.28671801930030294,False
1.3999999999999566,0.2824002051286395,1.788235294117647,1.8,0.03676470588235423,-0.6072162214328982,-79.68511634214629,-6.405324134234245,-0.3355286090056124,0.28638601454186285,False
1.4009999999999565,0.28207756753546337,1.788235294117647,1.8,0.036705882352942476,-0.5220828345837345,-77.9349889239504,-7.914247933784592,-0.34344521013006457,0.2860469231110221,False
1.4019999999999564,0.2817542339439298,1.788235294117647,1.8,0.03664705882353072,-0.44552160994889767,-68.46397929965703,-7.817287358901898,-0.3512649052683598,0.2856999586785427,False
1.4029999999999563,0.2814302051518323,1.788235294117647,1.8,0.03658823529411896,-0.3766753313069557,-57.67527692721904,-7.3117261721172655,-0.35857909145882344,0.2853454020220113,False
1.4039999999999562,0.28110548195867974,1.788235294117647,1.8,0.036529411764707205,-0.3147725040586188,-47.31941482572489,-6.736357884979417,-0.36531795783019416,0.28498379006581886,False
1.404999999999956,0.2807800651656943,1.788235294117647,1.8,0.03647058823529545,-0.2591187830645265,-37.81918388544671,-6.183808648648573,-0.3715043195625424,0.2846156878635388,False
1.405999999999956,0.28045395557580965,1.788235294117647,1.8,0.03641176470588369,-0.20908925769925474,-29.22200334253859,-5.676454604436276,-0.37718336822656817,0.28424162758415583,False
1.4069999999999558,0.2801271539936688,1.788235294117647,1.8,0.036352941176471934,-0.16412150839992123,-21.476300544145623,-5.216810748955708,-0.3824028107113616,0.28386209507314303,False
1.4079999999999557,0.27979966122562194,1.788235294117647,1.8,0.03629411764706018,-0.1237093575599324,-14.507968361160437,-4.802153927735876,-0.3872076310691004,0.2834775296943128,False
1.4089999999999556,0.2794714780797251,1.788235294117647,1.8,0.03623529411764842,-0.0873972453333538,-8.242391915558732,-4.428568166460719,-0.3916388976715387,0.2830883275894365,False
1.4099999999999555,0.2791426053657376,1.788235294117647,1.788235294117647,0.03623529411764842,1.0,119.29596698533223,-4.092110133786137,-0.39573373582588933,0.2826948456062521,False
1.4109999999999554,0.27881304389512,1.788235294117647,1.788235294117647,0.03623529411764842,1.0,155.87350630049562,2.660791669369426,-0.3930756727878752,0.28230030758895597,False
1.4119999999999553,0.27848279448103275,1.788235294117647,1.788235294117647,0.03623529411764842,0.9778968199167317,163.74653658469427,4.600997383965416,-0.38847737788149467,0.2819093007425585,False
1.4129999999999552,0.27815185793833314,1.788235294117647,1.788235294117647,0.03623529411764842,0.9163424320427138,158.81660048688641,5.022414548171648,-0.3834576325221675,0.2815230818486765,False
1.413999999999955,0.27782023508357434,1.788235294117647,1.788235294117647,0.03623529411764842,0.8609434829560969,150.9244961248894,4.766377476520301,-0.3786938908303644,0.2811417675035669,False
1.414999999999955,0.2774879267350028,1.788235294117647,1.788235294117647,0.03623529411764842,0.8110844287781411,142.83522149248154,4.353557718594955,-0.374342937905643,0.28076503114993806,False
1.4159999999999549,0.27715493371255623,1.788235294117647,1.788235294117647,0.03623529411764842,0.7662112800179804,135.26126583156582,3.930253980606301,-0.370415260620584,0.2803924552794984,False
1.4169999999999547,0.27682125683786196,1.788235294117647,1.788235294117647,0.03623529411764842,0.7258254461338352,128.36426251915216,3.534168564233137,-0.3668836434633994,0.2800236288631616,False
1.4179999999999546,0.27648689693423445,1.788235294117647,1.788235294117647,0.03623529411764842,0.6894781956381041,122.13832391496396,3.1738581117101035,-0.3637123140572308,0.27965817193797404,False
1.4189999999999545,0.2761518548266735,1.788235294117647,1.788235294117647,0.03623529411764842,0.6567656701919456,116.52276177220118,2.8490154375855608,-0.3608658069652448,0.2792957401752725,False
1.4199999999999544,0.2758161313418621,1.788235294117647,1.788235294117647,0.03623529411764842,0.6273243972904028,111.46851860022885,2.556433480643728,-0.35831186358042816,0.27893602326879285,False
1.4209999999999543,0.2754797273081648,1.788235294117647,1.788235294117647,0.03623529411764842,0.6008272516790139,106.92259718899763,2.293520162062332,-0.35602081716272216,0.27857874200457,False
1.4219999999999542,0.27514264355562496,1.788235294117647,1.788235294117647,0.03623529411764842,0.5769798206287635,102.82646984077165,2.0574745996745207,-0.35396580166107483,0.27822364557509854,False
1.422999999999954,0.2748048809159632,1.788235294117647,1.788235294117647,0.03623529411764842,0.555517132683538,99.14319210595745,1.845202978654567,-0.3521230446666208,0.2778705086468115,False
1.423999999999954,0.2744664402225755,1.788235294117647,1.788235294117647,0.03623529411764842,0.5362007135328347,95.82579848573961,1.6547531463508356,-0.35047072576710714,0.27751912878017626,False
1.4249999999999539,0.27412732231053033,1.788235294117647,1.788235294117647,0.03623529411764842,0.5188159362972016,92.8416521929411,1.4836424858172916,-0.34898950702684145,0.27716932423897955,False
1.4259999999999537,0.2737875280165675,1.788235294117647,1.788235294117647,0.03623529411764842,0.5031696367851315,90.15610031349972,1.330146265823977,-0.34766177511495866,0.27682093184889106,False
1.4269999999999536,0.2734470581790958,1.788235294117647,1.788235294117647,0.03623529411764842,0.4890879672242684,87.7400737378492,1.1924328729055864,-0.34647174819999166,0.27647380522475373,False
1.4279999999999535,0.2731059136381906,1.788235294117647,1.788235294117647,0.03623529411764842,0.47641446461949133,85.56590587117165,1.068965937954655,-0.3454051807169265,0.276127813071938,False
1.4289999999999534,0.27276409523559214,1.788235294117647,1.788235294117647,0.03623529411764842,0.4650083122751919,83.60742833369525,0.9582831269301172,-0.34444928934242847,0.27578283768338485,False
1.4299999999999533,0.27242160381470343,1.788235294117647,1.788235294117647,0.03623529411764842,0.45474277516532224,81.84549991450022,0.8590012221740654,-0.34359267388822484,0.2754387735129604,False
1.4309999999999532,0.2720784402205879,1.788235294117647,1.788235294117647,0.03623529411764842,0.4455037917664395,80.26069303047181,0.7701086694622286,-0.34282494564567656,0.2750955259595644,False
1.431999999999953,0.2717346052999676,1.788235294117647,1.788235294117647,0.03623529411764842,0.43718870670744486,78.83505122751171,0.6905786381373431,-0.3421367426692537,0.2747530103487725,False
1.432999999999953,0.2713900999012211,1.776470588235294,1.788235294117647,0.03617647058823666,-0.7473536933750707,-58.489415712393246,0.6194620213088355,-0.341519652059536,0.27441115094104424,False
1.4339999999999529,0.27104492487438114,1.776470588235294,1.788235294117647,0.036117647058824906,-0.6487947946258084,-86.4220944403308,-6.64190093773702,-0.3481639505895025,0.27406664099639755,False
1.4349999999999528,0.2706990810711329,1.776470588235294,1.788235294117647,0.03605882352941315,-0.5601506092808831,-84.07138850432919,-8.115353689114123,-0.3562817543536273,0.2737148236683003,False
1.4359999999999526,0.2703525693448115,1.776470588235294,1.788235294117647,0.03600000000000139,-0.4804296659998608,-74.06011652528301,-7.986438624556845,-0.3642706991056879,0.27335494651456027,False
1.4369999999999525,0.2700053905504002,1.776470588235294,1.788235294117647,0.035941176470589635,-0.4087396405763518,-62.7850050891217,-7.452111894874307,-0.37172537061410027,0.27298732083089405,False
1.4379999999999524,0.26965754554452814,1.776470588235294,1.788235294117647,0.03588235294117788,-0.34427744122460463,-51.99254532649875,-6.850825437606336,-0.3785788051792773,0.27261251102479195,False
1.4389999999999523,0.26930903518546834,1.776470588235294,1.788235294117647,0.03582352941176612,-0.28632028533744325,-42.09913271527196,-6.274991888549698,-0.3848564516560572,0.27223110688182595,False
1.4399999999999522,0.2689598603331354,1.776470588235294,1.788235294117647,0.035764705882354364,-0.234217668568409,-33.14845809047612,-5.746649318215434,-0.3906057972368113,0.2718436628214255,False
1.440999999999952,0.26861002184908356,1.776470588235294,1.776470588235294,0.035764705882354364,0.989674686523731,110.95374564403289,-5.268115731675487,-0.39587664745696705,0.27145068473252343,False
1.441999999999952,0.2682595205965047,1.776470588235294,1.776470588235294,0.035764705882354364,0.9264719237537193,144.98495967575457,2.361183067593572,-0.39351820399284115,0.2710558689732024,False
1.4429999999999519,0.26790835744022556,1.776470588235294,1.776470588235294,0.035764705882354364,0.869589437260708,148.11664957440138,4.16668887159589,-0.38935423111747774,0.27066422414874525,False
1.4439999999999518,0.2675565332467064,1.776470588235294,1.776470588235294,0.035764705882354364,0.8183951994169971,143.03321271389163,4.3372766209515,-0.38501964114886855,0.2702768200792212,False
1.4449999999999517,0.26720404888403854,1.776470588235294,1.776470588235294,0.035764705882354364,0.772320385357657,136.18525116444866,4.073156940015699,-0.38094914213410486,0.2698936317631003,False
1.4459999999999515,0.26685090522194194,1.776470588235294,1.776470588235294,0.035764705882354364,0.7308530527042502,129.37456667345958,3.715629023078849,-0.37723614452405757,0.269514353074413,False
1.4469999999999514,0.26649710313176356,1.776470588235294,1.776470588235294,0.035764705882354364,0.6935324533161836,123.04950350912137,3.3600290113578875,-0.37387872288105317,0.26913862737783123,False
1.4479999999999513,0.26614264348647504,1.776470588235294,1.776470588235294,0.035764705882354364,0.6599439138669233,117.30846404932977,3.030082714878682,-0.3708512258461974,0.2687661106401406,False
1.4489999999999512,0.26578752716067006,1.776470588235294,1.776470588235294,0.035764705882354364,0.6297142283625887,112.12439969129343,2.7310004924852382,-0.36812279150277855,0.26839648682426553,False
1.449999999999951,0.265431755030563,1.776470588235294,1.776470588235294,0.035764705882354364,0.6025075114086873,107.45047998124078,2.4613548283510394,-0.36566398524227894,0.2680294701127898,False
1.450999999999951,0.26507532797398614,1.776470588235294,1.776470588235294,0.035764705882354364,0.5780214661501756,103.24435293223091,2.2186712109329005,-0.3634478467742582,0.26766480300949214,False
1.4519999999999509,0.2647182468703879,1.776470588235294,1.776470588235294,0.035764705882354364,0.5559840254175148,99.4608813583462,2.000711753503934,-0.3614496535176405,0.2673022539714996,False
1.4529999999999508,0.26436051260083043,1.776470588235294,1.776470588235294,0.035764705882354364,0.5361503287581199,96.05439432608398,1.8050909093080834,-0.35964706827681914,0.26694161510512143,False
1.4539999999999507,0.26400212604798745,1.776470588235294,1.776470588235294,0.035764705882354364,0.5183000017646643,92.98832981822441,1.6293946239106447,-0.358020167765952,0.26658269976762555,False
1.4549999999999506,0.263643088096142,1.776470588235294,1.776470588235294,0.035764705882354364,0.502234707470554,90.22701595934944,1.4716905471929806,-0.356550960919344,0.26622534037008627,False
1.4559999999999504,0.2632833996311847,1.776470588235294,1.776470588235294,0.035764705882354364,0.4877759426058545,87.74263344423787,1.3300932096911544,-0.35522334202396566,0.26586938646625297,False
1.4569999999999503,0.26292306154061107,1.776470588235294,1.776470588235294,0.035764705882354364,0.4747630542276249,85.50841892746693,1.2031324195596071,-0.35402267545315386,0.26551470305406527,False
1.4579999999999502,0.26256207471351944,1.776470588235294,1.776470588235294,0.035764705882354364,0.46305145468721803,83.49664432653208,1.0893936784226608,-0.35293573998308064,0.2651611691306226,False
1.4589999999999501,0.262200440040609,1.776470588235294,1.776470588235294,0.035764705882354364,0.4525110151008518,81.68437214693516,0.9874112862763808,-0.3519507800043859,0.26480867625473536,False
1.45999999999995,0.26183815841417746,1.776470588235294,1.776470588235294,0.035764705882354364,0.443024619473122,80.05406347258662,0.8959728673929904,-0.35105725220699696,0.26445712719529985,False
1.46099999999995,0.26147523072811846,1.776470588235294,1.776470588235294,0.035764705882354364,0.4344868634081651,78.58813584706922,0.8141515521664482,-0.350245540081212,0.264106434847473,False
1.4619999999999498,0.2611116578779201,1.776470588235294,1.776470588235294,0.035764705882354364,0.4268028829497038,77.26721956456628,0.7410180513571778,-0.3495069563437582,0.2637565213047793,False
1.4629999999999497,0.26074744076066236,1.776470588235294,1.776470588235294,0.035764705882354364,0.41988730053708856,76.07753542667186,0.6755484103093361,-0.3488338376100394,0.2634073168872806,False
1.4639999999999496,0.26038258027501465,1.7647058823529411,1.776470588235294,0.03570588235294261,-0.7633955471636857,-61.03224451026973,0.617014370410759,-0.3482192487039561,0.26305875925073713,False
1.4649999999999495,0.26001707732123397,1.7647058823529411,1.776470588235294,0.03564705882353085,-0.6637030512708559,-88.7719522500778,-6.632891352569868,-0.3548545917516996,0.2627075537313001,False
1.4659999999999493,0.25965093280116264,1.7647058823529411,1.776470588235294,0.03558823529411909,-0.5740386284967199,-86.24920690401242,-8.09603572696055,-0.36295313171386057,0.26234905442262885,False
1.4669999999999492,0.2592841476182256,1.7647058823529411,1.776470588235294,0.035529411764707336,-0.4933994715294082,-76.08188545226437,-7.957919735895488,-0.3709136117382513,0.261982518692531,False
1.4679999999999491,0.25891672267742905,1.7647058823529411,1.776470588235294,0.03547058823529558,-0.4208830537882386,-64.66757225547582,-7.415238197337269,-0.3783314636418641,0.26160826665693765,False
1.468999999999949,0.25854865888535744,1.7647058823529411,1.776470588235294,0.03541176470588382,-0.35567710135059694,-53.750101903193055,-6.806484323383636,-0.3851403718281466,0.26122653033642973,False
1.469999999999949,0.25817995715017156,1.7647058823529411,1.776470588235294,0.035352941176472065,-0.2970505676861304,-43.74371157314515,-6.223934825613506,-0.3913667714180713,0.2608382763551147,False
1.4709999999999488,0.2578106183816065,1.7647058823529411,1.7647058823529411,0.035352941176472065,0.9327133126118989,101.34724759709913,-5.689513743379055,-0.39705878735395944,0.2604440631597049,False
1.4719999999999487,0.2574406434909686,1.7647058823529411,1.7647058823529411,0.035352941176472065,0.8747949225271876,136.27696687656015,1.9921301131700886,-0.39506916331259423,0.26004799876635026,False
1.4729999999999486,0.2570700333911344,1.7647058823529411,1.7647058823529411,0.035352941176472065,0.8226683714509464,140.2218178246103,3.8452088922037286,-0.39122644032958664,0.2596548505495421,False
1.4739999999999485,0.25669878899654724,1.7647058823529411,1.7647058823529411,0.035352941176472065,0.7757544754823289,135.87099770005355,4.058857612902847,-0.3871700436413832,0.2592656518966958,False
1.4749999999999484,0.25632691122321605,1.7647058823529411,1.7647058823529411,0.035352941176472065,0.733531969110573,129.68332277881257,3.833540640825448,-0.3833389394328531,0.25888039699841936,False
1.4759999999999482,0.255954400988712,1.7647058823529411,1.7647058823529411,0.035352941176472065,0.6955317133759918,123.46051323111583,3.510991388080146,-0.37983036181481283,0.2584988119448898,False
1.4769999999999481,0.25558125921216734,1.7647058823529411,1.7647058823529411,0.035352941176472065,0.6613314832148685,117.6722723825468,3.186541276315197,-0.3766462136906703,0.2581205732577245,False
1.477999999999948,0.2552074868142721,1.7647058823529411,1.7647058823529411,0.035352941176472065,0.6305512760698571,112.40902636547366,2.8850458241570447,-0.37376354235315584,0.2577453679834538,False
1.478999999999948,0.25483308471727256,1.7647058823529411,1.7647058823529411,0.035352941176472065,0.6028490896393466,107.6558550033479,2.61129302739956,-0.3711546069343508,0.2573729085154224,False
1.4799999999999478,0.25445805384496867,1.7647058823529411,1.7647058823529411,0.035352941176472065,0.5779171218518866,103.3735204340986,2.3644967615627452,-0.36879245251906767,0.2570029345948951,False
1.4809999999999477,0.25408239512271186,1.7647058823529411,1.7647058823529411,0.035352941176472065,0.5554783508431725,99.51773012408442,2.14258394885985,-0.3666521971084795,0.2566352118816209,False
1.4819999999999476,0.25370610947740263,1.7647058823529411,1.7647058823529411,0.035352941176472065,0.5352834569353295,96.04914940159563,1.9432137741319144,-0.36471129937167535,0.256269529747039,False
1.4829999999999475,0.2533291978374886,1.7647058823529411,1.7647058823529411,0.035352941176472065,0.5171080524182707,92.92319514737196,1.7643074665295635,-0.36294929661500147,0.2559056990646232,False
1.4839999999999474,0.25295166113296147,1.7647058823529411,1.7647058823529411,0.035352941176472065,0.5007501883529175,90.11265327923613,1.6035083211532148,-0.3613480827303951,0.2555435499922683,False
1.4849999999999473,0.2525735002953557,1.7647058823529411,1.7647058823529411,0.035352941176472065,0.4860281106940994,87.58114394196359,1.4593783930442323,-0.35989098944643944,0.25518293007507764,False
1.4859999999999471,0.25219471625774553,1.7647058823529411,1.7647058823529411,0.035352941176472065,0.472778240801163,85.30250573588347,1.3299945862772513,-0.35856327149044354,0.25482370256494286,False
1.486999999999947,0.25181530995474294,1.7647058823529411,1.7647058823529411,0.035352941176472065,0.46085335789752,83.25016804175496,1.2139742763147006,-0.3573515661269152,0.25446574476777445,False
1.487999999999947,0.25143528232249523,1.7647058823529411,1.7647058823529411,0.035352941176472065,0.4501209632842413,81.40454705007922,1.109913027193972,-0.3562439149778033,0.254108946650053,False
1.4889999999999468,0.25105463429868297,1.7647058823529411,1.7647058823529411,0.035352941176472065,0.4404618081322903,79.74294224081713,1.016775923946007,-0.3552293945088098,0.25375320961922754,False
1.4899999999999467,0.25067336682251706,1.7647058823529411,1.7647058823529411,0.035352941176472065,0.43176856849553424,78.24546361822213,0.93336301884595,-0.35429828106937394,0.25339844540635015,False
1.4909999999999466,0.25029148083473723,1.7647058823529411,1.7647058823529411,0.035352941176472065,0.4239446528224538,76.89816330306196,0.8586229501091732,-0.353441902313684,0.25304457494048094,False
1.4919999999999465,0.24990897727760922,1.7647058823529411,1.7647058823529411,0.035352941176472065,0.4169031287166813,75.68643013111735,0.7918186428107644,-0.35265232291913085,0.252691527454523,False
1.4929999999999464,0.24952585709492245,1.7647058823529411,1.7647058823529411,0.035352941176472065,0.4105657570214859,74.59370974007092,0.7321778327661805,-0.35192237978036867,0.2523392397306012,False
1.4939999999999463,0.24914212123198795,1.7529411764705882,1.7647058823529411,0.03529411764706031,-0.7721967010336104,-62.42874944239664,0.6788253579280322,-0.3512457849124907,0.2519876552763927,False
1.4949999999999461,0.2487577706356359,1.7529411764705882,1.7647058823529411,0.03523529411764855,-0.6720358544596707,-90.09055007033967,-6.566405274633534,-0.35781444724166195,0.2516331247853037,False
1.495999999999946,0.24837280625421299,1.7529411764705882,1.7647058823529411,0.035176470588236794,-0.5819499160725355,-87.49798308851233,-8.025372193770643,-0.36584212456569043,0.251271296116633,False
1.496999999999946,0.24798722903758064,1.7529411764705882,1.7647058823529411,0.03511764705882504,-0.5009313950535247,-77.26821024747265,-7.883507235480512,-0.37372798750746755,0.2509015106693754,False
1.4979999999999458,0.24760103993711233,1.7529411764705882,1.7647058823529411,0.03505882352941328,-0.42807354966582567,-65.79723868908046,-7.337467714869473,-0.381067858907675,0.25052411234685434,False
1.4989999999999457,0.24721423990569125,1.7529411764705882,1.7647058823529411,0.03500000000000152,-0.3625603123463076,-54.82873839511789,-6.72566774010862,-0.38779597458057996,0.2501396800233147,False
1.4999999999999456,0.24682682989770807,1.7529411764705882,1.7647058823529411,0.034941176470589766,-0.3036572222881523,-44.77736592785603,-6.140370842344713,-0.3939388338433061,0.24974881220545636,False
1.5009999999999455,0.24643881086905856,1.7529411764705882,1.7529411764705882,0.034941176470589766,0.9263555587641968,100.35370321861711,-5.603523216455428,-0.39954488246772274,0.24935206992739548,False
1.5019999999999454,0.24605018377714086,1.7529411764705882,1.7529411764705882,0.034941176470589766,0.8686611793583732,135.32070431390196,2.0802883488496065,-0.39746712285362057,0.24895356350291958,False
1.5029999999999453,0.24566094958085383,1.7529411764705882,1.7529411764705882,0.034941176470589766,0.8167362378931314,139.30241589866014,3.935383946404039,-0.393534246844121,0.24855806239939426,False
1.5039999999999452,0.24527110924059412,1.7529411764705882,1.7529411764705882,0.034941176470589766,0.770003790574413,134.980235679573,4.151025883374105,-0.3893857032513822,0.2481666020099062,False
1.504999999999945,0.2448806637182541,1.7529411764705882,1.7529411764705882,0.034941176470589766,0.7279445879875662,128.81334949162232,3.927265836126199,-0.3854608945424384,0.24777917830080215,False
1.505999999999945,0.24448961397721916,1.7529411764705882,1.7529411764705882,0.034941176470589766,0.6900913056594036,122.61369781922153,3.60585676282248,-0.38185747157074007,0.24739551871148424,False
1.5069999999999448,0.24409796098236589,1.7529411764705882,1.7529411764705882,0.034941176470589766,0.6560233515640568,116.84837238820236,3.2826708290569497,-0.37857721323932386,0.2470153009664237,False
1.5079999999999447,0.2437057057000588,1.7529411764705882,1.7529411764705882,0.034941176470589766,0.6253621928782442,111.60396284665418,2.982425371635244,-0.37559718102186906,0.24663821336991432,False
1.5089999999999446,0.243312849098149,1.7529411764705882,1.7529411764705882,0.034941176470589766,0.5977671500610126,106.86361215089555,2.7097053975195284,-0.37288985122068324,0.24626396945738854,False
1.5099999999999445,0.24291939214597102,1.7529411764705882,1.7529411764705882,0.034941176470589766,0.5729316115255038,102.59506608925983,2.463622302738541,-0.3704285885715907,0.2458923098437883,False
1.5109999999999444,0.24252533581434088,1.7529411764705882,1.7529411764705882,0.034941176470589766,0.5505796268435457,98.75119055496354,2.242472507021959,-0.36818846122923954,0.24552300092763754,False
1.5119999999999443,0.24213068107555333,1.7529411764705882,1.7529411764705882,0.034941176470589766,0.530462840629783,95.29462922336269,2.043764848715896,-0.36614702836256563,0.24515583279382339,False
1.5129999999999442,0.24173542890337985,1.7529411764705882,1.7529411764705882,0.034941176470589766,0.5123577330373965,92.18029515754374,1.8655252277650631,-0.36428382310676277,0.24479061698110352,False
1.513999999999944,0.24133958027306565,1.7529411764705882,1.7529411764705882,0.034941176470589766,0.4960631362042484,89.3747616301248,1.7053702804252662,-0.36258076184118926,0.24442718430349875,False
1.514999999999944,0.24094313616132793,1.7529411764705882,1.7529411764705882,0.034941176470589766,0.48139799905441494,86.84995705970304,1.5615333558599986,-0.36102152748893956,0.24406538277539672,False
1.5159999999999438,0.24054609754635325,1.7529411764705882,1.7529411764705882,0.034941176470589766,0.46819937561956465,84.57795393134532,1.4325309416549175,-0.3595912863884026,0.24370507598657085,False
1.5169999999999437,0.2401484654077948,1.7529411764705882,1.7529411764705882,0.034941176470589766,0.4563206145281993,82.53435455492159,1.3168869691752796,-0.3582766808588375,0.24334614162248067,False
1.5179999999999436,0.23975024072677048,1.7529411764705882,1.7529411764705882,0.034941176470589766,0.44562972954597035,80.69195944022131,1.2133119683897955,-0.3570656426103241,0.24298847008158433,False
1.5189999999999435,0.2393514244858601,1.7529411764705882,1.7529411764705882,0.034941176470589766,0.43600793306196417,79.03364106016502,1.1203680847613244,-0.3559475411370616,0.24263196311175003,False
1.5199999999999434,0.2389520176691029,1.7529411764705882,1.7529411764705882,0.034941176470589766,0.4273483162263584,77.54129115615329,1.0371502329108944,-0.3549126509550645,0.24227653263885138,False
1.5209999999999433,0.23855202126199565,1.7529411764705882,1.7529411764705882,0.034941176470589766,0.41955466107431316,76.19757729296283,0.9627013206168507,-0.3539522036149537,0.24192209983573865,False
1.5219999999999432,0.2381514362514897,1.7411764705882353,1.7529411764705882,0.03488235294117801,-0.7645184520919481,-61.05290521232275,0.8961051983625908,-0.35305834676513975,0.24156859418567123,False
1.522999999999943,0.2377502636259887,1.7411764705882353,1.7529411764705882,0.03482352941176625,-0.6655371951180566,-88.9190351046574,-6.361156354936951,-0.3594217767646502,0.2412123537460959,False
1.523999999999943,0.2373485043753463,1.7411764705882353,1.7529411764705882,0.034764705882354495,-0.5765128873709651,-86.51071844771974,-7.830902877894766,-0.36725500022135654,0.24084901497223024,False
1.5249999999999428,0.23694615949086356,1.7411764705882353,1.7529411764705882,0.03470588235294274,-0.49644983392799336,-76.44738455025458,-7.698757328381011,-0.37495612763288233,0.24047790901465668,False
1.5259999999999427,0.23654322996528626,1.7411764705882353,1.7529411764705882,0.03464705882353098,-0.4244519093587298,-65.1268386656443,-7.161496891310189,-0.38212004156485263,0.24009937052849054,False
1.5269999999999426,0.23613971679280316,1.7411764705882353,1.7529411764705882,0.034588235294119224,-0.35971260077580347,-54.293511816604095,-6.55763072576874,-0.38868013259888995,0.23971397003252368,False
1.5279999999999425,0.2357356209690428,1.7411764705882353,1.7529411764705882,0.03452941176470747,-0.3015060465805809,-44.36415467354423,-5.979462554426975,-0.39466209500577065,0.23932229850314374,False
1.5289999999999424,0.23533094349107148,1.7411764705882353,1.7529411764705882,0.03447058823529571,-0.24917897133429165,-35.381844619166024,-5.449049303221846,-0.40011368023815935,0.23892491019383785,False
1.5299999999999423,0.23492568535739072,1.7411764705882353,1.7529411764705882,0.03441176470588395,-0.20214342714204248,-27.290352665375462,-4.968676572030327,-0.40508492566114923,0.23852231046363262,False
1.5309999999999422,0.23451984756793456,1.7411764705882353,1.7411764705882353,0.03441176470588395,1.0,114.04064186436307,-4.535375136993143,-0.4096228997208879,0.23811495611859765,False
1.531999999999942,0.23411343112406743,1.7411764705882353,1.7411764705882353,0.03441176470588395,0.9498814710737833,148.7785607359788,2.9475150212631562,-0.40667798100981933,0.23770680524500004,False
1.532999999999942,0.23370643702858154,1.7411764705882353,1.7411764705882353,0.03441176470588395,0.8893050886722955,151.6777098224827,4.7906160194600655,-0.40188993497169284,0.23730252085783882,False
1.5339999999999419,0.23329886628569438,1.7411764705882353,1.7411764705882353,0.03441176470588395,0.834786344510956,146.13683708215322,4.949095834907857,-0.39694337819403885,0.23690310377721124,False
1.5349999999999417,0.2328907199010462,1.7411764705882353,1.7411764705882353,0.03441176470588395,0.7857194747657498,138.80067898713372,4.66096124974298,-0.39228492595510195,0.23650848920615045,False
1.5359999999999416,0.23248199888169774,1.7411764705882353,1.7411764705882353,0.03441176470588395,0.7415592919950637,131.52355367615016,4.277783344510392,-0.38800962380533327,0.23611834151698757,False
1.5369999999999415,0.2320727042361273,1.7411764705882353,1.7411764705882353,0.03441176470588395,0.7018151275014456,124.78931611073413,3.8976772125142327,-0.3841144023916851,0.23573227909390607,False
1.5379999999999414,0.2316628369742288,1.7411764705882353,1.7411764705882353,0.03441176470588395,0.6660453794571888,118.65887484593837,3.546247815684709,-0.3805705872718395,0.23534993619300384,False
1.5389999999999413,0.23125239810730902,1.7411764705882353,1.7411764705882353,0.03441176470588395,0.6338526062173576,113.12872706548002,3.226722031082964,-0.3773462769308842,0.2349709773583894,False
1.5399999999999412,0.230841388648085,1.7411764705882353,1.7411764705882353,0.03441176470588395,0.604879110301509,108.14694894459103,2.938918386257399,-0.37440975112462793,0.23459509894508432,False
1.540999999999941,0.23042980961068177,1.7411764705882353,1.7411764705882353,0.03441176470588395,0.578802963977245,103.6682731911374,2.6800931128820524,-0.3717320331874101,0.2342220276565974,False
1.541999999999941,0.23001766201062981,1.7411764705882353,1.7411764705882353,0.03441176470588395,0.5553344322854069,99.62811370805396,2.4478542807251764,-0.3692865382099011,0.2338515179772542,False
1.5429999999999409,0.2296049468648621,1.7411764705882353,1.7411764705882353,0.03441176470588395,0.5342127537627526,95.99092116041128,2.2387875035493274,-0.36705009551461343,0.23348334926920017,False
1.5439999999999408,0.22919166519171233,1.7411764705882353,1.7411764705882353,0.03441176470588395,0.5152032430923633,92.72004218892766,2.051014420740271,-0.3650014126454398,0.23311732312617095,False
1.5449999999999406,0.22877781801091202,1.7411764705882353,1.7411764705882353,0.03441176470588395,0.49809468348901276,89.77408337062472,1.8825980005344447,-0.36312113405096,0.23275326146592754,False
1.5459999999999405,0.22836340634358784,1.7411764705882353,1.7411764705882353,0.03441176470588395,0.48269697984599724,87.12201974340137,1.731350186739166,-0.36139209212222645,0.2323910044678304,False
1.5469999999999404,0.2279484312122595,1.7411764705882353,1.7411764705882353,0.03441176470588395,0.4688390465672829,84.73314353789488,1.5956313010030894,-0.35979875882649054,0.23203040865907829,False
1.5479999999999403,0.2275328936408369,1.7411764705882353,1.7411764705882353,0.03441176470588395,0.45636690661643997,82.58290383527651,1.4738182602843315,-0.3583272291222317,0.23167134528342256,False
1.5489999999999402,0.2271167946546175,1.7294117647058824,1.7411764705882353,0.034352941176472196,-0.7319168428687394,-55.39164549580453,1.364613566248988,-0.3569648953833739,0.23131369884096242,False
1.54999999999994,0.22670013528028432,1.7294117647058824,1.7411764705882353,0.03429411764706044,-0.6367251585818743,-83.91069768832702,-5.930899383757352,-0.36289809712281174,0.23095376696204006,False
1.55099999999994,0.22628291654590293,1.7294117647058824,1.7411764705882353,0.03423529411764868,-0.5511114662531064,-82.08949797207713,-7.435138168021765,-0.3703355820934802,0.23058714973262173,False
1.5519999999999399,0.2258651394809191,1.7294117647058824,1.7411764705882353,0.034176470588236925,-0.474117966686626,-72.55534144711172,-7.334007797989278,-0.3776719839216501,0.23021314555191513,False
1.5529999999999398,0.22544680511615617,1.7294117647058824,1.7411764705882353,0.03411764705882517,-0.4048826406062046,-61.71095178138679,-6.8247012667257945,-0.38449912407674025,0.22983205959265066,False
1.5539999999999397,0.22502791448381276,1.7294117647058824,1.7411764705882353,0.03405882352941341,-0.3426296706632364,-51.30654911628068,-6.245987643176051,-0.39074759193285696,0.22944443582239085,False
1.5549999999999395,0.2246084686174596,1.7294117647058824,1.7411764705882353,0.034000000000001654,-0.28666082124397596,-41.76392122723408,-5.690476662288521,-0.3964405865489673,0.22905084131450654,False
1.5559999999999394,0.22418846855203778,1.7294117647058824,1.7411764705882353,0.0339411764705899,-0.23634768029605285,-33.12911343786857,-5.180491502773694,-0.4016236304046211,0.22865180878156302,False
1.5569999999999393,0.22376791532385576,1.7294117647058824,1.7411764705882353,0.03388235294117814,-0.1911246769723332,-25.353690627187593,-4.718474565501701,-0.4063446886800788,0.22824782419224612,False
1.5579999999999392,0.22334680997058676,1.7294117647058824,1.7411764705882353,0.03382352941176638,-0.15048279751039673,-18.354940536859008,-4.301868785027543,-0.4106491697844193,0.22783932682839741,False
1.558999999999939,0.22292515353126643,1.7294117647058824,1.7411764705882353,0.033764705882354626,-0.1139639295240652,-12.064491433047033,-3.9263029745480016,-0.41457811121024907,0.2274267127488619,False
1.559999999999939,0.2225029470462902,1.7294117647058824,1.7294117647058824,0.033764705882354626,1.0,118.54319017619046,-3.588164191895685,-0.4181689377537638,0.2270103387812985,False
1.5609999999999389,0.22208019155741038,1.7294117647058824,1.7294117647058824,0.033764705882354626,1.0,155.98988998556362,3.327485860055653,-0.41484410799069377,0.22659383181516074,False
1.5619999999999388,0.22165688810773426,1.7294117647058824,1.7294117647058824,0.033764705882354626,0.9518344130240388,161.09871106095918,5.314020434276137,-0.40953271421596377,0.22618164296534546,False
1.5629999999999387,0.22123303774172096,1.7294117647058824,1.7294117647058824,0.033764705882354626,0.8904156776039964,155.3757382094486,5.5895188361814565,-0.40394578719028884,0.22577490328168942,False
1.5639999999999386,0.22080864150517915,1.7294117647058824,1.7294117647058824,0.033764705882354626,0.8351388157259575,147.26781089085492,5.291848116181114,-0.3986564967061153,0.22537360171253726,False
1.5649999999999384,0.22038370044526442,1.7294117647058824,1.7294117647058824,0.033764705882354626,0.7853896400357219,139.1092196327427,4.867927277105407,-0.39379109531168704,0.2249773774946909,False
1.5659999999999383,0.2199582156104766,1.7294117647058824,1.7294117647058824,0.033764705882354626,0.7406153819145092,131.52392876138038,4.441266873332303,-0.38935232528245073,0.22458580536747155,False
1.5669999999999382,0.2195321880506571,1.7294117647058824,1.7294117647058824,0.033764705882354626,0.7003185496054174,124.62617035820642,4.044885518155379,-0.38530991015853294,0.2241984738373073,False
1.567999999999938,0.2191056188169866,1.7294117647058824,1.7294117647058824,0.033764705882354626,0.6640514005272341,118.39789727821561,3.68483194274758,-0.38162752453067705,0.2238150047115958,False
1.568999999999938,0.2186785089619823,1.7294117647058824,1.7294117647058824,0.033764705882354626,0.631410966356869,112.7889560985203,3.3601556512125015,-0.3782697932583532,0.22343505564804786,False
1.569999999999938,0.21825085953949533,1.7294117647058824,1.7294117647058824,0.033764705882354626,0.6020345756035399,107.73651240324598,3.0682070008142714,-0.37520399062978926,0.2230583183548365,False
1.5709999999999378,0.21782267160470817,1.7294117647058824,1.7294117647058824,0.033764705882354626,0.5755958239255434,103.18371029868861,2.8056650136543135,-0.37240071171681804,0.22268451560548763,False
1.5719999999999377,0.21739394621413202,1.7294117647058824,1.7294117647058824,0.033764705882354626,0.5518009474153464,99.08723501390374,2.5695246744835254,-0.3698335564320105,0.22231339807606465,False
1.5729999999999376,0.216964684425604,1.7294117647058824,1.7294117647058824,0.033764705882354626,0.5303855585561688,95.40172739262493,2.3574970945232714,-0.36747841341827525,0.22194474169837985,False
1.5739999999999374,0.21653488729828493,1.7294117647058824,1.7294117647058824,0.033764705882354626,0.5111117085829086,92.08025703435707,2.1671849265403984,-0.3653135685223311,0.22157834531702533,False
1.5749999999999373,0.2161045558926566,1.7176470588235293,1.7294117647058824,0.03370588235294287,-0.6832935799224684,-46.94771281797975,1.9961074293493408,-0.3633197882042737,0.22121402825046133,False
1.5759999999999372,0.21567369127051886,1.7176470588235293,1.7294117647058824,0.03364705882353111,-0.5936112807537595,-76.41808726438371,-5.355052753423138,-0.3686771868473657,0.22084802937291076,False
1.5769999999999371,0.21524229449498744,1.7176470588235293,1.7294117647058824,0.033588235294119355,-0.5129560350313319,-75.44773229852014,-6.909543694918476,-0.3755891175116089,0.2204758958241363,False
1.577999999999937,0.21481036663049108,1.7176470588235293,1.7294117647058824,0.0335294117647076,-0.44042513741055805,-66.6867818564485,-6.853355532600308,-0.3824449041776796,0.2200968784093263,False
1.578999999999937,0.21437790874276863,1.7176470588235293,1.7294117647058824,0.03347058823529584,-0.3752061530812726,-56.529973458431705,-6.384889103925604,-0.38883226647308694,0.21971123941294296,False
1.5799999999999368,0.21394492189886696,1.7176470588235293,1.7294117647058824,0.033411764705884084,-0.31656789071432667,-46.746542547978564,-5.842490463104602,-0.39467726888464455,0.21931948422765052,False
1.5809999999999367,0.2135114071671382,1.7176470588235293,1.7294117647058824,0.03335294117647233,-0.26385227811348644,-37.763542241879236,-5.319775003874691,-0.39999959121814344,0.21892214537399612,False
1.5819999999999366,0.21307736561723678,1.7176470588235293,1.7294117647058824,0.03329411764706057,-0.21646705030214147,-29.633201376407285,-4.8393441081503115,-0.40484151488249126,0.21851972439188658,False
1.5829999999999365,0.21264279832011712,1.7176470588235293,1.7294117647058824,0.03323529411764881,-0.17387916880134224,-22.309232108144922,-4.403966997413313,-0.4092480907893613,0.21811267915502203,False
1.5839999999999363,0.2122077063480309,1.7176470588235293,1.7294117647058824,0.033176470588237056,-0.13560889898003414,-15.721658670838439,-4.011199908409669,-0.41326192636403997,0.21770142370788761,False
1.5849999999999362,0.2117720907745241,1.7176470588235293,1.7294117647058824,0.0331176470588253,-0.1012244796702682,-9.80004680012111,-3.657345252113377,-0.41692193169877295,0.21728633133616637,False
1.5859999999999361,0.21133595267443497,1.7176470588235293,1.7294117647058824,0.03305882352941354,-0.0703373258208903,-4.478817522460459,-3.3386807082483005,-0.42026329479784674,0.21686773827645373,False
1.586999999999936,0.21089929312389086,1.7176470588235293,1.7294117647058824,0.033000000000001785,-0.04259771088586155,0.3018877493965038,-3.051740418730998,-0.42331773801714534,0.21644594731012942,False
1.587999999999936,0.2104621132003059,1.7176470588235293,1.7176470588235293,0.033000000000001785,1.0,122.21593031107157,-2.7933608013232045,-0.4261138203191878,0.216021231077882,False
1.5889999999999358,0.21002441398237812,1.7176470588235293,1.7176470588235293,0.033000000000001785,1.0,157.16068214723515,3.6624296443022955,-0.42245410277720824,0.2155969466636729,False
1.5899999999999357,0.20958619655008667,1.7176470588235293,1.7176470588235293,0.033000000000001785,1.0,167.1088339305369,5.516697640184731,-0.4169400861459346,0.21517724912140276,False
1.5909999999999356,0.20914746198468953,1.7176470588235293,1.7176470588235293,0.033000000000001785,0.934609230123129,162.31400055798946,6.0483452725909865,-0.4108943845526042,0.21476333144437165,False
1.5919999999999355,0.20870821136872073,1.7176470588235293,1.7176470588235293,0.033000000000001785,0.8741483071108247,153.8700654100048,5.799879927053745,-0.4050971108901954,0.2143553352612481,False
1.5929999999999354,0.2082684457859874,1.7176470588235293,1.7176470588235293,0.033000000000001785,0.8197334763997499,145.06985612862715,5.358273044797073,-0.39974140910049694,0.21395291557176377,False
1.5939999999999352,0.20782816632156748,1.7176470588235293,1.7176470588235293,0.033000000000001785,0.7707601287597821,136.80380937607472,4.897750829059149,-0.39484619741618027,0.21355562134444983,False
1.5949999999999351,0.20738737406180688,1.7176470588235293,1.7176470588235293,0.033000000000001785,0.7266841158838105,129.27305083753842,4.465431155286786,-0.39038327611559365,0.21316300618858672,False
1.595999999999935,0.2069460700943164,1.7176470588235293,1.7176470588235293,0.033000000000001785,0.6870157042954356,122.465195702499,4.071960669463933,-0.38631379860608145,0.21277465723664757,False
1.596999999999935,0.20650425550796986,1.7176470588235293,1.7176470588235293,0.033000000000001785,0.6513141338658979,116.32039272632402,3.716688884427749,-0.3825995685370478,0.21239020014261817,False
1.5979999999999348,0.20606193139290085,1.7176470588235293,1.7176470588235293,0.033000000000001785,0.6191827204793133,110.79542753393386,3.3964534407824747,-0.3792055516869556,0.2120092971758092,False
1.5989999999999347,0.20561909884050014,1.7176470588235293,1.7176470588235293,0.033000000000001785,0.5902644484313869,105.81389339854545,3.1089717876762406,-0.3760989961711686,0.21163164449862074,False
1.5999999999999346,0.20517575894341306,1.7176470588235293,1.7176470588235293,0.033000000000001785,0.5642380035882529,101.335473304635,2.8502048053755193,-0.37325118903285714,0.211256969005906,False
1.6009999999999345,0.20473191279553682,1.7058823529411764,1.7176470588235293,0.03294117647059003,-0.6362446202999885,-38.74032367261795,2.618022494070774,-0.3706355471407075,0.2108850252405919,False
1.6019999999999344,0.2042875614920174,1.7058823529411764,1.7176470588235293,0.03288235294117827,-0.5520319229758794,-69.14916237488136,-4.788476496378387,-0.37542641930943077,0.21051199385894623,False
1.6029999999999343,0.20384270612924765,1.7058823529411764,1.7176470588235293,0.032823529411766514,-0.4762993189135921,-69.02821289317856,-6.392526728055895,-0.381821379460928,0.21013336955513437,False
1.6039999999999341,0.20339734780486393,1.7058823529411764,1.7176470588235293,0.03276470588235476,-0.40819879878694443,-61.02472032449837,-6.38119198483203,-0.3882050460081179,0.20974835593111493,False
1.604999999999934,0.20295148761774365,1.7058823529411764,1.7176470588235293,0.032705882352943,-0.3469671542023725,-51.55825980704206,-5.952719724395247,-0.39416027958847166,0.20935717285040673,False
1.605999999999934,0.2025051266680025,1.7058823529411764,1.7176470588235293,0.03264705882353124,-0.2919174976056688,-42.39817484620611,-5.446769662958506,-0.39960959933262064,0.2089602874869089,False
1.6069999999999338,0.20205826605699181,1.7058823529411764,1.7176470588235293,0.032588235294119486,-0.2424316301980467,-33.96909362508694,-4.956962484490968,-0.40456914495762525,0.2085581976851297,False
1.6079999999999337,0.20161090688729555,1.7058823529411764,1.7176470588235293,0.03252941176470773,-0.197953173060598,-26.34093286929857,-4.505770887840796,-0.4090775290779419,0.2081513739133823,False
1.6089999999999336,0.20116305026272807,1.7058823529411764,1.7176470588235293,0.03247058823529597,-0.15798138516630547,-19.466141163317182,-4.096899601785425,-0.4131770692992856,0.20774024617482692,False
1.6099999999999335,0.2007146972883311,1.7058823529411764,1.7176470588235293,0.032411764705884215,-0.12206559959085338,-13.284056684003327,-3.7278377002400367,-0.416907572561045,0.20732520341030747,False
1.6109999999999334,0.20026584907037107,1.7058823529411764,1.7176470588235293,0.03235294117647246,-0.0898002161023579,-7.727835715026193,-3.395380109268166,-0.42030564096945594,0.20690659635610426,False
1.6119999999999333,0.19981650671633627,1.7058823529411764,1.7176470588235293,0.0322941176470607,-0.060820194492123385,-2.7356225887552217,-3.095994231358946,-0.4234043442521623,0.2064847409125436,False
1.6129999999999332,0.19936667133493444,1.7058823529411764,1.7176470588235293,0.032235294117648944,-0.03479699857232378,1.748776657535391,-2.82641098011015,-0.4262334832478769,0.20605992154463512,False
1.613999999999933,0.19891634403608943,1.7058823529411764,1.7176470588235293,0.03217647058823719,-0.011434945773915635,5.776095411059771,-2.583660462612914,-0.4288198890802633,0.20563239440137704,False
1.614999999999933,0.1984655259309392,1.7058823529411764,1.7176470588235293,0.03211764705882543,0.009532078215240304,9.392008664646882,-2.365061373990517,-0.43118771172822007,0.2052023901411893,False
1.6159999999999328,0.1980142181318326,1.7058823529411764,1.7058823529411764,0.03211764705882543,1.0,124.93715033312053,-2.1681997509258815,-0.433358687351448,0.20477011647939788,False
1.6169999999999327,0.19756242175232677,1.7058823529411764,1.7058823529411764,0.03211764705882543,1.0,158.04858913385254,3.950722260735459,-0.4294107289666853,0.20433873130989597,False
1.6179999999999326,0.19711013790718437,1.7058823529411764,1.7058823529411764,0.03211764705882543,1.0,167.4673683298092,5.708092326103282,-0.4237053679077719,0.20391217280523713,False
1.6189999999999325,0.196657367712371,1.7058823529411764,1.7058823529411764,0.03211764705882543,0.9657771729876424,166.1228298199953,6.211829839106265,-0.4174962308025478,0.20349157155599248,False
1.6199999999999324,0.19620411228505175,1.7058823529411764,1.7058823529411764,0.03211764705882543,0.9013171027477107,158.190565381746,6.1460114129586065,-0.4113528727832141,0.20307714656087827,False
1.6209999999999323,0.19575037274358956,1.7058823529411764,1.7058823529411764,0.03211764705882543,0.8433030395317714,149.12064537931695,5.731566783190712,-0.4056239219570304,0.2026686577264999,False
1.6219999999999322,0.19529615020754154,1.7058823529411764,1.7058823529411764,0.03211764705882543,0.7910903826374255,140.40112903348134,5.256859787479514,-0.4003696435983733,0.20226566051255304,False
1.622999999999932,0.19484144579765675,1.7058823529411764,1.7058823529411764,0.03211764705882543,0.7440989914325136,132.39460449578118,4.800628212211108,-0.3955715652462636,0.2018676894823041,False
1.623999999999932,0.19438626063587303,1.7058823529411764,1.7058823529411764,0.03211764705882543,0.7018067393480922,125.1389145264014,4.382061858866931,-0.3911920244385884,0.20147430726651097,False
1.6249999999999318,0.1939305958453147,1.6941176470588235,1.7058823529411764,0.03205882352941367,-0.5133151110573078,-17.44374800527971,4.003168058008745,-0.387191351133238,0.20108511516222485,False
1.6259999999999317,0.19347445255028906,1.6941176470588235,1.7058823529411764,0.032000000000001916,-0.44227771759864154,-50.11489518213112,-3.5357524738829187,-0.39072960514136873,0.20069615426780182,False
1.6269999999999316,0.1930178318762845,1.6941176470588235,1.7058823529411764,0.03194117647059016,-0.3784028870152531,-52.031037186185486,-5.259300120413584,-0.3959914370977669,0.20030279332565384,False
1.6279999999999315,0.1925607349499671,1.6941176470588235,1.7058823529411764,0.0318823529411784,-0.32097436301961446,-45.86168333614575,-5.355560456204958,-0.401349563800999,0.19990412239845826,False
1.6289999999999314,0.19210316289917814,1.6941176470588235,1.7058823529411764,0.031823529411766645,-0.26934751495295084,-38.04630640982254,-5.023957614394889,-0.406376120867682,0.19950025912378455,False
1.6299999999999313,0.1916451168529311,1.6941176470588235,1.7058823529411764,0.03176470588235489,-0.22294217522236476,-30.36853260578979,-4.6052029101618315,-0.4109839539398395,0.1990915786488486,False
1.6309999999999312,0.19118659794140927,1.6941176470588235,1.7058823529411764,0.03170588235294313,-0.1812361929942486,-23.279402630435985,-4.19367166475509,-0.41518028382426325,0.1986784960876849,False
1.631999999999931,0.19072760729596214,1.6941176470588235,1.7058823529411764,0.031647058823531374,-0.14375963251835516,-16.853960488323327,-3.8132330969118953,-0.4189962006942784,0.1982614073988173,False
1.632999999999931,0.19026814604910372,1.6941176470588235,1.7058823529411764,0.03158823529411962,-0.11008955161946256,-11.06446692782152,-3.467862366395114,-0.42246677009896805,0.1978406754628734,False
1.6339999999999308,0.1898082153345089,1.6941176470588235,1.7058823529411764,0.03152941176470786,-0.07984530233987058,-5.858305810302132,-3.156096026806589,-0.42562559435933567,0.19741662882650887,False
1.6349999999999307,0.18934781628701106,1.6941176470588235,1.7058823529411764,0.0314705882352961,-0.052684301517649176,-1.1801466613666136,-2.87515400617261,-0.428503495927767,0.1969895638239585,False
1.6359999999999306,0.18888695004259898,1.6941176470588235,1.7058823529411764,0.031411764705884346,-0.028298224307061297,3.0217311828950044,-2.622112243401936,-0.43112837338050614,0.19655974742891127,False
1.6369999999999305,0.18842561773841454,1.6941176470588235,1.7058823529411764,0.03135294117647259,-0.006409578346943737,6.794751519879945,-2.3942373291933428,-0.43352539205154106,0.19612742008307282,False
1.6379999999999304,0.18796382051274904,1.6941176470588235,1.7058823529411764,0.03129411764706083,0.013231379487750501,10.181708811580448,-2.189022891075862,-0.4357172110529031,0.1956927983159002,False
1.6389999999999303,0.18750155950504135,1.6941176470588235,1.7058823529411764,0.031235294117649075,0.03084941800956375,13.221134760281842,-2.0042072145560437,-0.43772422791764154,0.195256077128505,False
1.6399999999999302,0.18703883585587455,1.6941176470588235,1.7058823529411764,0.031176470588237318,0.04664682914978419,15.947767744959464,-1.8377538754587974,-0.43956480387662233,0.1948174321425961,False
1.64099999999993,0.18657565070697327,1.6941176470588235,1.7058823529411764,0.03111764705882556,0.06080567564657108,18.393104014917892,-1.6878269272793693,-0.441255464324015,0.19437702153655112,False
1.64199999999993,0.18611200520120083,1.6941176470588235,1.6941176470588235,0.03111764705882556,1.0,127.6668390580986,-1.5527617604564077,-0.4428110701432114,0.19393498779559237,False
1.6429999999999298,0.18564790048255647,1.6941176470588235,1.6941176470588235,0.03111764705882556,1.0,158.97323948972635,4.234477835123621,-0.43857942180587356,0.19349429207728572,False
1.6439999999999297,0.18518333769617232,1.6941176470588235,1.6941176470588235,0.03111764705882556,1.0,167.87056940435917,5.8964736950231735,-0.4326857435096394,0.19305865902768182,False
1.6449999999999296,0.1847183179883109,1.6941176470588235,1.6941176470588235,0.03111764705882556,0.995978780262341,169.86300727631036,6.372748087951439,-0.42631575110618203,0.19262915781996143,False
1.6459999999999295,0.18425284250636217,1.6941176470588235,1.6941176470588235,0.03111764705882556,0.92749854929494,162.42158738107943,6.48360886772582,-0.4198348567011891,0.19220608206249543,False
1.6469999999999294,0.18378691239884057,1.6941176470588235,1.6941176470588235,0.03111764705882556,0.8658663414242784,153.0749698506842,6.095252575018501,-0.413742278784032,0.19178929304789374,False
1.6479999999999293,0.1833205288153825,1.6941176470588235,1.6941176470588235,0.03111764705882556,0.8103973543406823,143.88722510632246,5.6060192348819475,-0.4081388973229948,0.1913783520192157,False
1.6489999999999292,0.18285369290674278,1.6823529411764706,1.6941176470588235,0.031058823529413804,-0.41658355756397536,-0.6384233609590115,5.125123114729308,-0.403016378200665,0.19097277394654524,False
1.649999999999929,0.18238640582479274,1.6823529411764706,1.6941176470588235,0.031000000000002047,-0.3562193194546412,-35.11606961360189,-2.516391864543021,-0.40553537407987256,0.19056849763685835,False
1.650999999999929,0.18191866872251689,1.6823529411764706,1.6941176470588235,0.03094117647059029,-0.30195032868565164,-38.67555883881192,-4.335324946228305,-0.40987332725798586,0.19016079284893186,False
1.6519999999999289,0.1814504827540099,1.6823529411764706,1.6941176470588235,0.030882352941178533,-0.253167060522972,-33.98984391195272,-4.518349692504308,-0.4143943340923725,0.18974865857621367,False
1.6529999999999287,0.18098184907447423,1.6823529411764706,1.6941176470588235,0.030823529411766776,-0.20932094270597168,-27.511439055094847,-4.265071375516937,-0.41866209083222466,0.18933212991695952,False
1.6539999999999286,0.18051276884021694,1.6823529411764706,1.6941176470588235,0.03076470588235502,-0.16991826020008266,-21.037168623065305,-3.916890375298065,-0.4225816927631924,0.18891150757394268,False
1.6549999999999285,0.1800432432086467,1.6823529411764706,1.6941176470588235,0.030705882352943262,-0.13451466947419388,-15.031701521886463,-3.5688794654649687,-0.4261533077409965,0.1884871396184166,False
1.6559999999999284,0.17957327333827136,1.6823529411764706,1.6941176470588235,0.030647058823531505,-0.10271026135030524,-9.581791946826922,-3.245628155720732,-0.4294016932369774,0.18805936165895795,False
1.6569999999999283,0.17910286038869494,1.6823529411764706,1.6941176470588235,0.030588235294119748,-0.0741451175682168,-4.670261031057288,-2.9517304931757478,-0.43235620094802685,0.18762848224953044,False
1.6579999999999282,0.17863200552061456,1.6823529411764706,1.6941176470588235,0.03052941176470799,-0.04849531169374869,-0.255591921575777,-2.6862811524832613,-0.43504527743017035,0.18719478104494033,False
1.658999999999928,0.17816070989581786,1.6823529411764706,1.6941176470588235,0.030470588235296234,-0.025469309936138954,3.712059625331041,-2.4470867570340946,-0.4374951760360156,0.1867585103500104,False
1.659999999999928,0.1776889746771801,1.6823529411764706,1.6941176470588235,0.030411764705884477,-0.004804731883701584,7.273836824593638,-2.231513015613921,-0.4397295159841963,0.18631989753325098,False
1.6609999999999279,0.1772168010286607,1.6823529411764706,1.6941176470588235,0.03035294117647272,0.013734564834080518,10.470447930564585,-2.0373857110719116,-0.44176974241850675,0.18587914743096723,False
1.6619999999999278,0.17674419011530135,1.6823529411764706,1.6941176470588235,0.030294117647060963,0.03036110835067274,13.338539428780667,-1.8625533780921577,-0.4436351491458868,0.18543644450996713,False
1.6629999999999276,0.17627114310322253,1.6823529411764706,1.6941176470588235,0.030235294117649206,0.04526617398619429,15.910718745388658,-1.7050792204707694,-0.4453430932926493,0.1849919549115723,False
1.6639999999999275,0.1757976611596207,1.6823529411764706,1.6941176470588235,0.03017647058823745,0.058621909528752125,18.216915457596563,-1.563239933063883,-0.446909208784027,0.18454582828156108,False
1.6649999999999274,0.17532374545276547,1.6823529411764706,1.6941176470588235,0.03011764705882569,0.07058324798764257,20.283519098807954,-1.4354537026160163,-0.44834754782560854,0.18409819942263045,False
1.6659999999999273,0.1748493971519969,1.6823529411764706,1.6941176470588235,0.030058823529413935,0.08128962907123227,22.13472245913596,-1.320325844786787,-0.44967076802290457,0.18364918978255756,False
1.6669999999999272,0.174374617427722,1.6823529411764706,1.6941176470588235,0.030000000000002178,0.09086654851705137,23.791661646680367,-1.2165777485252351,-0.4508902484461839,0.18319890879076886,False
1.667999999999927,0.17389940745141266,1.6823529411764706,1.6823529411764706,0.030000000000002178,1.0,129.3587836537149,-1.1230923900003547,-0.45201625121017974,0.1827474550560866,False
1.668999999999927,0.17342376839560225,1.6823529411764706,1.6823529411764706,0.030000000000002178,1.0,159.59818860708413,4.46816298833717,-0.44755098207252164,0.18229767095634405,False
1.6699999999999269,0.17294770143388288,1.6823529411764706,1.6823529411764706,0.030000000000002178,1.0,168.18639061837243,6.073831543281867,-0.4414800089397263,0.18185315498335575,False
1.6709999999999268,0.17247120774090247,1.6823529411764706,1.6823529411764706,0.030000000000002178,1.0,170.55201156803747,6.533874341825239,-0.4349489521317515,0.18141494003206796,False
1.6719999999999267,0.17199428849236192,1.6823529411764706,1.6823529411764706,0.030000000000002178,0.9406723176456437,164.27692854337218,6.6646015774410765,-0.42828712565047167,0.18098332152947402,False
1.6729999999999265,0.17151694486501184,1.6705882352941177,1.6823529411764706,0.02994117647059042,-0.3004537376483319,18.928387172757265,6.338073858099233,-0.42195178556242185,0.1805582016171106,False
1.6739999999999264,0.1710391780366503,1.6705882352941177,1.6823529411764706,0.029882352941178664,-0.25282012858938413,-17.274732993089334,-1.3467328148379505,-0.4233012445436467,0.18013557464794394,False
1.6749999999999263,0.17056098918611948,1.6705882352941177,1.6823529411764706,0.029823529411766907,-0.21000870396574228,-22.670493720093607,-3.2567267059962655,-0.4265607145372685,0.1797106432117785,False
1.6759999999999262,0.17008237949330277,1.6705882352941177,1.6823529411764706,0.02976470588235515,-0.17153724533387588,-19.718956405682253,-3.5366876199794186,-0.4301001678786582,0.17928231231025682,False
1.676999999999926,0.1696033501391221,1.6705882352941177,1.6823529411764706,0.029705882352943393,-0.13697175609460743,-14.824621012710887,-3.374955727916734,-0.43347791167308336,0.17885052280641422,False
1.677999999999926,0.1691239023055348,1.6705882352941177,1.6823529411764706,0.029647058823531636,-0.10592163930867729,-9.782878918896879,-3.1103899012464,-0.43659111050553806,0.17841548782773348,False
1.6789999999999259,0.1686440371755306,1.6705882352941177,1.6823529411764706,0.02958823529411988,-0.07803535773075157,-5.06879874268895,-2.837986080920345,-0.43943192464671155,0.17797747583932905,False
1.6799999999999258,0.16816375593312904,1.6705882352941177,1.6823529411764706,0.02952941176470812,-0.052996527840029894,-0.7817150070497545,-2.5828830996898735,-0.44201765325703846,0.17753675057659488,False
1.6809999999999257,0.1676830597633764,1.6705882352941177,1.6823529411764706,0.029470588235296365,-0.03052040446779175,3.0829771977430767,-2.350339792994549,-0.4443708544660774,0.17709355584625852,False
1.6819999999999256,0.16720194985234266,1.6705882352941177,1.6823529411764706,0.029411764705884608,-0.010350716962188936,6.556607131577534,-2.140115369121295,-0.4465138457556812,0.1766481130172179,False
1.6829999999999254,0.16672042738711873,1.6705882352941177,1.6823529411764706,0.02935294117647285,0.007743178263442049,9.675083226226407,-1.95055479947166,-0.4484672897155303,0.17620062196831196,False
1.6839999999999253,0.16623849355581355,1.6705882352941177,1.6823529411764706,0.029294117647061094,0.023968860437098352,12.473102732212803,-1.779760522148019,-0.45024995149816377,0.17575126286448758,False
1.6849999999999252,0.16575614954755064,1.6705882352941177,1.6823529411764706,0.029235294117649337,0.038513150863977545,14.982348836198073,-1.6258988281265916,-0.45187876265993193,0.17530019802231797,False
1.6859999999999251,0.1652733965524661,1.6705882352941177,1.6823529411764706,0.02917647058823758,0.05154418871875718,17.231793980159175,-1.4872952726471702,-0.4533689804141561,0.17484757366397422,False
1.686999999999925,0.16479023576170487,1.6705882352941177,1.6823529411764706,0.029117647058825823,0.0632132992586473,19.24708644569554,-1.3624186474843105,-0.45473433085751314,0.17439352151995693,False
1.687999999999925,0.16430666836741822,1.6705882352941177,1.6823529411764706,0.029058823529414066,0.07365667521513669,21.051921655293008,-1.249913454757952,-0.4559871846712908,0.1739381602723638,False
1.6889999999999248,0.16382269556276063,1.6705882352941177,1.6823529411764706,0.02900000000000231,0.08299689004656552,22.667410655555614,-1.1485273694255191,-0.4571386602859524,0.17348159685872394,False
1.6899999999999247,0.163338318541887,1.6705882352941177,1.6823529411764706,0.02894117647059055,0.0913442598654398,24.11226883089062,-1.0571446674718628,-0.45819876047469826,0.17302392765595337,False
1.6909999999999246,0.1628535384999492,1.6705882352941177,1.6823529411764706,0.028882352941178795,0.09879806917301501,25.403631385554192,-0.9747762547771095,-0.4591764989767293,0.17256523953270167,False
1.6919999999999245,0.16236835663309399,1.6705882352941177,1.6823529411764706,0.028823529411767038,0.10544767402042102,26.556647962619948,-0.9005165329036735,-0.46007998398692795,0.1721056107966422,False
1.6929999999999243,0.1618827741384593,1.6705882352941177,1.6705882352941177,0.028823529411767038,1.0,130.28940592729307,-0.8335648584013037,-0.4609165231054716,0.17164511204754254,False
1.6939999999999242,0.16139679221417175,1.6705882352941177,1.6705882352941177,0.028823529411767038,1.0,159.99892500982105,4.660761252108717,-0.4562587180994992,0.17118652393340336,False
1.6949999999999241,0.16091041205934337,1.6705882352941177,1.6705882352941177,0.028823529411767038,1.0,168.43284418181975,6.238516812743804,-0.45002312089314594,0.1707333825261937,False
1.695999999999924,0.16042363487406902,1.6588235294117646,1.6705882352941177,0.028764705882355277,-0.15967989872225083,36.72057205961488,6.6905171773633905,-0.4433354813300321,0.17028670274428606,False
1.696999999999924,0.1599364618594227,1.6588235294117646,1.6705882352941177,0.028705882352943517,-0.12730014414414476,2.652670374479872,-0.272527967093845,-0.4436108739188158,0.1698432290892801,False
1.6979999999999238,0.15944889421745556,1.6588235294117646,1.6705882352941177,0.028647058823531756,-0.09821718855326078,-3.7349130125332644,-2.0692847578928406,-0.4456830330326688,0.16939858165712285,False
1.6989999999999237,0.1589609331511923,1.6588235294117646,1.6705882352941177,0.028588235294119996,-0.07210135205087669,-2.513465895277756,-2.401472316783654,-0.44808739474109655,0.1689516959621082,False
1.6999999999999236,0.15847257986462834,1.6588235294117646,1.6705882352941177,0.028529411764708235,-0.04865592272814242,0.5828396277466581,-2.3310421021466774,-0.45042134168551995,0.1685024411101795,False
1.7009999999999235,0.157983835562727,1.6588235294117646,1.6705882352941177,0.028470588235296475,-0.02761385986709306,3.937017311028455,-2.1613853675824424,-0.4525856464665594,0.1680509371299291,False
1.7019999999999234,0.15749470145141595,1.6588235294117646,1.6705882352941177,0.028411764705884714,-0.008734826821560071,7.112355003176603,-1.9780576253989541,-0.454566636924253,0.16759736049979004,False
1.7029999999999232,0.15700517873758515,1.6588235294117646,1.6705882352941177,0.028352941176472954,0.008197479390007964,10.008768898091942,-1.8041672122430197,-0.4563737492461293,0.16714188981618386,False
1.7039999999999231,0.15651526862908327,1.6588235294117646,1.6705882352941177,0.028294117647061193,0.02337773145100759,12.620167197502091,-1.6450116168595526,-0.45802171719191237,0.16668469159054541,False
1.704999999999923,0.15602497233471474,1.6588235294117646,1.6705882352941177,0.028235294117649433,0.036981134776495825,14.9652407838442,-1.5009151064725972,-0.45952559888484196,0.1662259174383522,False
1.705999999999923,0.155534291064237,1.6588235294117646,1.6705882352941177,0.028176470588237672,0.04916537424002353,17.06784858287333,-1.370890532074906,-0.4608994653919246,0.16576570441047098,False
1.7069999999999228,0.15504322602835738,1.6588235294117646,1.6705882352941177,0.028117647058825912,0.06007236622778682,18.951330252780004,-1.2536771350930191,-0.46215612710684323,0.1653041761170236,False
1.7079999999999227,0.15455177843872978,1.6588235294117646,1.6705882352941177,0.02805882352941415,0.06982983548736219,20.63737504490178,-1.148041473768544,-0.46330716105877295,0.16484144397440742,False
1.7089999999999226,0.15405994950795243,1.6588235294117646,1.6705882352941177,0.02800000000000239,0.07855273429156838,22.14456070675071,-1.0528372860081747,-0.4643629980844779,0.16437760839507515,False
1.7099999999999225,0.15356774044956434,1.6588235294117646,1.6705882352941177,0.02794117647059063,0.08634451968594234,23.49343967584178,-0.967082808367374,-0.46533308732028555,0.1639127598514821,False
1.7109999999999224,0.1530751524780424,1.6588235294117646,1.6705882352941177,0.02788235294117887,0.09329830301146716,24.698757026134615,-0.8896916835908281,-0.46622579160150185,0.16344697991008827,False
1.7119999999999223,0.15258218680879843,1.6588235294117646,1.6705882352941177,0.02782352941176711,0.09949788447502783,25.773695080324956,-0.8198847138408305,-0.4670486946161496,0.16298034216408347,False
1.7129999999999221,0.15208884465817643,1.6588235294117646,1.6705882352941177,0.02776470588235535,0.10501868426282084,26.7323171846139,-0.7569652917148679,-0.46780868349074184,0.16251291297124246,False
1.713999999999922,0.1515951272434488,1.6588235294117646,1.6705882352941177,0.02770588235294359,0.10992858054242283,27.585135032313122,-0.7001901116726262,-0.4685119020874547,0.16204475217383857,False
1.714999999999922,0.15110103578281434,1.6588235294117646,1.6705882352941177,0.027647058823531828,0.11428866366465278,28.34468333524279,-0.6490037071850512,-0.46916393883915797,0.16157591374799135,False
1.7159999999999218,0.15060657149539458,1.6588235294117646,1.6705882352941177,0.027588235294120068,0.11815391494524807,29.018625236248464,-0.6027435079080953,-0.46976971964155956,0.1611064464126505,False
1.7169999999999217,0.15011173560123103,1.6588235294117646,1.6588235294117646,0.027588235294120068,1.0,131.1407573486214,-0.5610046327672432,-0.47033376553931394,0.16063639416329029,False
1.7179999999999216,0.14961652932128203,1.6470588235294117,1.6588235294117646,0.02752941176470831,0.019298788752744357,47.04011169499775,4.84823632652728,-0.4654885510283597,0.16016848250050614,False
1.7189999999999215,0.14912095387742003,1.6470588235294117,1.6588235294117646,0.027470588235296554,0.03254538046570617,24.419822555791544,0.4045699590052196,-0.4650869909312304,0.15970319422781679,False
1.7199999999999214,0.14862501049242785,1.6470588235294117,1.6588235294117646,0.027411764705884797,0.04440848947796033,19.30907842888335,-0.786225010649955,-0.465876228567582,0.15923771211611115,False
1.7209999999999213,0.14812870038999665,1.6470588235294117,1.6588235294117646,0.02735294117647304,0.055026464059577326,19.084987327342336,-1.0505938761543878,-0.4669298415422365,0.15877130857806873,False
1.7219999999999211,0.1476320247947223,1.6470588235294117,1.6588235294117646,0.027294117647061283,0.06452381765362103,20.13297943266917,-1.056400353490222,-0.46798926806315133,0.15830384851910145,False
1.722999999999921,0.14713498493210242,1.6470588235294117,1.6588235294117646,0.027235294117649526,0.0730126123588487,21.43134448501408,-0.9948883260523508,-0.4689871893735963,0.1578353597850713,False
1.723999999999921,0.1466375820285335,1.6470588235294117,1.6588235294117646,0.02717647058823777,0.08059370406414207,22.694191632791988,-0.9201164130344205,-0.4699103451334973,0.15736591051143214,False
1.7249999999999208,0.14613981731130785,1.6470588235294117,1.6588235294117646,0.02711764705882601,0.08735786306949436,23.852404704362282,-0.8472117876504278,-0.4707606021552975,0.15689557453040784,False
1.7259999999999207,0.1456416920086102,1.6470588235294117,1.6588235294117646,0.027058823529414255,0.09338678264489982,24.89382025913778,-0.7798322290176345,-0.47154348505828064,0.15642442197850237,False
1.7269999999999206,0.1451432073495153,1.6470588235294117,1.6588235294117646,0.027000000000002498,0.09875398673335305,25.82419862063735,-0.718622124842369,-0.4722651628878448,0.1559525171453812,False
1.7279999999999205,0.14464436456398455,1.6470588235294117,1.6588235294117646,0.02694117647059074,0.10352564688354923,26.653039182623164,-0.663277455500593,-0.4729315007082661,0.1554799183036484,False
1.7289999999999204,0.14414516488286291,1.6470588235294117,1.6588235294117646,0.026882352941178984,0.107761317489314,27.39002358891032,-0.6132962981753594,-0.4735478616966979,0.15500667811178132,False
1.7299999999999203,0.14364560953787597,1.6470588235294117,1.6588235294117646,0.026823529411767227,0.11151459750509057,28.0441341118112,-0.5681670214372596,-0.47411909743127983,0.15453284412087412,False
1.7309999999999202,0.14314569976162703,1.6470588235294117,1.6588235294117646,0.02676470588235547,0.11483372598987779,28.623754925235176,-0.5274149373817957,-0.4746495848315222,0.15405845926776723,False
1.73199999999992,0.14264543678759348,1.6470588235294117,1.6588235294117646,0.026705882352943713,0.11776211809677462,29.13605531915973,-0.49059694928449943,-0.4751432577465591,0.15358356233391227,False
1.73299999999992,0.1421448218501246,1.6470588235294117,1.6588235294117646,0.026647058823531956,0.12033884746357013,29.588189944426123,-0.45733419045186735,-0.47560367118259744,0.15310818835632917,False
1.7339999999999198,0.141643856184438,1.6470588235294117,1.6588235294117646,0.0265882352941202,0.12259908036427428,29.985840085287006,-0.4272485252707898,-0.47603400203155555,0.15263236900608512,False
1.7349999999999197,0.14114254102661672,1.6470588235294117,1.6588235294117646,0.02652941176470844,0.1245744664454963,30.33429679382101,-0.40003973349751243,-0.4764371269843278,0.15215613292745273,False
1.7359999999999196,0.14064087761360597,1.6470588235294117,1.6588235294117646,0.026470588235296685,0.12629349038918442,30.639041718509276,-0.3754282063649153,-0.47681564314041314,0.15167950602780642,False
1.7369999999999195,0.14013886718321056,1.6470588235294117,1.6588235294117646,0.026411764705884928,0.1277817884090919,30.903673616893656,-0.35312421915787845,-0.4771718578901187,0.15120251176227298,False
1.7379999999999194,0.13963651097409102,1.6470588235294117,1.6588235294117646,0.02635294117647317,0.12906243309759705,31.13286195358182,-0.33293764059528136,-0.47750788850655224,0.15072517137364533,False
1.7389999999999193,0.13913381022576154,1.6470588235294117,1.6588235294117646,0.026294117647061414,0.13015618978783983,31.33024318502316,-0.3146216635287724,-0.4778256054682842,0.15024750411083818,False
1.7399999999999192,0.1386307661785862,1.6470588235294117,1.6588235294117646,0.026235294117649657,0.13108174727964672,31.498585224551483,-0.29798411339178776,-0.478126687090571,0.14976952744836763,False
1.740999999999919,0.13812738007377617,1.6352941176470588,1.6470588235294117,0.0261764705882379,0.13185592549286107,31.64078158789187,-0.28287874869142865,-0.4784126654573858,0.14929125725554826,False
1.741999999999919,0.13762365315338665,1.6352941176470588,1.6470588235294117,0.026117647058826143,0.1324938623553422,31.759414922784448,-0.2691526636257641,-0.478684919756137,0.14881270794605744,False
1.7429999999999188,0.13711958666031387,1.6352941176470588,1.6470588235294117,0.026058823529414386,0.13300918200216352,31.857027822301934,-0.2566693831935018,-0.47894469270755247,0.14833389262261712,False
1.7439999999999187,0.13661518183829155,1.6352941176470588,1.6470588235294117,0.02600000000000263,0.13341414615489094,31.93570014516194,-0.24529453646247515,-0.4791930926688763,0.14785482321240892,False
1.7449999999999186,0.13611043993188854,1.6352941176470588,1.6470588235294117,0.02594117647059087,0.13371979036293394,31.99734977450762,-0.23491822173609728,-0.47943111810234185,0.14737551058920367,False
1.7459999999999185,0.13560536218650535,1.6352941176470588,1.6470588235294117,0.025882352941179115,0.13393604662076092,32.043553734230784,-0.22543909505043838,-0.47965966613223177,0.14689596467897784,False
1.7469999999999184,0.1350999498483711,1.6352941176470588,1.6470588235294117,0.025823529411767358,0.1340718537233934,32.07588085881997,-0.21677383593558466,-0.4798795505677947,0.1464161945522402,False
1.7479999999999183,0.1345942041645405,1.6352941176470588,1.6470588235294117,0.0257647058823556,0.13413525658635087,32.095634911901826,-0.20883954723708326,-0.48009150232602493,0.1459362085071357,False
1.7489999999999182,0.13408812638289083,1.6352941176470588,1.6470588235294117,0.025705882352943844,0.13413349563360086,32.104318244205885,-0.20156734745514654,-0.48029618344684155,0.1454560141453299,False
1.749999999999918,0.1335817177521185,1.6352941176470588,1.6470588235294117,0.025647058823532087,0.13407308724671416,32.103128463764584,-0.19487783999138283,-0.4804941765774999,0.14497561844614432,False
1.750999999999918,0.13307497952173658,1.6352941176470588,1.6470588235294117,0.02558823529412033,0.13395989616910425,32.0926477800011,-0.18870774478221253,-0.48068600108868226,0.14449502783789078,False
1.7519999999999178,0.13256791294207132,1.6352941176470588,1.6470588235294117,0.025529411764708573,0.13379920066984366,32.07387981413563,-0.18302633542098226,-0.4808721456278866,0.14401424824487138,False
1.7529999999999177,0.13206051926425902,1.6352941176470588,1.6470588235294117,0.025470588235296816,0.13359575119109734,32.04777536138896,-0.1777805830251672,-0.48105304581665626,0.1435332851292534,False
1.7539999999999176,0.13155279974024323,1.6352941176470588,1.6470588235294117,0.02541176470588506,0.13335382313081384,32.01499064070858,-0.17292024838433023,-0.4812290870399211,0.14305214354270027,False
1.7549999999999175,0.13104475562277146,1.6352941176470588,1.6470588235294117,0.0253529411764733,0.13307726434714695,31.976183414814283,-0.16841067329078893,-0.48140062002674294,0.14257082816881816,False
1.7559999999999174,0.13053638816539181,1.6352941176470588,1.6470588235294117,0.025294117647061545,0.1327695379124351,31.932118645043744,-0.16421711355205784,-0.48156796076410624,0.14208934335785484,False
1.7569999999999173,0.13002769862245064,1.6352941176470588,1.6470588235294117,0.025235294117649788,0.13243376059178263,31.88320325544509,-0.16029914937730755,-0.4817313848210706,0.1416076931642797,False
1.7579999999999172,0.12951868824908877,1.6352941176470588,1.6470588235294117,0.02517647058823803,0.13207273747378362,31.829899622904886,-0.15663530097635767,-0.4818911462885921,0.14112588137773183,False
1.758999999999917,0.12900935830123872,1.6352941176470588,1.6470588235294117,0.025117647058826274,0.13168899313817273,31.7728429663638,-0.15320115147837707,-0.48204747484229077,0.14064391154596673,False
1.759999999999917,0.12849971003562166,1.6352941176470588,1.6470588235294117,0.025058823529414517,0.13128479970671114,31.71185570813238,-0.14996313635280142,-0.48220056659459376,0.14016178700384574,False
1.7609999999999169,0.12798974470974372,1.6352941176470588,1.6470588235294117,0.02500000000000276,0.13086220208898397,31.647742074931546,-0.14693069279022147,-0.48235062709642496,0.1396795108853983,False
1.7619999999999167,0.1274794635818938,1.6235294117647059,1.6470588235294117,0.024882352941179242,-1.0,-99.06825110943628,-0.144061309245381,-0.4824978193883064,0.1391970861403578,False
1.7629999999999166,0.12696886791113984,1.6235294117647059,1.6470588235294117,0.024764705882355725,-0.9417957339549958,-129.76118341480318,-7.053814083128785,-0.48955479551915587,0.13871105930717428,False
1.7639999999999165,0.1264579589573259,1.6235294117647059,1.6352941176470588,0.024705882352943968,0.3295014864993284,8.491518945978603,-8.671337267493382,-0.4982293478549312,0.1382171667012126,False
1.7649999999999164,0.12594673798106906,1.6235294117647059,1.6352941176470588,0.02464705882353221,0.3089042790258712,45.82367124091957,-1.3500386399843964,-0.49958262641087675,0.13771826017434388,False
1.7659999999999163,0.1254352062437564,1.6235294117647059,1.6352941176470588,0.024588235294120454,0.2903079687703479,54.38288624923236,0.6316527723177167,-0.49895421398726575,0.13721899121397954,False
1.7669999999999162,0.12492336500754132,1.6235294117647059,1.6352941176470588,0.024529411764708697,0.2735124660109649,54.883872934346506,1.0909841595078824,-0.4978664643318167,0.13672058033554593,False
1.767999999999916,0.12441121553534136,1.6235294117647059,1.6352941176470588,0.02447058823529694,0.2583376899981082,53.25538658528534,1.123948291646707,-0.4967457435607013,0.13622327369348355,False
1.768999999999916,0.1238987590908344,1.6235294117647059,1.6352941176470588,0.024411764705885183,0.2446215680571252,51.187326908501184,1.044230391632492,-0.495704733977486,0.13572704791773135,False
1.7699999999999159,0.12338599693845582,1.6235294117647059,1.6352941176470588,0.024352941176473426,0.23221823478082876,49.14487768757282,0.9412426618663838,-0.4947667060280662,0.13523181166177994,False
1.7709999999999158,0.12287293034339522,1.6235294117647059,1.6352941176470588,0.02429411764706167,0.2209964113027499,47.24845681629529,0.8395988679553917,-0.4939303164374667,0.13473746261552266,False
1.7719999999999156,0.1223595605715936,1.6235294117647059,1.6352941176470588,0.02423529411764991,0.2108379466430672,45.51839091061245,0.7456714747270907,-0.49318784942975924,0.13424390299838318,False
1.7729999999999155,0.1218458888897395,1.6235294117647059,1.6352941176470588,0.024176470588238155,0.20163650491994084,43.948969795048015,0.6605371038025155,-0.49253051255279645,0.13375104328390802,False
1.7739999999999154,0.12133191656526694,1.6235294117647059,1.6352941176470588,0.024117647058826398,0.1932963838397153,42.524843847876625,0.5838946824665289,-0.4919498143715001,0.13325880258759668,False
1.7749999999999153,0.12081764486635148,1.6235294117647059,1.6352941176470588,0.02405882352941464,0.18573145133810043,41.23381784179491,0.5149330191217576,-0.4914380745908875,0.13276710811082248,False
1.7759999999999152,0.12030307506190746,1.6235294117647059,1.6352941176470588,0.024000000000002884,0.17886418855723524,40.06234564822304,0.45300772290731667,-0.49098825725986306,0.13227589441308973,False
1.776999999999915,0.11978820842158468,1.6235294117647059,1.6352941176470588,0.023941176470591127,0.17262482852504477,38.99949872850205,0.3974028414996046,-0.49059404233716075,0.131785102731906,False
1.777999999999915,0.11927304621576558,1.6235294117647059,1.6352941176470588,0.02388235294117937,0.16695058096666157,38.03271848422625,0.34754083866016355,-0.4902496872792953,0.13129468033607777,False
1.7789999999999149,0.11875758971556136,1.6235294117647059,1.6352941176470588,0.023823529411767613,0.16178493463470475,37.15401884086515,0.30275786308306274,-0.48995011335974237,0.1308045799050526,False
1.7799999999999148,0.11824184019280987,1.6235294117647059,1.6352941176470588,0.023764705882355856,0.1570770294065319,36.35300549400594,0.26263192835155574,-0.48969066380730286,0.13031475898603184,False
1.7809999999999147,0.11772579892007178,1.6235294117647059,1.6352941176470588,0.0237058823529441,0.15278109117176453,35.623471553348416,0.226613574044589,-0.4894672312833904,0.12982517950827677,False
1.7819999999999145,0.11720946717062763,1.6235294117647059,1.6352941176470588,0.02364705882353234,0.14885592323106206,34.9571001342371,0.19437484080340925,-0.48927603638357114,0.12933580734442415,False
1.7829999999999144,0.11669284621847469,1.6235294117647059,1.6352941176470588,0.023588235294120585,0.14526444855501802,34.34872635348425,0.16547608528176777,-0.4891137393241568,0.12884661192670885,False
1.7839999999999143,0.11617593733832395,1.611764705882353,1.6352941176470588,0.023470588235297067,-1.0,-98.19312671921709,0.13964439206225185,-0.4889772732164035,0.12835756589070538,False
1.7849999999999142,0.11565874180559638,1.611764705882353,1.6352941176470588,0.02335294117647355,-0.9328122672586838,-128.37446865556413,-6.866620722050484,-0.4958471018961602,0.12786515316973537,False
1.785999999999914,0.1151412608964207,1.611764705882353,1.6235294117647059,0.023294117647061793,0.33617484182012736,9.754096611351187,-8.45698641343353,-0.5043073480187034,0.12736507540302638,False
1.786999999999914,0.11462349588762961,1.611764705882353,1.6235294117647059,0.023235294117650036,0.3134985341087083,46.80739139300037,-1.1421687154459086,-0.5054527999492606,0.12686019478205252,False
1.7879999999999139,0.1141054480567568,1.611764705882353,1.6235294117647059,0.02317647058823828,0.2930310336390192,55.06722828720973,0.824853028740172,-0.5046312292685102,0.1263551522202431,False
1.7889999999999138,0.11358711868203382,1.611764705882353,1.6235294117647059,0.02311764705882652,0.2745514596868871,55.285674749406134,1.2684265711289806,-0.5033660779916507,0.12585115302050792,False
1.7899999999999137,0.113068509042387,1.611764705882353,1.6235294117647059,0.023058823529414765,0.2578610196005562,53.397163916479855,1.2865214790017352,-0.50208282371112,0.12534842802489743,False
1.7909999999999136,0.11254962041743376,1.611764705882353,1.6235294117647059,0.023000000000003008,0.2427807999934464,51.09409754527661,1.1931235706844956,-0.5008929596063028,0.12484693958978514,False
1.7919999999999134,0.11203045408748037,1.611764705882353,1.6235294117647059,0.02294117647059125,0.22914977881763568,48.8410062230275,1.0777776004920052,-0.4998184344392014,0.12434658335050167,False
1.7929999999999133,0.11151101133351814,1.611764705882353,1.6235294117647059,0.022882352941179494,0.21682303622999421,46.754496532050474,0.9650629280363471,-0.49885661764857137,0.12384724528326668,False
1.7939999999999132,0.11099129343722045,1.611764705882353,1.6235294117647059,0.022823529411767737,0.205670144371705,44.85335485204894,0.861150503718465,-0.4979987076790999,0.12334881708036433,False
1.794999999999913,0.11047130168093948,1.611764705882353,1.6235294117647059,0.02276470588235598,0.1955737181698328,43.12887193723232,0.7670355814774952,-0.497234907660157,0.12285119973330176,False
1.795999999999913,0.10995103734770342,1.611764705882353,1.6235294117647059,0.022705882352944223,0.18642811105873594,41.5669702082255,0.6822585231824712,-0.4965558802976796,0.12235430380067881,False
1.796999999999913,0.10943050172121246,1.611764705882353,1.6235294117647059,0.022647058823532466,0.178138241129337,40.15126400814144,0.6060755408363129,-0.49595303202823837,0.12185804880653375,False
1.7979999999999128,0.10890969608583667,1.611764705882353,1.6235294117647059,0.02258823529412071,0.17061853466346613,38.86755730920096,0.5376206223081763,-0.49541863524851976,0.12136236243549707,False
1.7989999999999127,0.10838862172661218,1.611764705882353,1.6235294117647059,0.02252941176470895,0.16379197531477052,37.70248785948279,0.47614351128291393,-0.4949457125646249,0.1208671797247058,False
1.7999999999999126,0.10786727992923817,1.611764705882353,1.6235294117647059,0.022470588235297195,0.1575892483715326,36.644127408144236,0.42093797977112607,-0.49452799276841836,0.12037244233560514,False
1.8009999999999124,0.1073456719800737,1.611764705882353,1.6235294117647059,0.022411764705885438,0.1519479705932067,35.68268045239423,0.3713735941347791,-0.4941598350474285,0.11987809788565709,False
1.8019999999999123,0.10682379916613471,1.611764705882353,1.6235294117647059,0.02235294117647368,0.14681199706330145,34.807987606396765,0.3269326925836884,-0.4938361162166,0.11938409937432819,False
1.8029999999999122,0.10630166277509015,1.611764705882353,1.6235294117647059,0.022294117647061924,0.14213079735697495,34.01147511827891,0.28707829758750986,-0.4935522500374751,0.11889040465580199,False
1.8039999999999121,0.10577926409525984,1.611764705882353,1.6235294117647059,0.022235294117650167,0.13785889409186933,33.28523198972313,0.2513572694284664,-0.4933041033835013,0.11839697594394925,False
1.804999999999912,0.10525660441561056,1.6,1.6235294117647059,0.02211764705882665,-1.0,-98.43517388670723,0.21935148310951857,-0.49308796122809856,0.11790377937672157,False
1.805999999999912,0.10473368502575316,1.6,1.6235294117647059,0.02200000000000313,-0.9413813546091279,-129.37311183832307,-6.7433906501951855,-0.49983459019687304,0.1174073175625142,False
1.8069999999999118,0.1042105072159392,1.6,1.6235294117647059,0.021882352941179614,-0.8499491015011631,-127.55937242701214,-8.373727400619117,-0.5082116070917397,0.1169032939171407,False
1.8079999999999117,0.10368707227705812,1.6,1.611764705882353,0.021823529411767857,0.4092811027666032,18.624883610049856,-8.27109461446963,-0.5164860454766873,0.11639094453506295,False
1.8089999999999116,0.10316338150063326,1.6,1.611764705882353,0.0217647058823561,0.37782358072524364,56.96651091568701,-0.5298944395252635,-0.5170193041555584,0.11587419129964224,False
1.8099999999999115,0.10263943617881972,1.6,1.611764705882353,0.021705882352944343,0.34945298735860786,64.67196549177062,1.5054467253083232,-0.5155172165101252,0.11535792247919668,False
1.8109999999999113,0.1021152376044005,1.6,1.611764705882353,0.021647058823532586,0.3238606297992237,63.897373707725784,1.9198346534044703,-0.513600729559862,0.11484336294787005,False
1.8119999999999112,0.10159078707078348,1.6,1.611764705882353,0.02158823529412083,0.3007686844663659,60.97749948681688,1.8855268879696372,-0.5117185382448752,0.11433070275770389,False
1.8129999999999111,0.10106608587199817,1.6,1.611764705882353,0.021529411764709072,0.27992711013738186,57.703603887772424,1.7376910715165235,-0.5099841713292124,0.11381985084858255,False
1.813999999999911,0.10054113530269282,1.6,1.611764705882353,0.021470588235297315,0.26111086971188424,54.56491375055921,1.571103200672238,-0.5084163819083022,0.11331065001938889,False
1.814999999999911,0.10001593665813047,1.6,1.611764705882353,0.021411764705885558,0.2441174297995245,51.678023444656496,1.4116499296481821,-0.5070080364333646,0.11280293725922609,False
1.8159999999999108,0.0994904912341867,1.6,1.611764705882353,0.0213529411764738,0.22876451034898868,49.05754527978449,1.2655021429208346,-0.5057458303981613,0.11229655977623591,False
1.8169999999999107,0.09896480032734586,1.6,1.611764705882353,0.021294117647062044,0.21488805931409463,46.68160610600754,1.1334347712642996,-0.504615684275912,0.11179137847059138,False
1.8179999999999106,0.09843886523469804,1.6,1.611764705882353,0.021235294117650287,0.20234042985327802,44.533721645931784,1.0142921583185267,-0.5036046741097339,0.11128726774422207,False
1.8189999999999105,0.09791268725393588,1.6,1.611764705882353,0.02117647058823853,0.19098873980913122,42.59247514598367,0.9072036056703561,-0.5027007465609566,0.11078411448771874,False
1.8199999999999104,0.09738626768335101,1.6,1.611764705882353,0.021117647058826773,0.18071339523998725,40.83502152938303,0.8110372928905563,-0.5018929800379168,0.11028181707914983,False
1.8209999999999102,0.0968596078218315,1.6,1.611764705882353,0.021058823529415016,0.17140676159834586,39.24360986984184,0.7245856941965232,-0.5011716604089903,0.10978028421445662,False
1.8219999999999101,0.09633270896885826,1.6,1.611764705882353,0.02100000000000326,0.16297196779145662,37.80106509384464,0.6469106903994354,-0.5005280116026729,0.10927943383469191,False
1.82299999999991,0.09580557242450174,1.6,1.611764705882353,0.020941176470591502,0.15532182983584447,36.495139868550886,0.5771045219648796,-0.49995416525388825,0.1087791922031358,False
1.82399999999991,0.09527819948941904,1.6,1.611764705882353,0.020882352941179745,0.1483778821463817,35.30831902858629,0.5145200534474637,-0.4994429000846635,0.10827949312789814,False
1.8249999999999098,0.09475059146485058,1.6,1.611764705882353,0.020823529411767988,0.14206950569645344,34.23169520011307,0.45823134542100225,-0.4989879207135227,0.10778027717542583,False
1.8259999999999097,0.0942227496526164,1.588235294117647,1.611764705882353,0.02070588235294447,-1.0,-98.07917966656777,0.40776780990521316,-0.4985834023080828,0.10728149097227921,False
1.8269999999999096,0.09369467535511386,1.588235294117647,1.611764705882353,0.020588235294120953,-0.940653112150611,-129.10951228662248,-6.586137147420602,-0.5051728167802458,0.10677961231771176,False
1.8279999999999095,0.09316636987531378,1.588235294117647,1.611764705882353,0.020470588235297436,-0.8507054479943801,-127.49134922284357,-8.221285999879544,-0.5133974303243386,0.10627032664106242,False
1.8289999999999094,0.09263783451675744,1.588235294117647,1.611764705882353,0.020352941176473918,-0.769870197312595,-117.55891744946628,-8.128926380848165,-0.5215297376272507,0.10575286249507679,False
1.8299999999999093,0.09210907058355329,1.588235294117647,1.6,0.020294117647062158,0.4798227047716097,29.843133228567766,-7.596563644479053,-0.5291297330662598,0.10522753218914528,False
1.8309999999999091,0.09158007938037392,1.588235294117647,1.6,0.020235294117650397,0.4397816107650446,67.53296137463613,0.2092372445692388,-0.5289239434238043,0.10469850477626792,False
1.831999999999909,0.09105086221245223,1.588235294117647,1.6,0.020176470588238637,0.4036858026297238,74.1500014663611,2.2102512164321135,-0.5267171299647903,0.10417068366621975,False
1.832999999999909,0.09052142038557913,1.588235294117647,1.6,0.020117647058826876,0.37114075177852285,72.24513499046698,2.567202178712153,-0.5241533497972879,0.10364524785554446,False
1.8339999999999088,0.0899917552060997,1.588235294117647,1.6,0.020058823529415116,0.34179138248302987,68.26813742496093,2.4732345593936875,-0.5216835211319825,0.10312232885198869,False
1.8349999999999087,0.08946186798091012,1.588235294117647,1.6,0.020000000000003355,0.3153181265876741,64.03408362570288,2.269601908267404,-0.5194173100861631,0.10260177787083051,False
1.8359999999999086,0.08893176001745443,1.588235294117647,1.6,0.019941176470591595,0.29143337275244185,60.0241045052703,2.0523408833951837,-0.5173683464168799,0.10208338447934388,False
1.8369999999999085,0.0884014326237215,1.588235294117647,1.6,0.019882352941179834,0.26987827077132076,56.35734843050963,1.8469104228043598,-0.5155248009216885,0.10156693734452434,False
1.8379999999999084,0.08787088710824113,1.588235294117647,1.6,0.019823529411768074,0.25041985545889994,53.028453314198295,1.6596171102269537,-0.5138685377101915,0.10105224011593013,False
1.8389999999999083,0.08734012478008184,1.588235294117647,1.6,0.019764705882356313,0.2328484581483091,50.016949429804434,1.4901795630835373,-0.5123817021578302,0.10053911443839646,False
1.8399999999999082,0.08680914694884684,1.588235294117647,1.6,0.019705882352944553,0.21697537703936554,47.29848740385766,1.3375168423915313,-0.5110475204675627,0.10002739927098812,False
1.840999999999908,0.0862779549246712,1.588235294117647,1.6,0.019647058823532793,0.20263078051190433,44.840482332756864,1.2003425307590214,-0.5098505051561815,0.09951694970342752,False
1.841999999999908,0.08574655001821845,1.588235294117647,1.6,0.019588235294121032,0.18966182010777735,42.62062634843897,1.0769342862170752,-0.5087768909891432,0.0990076354518118,False
1.8429999999999078,0.08521493354067747,1.588235294117647,1.6,0.01952941176470927,0.17793093221465112,40.612822864874765,0.9661133437012274,-0.5078140914125054,0.09849933940814663,False
1.8439999999999077,0.0846831068037588,1.588235294117647,1.6,0.01947058823529751,0.16731430958142574,38.794553804322504,0.8665003257592706,-0.5069508991738505,0.09799195636135376,False
1.8449999999999076,0.08415107111969218,1.588235294117647,1.6,0.01941176470588575,0.15770052568211093,37.15065234350221,0.7769050523492057,-0.5061772971330263,0.09748539171256274,False
1.8459999999999075,0.08361882780122279,1.588235294117647,1.6,0.01935294117647399,0.1489892966433158,35.66018291490615,0.6965261662777699,-0.5054840694453513,0.09697956047940595,False
1.8469999999999074,0.08308637816160812,1.576470588235294,1.6,0.019235294117650473,-1.0,-97.57247492225831,0.6242569786918588,-0.5048631068998108,0.09647438634205308,False
1.8479999999999073,0.08255372351461468,1.576470588235294,1.6,0.019117647058826955,-0.9378421991306906,-128.54021192369768,-6.418330613033729,-0.511284758683086,0.09596631185690128,False
1.8489999999999072,0.08202086517451505,1.576470588235294,1.6,0.019000000000003438,-0.8496462145117456,-127.11404601053307,-8.050081677842739,-0.5193382106823222,0.09545099981196224,False
1.849999999999907,0.08148780445608392,1.576470588235294,1.6,0.01888235294117992,-0.7703874754135177,-117.42188175372021,-7.967796617777265,-0.5273094299699378,0.09492767542264033,False
1.850999999999907,0.08095454267459574,1.576470588235294,1.6,0.018764705882356403,-0.6991722572839353,-106.29311959490474,-7.44806431897607,-0.5347609668749239,0.09439663964680874,False
1.8519999999999068,0.08042108114582099,1.576470588235294,1.588235294117647,0.018705882352944646,0.5418626155033089,40.43986631704283,-6.852229266688677,-0.5416167149286316,0.09385845022068982,False
1.8529999999999067,0.07988742118602292,1.576470588235294,1.588235294117647,0.01864705882353289,0.4940292951294576,77.02440769918879,0.9183381652311314,-0.5407019066605583,0.09331729032141814,False
1.8539999999999066,0.07935356411195445,1.576470588235294,1.588235294117647,0.018588235294121132,0.45092048326357903,82.5013824073283,2.861029664362273,-0.5378443926516511,0.09277801658530638,False
1.8549999999999065,0.07881951124085498,1.576470588235294,1.588235294117647,0.018529411764709375,0.412063729054876,79.53871907450518,3.1578098884878836,-0.5346900786568187,0.09224174876643623,False
1.8559999999999064,0.0782852638904466,1.576470588235294,1.588235294117647,0.018470588235297618,0.3770338267376311,74.58986487809439,3.0080168752931185,-0.5316855379153779,0.09170856037825456,False
1.8569999999999063,0.07775082337893167,1.576470588235294,1.588235294117647,0.01841176470588586,0.3454480911226986,69.47884769718993,2.7530991411828123,-0.5289358965791405,0.09117824908421261,False
1.8579999999999062,0.07721619102498904,1.576470588235294,1.588235294117647,0.018352941176474104,0.31696210553984705,64.67788837067923,2.489567679414749,-0.5264497700731734,0.09065055567691137,False
1.858999999999906,0.07668136814777089,1.576470588235294,1.588235294117647,0.018294117647062347,0.2912658949858687,60.29497129645073,2.2424105810974853,-0.524210785679306,0.09012522482760246,False
1.859999999999906,0.07614635606689951,1.576470588235294,1.588235294117647,0.01823529411765059,0.26808048195787626,56.32880673953461,2.01734427593916,-0.5221968541182692,0.08960202043855711,False
1.8609999999999058,0.07561115610246416,1.576470588235294,1.588235294117647,0.018176470588238833,0.24715478670327096,52.74109315149932,1.814303313693588,-0.5203859514174562,0.08908072846869644,False
1.8619999999999057,0.07507576957501727,1.576470588235294,1.588235294117647,0.018117647058827076,0.22826283744471418,49.50248619323926,1.6312637097750518,-0.5187580774541719,0.088561155889012,False
1.8629999999999056,0.07454019780557201,1.576470588235294,1.588235294117647,0.01805882352941532,0.2112012595826011,46.578280684154464,1.4666751467224584,-0.5172947822996209,0.08804312889554199,False
1.8639999999999055,0.07400444211559849,1.576470588235294,1.588235294117647,0.018000000000003562,0.19578701597728745,43.93713445782805,1.318703441482893,-0.5159794500958217,0.08752649121723699,False
1.8649999999999054,0.07346850382702062,1.576470588235294,1.588235294117647,0.017941176470591805,0.18185537320309325,41.55044076922977,1.1856921392219124,-0.5147971213385595,0.08701110237074587,False
1.8659999999999053,0.07293238426221284,1.576470588235294,1.588235294117647,0.017882352941180048,0.16925807117690653,39.394948994706986,1.0661288766526906,-0.5137342816974606,0.08649683668059685,False
1.8669999999999052,0.07239608474399703,1.576470588235294,1.588235294117647,0.01782352941176829,0.15786167582392663,37.441350380720294,0.9587854584461737,-0.5127218639128619,0.08598360863354128,False
1.867999999999905,0.07185960659563866,1.5647058823529412,1.588235294117647,0.017705882352944773,-1.0,-96.95395829354472,0.8621119088815418,-0.5118114057558352,0.08547134200963746,False
1.868999999999905,0.07132295114084436,1.5647058823529412,1.588235294117647,0.017588235294121256,-0.9335614543473358,-127.81854488350463,-6.24191606663497,-0.5145012878138898,0.08495818568853605,False
1.8699999999999048,0.07078611970375812,1.5647058823529412,1.588235294117647,0.01747058823529774,-0.8473229559714315,-126.60405191843894,-7.868166738851997,-0.5215563766216534,0.08444015686779806,False
1.8709999999999047,0.07024911360895816,1.5647058823529412,1.588235294117647,0.01735294117647422,-0.7698259544919401,-117.17863036781091,-7.797046654087728,-0.529388902993644,0.08391468425453466,False
1.8719999999999046,0.06971193418145363,1.5647058823529412,1.588235294117647,0.017235294117650703,-0.7001963002192207,-106.30909514589769,-7.291392594137476,-0.5369332289013392,0.08338152320185452,False
1.8729999999999045,0.0691745827466815,1.5647058823529412,1.576470588235294,0.017176470588238946,0.5394115650968246,40.18773183257921,-6.70923730462207,-0.5439334063706851,0.08284108991130819,False
1.8739999999999044,0.06863706063050276,1.5647058823529412,1.576470588235294,0.01711764705882719,0.490293937998916,76.61345447337054,1.0488954315111483,-0.546763737756011,0.0822957413547399,False
1.8749999999999043,0.06809936915919991,1.5647058823529412,1.576470588235294,0.017058823529415432,0.44602925008138605,81.92446195416672,2.98327465950608,-0.5447474707027596,0.08174998577677454,False
1.8759999999999042,0.06756150965947322,1.5647058823529412,1.576470588235294,0.017000000000003675,0.40613220742619666,78.79363104189909,3.2713710846683743,-0.5416203487264258,0.08120680188380157,False
1.876999999999904,0.06702348345843753,1.5647058823529412,1.576470588235294,0.01694117647059192,0.3701660455071142,73.68913146118705,3.1127762206365013,-0.5384280618018348,0.0806667777025012,False
1.877999999999904,0.06648529188361918,1.5647058823529412,1.576470588235294,0.01688235294118016,0.3377376762505277,68.42609342644826,2.849716785838707,-0.5354470399456214,0.08012984016967954,False
1.8789999999999039,0.06594693626295205,1.5647058823529412,1.576470588235294,0.016823529411768404,0.30849332039018784,63.49307025839644,2.5782321912720008,-0.5327328358473478,0.07959575025329205,False
1.8799999999999037,0.06540841792477528,1.5647058823529412,1.576470588235294,0.016764705882356647,0.2821145765864698,58.990587681250666,2.324174802902439,-0.5302818653769719,0.07906424292224737,False
1.8809999999999036,0.06486973819782935,1.5647058823529412,1.576470588235294,0.01670588235294489,0.2583148836337115,54.91341430589326,2.0928671077708283,-0.5280731139391572,0.07853506545169071,False
1.8819999999999035,0.06433089841125293,1.5647058823529412,1.576470588235294,0.016647058823533133,0.2368363364468171,51.22973804586914,1.8840344911224303,-0.5260848891115915,0.07800798647132959,False
1.8829999999999034,0.06379189989457962,1.5647058823529412,1.576470588235294,0.016588235294121376,0.21744682044920013,47.90539793921306,1.6959975849515765,-0.5242946569969364,0.07748279671512535,False
1.8839999999999033,0.06325274397773484,1.5647058823529412,1.576470588235294,0.01652941176470962,0.1999374325219329,44.900884080211114,1.5269503644890838,-0.522683387129463,0.07695930771576426,False
1.8849999999999032,0.06271343199103191,1.5647058823529412,1.576470588235294,0.016470588235297862,0.18412015985798041,42.187807880355315,1.3748054774533993,-0.5212323217414018,0.07643734987618643,False
1.885999999999903,0.062173965265169696,1.5647058823529412,1.576470588235294,0.016411764705886105,0.16982579093101122,39.73695302826977,1.2380623911654014,-0.5199260567521343,0.07591677071098939,False
1.886999999999903,0.06163434513122873,1.5647058823529412,1.576470588235294,0.01635294117647435,0.15690203536732703,37.521195788403105,1.1151771239336747,-0.5187492903873152,0.07539743305063985,False
1.8879999999999029,0.061094572920668035,1.5647058823529412,1.576470588235294,0.01629411764706259,0.14521183183059944,35.518011178139794,1.00471666371501,-0.5176894663319278,0.07487921369737403,False
1.8889999999999028,0.060554649965321894,1.5529411764705883,1.576470588235294,0.016176470588239074,-1.0,-97.43053103985169,0.9054897408213497,-0.5167342668974214,0.07436200184277769,False
1.8899999999999026,0.06001457759739668,1.5529411764705883,1.576470588235294,0.016058823529415556,-0.9467137103348715,-129.40096937219644,-6.121920945960198,-0.5193425513490642,0.07384396345944699,False
1.8909999999999025,0.059474357149466965,1.5529411764705883,1.576470588235294,0.01594117647059204,-0.8606893981249195,-128.53053204411611,-7.80661297975063,-0.5263067756401435,0.0733211388077264,False
1.8919999999999024,0.05893398995447315,1.5529411764705883,1.576470588235294,0.01582352941176852,-0.7833851641947852,-119.2266311187416,-7.753628408452796,-0.5340869061141378,0.07279094199430494,False
1.8929999999999023,0.05839347734571758,1.5529411764705883,1.576470588235294,0.015705882352945004,-0.7139290007164869,-108.41177985430626,-7.254336927892231,-0.5415909064598451,0.07225310310078221,False
1.8939999999999022,0.057852820656861384,1.5529411764705883,1.5647058823529412,0.015647058823533247,0.5255227228845792,38.04992103530617,-6.675008064029945,-0.5485555267813633,0.07170802991297974,False
1.894999999999902,0.057312021221921194,1.5529411764705883,1.5647058823529412,0.015588235294121488,0.47626456824318963,74.44867761840285,1.0813325760425379,-0.5513524448875339,0.0711580759413692,False
1.895999999999902,0.056771080375266014,1.5529411764705883,1.5647058823529412,0.01552941176470973,0.43187340553652653,79.73675751130638,3.0143507289873543,-0.5493044939421784,0.07060774750066968,False
1.8969999999999019,0.0562299994516133,1.5529411764705883,1.5647058823529412,0.01547058823529797,0.3918625355711175,76.5875224737143,3.30129980134049,-0.546146805942274,0.07006002186555003,False
1.8979999999999018,0.0556887797860266,1.5529411764705883,1.5647058823529412,0.015411764705886212,0.35579392907283713,71.46211454102293,3.1417957091449535,-0.5429250984222763,0.06951548594031513,False
1.8989999999999017,0.05514742271391163,1.5529411764705883,1.5647058823529412,0.015352941176474453,0.3232733596949727,66.18698139608144,2.8776949394022395,-0.5399155352763184,0.06897406563913122,False
1.8999999999999015,0.05460592957101317,1.5529411764705883,1.5647058823529412,0.015294117647062695,0.2939460237254825,61.23976279384487,2.6056340735451675,-0.5371736720199985,0.06843552106032279,False
1.9009999999999014,0.0540643016934117,1.5529411764705883,1.5647058823529412,0.015235294117650936,0.26749259782352924,56.72401704336532,2.3508894897593744,-0.5346956245239497,0.0678995864289589,False
1.9019999999999013,0.053522540417520324,1.5529411764705883,1.5647058823529412,0.015176470588239177,0.2436256909823593,52.634905473506514,2.118943170930715,-0.5324604841402633,0.06736600839720715,False
1.9029999999999012,0.052980647080080844,1.5529411764705883,1.5647058823529412,0.015117647058827418,0.2220866512958944,48.93983052162074,1.9095416324705172,-0.5304464736998705,0.06683455493672798,False
1.903999999999901,0.05243862301816134,1.5529411764705883,1.5647058823529412,0.01505882352941566,0.202642692048664,45.60196936110524,1.720964315890085,-0.5286309864391564,0.06630501622692656,False
1.904999999999901,0.05189646956915231,1.5529411764705883,1.5647058823529412,0.0150000000000039,0.18508430519674468,42.59114287451268,1.551263353041356,-0.5269951068404745,0.06577720320041344,False
1.9059999999999009,0.051354188070763494,1.5529411764705883,1.5647058823529412,0.014941176470592142,0.16922293350060527,39.86929685993263,1.398846613619786,-0.5255198229290892,0.06525094575353838,False
1.9069999999999008,0.050811779861020576,1.5529411764705883,1.5647058823529412,0.014882352941180383,0.154888875444668,37.41037710525942,1.2617003545711873,-0.5241897704930885,0.06472609097864956,False
1.9079999999999007,0.05026924627826206,1.5529411764705883,1.5647058823529412,0.014823529411768625,0.1419293996649125,35.18810464553205,1.1384497379018905,-0.5229894870374846,0.06420250136580294,False
1.9089999999999006,0.049726588661135315,1.5411764705882354,1.5647058823529412,0.014705882352945109,-1.0,-97.44566833555379,1.0277048811768226,-0.5219066030370506,0.06368005334415469,False
1.9099999999999004,0.049183808348594225,1.5411764705882354,1.5647058823529412,0.014588235294121593,-0.9521665980361362,-129.9579746305654,-5.982980463258401,-0.5243840658848683,0.06315690802380855,False
1.9109999999999003,0.048640906679895256,1.5411764705882354,1.5647058823529412,0.014470588235298077,-0.8670675852913514,-129.35162343086802,-7.696271288738562,-0.531223844338349,0.06262910409405374,False
1.9119999999999002,0.048097884994594296,1.5411764705882354,1.5647058823529412,0.014352941176474562,-0.7905961208798679,-120.22155434131915,-7.657191530460017,-0.5389004424271253,0.062094041964464226,False
1.9129999999999001,0.04755474463254339,1.5411764705882354,1.5647058823529412,0.014235294117651046,-0.7218894499683552,-109.54536523825301,-7.167028949734401,-0.5463126573012799,0.061551435442575804,False
1.9139999999999,0.04701148693388753,1.5411764705882354,1.5647058823529412,0.01411764705882753,-0.6601710932068166,-99.2414743613698,-6.594971071714018,-0.5531935774808776,0.0610016823391852,False
1.9149999999999,0.046468113239060777,1.5411764705882354,1.5529411764705883,0.014058823529415771,0.5723166043491661,46.2593305192241,-6.0425225161786145,-0.5595123708851052,0.060445329395076124,False
1.9159999999998998,0.04592462488878388,1.5411764705882354,1.5529411764705883,0.014000000000004013,0.5167908262672007,81.6487757406921,1.663121731458543,-0.5617020539379024,0.05988472219723809,False
1.9169999999998997,0.04538102322406029,1.5411764705882354,1.5529411764705883,0.013941176470592254,0.4667588024640195,85.99006304836291,3.5428758536859366,-0.5590990405573132,0.059324321680671366,False
1.9179999999998996,0.04483730958617309,1.5411764705882354,1.5529411764705883,0.013882352941180495,0.4216711575117443,81.96524974279825,3.779860933557944,-0.5554377203247981,0.05876705331451344,False
1.9189999999998995,0.04429348531668163,1.5411764705882354,1.5529411764705883,0.013823529411768736,0.3810334535252843,76.05700343189423,3.574154289423125,-0.5517606355236501,0.05821345416611771,False
1.9199999999998993,0.043749551757418396,1.5411764705882354,1.5529411764705883,0.013764705882356978,0.34440069640805804,70.07431110784798,3.2687529751852953,-0.5483392898113669,0.05766340421780707,False
1.9209999999998992,0.04320551025048506,1.5411764705882354,1.5529411764705883,0.013705882352945219,0.31137239147314233,64.4941232503814,2.959367658781678,-0.5452250960259603,0.05711662205282648,False
1.9219999999998991,0.042661362138250114,1.5411764705882354,1.5529411764705883,0.01364705882353346,0.281588093502306,59.40376222652834,2.671242526609045,-0.5424099503038867,0.05657280454464783,False
1.922999999999899,0.04211710876334493,1.5411764705882354,1.5529411764705883,0.013588235294121702,0.2547234017991413,54.80043531663003,2.408996608914553,-0.5398696507647678,0.05603166477017639,False
1.923999999999899,0.041572751468660615,1.5411764705882354,1.5529411764705883,0.013529411764709943,0.23048635573688095,50.640546756916116,2.17248934369951,-0.537579107492495,0.0554929404071359,False
1.9249999999998988,0.04102829159734467,1.5411764705882354,1.5529411764705883,0.013470588235298184,0.20861419075143467,46.88633892557718,1.9594150930350582,-0.535512941218018,0.05495639440674966,False
1.9259999999998987,0.04048373049279787,1.5411764705882354,1.5529411764705883,0.013411764705886425,0.18887041873512103,43.49803049235119,1.7677791010356383,-0.5336495707144282,0.054421813168331785,False
1.9269999999998986,0.03993906949867029,1.5411764705882354,1.5529411764705883,0.013352941176474667,0.17104220039102683,40.438859884824545,1.5954808642826668,-0.5319677069842529,0.053889004551218984,False
1.9279999999998985,0.03939430995885895,1.5411764705882354,1.5529411764705883,0.013294117647062908,0.15493798035192993,37.67588372501381,1.440574183735241,-0.5304499178989723,0.053357795758015775,False
1.9289999999998984,0.03884945321750386,1.5411764705882354,1.5529411764705883,0.013235294117651149,0.14038535878733097,35.18157623197151,1.3013226220056935,-0.5290787316152467,0.052828031452726375,False
1.9299999999998982,0.03830450061898487,1.5294117647058822,1.5529411764705883,0.013117647058827632,-1.0,-97.35646501961729,1.1762667225131802,-0.5278401714662398,0.052299572022203845,False
1.9309999999998981,0.03775945350791848,1.5294117647058822,1.5529411764705883,0.013000000000004114,-0.9564349182058205,-130.33661923105015,-5.829271211800855,-0.5301664464972144,0.05177056873051803,False
1.931999999999898,0.03721431322915398,1.5294117647058822,1.5529411764705883,0.012882352941180597,-0.8724973087381851,-130.00151895084633,-7.567237223373959,-0.5368649163255969,0.051237053072481165,False
1.932999999999898,0.036669081127770946,1.5294117647058822,1.5529411764705883,0.01276470588235708,-0.7970711072761354,-121.07192611253053,-7.542430820351704,-0.544419543751071,0.05069641085894313,False
1.9339999999998978,0.036123758549075395,1.5294117647058822,1.5529411764705883,0.012647058823533562,-0.7293051730191137,-110.56308196881895,-7.062799472199304,-0.5517223460898432,0.050148339940569775,False
1.9349999999998977,0.03557834683859658,1.5294117647058822,1.5411764705882354,0.012588235294121803,0.5086253442828038,35.632254738888754,-6.499521113469076,-0.5585033359002358,0.049593227115646094,False
1.9359999999998976,0.03503284734208367,1.5294117647058822,1.5411764705882354,0.012529411764710044,0.45799810397218,71.79391154078215,1.2428663953563293,-0.5611318069683323,0.04903340957353187,False
1.9369999999998975,0.03448726140550263,1.5294117647058822,1.5411764705882354,0.012470588235298286,0.4123747641632064,76.86914063172526,3.1634751504688987,-0.5589285206877004,0.048473379424982366,False
1.9379999999998974,0.03394159037503218,1.5294117647058822,1.5411764705882354,0.012411764705886527,0.37125493480571786,73.52312574688291,3.4392979795883,-0.5556272207761127,0.04791610158412899,False
1.9389999999998973,0.033395835597061524,1.5294117647058822,1.5411764705882354,0.012352941176474768,0.3341882648545659,68.22686239340987,3.2695143124246404,-0.5522727610273271,0.04736215160726686,False
1.9399999999998971,0.0328499984181863,1.5294117647058822,1.5411764705882354,0.01229411764706301,0.300769438369117,62.79543696617196,2.9965046778910938,-0.5491397746322145,0.04681144536906635,False
1.940999999999897,0.03230408018520551,1.5294117647058822,1.5411764705882354,0.01223529411765125,0.2706336710028009,57.709420697050334,2.7163038110576068,-0.5462833806459644,0.04626373380480466,False
1.941999999999897,0.03175808224511812,1.5294117647058822,1.5411764705882354,0.012176470588239492,0.24345265684370426,53.07135405467184,2.454342350671909,-0.5436980170124912,0.04571874313493146,False
1.9429999999998968,0.03121200594511992,1.5294117647058822,1.5411764705882354,0.012117647058827733,0.21893092057110528,48.86836655947052,2.2160511129492284,-0.5413628924851089,0.04517621269351339,False
1.9439999999998967,0.03066585263259959,1.5294117647058822,1.5411764705882354,0.012058823529415974,0.19680253439635406,45.06992821300605,2.000747960584178,-0.5392543925669729,0.04463590407887849,False
1.9449999999998966,0.03011962365513629,1.5294117647058822,1.5411764705882354,0.012000000000004216,0.17682816330966603,41.64146010519586,1.8068261996345305,-0.53735073406276,0.0440976015294071,False
1.9459999999998965,0.029573320360495727,1.5294117647058822,1.5411764705882354,0.011941176470592457,0.15879240580223491,38.548125081372916,1.6324524500008915,-0.5356309418678499,0.04356111071790615,False
1.9469999999998964,0.02902694409662697,1.5294117647058822,1.5411764705882354,0.011882352941180698,0.1425014005161349,35.75334236803916,1.4757917518784498,-0.5340769958078525,0.04302625676390673,False
1.9479999999998963,0.028480496211659136,1.5294117647058822,1.5411764705882354,0.01182352941176894,0.12778067222923303,33.2260878179807,1.334906116753938,-0.5326714519508637,0.04249288256475481,False
1.9489999999998961,0.02793397805389822,1.5294117647058822,1.5411764705882354,0.01176470588235718,0.11447319324160934,30.94318969421855,1.2081584225319013,-0.5314001314404704,0.041960846789282566,False
1.949999999999896,0.027387390971823133,1.5176470588235293,1.5411764705882354,0.011647058823533663,-1.0,-98.5357859848214,1.0943243534621203,-0.5302486660395773,0.04143002241329629,False
1.950999999999896,0.026840736314083326,1.5176470588235293,1.5411764705882354,0.011529411764710146,-0.9802178899448939,-133.38594787082445,-5.749328430393561,-0.5325764021263818,0.040898609897120346,False
1.9519999999998958,0.026294015429494822,1.5176470588235293,1.5411764705882354,0.011411764705886628,-0.895372571538645,-133.4838728245033,-7.586197620916598,-0.5392439210997705,0.040362699756737584,False
1.9529999999998957,0.025747229667037054,1.5176470588235293,1.5411764705882354,0.01129411764706311,-0.8191294320318434,-124.58371652719704,-7.584269226379233,-0.546829400277552,0.03981966311708182,False
1.9539999999998956,0.025200380375849544,1.5176470588235293,1.5411764705882354,0.011176470588239593,-0.7506282535345448,-114.0045477376284,-7.106158699325224,-0.554174364108294,0.03926916125539087,False
1.9549999999998955,0.024653468905228706,1.5176470588235293,1.5294117647058822,0.011117647058827835,0.48796398358364385,32.29473316818936,-6.539124080183001,-0.5609972489082722,0.038711575473340636,False
1.9559999999998954,0.02410649660462392,1.5176470588235293,1.5294117647058822,0.011058823529416076,0.4379322911076422,68.5555577075058,1.208798866931132,-0.5636621740342199,0.03814924578152249,False
1.9569999999998953,0.02355946482363511,1.5176470588235293,1.5294117647058822,0.011000000000004317,0.3928449443498284,73.72116468364521,3.134692724403724,-0.5614906513975695,0.03758666939575082,False
1.9579999999998952,0.02301237491200883,1.5176470588235293,1.5294117647058822,0.010941176470592558,0.35220750873838386,70.45746346667441,3.415332441139415,-0.558215436540307,0.037026816369225016,False
1.958999999999895,0.022465228219635053,1.5176470588235293,1.5294117647058822,0.0108823529411808,0.31557499315867155,65.23880129999007,3.249943567658209,-0.5548829795721861,0.03647026718913859,False
1.959999999999895,0.021918026096543843,1.5176470588235293,1.5294117647058822,0.010823529411769041,0.2825469056075183,59.877438739001356,2.98107508707958,-0.551767316200937,0.03591694205666752,False
1.9609999999998948,0.021370769892902198,1.5176470588235293,1.5294117647058822,0.010764705882357282,0.2527628032820683,54.84678227776433,2.704620739408059,-0.5489245960387673,0.03536659612913973,False
1.9619999999998947,0.020823460959010096,1.5176470588235293,1.5294117647058822,0.010705882352945523,0.2258982876597511,50.25791852128013,2.445624957163959,-0.5463493760150698,0.034818959157065635,False
1.9629999999998946,0.020276100645298074,1.5176470588235293,1.5294117647058822,0.010647058823533765,0.20166140007025357,46.10500338378497,2.2099752677270814,-0.5440216436162966,0.03427377367607906,False
1.9639999999998945,0.0197286903023233,1.5176470588235293,1.5294117647058822,0.010588235294122006,0.1797893777102939,42.352818314923745,1.9973597724180774,-0.5419179406472372,0.033730803897046,False
1.9649999999998944,0.019181231280766375,1.5176470588235293,1.5294117647058822,0.010529411764710247,0.16004573405691808,38.96291814884515,1.805921908390596,-0.5400163046348532,0.03318983680304252,False
1.9659999999998943,0.018633724931428015,1.5176470588235293,1.5294117647058822,0.010470588235298488,0.14221763123946798,35.902834397849006,1.6336283831857654,-0.5382965566857929,0.03265068038522689,False
1.9669999999998942,0.018086172605225867,1.5176470588235293,1.5294117647058822,0.01041176470588673,0.1261135151743509,33.14016624255464,1.478762737052457,-0.5367403041672552,0.0321131619828043,False
1.967999999999894,0.017538575653190554,1.5176470588235293,1.5294117647058822,0.010352941176474971,0.11156098718633364,30.643757762307203,1.3396159354197938,-0.5353312016751179,0.031577126243037004,False
1.968999999999894,0.01699093542646327,1.5176470588235293,1.5294117647058822,0.010294117647063212,0.09840488846770608,28.38668871393409,1.214536284357983,-0.5340540117345105,0.0310424336632793,False
1.9699999999998938,0.016443253276291845,1.5058823529411764,1.5294117647058822,0.010176470588239696,-1.0,-99.22949841080775,1.1021072350392418,-0.5328958297867582,0.03050895875648628,False
1.9709999999998937,0.015895530554027537,1.5058823529411764,1.5294117647058822,0.01005882352941618,-0.9960273344588138,-135.3735938694834,-5.64295027413863,-0.5351660882597169,0.029974927823015394,False
1.9719999999998936,0.015347768611121712,1.5058823529411764,1.5294117647058822,0.009941176470592665,-0.9110716598364665,-135.8298048306815,-7.548244895477357,-0.5417618686656135,0.029436463860272665,False
1.9729999999998935,0.014799968799122673,1.5058823529411764,1.5294117647058822,0.00982352941176915,-0.8347291997351767,-127.02187761142663,-7.565236053699299,-0.5493184028643012,0.028890923749705012,False
1.9739999999998934,0.014252132469671686,1.5058823529411764,1.5294117647058822,0.009705882352945634,-0.7661386327028384,-116.45277886127637,-7.091972190643527,-0.5566472271016134,0.028337940953422527,False
1.9749999999998933,0.013704260974500598,1.5058823529411764,1.5294117647058822,0.009588235294122118,-0.7045247694325569,-106.19274890743354,-6.525433028194987,-0.5634556926493864,0.02777788951826606,False
1.9759999999998932,0.013156355665427851,1.5058823529411764,1.5176470588235293,0.009529411764710359,0.5278688839812942,39.283476111103695,-5.975162529484157,-0.5697062339869989,0.027211308576873077,False
1.976999999999893,0.012608417894355335,1.5058823529411764,1.5176470588235293,0.0094705882352986,0.4722584661714109,74.65527096300343,1.7293271053474508,-0.5718289010155323,0.0266405410331837,False
1.977999999999893,0.012060449013265032,1.5058823529411764,1.5176470588235293,0.009411764705886842,0.4221502666131033,78.97768464926538,3.608288306546281,-0.5691603428958065,0.02607004643568765,False
1.9789999999998928,0.011512450374215836,1.5058823529411764,1.5176470588235293,0.009352941176475083,0.3769940634812141,74.9427558377164,3.844417777046353,-0.5654337491839495,0.02550274941084674,False
1.9799999999998927,0.010964423329339607,1.5058823529411764,1.5176470588235293,0.009294117647063324,0.33629465713310164,69.02258266780659,3.638316045283934,-0.5616926132610304,0.024939186255435508,False
1.9809999999998926,0.010416369230838754,1.5058823529411764,1.5176470588235293,0.009235294117651565,0.29960636789038825,63.03542110291957,3.33242305763377,-0.5582070297167702,0.024379236452500078,False
1.9819999999998925,0.009868289430982283,1.5058823529411764,1.5176470588235293,0.009176470588239807,0.2665280840425342,57.438379706052295,3.022940880375959,-0.5550295446280897,0.023822618192294382,False
1.9829999999998924,0.00932018528210262,1.5058823529411764,1.5176470588235293,0.009117647058828048,0.23669880505005325,52.33956573772873,2.7340600089020968,-0.5521508704325138,0.023269028001097387,False
1.9839999999998923,0.008772058136592266,1.5058823529411764,1.5176470588235293,0.00905882352941629,0.2097936304274084,47.726227439460274,2.471505415769989,-0.5495482383219027,0.022718178474602876,False
1.9849999999998922,0.008223909346900619,1.5058823529411764,1.5176470588235293,0.00900000000000453,0.185520149737616,43.56006452640614,2.234602022851894,-0.5471950617891643,0.0221698068391844,False
1.985999999999892,0.0076757402655300185,1.5058823529411764,1.5176470588235293,0.008941176470592772,0.16361519358739074,39.8020166984891,2.0213322282363153,-0.545067190008081,0.02162367574173675,False
1.986999999999892,0.007127552245033336,1.5058823529411764,1.5176470588235293,0.008882352941181013,0.14384190952277612,36.40595629012767,1.8296254485267178,-0.5431416465408136,0.02107957133697712,False
1.9879999999998919,0.006579346638010017,1.5058823529411764,1.5176470588235293,0.008823529411769254,0.1259871303352109,33.34223167062916,1.6570503413743198,-0.5413983434341968,0.020537301370585036,False
1.9889999999998917,0.006031124797102903,1.5058823529411764,1.5176470588235293,0.008764705882357495,0.1098590055369903,30.57250248608693,1.5020346604157506,-0.5398187978666263,0.01999669281291825,False
1.9899999999998916,0.005482888074995043,1.4941176470588236,1.5176470588235293,0.00864705882353398,-1.0,-98.51692939140547,1.3625556473883285,-0.5383864756136565,0.019457590204459536,False
1.9909999999998915,0.004934637824405741,1.4941176470588236,1.5176470588235293,0.008529411764710464,-0.989655381985634,-134.35141082306092,-5.460375724847206,-0.5404354434450125,0.018918179257957978,False
1.9919999999998914,0.0043863753980881446,1.4941176470588236,1.5176470588235293,0.008411764705886948,-0.9068663143753103,-134.9778576556558,-7.349221152558247,-0.5468401518721887,0.018374541488495592,False
1.9929999999998913,0.003838102148825291,1.4941176470588236,1.5176470588235293,0.008294117647063433,-0.8324738005848418,-126.44174942512959,-7.3751504418478335,-0.5542024539174951,0.01782402020036115,False
1.9939999999998912,0.0032898194294269196,1.4941176470588236,1.5176470588235293,0.008176470588239917,-0.7656381852322426,-116.15600962783624,-6.916204938781846,-0.561347983737914,0.017266245010216088,False
1.994999999999891,0.0027415285927261373,1.4941176470588236,1.5176470588235293,0.008058823529416401,-0.7056037784737262,-106.16254644399572,-6.364594997330938,-0.5679885545959974,0.016701576758213755,False
1.995999999999891,0.0021932309915762343,1.4941176470588236,1.5058823529411764,0.008000000000004642,0.5253683640795364,39.070502750404685,-5.828368026887664,-0.5740848383853762,0.01613054009032963,False
1.9969999999998909,0.0016449279788467277,1.4941176470588236,1.5058823529411764,0.007941176470592884,0.4684785864951232,74.22213594606836,1.8633128398977996,-0.5760675811072704,0.015555463900464939,False
1.9979999999998908,0.0010966209074209504,1.4941176470588236,1.5058823529411764,0.007882352941181125,0.4172189631397387,78.34644009692421,3.7306833391495418,-0.5732703537898611,0.01498079496020855,False
1.9989999999998906,0.0005483111301920961,1.4941176470588236,1.5058823529411764,0.007823529411769366,0.3710264785904805,74.13333052051864,3.95638393555077,-0.5694270608066548,0.014409446274237694,False
1.9999999999998905,6.003408640338673e-14,1.4941176470588236,1.5058823529411764,0.007764705882357608,0.3293944189667358,68.05244667175376,3.7409100959866604,-0.5655781697938966,0.01384194368333657,False
2.0009999999998906,-0.0005483111300720281,1.4941176470588236,1.5058823529411764,0.007705882352945837,0.2918667417759452,61.921229667931094,3.426564003929751,-0.5619946796218305,0.013278157281322018,False
2.0019999999998905,-0.0010966209073008828,1.4941176470588236,1.5058823529411764,0.0076470588235340795,0.2580330087748296,56.195700995682714,3.1095120281262676,-0.55872639934137,0.012717796763468682,False
2.0029999999998904,-0.0016449279787266607,1.4941176470588236,1.5058823529411764,0.007588235294122322,0.22752382554441353,50.97799430538139,2.8138815258346725,-0.5557649393327536,0.012160551118279725,False
2.0039999999998903,-0.0021932309914561685,1.4941176470588236,1.5058823529411764,0.007529411764710564,0.2000067371076269,46.26142468444435,2.5450846295985676,-0.5531544611669417,0.01160610825495318,False
2.00499999999989,-0.002741528592606228,1.4941176470588236,1.5058823529411764,0.007470588235298806,0.17518253398510694,42.00017185893639,2.302769694208129,-0.5507929057822102,0.01105414974129833,False
2.00599999999989,-0.0032898194293070116,1.4941176470588236,1.5058823529411764,0.007411764705887048,0.152781927645427,38.154938549729074,2.0845145860165246,-0.5486556112659609,0.010504439133269408,False
2.00699999999989,-0.00383810214870523,1.4941176470588236,1.5058823529411764,0.00735294117647529,0.13256255841030307,34.68716488041586,1.888244148931792,-0.5467200786279749,0.009956763549646558,False
2.00799999999989,-0.004386375397968086,1.4941176470588236,1.5058823529411764,0.007294117647063532,0.11430630256927943,31.553578504606044,1.7119217875250543,-0.5449658556906616,0.009410931586258546,False
2.0089999999998898,-0.004934637824285685,1.4941176470588236,1.5058823529411764,0.007235294117651774,0.09781684878294628,28.721847322478006,1.5532591054874305,-0.5433747135385404,0.00886677119795911,False
2.0099999999998897,-0.005482888074874989,1.4941176470588236,1.5058823529411764,0.0071764705882400165,0.08291751684583457,26.165847721840773,1.4105462883930246,-0.5419302742392548,0.00832412760778538,False
2.0109999999998895,-0.006031124796983008,1.4823529411764707,1.5058823529411764,0.007058823529416501,-1.0,-99.74825784271046,1.2824040127828678,-0.5406176201736204,0.0077828616647093755,False
2.0119999999998894,-0.006579346637890125,1.4823529411764707,1.5058823529411764,0.006941176470592985,-1.0,-135.8409276759612,-5.372487587484834,-0.5443281790300922,0.007240804705943223,False
2.0129999999998893,-0.0071275522449132924,1.4823529411764707,1.5058823529411764,0.006823529411769469,-0.9308107772782213,-138.10153513625528,-7.274939021484083,-0.5511293190366225,0.006693194885426412,False
2.013999999999889,-0.007675740265409979,1.4823529411764707,1.5058823529411764,0.0067058823529459535,-0.8556120524915791,-129.94633026418683,-7.387275140929654,-0.5584903420710385,0.006138392112786853,False
2.014999999999889,-0.008223909346780585,1.4823529411764707,1.5058823529411764,0.006588235294122438,-0.7880508472424236,-119.68789018593112,-6.948425323280897,-0.5655503264682212,0.005576344392147382,False
2.015999999999889,-0.008772058136472392,1.4823529411764707,1.4941176470588236,0.00652941176471068,0.44969541395241397,26.41086397885697,-6.398204495545522,-0.5720879469470532,0.005007490904965202,False
2.016999999999889,-0.00932018528198275,1.4823529411764707,1.4941176470588236,0.006470588235298922,0.39890234314541817,62.494417979511255,1.3392517743634436,-0.5726849233029948,0.004434620906203576,False
2.0179999999998888,-0.00986828943086242,1.4823529411764707,1.4941176470588236,0.006411764705887164,0.3531297558897096,67.5207810195079,3.255887271665769,-0.5699100489463912,0.0038632036420381383,False
2.0189999999998887,-0.01041636923071874,1.4823529411764707,1.4941176470588236,0.006352941176475406,0.31187560383015966,64.14280229977977,3.5292741227021462,-0.5664509661093213,0.0032950060437357182,False
2.0199999999998886,-0.010964423329219597,1.4823529411764707,1.4941176470588236,0.0062941176470636484,0.27468804344715264,58.82263014344054,3.3579508806583367,-0.5630520239698352,0.002730265240680267,False
2.0209999999998884,-0.011512450374095835,1.4823529411764707,1.4941176470588236,0.006235294117651891,0.24116041557303425,53.378065816363964,3.0838248348980755,-0.5599015051990944,0.0021688055887838145,False
2.0219999999998883,-0.01206044901314519,1.4823529411764707,1.4941176470588236,0.006176470588240133,0.21092672695691553,48.27076505314504,2.803076832957007,-0.557030076939791,0.0016103573280709731,False
2.022999999999888,-0.0126084178942355,1.4823529411764707,1.4941176470588236,0.006117647058828375,0.1836575836729966,43.6122271663474,2.5401373666562628,-0.5544260367785371,0.001054645699526498,False
2.023999999999888,-0.013156355665308024,1.4823529411764707,1.4941176470588236,0.006058823529416617,0.1590565311880574,39.39596226321048,2.3009110295627653,-0.5521164244993966,0.0005013794233099684,False
2.0249096923827024,-0.013654782320236003,1.4823529411764707,1.4941176470588236,0.006005312212780486,0.13886156882213269,35.868834128253496,169.0495404981443,-0.5416756011444014,-4.926886054815415e-05,False
2.024999999999888,-0.013704260974380622,1.4823529411764707,1.4941176470588236,0.0,0.07880844669432782,34.55379415345358,169.0495404981443,-0.5416756011444014,-4.926886054815415e-05,True
2.025999999999888,-0.014252132469551721,1.4823529411764707,1.4941176470588236,0.0,0.07880844669432782,8.066258960143623,489.15096056417946,-0.5119553464929444,-9.684425580770932e-05,False
2.026999999999888,-0.014799968799002713,1.4823529411764707,1.4941176470588236,-5.312206893272884e-06,0.07698118373131842,-1.6600586361046197,29.49932600982855,0.5482856576082475,-1.3916153347367543e-05,False
2.0279999999998877,-0.015347768611001917,1.4823529411764707,1.4941176470588236,-6.41357363050309e-05,0.05692481197482498,-6.341877094848163,0.4197496299021074,0.5501626300044985,0.0005359627161117601,False
2.0289999999998876,-0.015895530553907748,1.4823529411764707,1.4941176470588236,-0.00012295926571678892,0.038815253864568966,-9.38728380438328,-0.10206729396755101,0.5500899086244756,0.0010861011590553693,False
2.0299999999998875,-0.01644325327617191,1.4823529411764707,1.4941176470588236,-0.00018178279512854695,0.022457828035926577,-11.798474046150048,-0.35914694090329274,0.549641382429171,0.0018009349426085963,False
2.0309999999998873,-0.016990935426343345,1.4705882352941175,1.4941176470588236,-0.00024060632454030498,0.007677321260736447,-127.39927016599218,-0.527478075380655,0.5491576903703873,0.002350344936817725,False
2.0319999999998872,-0.017538575653070636,1.4705882352941175,1.4941176470588236,-0.000299429853952063,-0.005683958366346498,-160.50805070287612,-0.6622449732863849,0.5485308846149852,0.002899197659318504,False
2.032999999999887,-0.01808617260510596,1.4705882352941175,1.4941176470588236,-0.00041707691277558017,-1.0,-169.88802177606664,-6.785735611311604,0.5432778127319627,0.0034454847616220913,False
2.033999999999887,-0.01863372493130827,1.4705882352941175,1.4941176470588236,-0.0005347239715990974,-1.0,-165.44723392324897,-8.544558867274896,0.5351747682876056,0.003984820987978335,False
2.034999999999887,-0.01918123128064664,1.4705882352941175,1.4941176470588236,-0.0006523710304226145,-1.0,-156.1218185092114,-9.0477999032071,0.5262545772778532,0.004515567064476964,False
2.035999999999887,-0.019728690302203422,1.4705882352941175,1.5058823529411764,-0.0007700180892461317,-0.9394531019990071,-168.224441701365,-8.819680475966408,0.5173796281466578,0.005037369796486487,False
2.0369999999998867,-0.02027610064517821,1.4705882352941175,1.5058823529411764,-0.0008876651480696488,-0.8709836922413016,-171.5641777232875,-8.333006445643502,0.5089266540549331,0.005550492363414897,False
2.0379999999998866,-0.02082346095889024,1.4705882352941175,1.5058823529411764,-0.001064135736304924,-1.0,-172.38320883594787,-8.979956514204147,0.5001100594027599,0.006055050994625747,False
2.0389999999998865,-0.021370769892782353,1.4705882352941175,1.5058823529411764,-0.0012406063245401992,-1.0,-172.47732879684818,-9.163152249539104,0.49099425091830295,0.006550614486424624,False
2.0399999999998863,-0.021918026096424164,1.4705882352941175,1.5058823529411764,-0.0014170769127754743,-1.0,-172.36287275195275,-9.212861322371252,0.4817952949967742,0.007037012343865469,False
2.0409999999998862,-0.02246522821951539,1.4705882352941175,1.5058823529411764,-0.0015935475010107494,-1.0,-172.1873580781735,-9.224095724596198,0.47257544160664405,0.007514198508760319,False
2.041999999999886,-0.023012374911889028,1.4705882352941175,1.5058823529411764,-0.0017700180892460246,-1.0,-171.99506689253488,-9.224171735673368,0.4633527038647713,0.007982162798217817,False
2.042999999999886,-0.023559464823515317,1.4705882352941175,1.5058823529411764,-0.0019464886774812997,-1.0,-171.79794802218092,-9.22089607693783,0.4541324091493792,0.00844090545433888,False
2.043999999999886,-0.024106496604504132,1.4705882352941175,1.5058823529411764,-0.002122959265716575,-1.0,-171.599673422623,-9.216614592266383,0.4449161657472793,0.008890429825903384,False
2.044999999999886,-0.024653468905108937,1.4705882352941175,1.5058823529411764,-0.00229942985395185,-1.0,-171.40114008914517,-9.211957690182015,0.4357045091995724,0.009330740217544207,False
2.0459999999998857,-0.02520038037572994,1.4705882352941175,1.5058823529411764,-0.0024759004421871255,-1.0,-165.09051395584592,-9.207116939991636,0.42649766055573735,0.009761841288815822,False
2.0469999999998856,-0.02574722966691747,1.4705882352941175,1.5058823529411764,-0.002652371030422401,-1.0,-156.8137791454598,-9.202141626786297,0.4172957474049962,0.010183737880130293,False
2.0479999999998855,-0.026294015429375095,1.4705882352941175,1.5058823529411764,-0.002828841618657676,-0.9471190662728883,-148.6154204385396,-8.873663960401936,0.40834140776213107,0.010596536023599475,False
2.0489999999998854,-0.026840736313963613,1.4705882352941175,1.5058823529411764,-0.0030053122068929516,-0.8922948247936748,-141.04458889477323,-8.441046737196956,0.39979360171646333,0.011000576494463513,False
2.0499999999998852,-0.027387390971703434,1.4705882352941175,1.5058823529411764,-0.003181782795128227,-0.8431294780506177,-134.18679297694672,-8.012465936999702,0.3916753236566052,0.011396284114420775,False
2.050999999999885,-0.027933978053778535,1.4588235294117646,1.5058823529411764,-0.0033582533833635022,-0.799057136570101,-159.8915277094308,-7.61698332040485,0.38396073794968844,0.011784077349132486,False
2.051999999999885,-0.028480496211539624,1.4588235294117646,1.5058823529411764,-0.0035347239715987776,-0.7595684998258706,-167.14437076142175,-7.259128243844876,0.37661335740365753,0.01216434196792291,False
2.052999999999885,-0.02902694409650747,1.4588235294117646,1.5058823529411764,-0.003770018089245811,-1.0,-169.09119909945827,-8.62402501662356,0.3683317258536499,0.012536899794218709,False
2.053999999999885,-0.029573320360376087,1.4588235294117646,1.5058823529411764,-0.004005312206892844,-1.0,-169.51146032774545,-9.01252760729275,0.3595135774331736,0.012900822461295999,False
2.0549999999998847,-0.03011962365501667,1.4588235294117646,1.5058823529411764,-0.004240606324539877,-1.0,-169.49131317007758,-9.120192999820032,0.3504469996057259,0.013255802717814642,False
2.0559999999998846,-0.030665852632479985,1.4588235294117646,1.5058823529411764,-0.00447590044218691,-1.0,-169.3447565868997,-9.146952695685968,0.34131372922648734,0.013601683095666766,False
2.0569999999998845,-0.031212005945000336,1.4588235294117646,1.5058823529411764,-0.004711194559833943,-1.0,-169.1618469918316,-9.150309156486314,0.33216472419248355,0.013938422295027455,False
2.0579999999998844,-0.0317580822449987,1.4588235294117646,1.5058823529411764,-0.0049464886774809765,-1.0,-168.96872922116577,-9.146839000445839,0.3230165873992058,0.014266012960307313,False
2.0589999999998843,-0.03230408018508612,1.4588235294117646,1.5058823529411764,-0.00518178279512801,-1.0,-168.77277469776135,-9.141344620886294,0.3138720108840034,0.014584457238305133,False
2.059999999999884,-0.03284999841806677,1.4588235294117646,1.5058823529411764,-0.005417076912775043,-1.0,-168.5764061920281,-9.135171021139259,0.3047342743143894,0.01489376038508003,False
2.060999999999884,-0.033395835596942,1.4588235294117646,1.5058823529411764,-0.005652371030422076,-1.0,-168.37953055965068,-9.128747198165833,0.29560177419399275,0.015193928395322059,False
2.061999999999884,-0.033941590374912685,1.4588235294117646,1.5058823529411764,-0.005887665148069109,-1.0,-164.86647151301364,-9.122161718734995,0.2864768686974247,0.015484967714925779,False
2.062999999999884,-0.03448726140538314,1.4588235294117646,1.5058823529411764,-0.0061229592657161425,-1.0,-158.9389663935832,-9.11545021282651,0.27735752220357773,0.015766884903776077,False
2.0639999999998837,-0.035032847341964365,1.4588235294117646,1.5058823529411764,-0.006358253383363176,-0.9713012739735096,-152.82672634123927,-8.93314249434908,0.26833374671164434,0.01603973053030781,False
2.0649999999998836,-0.035578346838477284,1.4588235294117646,1.5058823529411764,-0.006593547501010209,-0.9299411646654087,-147.12157651985646,-8.622993255415903,0.2595551919877303,0.016303675000132037,False
2.0659999999998835,-0.03612375854895597,1.4588235294117646,1.5176470588235293,-0.006828841618657242,-0.8929523604057643,-161.54968625884803,-8.302935231936738,0.25109267138067315,0.01655899891828602,False
2.0669999999998834,-0.036669081127651534,1.4588235294117646,1.5176470588235293,-0.007064135736304275,-0.8598977306897315,-165.56337675791224,-8.00432864772991,0.2429386504352497,0.01680601458590097,False
2.0679999999998833,-0.037214313229034596,1.4588235294117646,1.5176470588235293,-0.0073582533833630665,-1.0,-166.57941030527812,-8.77082293430495,0.23455140173401737,0.017044759593746656,False
2.068999999999883,-0.03775945350779912,1.4588235294117646,1.5176470588235293,-0.007652371030421858,-1.0,-166.7323820248396,-8.98621155393821,0.22567262836479898,0.01727487162051167,False
2.069999999999883,-0.03830450061886568,1.4588235294117646,1.5176470588235293,-0.00794648867748065,-1.0,-166.63698721842024,-9.04285356250893,0.21665827690377493,0.017496037051610194,False
2.070999999999883,-0.03884945321738469,1.4470588235294117,1.5176470588235293,-0.008240606324539441,-1.0,-166.47026041934203,-9.053740805131014,0.2076098781253258,0.017708171144279798,False
2.071999999999883,-0.039394309958739646,1.4470588235294117,1.5176470588235293,-0.008534723971598233,-1.0,-166.28318202172986,-9.051340943483765,0.1985573594782311,0.017911254739850998,False
2.0729999999998827,-0.039939069498551014,1.4470588235294117,1.5176470588235293,-0.008887665148068782,-1.0,-166.09043045179547,-9.045076704174948,0.18950920805281513,0.01810528804053535,False
2.0739999999998826,-0.04048373049267861,1.4470588235294117,1.5176470588235293,-0.009240606324539331,-1.0,-165.89650451912078,-9.037588927743032,0.18046774196803242,0.018290276492217896,False
2.0749999999998825,-0.04102829159722559,1.4470588235294117,1.5176470588235293,-0.00959354750100988,-1.0,-165.70185758666588,-9.029710971939085,0.17143429761870077,0.01846622752907683,False
2.0759999999998824,-0.04157275146854155,1.4470588235294117,1.5176470588235293,-0.00994648867748043,-1.0,-165.50681543653187,-9.02162425675989,0.16240835896916575,0.018633148835416825,False
2.0769999999998823,-0.04211710876322589,1.4470588235294117,1.5176470588235293,-0.010299429853950978,-1.0,-165.31242649130976,-9.013409257336255,0.15339117199355246,0.018791048616693177,False
2.077999999999882,-0.042661362138130945,1.4470588235294117,1.5176470588235293,-0.010652371030421527,-1.0,-165.11846442169065,-9.00502700978793,0.14438157462707443,0.018939934970638603,False
2.078999999999882,-0.04320551025036591,1.4470588235294117,1.5176470588235293,-0.011005312206892076,-1.0,-164.92446733179082,-8.996589183021985,0.13538118627443474,0.0190798163645134,False
2.079999999999882,-0.043749551757299276,1.4470588235294117,1.5176470588235293,-0.011358253383362625,-1.0,-164.73007742705911,-8.988027754707833,0.12638842828827593,0.019210701155877575,False
2.080999999999882,-0.044293485316562686,1.4470588235294117,1.5176470588235293,-0.011711194559833174,-1.0,-164.5364414651934,-8.979374770022078,0.11740519618581777,0.019332597978465395,False
2.0819999999998817,-0.044837309586054176,1.4470588235294117,1.5176470588235293,-0.012064135736303723,-1.0,-164.34324586330504,-8.970554753398739,0.10842975373157965,0.019445515441396603,False
2.0829999999998816,-0.04538102322394139,1.4470588235294117,1.5176470588235293,-0.012417076912774272,-1.0,-164.1500234436567,-8.961685725446303,0.09946410952040044,0.01954946238003418,False
2.0839999999998815,-0.045924624888664854,1.4470588235294117,1.5176470588235293,-0.012770018089244821,-1.0,-163.95690983552512,-8.952693666517371,0.09050645586380475,0.019644447654597705,False
2.0849999999998814,-0.04646811323894178,1.4470588235294117,1.5176470588235293,-0.01312295926571537,-1.0,-163.7641011429439,-8.943612011557601,0.08155874573527731,0.019730480259233997,False
2.0859999999998813,-0.047011486933768554,1.4470588235294117,1.5176470588235293,-0.013475900442185919,-1.0,-163.57118411192226,-8.93439003775714,0.07261933196193218,0.01980756929345749,False
2.086999999999881,-0.047554744632424595,1.4470588235294117,1.5176470588235293,-0.013828841618656468,-1.0,-163.37905568253495,-8.925096111558739,0.06368996444395432,0.019875723942867754,False
2.087999999999881,-0.04809788499447553,1.4470588235294117,1.5176470588235293,-0.014181782795127017,-1.0,-163.18678162821942,-8.915651294992584,0.05476925859801662,0.01993495355253513,False
2.088999999999881,-0.04864090667977636,1.4470588235294117,1.5176470588235293,-0.014534723971597566,-1.0,-162.99381071971493,-8.906159236636704,0.0458586374936555,0.019985267499999747,False
2.089999999999881,-0.04918380834847536,1.4470588235294117,1.5176470588235293,-0.014887665148068115,-1.0,-162.8022122888037,-8.896516013664154,0.03695706688329384,0.020026675352138385,False
2.0909999999998807,-0.04972658866101647,1.4470588235294117,1.5176470588235293,-0.015240606324538664,-1.0,-162.61070871785748,-8.886745175151376,0.02806561661588439,0.02005918669254198,False
2.0919999999998806,-0.05026924627814325,1.4352941176470588,1.5176470588235293,-0.015593547501009213,-1.0,-162.41913318694796,-8.876905812434693,0.019183663392553747,0.02008281133321801,False
2.0929999999998805,-0.05081177986090194,1.4352941176470588,1.5176470588235293,-0.01594648867747976,-1.0,-162.2278485606146,-8.86697848627078,0.010311798078441476,0.020097559062921384,False
2.0939999999998804,-0.05135418807064488,1.4352941176470588,1.5176470588235293,-0.016358253383362067,-1.0,-162.03688885600678,-8.856908794324006,0.0014498252795904505,0.020103439874928658,False
2.0949999999998803,-0.05189646956903357,1.4352941176470588,1.5176470588235293,-0.016770018089244373,-1.0,-161.84594915361305,-8.846759362406926,-0.007402022654022623,0.020100463776525815,False
2.09599999999988,-0.052438623018042634,1.4352941176470588,1.5176470588235293,-0.01718178279512668,-1.0,-161.65529906981672,-8.836491050132768,-0.016243596952182505,0.020088640965785602,False
2.09699999999988,-0.05298064707996217,1.4352941176470588,1.5176470588235293,-0.017593547501008985,-1.0,-161.4649048768868,-8.826126934877827,-0.025074986806865908,0.02006798167631424,False
2.09799999999988,-0.05352254041740168,1.4352941176470588,1.5176470588235293,-0.01800531220689129,-1.0,-161.2747099220435,-8.815644298312598,-0.03389576962394662,0.020038496295227786,False
2.09899999999988,-0.05406430169329323,1.4352941176470588,1.5176470588235293,-0.018417076912773597,-1.0,-161.08534137045513,-8.805076966003131,-0.04270624622596036,0.02000019529234916,False
2.0999999999998797,-0.05460592957089473,1.4352941176470588,1.5176470588235293,-0.018828841618655903,-1.0,-160.89472032979018,-8.79438841580178,-0.05150585895430361,0.019953089234621264,False
2.1009999999998796,-0.055147422713793075,1.4352941176470588,1.5176470588235293,-0.01924060632453821,-1.0,-160.7057597168992,-8.783643945648256,-0.06029498958998216,0.01989718881818929,False
2.1019999999998795,-0.05568877978590807,1.4352941176470588,1.5176470588235293,-0.019652371030420515,-1.0,-160.51630665748533,-8.772703717782628,-0.06907306379611773,0.019832504784141444,False
2.1029999999998794,-0.056229999451494796,1.4352941176470588,1.5176470588235293,-0.02006413573630282,-1.0,-160.32705454788965,-8.761749790240335,-0.0778403661223731,0.019759048079586502,False
2.1039999999998793,-0.05677108037514754,1.4352941176470588,1.5176470588235293,-0.020475900442185127,-1.0,-160.1381979340595,-8.750643103016557,-0.08659651947430844,0.019676829627654914,False
2.104999999999879,-0.05731202122180291,1.4352941176470588,1.5176470588235293,-0.020887665148067433,-1.0,-159.94970427945975,-8.739442858057155,-0.09534156510931838,0.019585860597730983,False
2.105999999999879,-0.057852820656743124,1.4352941176470588,1.5176470588235293,-0.02129942985394974,-1.0,-159.76177467749696,-8.728140248652766,-0.10407540100863573,0.019486152104551915,False
2.106999999999879,-0.05839347734559921,1.4352941176470588,1.5176470588235293,-0.021711194559832045,-1.0,-159.57369426352287,-8.716749428605546,-0.11279774866113189,0.0193777155431327,False
2.107999999999879,-0.0589339899543548,1.4352941176470588,1.5176470588235293,-0.02212295926571435,-1.0,-159.38546223859916,-8.705269006694456,-0.12150891180457042,0.019260562202863245,False
2.1089999999998787,-0.05947435714934865,1.4352941176470588,1.5176470588235293,-0.022534723971596657,-1.0,-159.1979559687717,-8.69366982791249,-0.13020816748959688,0.01913470367654046,False
2.1099999999998786,-0.06001457759727839,1.4352941176470588,1.5176470588235293,-0.022946488677478963,-1.0,-159.01096675188003,-8.681947022311105,-0.13889625014543686,0.01900015145901141,False
2.1109999999998785,-0.0605546499652038,1.4352941176470588,1.5176470588235293,-0.02335825338336127,-1.0,-158.82399858262372,-8.67014883797674,-0.14757196342068607,0.01885691736421872,False
2.1119999999998784,-0.061094572920549976,1.423529411764706,1.5176470588235293,-0.023770018089243575,-1.0,-158.637376850976,-8.658265800876624,-0.15623656306520578,0.018705013094872068,False
2.1129999999998783,-0.061634345131110546,1.423529411764706,1.5176470588235293,-0.02418178279512588,-1.0,-158.4514013501531,-8.646267743045737,-0.16488838309829623,0.018544450631238135,False
2.113999999999878,-0.06217396526505155,1.423529411764706,1.5176470588235293,-0.024652371030419947,-1.0,-158.2648324660638,-8.634178555415133,-0.173529101301115,0.0183752418867253,False
2.114999999999878,-0.06271343199091378,1.423529411764706,1.5176470588235293,-0.025122959265714014,-1.0,-158.07858253960822,-8.62200563747677,-0.1821566561664361,0.018197399013863347,False
2.115999999999878,-0.06325274397761675,1.423529411764706,1.5176470588235293,-0.02559354750100808,-1.0,-157.89229810107415,-8.609694121609603,-0.19077307645019326,0.018010934149976853,False
2.116999999999878,-0.06379189989446173,1.423529411764706,1.5176470588235293,-0.026064135736302146,-1.0,-157.70687494572445,-8.597279984995907,-0.19937596831658747,0.01781585962916286,False
2.1179999999998778,-0.06433089841113507,1.423529411764706,1.5176470588235293,-0.026534723971596213,-1.0,-157.5219875029011,-8.584758995927537,-0.2079675966133488,0.017612187854438556,False
2.1189999999998776,-0.06486973819771137,1.423529411764706,1.5176470588235293,-0.02700531220689028,-1.0,-157.33714729135775,-8.57216230981793,-0.21654544457742814,0.017399931330799808,False
2.1199999999998775,-0.06540841792465735,1.423529411764706,1.5176470588235293,-0.027475900442184346,-1.0,-157.15254168051592,-8.55949145315902,-0.22511187570052044,0.017179102683850946,False
2.1209999999998774,-0.06594693626283414,1.423529411764706,1.5176470588235293,-0.027946488677478412,-1.0,-156.96817755489786,-8.546699647719338,-0.23366438542818346,0.016949714545810204,False
2.1219999999998773,-0.0664852918835013,1.423529411764706,1.5058823529411764,-0.02841707691277248,-1.0,-96.72732505743629,-8.533820748475394,-0.24220520068672216,0.016711779771015303,False
2.122999999999877,-0.06702348345831985,1.423529411764706,1.5058823529411764,-0.028887665148066545,-1.0,-87.15432595149862,-8.520828689194667,-0.2507320100922887,0.01646531115441855,False
2.123999999999877,-0.06756150965935556,1.423529411764706,1.5058823529411764,-0.02929942985394885,-0.48037068674808475,-91.42075442699978,-5.330217092868392,-0.2576579959813933,0.016211116173758377,False
2.124999999999877,-0.06809936915908214,1.423529411764706,1.5058823529411764,-0.029711194559831157,-0.5481036361625111,-99.00113232989155,-4.820303525889366,-0.2627328549122724,0.015950920734718956,False
2.125999999999877,-0.06863706063038504,1.423529411764706,1.5058823529411764,-0.030122959265713463,-0.6094750553413786,-106.92404278350378,-5.0425661812049105,-0.2676646216748346,0.015685722020965073,False
2.1269999999998768,-0.06917458274656382,1.423529411764706,1.5058823529411764,-0.03053472397159577,-0.665121097308242,-114.41927209204214,-5.440088619866879,-0.2729056887939859,0.015415436851530295,False
2.1279999999998767,-0.06971193418133613,1.423529411764706,1.5058823529411764,-0.030946488677478075,-0.715614299784302,-121.29212506768668,-5.855675800138645,-0.2785537572193081,0.0151397071534528,False
2.1289999999998765,-0.0702491136088407,1.423529411764706,1.5058823529411764,-0.03135825338336038,-0.7614699467186394,-127.54879950009298,-6.248543776423943,-0.2846057532100989,0.014858127385243865,False
2.1299999999998764,-0.07078611970364071,1.423529411764706,1.5058823529411764,-0.03177001808924269,-0.8031517936654253,-133.23803094379724,-6.608416471374381,-0.2910342753030261,0.01457030739458191,False
2.1309999999998763,-0.07132295114072683,1.423529411764706,1.5058823529411764,-0.03218178279512499,-0.8410772206234154,-138.4029717381108,-6.935584143920911,-0.29780630004463826,0.014275887097030806,False
2.131999999999876,-0.07185960659552117,1.423529411764706,1.5058823529411764,-0.0325935475010073,-0.8756218695914886,-143.0974621582754,-7.23265651065467,-0.3048903334701803,0.013974538800747232,False
2.132999999999876,-0.07239608474387957,1.4117647058823528,1.5058823529411764,-0.033005312206889605,-0.9071238183686381,-151.73319793770384,-7.501874763341809,-0.3122577388953532,0.013665964759731015,False
2.133999999999876,-0.07293238426209557,1.4117647058823528,1.5058823529411764,-0.03341707691277191,-0.9358873369739553,-154.09461680108586,-7.746124491012639,-0.31988155333815993,0.013349895129231924,False
2.134999999999876,-0.07346850382690338,1.4117647058823528,1.5058823529411764,-0.033887665148065974,-1.0,-154.64566093014417,-8.198777115129237,-0.32785422093535377,0.013026027244107776,False
2.1359999999998758,-0.07400444211548131,1.4117647058823528,1.5058823529411764,-0.034358253383360036,-1.0,-154.67596602464002,-8.319379065949494,-0.33611306140522673,0.012694043612179805,False
2.1369999999998757,-0.07454019780545472,1.4117647058823528,1.5058823529411764,-0.0348288416186541,-1.0,-154.55656980781947,-8.34406164098064,-0.34444502236664054,0.012353764580688086,False
2.1379999999998756,-0.07507576957490002,1.4117647058823528,1.5058823529411764,-0.03529942985394816,-1.0,-154.39394276451142,-8.341094430177892,-0.35278798989190296,0.012005147918018953,False
2.1389999999998754,-0.07561115610234695,1.4117647058823528,1.5058823529411764,-0.035770018089242225,-1.0,-154.21917503954396,-8.330099023064298,-0.3611219655406176,0.011648192240852239,False
2.1399999999998753,-0.07614635606678248,1.4117647058823528,1.5058823529411764,-0.03624060632453629,-1.0,-154.04153130595432,-8.316708605481834,-0.36944315732096766,0.011282908762980949,False
2.1409999999998752,-0.0766813681476539,1.4117647058823528,1.5058823529411764,-0.03671119455983035,-1.0,-153.86265349611733,-8.302565535968398,-0.37775042079963467,0.010909310932415817,False
2.141999999999875,-0.0772161910248721,1.4117647058823528,1.5058823529411764,-0.037181782795124414,-1.0,-153.68395808654796,-8.288160380291318,-0.3860433915234456,0.010527412899753506,False
2.142999999999875,-0.07775082337881462,1.4117647058823528,1.5058823529411764,-0.03765237103041848,-1.0,-153.50554806038096,-8.273582958892888,-0.3943218910903704,0.010137229081583186,False
2.143999999999875,-0.07828526389032958,1.4117647058823528,1.5058823529411764,-0.03812295926571254,-1.0,-153.3274495085707,-8.258908267131131,-0.4025858122804182,0.00973877405011056,False
2.144999999999875,-0.07881951124073801,1.4117647058823528,1.5058823529411764,-0.0385935475010066,-1.0,-153.14968602186534,-8.24413955492395,-0.41083505859941627,0.009332062478735605,False
2.1459999999998747,-0.07935356411183767,1.4117647058823528,1.5058823529411764,-0.039064135736300666,-1.0,-152.97229575316473,-8.229278547511262,-0.4190695241962172,0.008917109134321814,False
2.1469999999998746,-0.0798874211859062,1.4117647058823528,1.5058823529411764,-0.03953472397159473,-1.0,-152.7953283193745,-8.214328348959844,-0.42728909755921113,0.008493928874951711,False
2.1479999999998745,-0.08042108114570415,1.4117647058823528,1.5058823529411764,-0.04000531220688879,-1.0,-152.61831134175003,-8.199290767366968,-0.4354936666872301,0.008062536647115084,False
2.1489999999998743,-0.08095454267447895,1.4117647058823528,1.5058823529411764,-0.040475900442182855,-1.0,-152.44176277546532,-8.184167612729903,-0.4436831248902045,0.007622947483552042,False
2.1499999999998742,-0.08148780445596718,1.4117647058823528,1.5058823529411764,-0.04094648867747692,-1.0,-152.26559115353754,-8.168934546253062,-0.4518573565996928,0.007175176509628659,False
2.150999999999874,-0.08202086517439836,1.4117647058823528,1.5058823529411764,-0.04141707691277098,-1.0,-152.08975964786927,-8.153619272705173,-0.460016273159052,0.006719238950008156,False
2.151999999999874,-0.08255372351449818,1.4117647058823528,1.5058823529411764,-0.041887665148065044,-1.0,-151.91425345071897,-8.138216369130815,-0.468159800678522,0.006255150115068981,False
2.152999999999874,-0.08308637816149166,1.4117647058823528,1.4941176470588236,-0.04235825338335911,-1.0,-71.01757345375272,-8.122724578186888,-0.4762878716894523,0.005782925403630402,False
2.153999999999874,-0.08361882780110623,1.4,1.4941176470588236,-0.04282884161865317,-1.0,-128.43857333207242,-8.107144354246177,-0.4844004225265842,0.005302580304061406,False
2.1549999999998737,-0.08415107111957566,1.4,1.4941176470588236,-0.043240606324535476,-0.3015696309480348,-144.83048637289414,-3.8205897704671035,-0.48929421913538795,0.004815465047070347,False
2.1559999999998736,-0.08468310680364231,1.4,1.4941176470588236,-0.04371119455982954,-1.0,-149.421169011462,-6.852233532397643,-0.4953901688934583,0.004323312297350469,False
2.1569999999998735,-0.08521493354056103,1.4,1.4941176470588236,-0.0441817827951236,-1.0,-150.61766879066454,-7.712974460284652,-0.5028896512794436,0.003824226188730422,False
2.1579999999998734,-0.0857465500181022,1.4,1.4941176470588236,-0.044652371030417665,-1.0,-150.83805791415315,-7.949220122440785,-0.510781557094809,0.003317405430787651,False
2.1589999999998732,-0.08627795492455502,1.4,1.4941176470588236,-0.04512295926571173,-1.0,-150.77818315349577,-8.00577817050675,-0.518774972737369,0.0028026308744490635,False
2.159999999999873,-0.08680914694873056,1.4,1.4941176470588236,-0.04559354750100579,-1.0,-150.63808283703563,-8.010587167357517,-0.526786137232645,0.0022798508767203907,False
2.160999999999873,-0.08734012477996557,1.4,1.4941176470588236,-0.046064135736299854,-1.0,-150.47469854437512,-8.00046245769976,-0.5347908903031322,0.0017490620334314438,False
2.161999999999873,-0.08787088710812493,1.4,1.4941176470588236,-0.046534723971593916,-1.0,-150.3051039822181,-7.985986987048032,-0.5427822226310313,0.0012102748666894627,False
2.162999999999873,-0.08840143262360534,1.4,1.4941176470588236,-0.04700531220688798,-1.0,-150.13410767029336,-7.970173302034755,-0.5507564239209517,0.0006635047813576638,False
2.1631944091795607,-0.08850455025847762,1.4,1.4941176470588236,-0.04747590044218204,-1.0,-150.11260110776246,-7.953926010746195,-0.5587144168807788,0.00010876857364216068,False
2.1639999999998727,-0.08893176001733846,1.4,1.4941176470588236,-0.047946488677476105,-1.0,-163.6892616742466,-4.78689928791525,-0.5601458897143574,-3.1253712505233027e-06,False
2.1649999999998726,-0.0894618679807942,1.4,1.4941176470588236,-0.04803797535027043,-1.0,-171.09231461780593,-4.78689928791525,-0.5601458897143574,-3.1253712505233027e-06,True
2.1659999999998725,-0.0899917552059837,1.4,1.4941176470588236,0.0,-1.0,-173.07886972111842,986.2403342596917,0.4359470705593662,-0.00015581436454503017,False
2.1669999999998724,-0.09052142038546318,1.4,1.4941176470588236,0.0,-1.0,-173.4946425033548,-8.665762095836843,0.5541073659403003,0.0003903667542651395,False
2.1679999999998723,-0.09105086221233633,1.4,1.4941176470588236,-0.0003791015154409152,-1.0,-173.47299533936,-9.064639553450055,0.5450658829462954,0.0009399627732605368,False
2.168999999999872,-0.09158007938025806,1.4,1.4941176470588236,-0.0008496897507349816,-1.0,-173.32423937797583,-9.177533168188614,0.5349788943283901,0.0015339911014090348,False
2.169999999999872,-0.09210907058343762,1.4,1.4941176470588236,-0.001320277986029048,-1.0,-173.13973999667863,-9.206482703230327,0.5257814757305489,0.0020643736458459297,False
2.170999999999872,-0.09263783451664184,1.4,1.4941176470588236,-0.0017908662213231145,-1.0,-172.94521916124364,-9.212165482374887,0.5165725694637842,0.002585551438391133,False
2.171999999999872,-0.09316636987519808,1.4,1.4941176470588236,-0.0022614544566171807,-1.0,-172.74785608879324,-9.211004645557942,0.5073630875067611,0.0030975194500718057,False
2.1729999999998717,-0.0936946753549982,1.4,1.4941176470588236,-0.002732042691911247,-1.0,-172.55005676812803,-9.207835643049147,0.49815621161225154,0.0036002790134014888,False
2.1739999999998716,-0.0942227496525008,1.4,1.4941176470588236,-0.0032026309272053135,-1.0,-172.35168281866797,-9.204014484037158,0.4889529084450966,0.004093833348385089,False
2.1749999999998715,-0.09475059146473501,1.388235294117647,1.4941176470588236,-0.00367321916249938,-1.0,-172.15338761084172,-9.199919565558947,0.4797535404864339,0.0045781862936841895,False
2.1759999999998714,-0.09527819948930367,1.388235294117647,1.5058823529411764,-0.004143807397793446,-1.0,-171.95509922858747,-9.195682453224652,0.47055829634499985,0.005053341944664548,False
2.1769999999998713,-0.09580557242438643,1.388235294117647,1.5058823529411764,-0.004614395633087512,-1.0,-171.75698935983306,-9.191297066126484,0.4613673493525356,0.005519304549083432,False
2.177999999999871,-0.09633270896874284,1.388235294117647,1.5058823529411764,-0.005084983868381579,-1.0,-171.55841090882674,-9.18679469770826,0.45218085591247137,0.005976078491713805,False
2.178999999999871,-0.09685960782171615,1.388235294117647,1.5058823529411764,-0.005614395633087403,-1.0,-171.3606586420023,-9.182170895881255,0.44299896524173576,0.006423668276301977,False
2.179999999999871,-0.09738626768323573,1.388235294117647,1.5058823529411764,-0.006202630927204985,-1.0,-171.16324598827583,-9.177437019897173,0.4338218084800168,0.006862078523583335,False
2.180999999999871,-0.09791268725382064,1.388235294117647,1.5058823529411764,-0.0067908662213225675,-1.0,-170.9654917139447,-9.172558720641465,0.4246495235366466,0.007291313975770041,False
2.1819999999998707,-0.09843886523458298,1.388235294117647,1.5058823529411764,-0.00737910151544015,-1.0,-170.76789413334157,-9.16760331085142,0.41548219016814864,0.007711379496666722,False
2.1829999999998706,-0.09896480032723086,1.388235294117647,1.5058823529411764,-0.007967336809557732,-1.0,-170.57051518673848,-9.162546046547293,0.4063198775488038,0.008122280039876292,False
2.1839999999998705,-0.09949049123407161,1.388235294117647,1.5058823529411764,-0.008555572103675314,-1.0,-170.37302563792144,-9.157350951791246,0.39716268224222107,0.008524020671174892,False
2.1849999999998704,-0.10001593665801543,1.388235294117647,1.5058823529411764,-0.009143807397792896,-1.0,-170.17574926743063,-9.15204237254186,0.3880106947746849,0.008916606584655444,False
2.1859999999998703,-0.10054113530257786,1.388235294117647,1.5058823529411764,-0.009732042691910478,-1.0,-169.97871600464038,-9.146624229480096,0.37886400782242224,0.009300043088802883,False
2.18699999999987,-0.1010660858718834,1.388235294117647,1.5058823529411764,-0.01032027798602806,-1.0,-169.78157625781674,-9.141081691364507,0.36972273822113605,0.009674335606941472,False
2.18799999999987,-0.10159078707066874,1.388235294117647,1.5058823529411764,-0.010908513280145643,-1.0,-169.58466046988752,-9.135430833576974,0.36058700799882304,0.010039489679842232,False
2.18899999999987,-0.10211523760428584,1.388235294117647,1.5058823529411764,-0.011496748574263225,-1.0,-169.38784416731264,-9.129670732694658,0.3514569478122692,0.010395510956118218,False
2.18999999999987,-0.10263943617870495,1.388235294117647,1.5058823529411764,-0.012084983868380807,-1.0,-169.19134142909317,-9.123784352198442,0.3423327078191013,0.010742405197875962,False
2.1909999999998697,-0.10316338150051857,1.388235294117647,1.5058823529411764,-0.01267321916249839,-1.0,-168.99472595734917,-9.117791527075173,0.3332144248537188,0.011080178285601204,False
2.1919999999998696,-0.10368707227694347,1.388235294117647,1.5058823529411764,-0.013261454456615971,-1.0,-168.7983384893372,-9.111684604483127,0.3241022271531394,0.011408836208605298,False
2.1929999999998695,-0.10421050721582477,1.388235294117647,1.5058823529411764,-0.013849689750733554,-1.0,-168.60203898902392,-9.105473774769994,0.31499622607362154,0.011728385065685708,False
2.1939999999998694,-0.10473368502563876,1.388235294117647,1.5058823529411764,-0.014437925044851136,-1.0,-168.40595049108126,-9.099137719773632,0.3058965349347146,0.012038831067227947,False
2.1949999999998693,-0.10525660441549624,1.388235294117647,1.5058823529411764,-0.015026160338968718,-1.0,-168.20966231841012,-9.092694726101325,0.29680324839268835,0.01234018054256473,False
2.195999999999869,-0.10577926409514542,1.3764705882352941,1.5058823529411764,-0.0156143956330863,-1.0,-168.01386077406804,-9.08613643709164,0.28771645823924896,0.012632439932049752,False
2.196999999999869,-0.1063016627749758,1.3764705882352941,1.5058823529411764,-0.016202630927203882,-1.0,-167.81848383665462,-9.079477545951365,0.278633104617189,0.01291561469320414,False
2.197999999999869,-0.10682379916602039,1.3764705882352941,1.5058823529411764,-0.016790866221321466,-1.0,-167.62280074359663,-9.072678205506861,0.26955760753822133,0.013189710055099946,False
2.198999999999869,-0.10734567197995962,1.3764705882352941,1.5058823529411764,-0.01737910151543905,-1.0,-167.42772873746551,-9.065798643446747,0.26048777087863506,0.013454732731224274,False
2.1999999999998687,-0.10786727992912414,1.3764705882352941,1.5058823529411764,-0.01802616033896839,-1.0,-167.23256752573596,-9.058808131361799,0.2514260699160208,0.013710689650959423,False
2.2009999999998686,-0.1083886217264982,1.3764705882352941,1.5058823529411764,-0.018673219162497732,-1.0,-167.0374613412281,-9.051699170846023,0.24237022664383995,0.013957587794013933,False
2.2019999999998685,-0.1089096960857226,1.3764705882352941,1.5058823529411764,-0.019320277986027073,-1.0,-166.8417149440249,-9.044486037304967,0.23332269770758787,0.014195434248683067,False
2.2029999999998684,-0.10943050172109844,1.3764705882352941,1.5058823529411764,-0.019967336809556414,-1.0,-166.64712375055515,-9.037169164444578,0.22428134793898055,0.014424236274036488,False
2.2039999999998683,-0.10995103734758947,1.3764705882352941,1.5058823529411764,-0.020614395633085755,-1.0,-166.45255248499356,-9.029715805073428,0.21524837472216654,0.014644001121399743,False
2.204999999999868,-0.11047130168082574,1.3764705882352941,1.5058823529411764,-0.021261454456615096,-1.0,-166.2580932851459,-9.022132633959435,0.20622204675576666,0.014854736341626337,False
2.205999999999868,-0.11099129343710674,1.3764705882352941,1.5058823529411764,-0.021908513280144436,-1.0,-166.06379758471851,-9.014468196693398,0.19720407626832023,0.015056449383734138,False
2.206999999999868,-0.11151101133340438,1.3764705882352941,1.5058823529411764,-0.022555572103673777,-1.0,-165.869657060057,-9.006712199875317,0.1881932385343213,0.015249148056222588,False
2.207999999999868,-0.11203045408736667,1.3764705882352941,1.5058823529411764,-0.023202630927203118,-1.0,-165.6756961268776,-8.998816505202326,0.17919063507575927,0.015432839969691985,False
2.2089999999998677,-0.11254962041732011,1.3764705882352941,1.5058823529411764,-0.02384968975073246,-1.0,-165.4819331362284,-8.990840606220502,0.1701957361137849,0.015607533174232876,False
2.2099999999998676,-0.11306850904227339,1.3764705882352941,1.5058823529411764,-0.0244967485742618,-1.0,-165.28831962706641,-8.982723883591945,0.1612089340613065,0.015773235483848395,False
2.2109999999998675,-0.11358711868192042,1.3764705882352941,1.5058823529411764,-0.02514380739779114,-1.0,-165.09489348527612,-8.97453184398995,0.15223041514673497,0.015929955179336534,False
2.2119999999998674,-0.1141054480566435,1.3764705882352941,1.5058823529411764,-0.025790866221320482,-1.0,-164.90163665366194,-8.96619794864203,0.1432598569381465,0.01607770028964842,False
2.2129999999998673,-0.1146234958875162,1.3764705882352941,1.5058823529411764,-0.026437925044849823,-1.0,-164.70860197836367,-8.957791008178708,0.1342981344411025,0.016216479306265238,False
2.213999999999867,-0.11514126089630734,1.3764705882352941,1.5058823529411764,-0.027084983868379164,-1.0,-164.51580678593544,-8.94923880032852,0.1253442776801813,0.016346300488095614,False
2.214999999999867,-0.11565874180548308,1.3764705882352941,1.5176470588235293,-0.027732042691908505,-1.0,-164.32300616635547,-8.94061778733096,0.11639975154186775,0.016467172521999866,False
2.215999999999867,-0.11617593733821073,1.3764705882352941,1.5176470588235293,-0.028379101515437846,-1.0,-164.13090512608338,-8.931851152983384,0.10746306653057869,0.01657910390976819,False
2.216999999999867,-0.11669284621836168,1.3647058823529412,1.5176470588235293,-0.029026160338967186,-1.0,-163.93831391003854,-8.92302166835949,0.09853611668694015,0.016682103517737384,False
2.2179999999998667,-0.11720946717051468,1.3647058823529412,1.5176470588235293,-0.029673219162496527,-1.0,-163.74613534794466,-8.914032998673898,0.08961708059033895,0.016776180099096715,False
2.2189999999998666,-0.11772579891995875,1.3647058823529412,1.5176470588235293,-0.030379101515437625,-1.0,-163.55423488949216,-8.905007214298355,0.08070807764625726,0.016861342690836265,False
2.2199999999998665,-0.1182418401926969,1.3647058823529412,1.5176470588235293,-0.031084983868378723,-1.0,-163.36251017419318,-8.895795587710124,0.07180716504426048,0.016937600299393354,False
2.2209999999998664,-0.11875758971544845,1.3647058823529412,1.5176470588235293,-0.03184968975073158,-1.0,-163.17113331299322,-8.886532605876505,0.06291649241423257,0.01700496213675091,False
2.2219999999998663,-0.11927304621565273,1.3647058823529412,1.5176470588235293,-0.032614395633084436,-1.0,-162.9796453341863,-8.877123721405802,0.05403420597859336,0.017063437477598024,False
2.222999999999866,-0.11978820842147204,1.3647058823529412,1.5176470588235293,-0.03337910151543729,-1.0,-162.78867715073548,-8.867651869155154,0.04516223094721915,0.017113035700996326,False
2.223999999999866,-0.12030307506179488,1.3647058823529412,1.5176470588235293,-0.034143807397790146,-1.0,-162.5977815192379,-8.858037264125427,0.03629903034819498,0.017153766327154516,False
2.224999999999866,-0.12081764486623885,1.3647058823529412,1.5176470588235293,-0.034908513280143,-1.0,-162.40717094147925,-8.848345601733262,0.0274461286374633,0.01718563890868787,False
2.225999999999866,-0.12133191656515435,1.3647058823529412,1.5176470588235293,-0.035673219162495856,-1.0,-162.21659560091825,-8.838519947829484,0.018602480322173206,0.017208663211513767,False
2.2269999999998658,-0.12184588888962701,1.3647058823529412,1.5176470588235293,-0.03643792504484871,-1.0,-162.02676813368095,-8.82862800837653,0.009769041854920012,0.017222848972937868,False
2.2279999999998656,-0.12235956057148113,1.3647058823529412,1.5176470588235293,-0.037202630927201566,-1.0,-161.83609131867314,-8.818589715778334,0.0009453812453394701,0.01722820618432834,False
2.2289999999998655,-0.12287293034328299,1.3647058823529412,1.5176470588235293,-0.03796733680955442,-1.0,-161.64660997751363,-8.808483708300045,-0.007868188974922802,0.017224744780530193,False
2.2299999999998654,-0.12338599693834365,1.3647058823529412,1.5176470588235293,-0.038732042691907276,-1.0,-161.4569876635168,-8.798256534771578,-0.01667144111849265,0.017212474965318962,False
2.2309999999998653,-0.12389875909072215,1.3647058823529412,1.5176470588235293,-0.03949674857426013,-1.0,-161.2671526869745,-8.787914413204398,-0.025464725980351925,0.01719140688307934,False
2.231999999999865,-0.12441121553522917,1.3647058823529412,1.5176470588235293,-0.040261454456612986,-1.0,-161.07807857741588,-8.777476323444102,-0.03424714579688795,0.01716155094554088,False
2.232999999999865,-0.1249233650074292,1.3647058823529412,1.5176470588235293,-0.04102616033896584,-1.0,-160.88947038071984,-8.766959186465648,-0.0430197079042757,0.017122917522653713,False
2.233999999999865,-0.12543520624364432,1.3647058823529412,1.5176470588235293,-0.041790866221318695,-1.0,-160.70090000322608,-8.756273910515155,-0.05178092050785446,0.017075517204025177,False
2.234999999999865,-0.12594673798095724,1.3647058823529412,1.5176470588235293,-0.04255557210367155,-1.0,-160.51251145038194,-8.74555480725156,-0.06053228740725127,0.017019360607825898,False
2.2359999999998648,-0.12645795895721412,1.3647058823529412,1.5176470588235293,-0.043320277986024405,-1.0,-160.32433909630385,-8.734706431739196,-0.06927192917001905,0.016954458491403795,False
2.2369999999998647,-0.126968867911028,1.3647058823529412,1.5176470588235293,-0.04408498386837726,-1.0,-160.13636149592406,-8.723783061451487,-0.07800168548665892,0.016880821696360467,False
2.2379999999998645,-0.127479463581782,1.3647058823529412,1.5058823529411764,-0.044849689750730115,-1.0,-159.9486500311368,-8.712718689730165,-0.08671941622674177,0.016798461133191285,False
2.2389999999998644,-0.127989744709632,1.3529411764705883,1.5058823529411764,-0.04561439563308297,-1.0,-159.7611821917095,-8.701585916632627,-0.09542708230905676,0.01670738790095827,False
2.2399999999998643,-0.12849971003551003,1.3529411764705883,1.5058823529411764,-0.046379101515435825,-1.0,-159.57396467286006,-8.690316207512275,-0.10412254056133446,0.016607613073108016,False
2.240999999999864,-0.1290093583011273,1.3529411764705883,1.5058823529411764,-0.04714380739778868,-1.0,-159.38697631993162,-8.678978159401446,-0.11280764476961236,0.01649914800189448,False
2.241999999999864,-0.12951868824897741,1.3529411764705883,1.5058823529411764,-0.04784968975072978,-1.0,-159.20026935674218,-8.667509123736163,-0.12148048077588715,0.016382003919243722,False
2.242999999999864,-0.1300276986223392,1.3529411764705883,1.5058823529411764,-0.04861439563308263,-1.0,-159.01378403730095,-8.655968427461998,-0.13014256451445408,0.016256192421589075,False
2.243999999999864,-0.13053638816528046,1.3529411764705883,1.5058823529411764,-0.04937910151543549,-1.0,-158.8276787633836,-8.644299427965665,-0.1387924273428229,0.016121724903483087,False
2.2449999999998638,-0.13104475562266016,1.3529411764705883,1.5058823529411764,-0.05014380739778834,-1.0,-158.64137402599155,-8.632557629666978,-0.14743104264737236,0.015978613195660435,False
2.2459999999998637,-0.13155279974013215,1.3529411764705883,1.5058823529411764,-0.0509085132801412,-1.0,-158.45557316211244,-8.620690897159294,-0.15605757203491175,0.015826868865434947,False
2.2469999999998636,-0.13206051926414802,1.3529411764705883,1.5058823529411764,-0.05167321916249405,-1.0,-158.27015408498428,-8.608753165943552,-0.16467229043078285,0.015666503961842597,False
2.2479999999998634,-0.13256791294196038,1.3529411764705883,1.5058823529411764,-0.05243792504484691,-1.0,-158.08530627663794,-8.596672499562512,-0.17327510849155345,0.015497530240667395,False
2.2489999999998633,-0.1330749795216256,1.3529411764705883,1.5058823529411764,-0.05320263092719976,-1.0,-157.90034733620936,-8.584523271678657,-0.18186549744816477,0.01531995996389832,False
2.249999999999863,-0.13358171775200758,1.3529411764705883,1.5058823529411764,-0.05396733680955262,-1.0,-157.71569635947543,-8.572266660692396,-0.1904442031623197,0.015133805095031769,False
2.250999999999863,-0.13408812638277998,1.3529411764705883,1.5058823529411764,-0.05473204269190547,-1.0,-157.53138768684957,-8.559940520726434,-0.19900989678944433,0.014939078067907525,False
2.251999999999863,-0.13459420416442983,1.3529411764705883,1.5058823529411764,-0.05549674857425833,-1.0,-157.3471663463586,-8.5474859987326,-0.2075641123858674,0.014735791049798263,False
2.252999999999863,-0.13509994984826051,1.3529411764705883,1.5058823529411764,-0.05626145445661118,-1.0,-157.1636066191924,-8.534943527490816,-0.21610473948120396,0.0145239566416603,False
2.253999999999863,-0.13560536218639485,1.3529411764705883,1.5058823529411764,-0.05702616033896404,-1.0,-156.97994879228972,-8.522301648873787,-0.22463402375260327,0.014303587253149935,False
2.2549999999998627,-0.136110439931778,1.3529411764705883,1.5058823529411764,-0.05779086622131689,-1.0,-156.7969316108673,-8.509556097888392,-0.23314922765880844,0.014074695638876132,False
2.2559999999998626,-0.13661518183818105,1.3529411764705883,1.5058823529411764,-0.05855557210366975,-1.0,-156.61358812520768,-8.496732590716167,-0.2416531454097612,0.013837294453180405,False
2.2569999999998624,-0.13711958666020346,1.3529411764705883,1.5058823529411764,-0.0593202779860226,-1.0,-156.43078368165666,-8.483792114891324,-0.25014259916219483,0.013591396585225046,False
2.2579999999998623,-0.13762365315327646,1.3529411764705883,1.5058823529411764,-0.060084983868375456,-1.0,-156.2483048769695,-8.470776606742353,-0.25862071027401495,0.013337014939545637,False
2.2589999999998622,-0.13812738007366604,1.3529411764705883,1.5058823529411764,-0.06084968975072831,-1.0,-156.0661388432737,-8.457628955112604,-0.26708408240305936,0.013074162540396197,False
2.259999999999862,-0.13863076617847597,1.3411764705882352,1.5058823529411764,-0.061614395633081166,-1.0,-155.88425367004487,-8.444404597227974,-0.27553591609766903,0.012802852558117249,False
2.260999999999862,-0.1391338102256514,1.3411764705882352,1.5058823529411764,-0.06237910151543402,-1.0,-155.70270471071214,-8.431079525926188,-0.28397286850735415,0.012523098156588319,False
2.261999999999862,-0.13963651097398097,1.3411764705882352,1.5058823529411764,-0.06314380739778688,-1.0,-155.5214616531553,-8.417669505750466,-0.2923979889294388,0.012234912751734708,False
2.262999999999862,-0.1401388671831006,1.3411764705882352,1.5058823529411764,-0.06390851328013974,-1.0,-155.34051500458276,-8.404160659251588,-0.3008064591398183,0.011938309758863765,False
2.2639999999998617,-0.14064087761349622,1.3411764705882352,1.5058823529411764,-0.06473204269190436,-1.0,-155.15986987006934,-8.39055876294702,-0.3092013785895362,0.011633305021873817,False
2.2649999999998616,-0.14114254102650703,1.3411764705882352,1.5058823529411764,-0.06555557210366897,-1.0,-154.9795215924812,-8.376864143893787,-0.31758267473766066,0.011319912140675013,False
2.2659999999998615,-0.1416438561843283,1.3411764705882352,1.5058823529411764,-0.06637910151543358,-1.0,-154.79948134972184,-8.363075896949331,-0.32595026976869335,0.010998144808511343,False
2.2669999999998613,-0.14214482185001492,1.3411764705882352,1.5058823529411764,-0.06720263092719819,-1.0,-154.61967723045714,-8.349191811120484,-0.3343040732970993,0.010668016812632203,False
2.2679999999998612,-0.14264543678748387,1.3411764705882352,1.5058823529411764,-0.0680261603389628,-1.0,-154.44025587502264,-8.335212898223283,-0.34264398140277946,0.010329542035801734,False
2.268999999999861,-0.14314569976151753,1.3411764705882352,1.5058823529411764,-0.06884968975072742,-1.0,-154.26112105670447,-8.32114313439725,-0.3509698827116358,0.009982734454491916,False
2.269999999999861,-0.14364560953776667,1.3411764705882352,1.5058823529411764,-0.06967321916249203,-1.0,-154.08228126037545,-8.306977385954278,-0.35928165792518396,0.009627608136501847,False
2.270999999999861,-0.1441451648827537,1.3411764705882352,1.5058823529411764,-0.07049674857425664,-1.0,-153.90377565439863,-8.292720063173887,-0.3675791891561605,0.009264177241802148,False
2.271999999999861,-0.14464436456387528,1.3411764705882352,1.5058823529411764,-0.07132027798602125,-1.0,-153.72554791864118,-8.278367807379794,-0.3758623623403579,0.00889245602230351,False
2.2729999999998607,-0.1451432073494061,1.3411764705882352,1.5058823529411764,-0.07214380739778586,-1.0,-153.54748118731163,-8.26392438404667,-0.38413107846781497,0.00851245882331559,False
2.2739999999998606,-0.14564169200850108,1.3411764705882352,1.5058823529411764,-0.07296733680955048,-1.0,-153.37028393742753,-8.249390580654552,-0.3923852564278933,0.008124200080563406,False
2.2749999999998605,-0.14613981731119882,1.3411764705882352,1.5058823529411764,-0.07379086622131509,-1.0,-153.19290632923315,-8.234761584730022,-0.40062482427125345,0.007727694321178736,False
2.2759999999998604,-0.14663758202842467,1.3411764705882352,1.5058823529411764,-0.0746143956330797,-1.0,-153.01600137015967,-8.220032968211733,-0.4088497126197554,0.007322956169530583,False
2.2769999999998602,-0.14713498493199367,1.3411764705882352,1.5058823529411764,-0.07543792504484431,-1.0,-152.83940878440907,-8.205243223696083,-0.4170598815833852,0.006910000338660072,False
2.27799999999986,-0.1476320247946135,1.3411764705882352,1.5058823529411764,-0.07626145445660892,-1.0,-152.66307058049085,-8.190335766708637,-0.4252552519276837,0.006488841623392993,False
2.27899999999986,-0.14812870038988793,1.3411764705882352,1.4941176470588236,-0.07708498386837354,-1.0,-152.48700831197615,-8.17534636774762,-0.4334357424859453,0.006059494922130436,False
2.27999999999986,-0.1486250104923192,1.3411764705882352,1.4941176470588236,-0.07790851328013815,-1.0,-152.31132744440492,-8.160268190710838,-0.4416012594630125,0.005621975220388926,False
2.28099999999986,-0.14912095387731145,1.3411764705882352,1.4941176470588236,-0.07873204269190276,-1.0,-152.1360198834372,-8.145095971952246,-0.4497516899777579,0.005176297593389657,False
2.2819999999998597,-0.1496165293211737,1.3411764705882352,1.4941176470588236,-0.07955557210366737,-1.0,-151.9611009756245,-8.129829477674452,-0.4578869102330724,0.004722477208896448,False
2.2829999999998596,-0.15011173560112276,1.3294117647058823,1.4941176470588236,-0.08032027798602023,-1.0,-151.7866135220886,-8.114478053442417,-0.466006800988753,0.004260529325462981,False
2.2839999999998595,-0.15060657149528628,1.3294117647058823,1.4941176470588236,-0.0810849838683731,-1.0,-151.6121076731538,-8.099043344977758,-0.4741112549760818,0.003790469286672903,False
2.2849999999998594,-0.1511010357827061,1.3294117647058823,1.4941176470588236,-0.08184968975072596,-1.0,-151.4380732985803,-8.083522068745124,-0.48220017921270847,0.003312312519853808,False
2.2859999999998593,-0.15159512724334065,1.3294117647058823,1.4941176470588236,-0.08261439563307882,-1.0,-151.26441805462593,-8.067914559593733,-0.4902734971933691,0.0028260745380557176,False
2.286999999999859,-0.15208884465806838,1.3294117647058823,1.4941176470588236,-0.08343792504484343,-1.0,-151.09113149515935,-8.052201881716728,-0.4983311326266818,0.0023317709478081765,False
2.287999999999859,-0.1525821868086906,1.3294117647058823,1.4941176470588236,-0.08426145445660804,-1.0,-150.91812468612056,-8.036412508946848,-0.5063730363341744,0.001829417453027422,False
2.288999999999859,-0.15307515247793463,1.3294117647058823,1.4941176470588236,-0.08508498386837265,-1.0,-150.74575351265682,-8.020537371634195,-0.5143991615338831,0.0013190298403351936,False
2.2895150146482974,-0.1533288897452305,1.3294117647058823,1.4941176470588236,-0.08590851328013727,-1.0,-150.7338187393561,-8.004593157327957,-0.5224105393668635,0.000800623653322405,False
2.289999999999859,-0.1535677404494565,1.3294117647058823,1.4941176470588236,-0.08673204269190188,-1.0,-155.54705494206854,-7.988527690595563,-0.5304029859547901,0.00027421612575932497,False
2.2909999999998587,-0.1540599495078447,1.3294117647058823,1.4941176470588236,-0.08755557210366649,-1.0,-168.40811804692174,131.62321137959339,-0.5282099078166946,-4.5112952844283446e-05,False
2.2919999999998586,-0.15455177843862214,1.3294117647058823,1.4941176470588236,-0.0883791015154311,-1.0,-171.96461129174264,131.62321137959339,-0.5282099078166946,-4.5112952844283446e-05,True
2.2929999999998585,-0.1550432260282498,1.3294117647058823,1.4941176470588236,-0.08880323122590987,-1.0,-172.84588608680272,1599.9903144497187,-0.03637639301915422,-0.00021796252592593725,False
2.2939999999998584,-0.15553429106412964,1.3294117647058823,1.4941176470588236,0.0,-1.0,-172.9442493996817,-8.232424662587011,0.5316049770331663,0.00019653871060992071,False
2.2949999999998583,-0.15602497233460746,1.3294117647058823,1.4941176470588236,0.0,-1.0,-172.8311124039914,-8.91979811150485,0.5227226293400257,0.0007237183920062596,False
2.295999999999858,-0.15651526862897594,1.3294117647058823,1.4941176470588236,-0.00039939961893289825,-1.0,-172.65704093784336,-9.114752743211382,0.5136206757952666,0.0012418948377402185,False
2.296999999999858,-0.1570051787374779,1.3294117647058823,1.4941176470588236,-0.0012229290306975137,-1.0,-172.4663788179695,-9.168737259732225,0.5035415564366172,0.0018013353945319837,False
2.297999999999858,-0.15749470145130878,1.3294117647058823,1.4941176470588236,-0.0020464584424621296,-1.0,-172.2706982672977,-9.180481847909924,0.49436569437427075,0.002300289239169443,False
2.298999999999858,-0.1579838355626199,1.3294117647058823,1.4941176470588236,-0.002869987854226745,-1.0,-172.07340389062279,-9.180914187752741,0.4851864647548664,0.0027900648283683653,False
2.2999999999998577,-0.15847257986452148,1.3294117647058823,1.4941176470588236,-0.0036935172659913603,-1.0,-171.8755934559568,-9.178001942717177,0.4760092099959571,0.0032706620397972915,False
2.3009999999998576,-0.15896093315108556,1.3294117647058823,1.4941176470588236,-0.004517046677755976,-1.0,-171.67788564897114,-9.174092232735068,0.46683553606605005,0.003742083859417703,False
2.3019999999998575,-0.15944889421734876,1.3294117647058823,1.4941176470588236,-0.005340576089520591,-1.0,-171.4803048963128,-9.16979626705996,0.4576660136385126,0.00420433422471067,False
2.3029999999998574,-0.15993646185931598,1.3294117647058823,1.5058823529411764,-0.0061641055012852065,-1.0,-171.28285531268202,-9.165293688172433,0.44850092823498033,0.004657417439820883,False
2.3039999999998573,-0.16042363487396236,1.3294117647058823,1.5058823529411764,-0.006987634913049822,-1.0,-171.08561214864892,-9.160643696545648,0.43934046967280305,0.005101338007245558,False
2.304999999999857,-0.16091041205923695,1.3176470588235294,1.5058823529411764,-0.007811164324814437,-1.0,-170.88825383510462,-9.155879558393329,0.4301847743824425,0.005536100569624655,False
2.305999999999857,-0.16139679221406542,1.3176470588235294,1.5058823529411764,-0.008634693736579054,-1.0,-170.69110222312798,-9.151002046432744,0.4210339538147176,0.005961709885289819,False
2.306999999999857,-0.16188277413835306,1.3176470588235294,1.5058823529411764,-0.009458223148343669,-1.0,-170.49413725519153,-9.146011430380492,0.4118881050894508,0.006378170826325441,False
2.307999999999857,-0.16236835663298768,1.3176470588235294,1.5058823529411764,-0.010281752560108284,-1.0,-170.29711175549548,-9.14091215063652,0.40274731285615994,0.006785488377638591,False
2.3089999999998567,-0.16285353849984302,1.3176470588235294,1.5058823529411764,-0.011164105501284658,-1.0,-170.10058215631202,-9.135686999522706,0.3936116714331251,0.007183667639572289,False
2.3099999999998566,-0.16333831854178088,1.3176470588235294,1.5058823529411764,-0.012046458442461033,-1.0,-169.90391735225475,-9.130352961303938,0.3844812724905326,0.007572713832831861,False
2.3109999999998565,-0.16382269556265475,1.3176470588235294,1.5058823529411764,-0.012987634913049164,-1.0,-169.70726458946564,-9.124909703737618,0.3753562153544765,0.00795263228893646,False
2.3119999999998564,-0.16430666836731242,1.3176470588235294,1.5058823529411764,-0.013928811383637295,-1.0,-169.51097714302145,-9.119344265693,0.3662366226086928,0.00832342845306557,False
2.3129999999998563,-0.16479023576159915,1.3176470588235294,1.5058823529411764,-0.014869987854225426,-1.0,-169.31463642133485,-9.113685306954316,0.35712261046580135,0.008685107882561001,False
2.313999999999856,-0.16527339655236034,1.3176470588235294,1.5058823529411764,-0.015811164324813557,-1.0,-169.11834779668223,-9.107899642539838,0.34801432068866645,0.00903767623988392,False
2.314999999999856,-0.165756149547445,1.3176470588235294,1.5058823529411764,-0.01675234079540169,-1.0,-168.9225375244823,-9.101996269500942,0.3389118979734162,0.009381139308963903,False
2.315999999999856,-0.16623849355570797,1.3176470588235294,1.5058823529411764,-0.017693517265989823,-1.0,-168.72634757943277,-9.095993861601597,0.3298154650191856,0.009715502985971356,False
2.316999999999856,-0.16672042738701337,1.3176470588235294,1.5058823529411764,-0.018634693736577956,-1.0,-168.53056752563938,-9.089869246261605,0.3207251466924527,0.010040773274371945,False
2.3179999999998557,-0.1672019498522374,1.3176470588235294,1.5058823529411764,-0.01957587020716609,-1.0,-168.3348066819419,-9.083628204986926,0.31164105737152387,0.010356956296841231,False
2.3189999999998556,-0.16768305976327108,1.3176470588235294,1.5058823529411764,-0.02051704667775422,-1.0,-168.1395732681063,-9.077294255908765,0.3025632816526544,0.010664058286342126,False
2.3199999999998555,-0.16816375593302382,1.3176470588235294,1.5058823529411764,-0.021458223148342354,-1.0,-167.94424753772967,-9.070821802371745,0.2934919254474828,0.010962085585524235,False
2.3209999999998554,-0.16864403717542545,1.3176470588235294,1.5058823529411764,-0.022399399618930487,-1.0,-167.74905434812783,-9.06425196680927,0.2844270739551303,0.011251044660750494,False
2.3219999999998553,-0.16912390230542979,1.3176470588235294,1.5058823529411764,-0.02334057608951862,-1.0,-167.5540043200679,-9.057564300587753,0.2753688219801021,0.011530942085405674,False
2.322999999999855,-0.16960335013901726,1.3176470588235294,1.5058823529411764,-0.024281752560106753,-1.0,-167.359105733469,-9.050785929072596,0.2663172577253629,0.011801784541303999,False
2.323999999999855,-0.17008237949319807,1.3176470588235294,1.5058823529411764,-0.025222929030694886,-1.0,-167.16422910693336,-9.04388376344014,0.2572724977435045,0.012063578812957585,False
2.324999999999855,-0.1705609891860147,1.3176470588235294,1.5058823529411764,-0.02616410550128302,-1.0,-166.96957304506913,-9.036869863587357,0.24823466699591284,0.012316331802466373,False
2.325999999999855,-0.17103917803654564,1.3176470588235294,1.5058823529411764,-0.02710528197187115,-1.0,-166.774840982218,-9.029745245503399,0.2392038921350712,0.012560050523405012,False
2.3269999999998547,-0.17151694486490726,1.3176470588235294,1.5058823529411764,-0.028046458442459284,-1.0,-166.58056925352903,-9.022498007733292,0.23017713079005686,0.012794741050841095,False
2.3279999999998546,-0.17199428849225745,1.3058823529411765,1.5058823529411764,-0.028987634913047417,-1.0,-166.38640964877473,-9.015156388654843,0.22115884269699332,0.013020409014660861,False
2.3289999999998545,-0.17247120774079822,1.3058823529411765,1.5058823529411764,-0.02992881138363555,-1.0,-166.19241875945573,-9.007684850732433,0.21214697546866926,0.01323706193696376,False
2.3299999999998544,-0.17294770143377874,1.3058823529411765,1.5058823529411764,-0.030869987854223683,-1.0,-165.99859149107036,-9.000115213964655,0.20314344151861763,0.013444707126917534,False
2.3309999999998543,-0.17342376839549806,1.3058823529411765,1.5058823529411764,-0.03181116432481181,-1.0,-165.8049378993932,-8.992427270833392,0.19414687438243908,0.013643352294080572,False
2.331999999999854,-0.17389940745130855,1.3058823529411765,1.5058823529411764,-0.032752340795399945,-1.0,-165.61146137130692,-8.984652621087225,0.1851585731391913,0.013833005004545524,False
2.332999999999854,-0.174374617427618,1.3058823529411765,1.5058823529411764,-0.03369351726598808,-1.0,-165.41815834916616,-8.976743268258808,0.17617768268368597,0.014013673137057469,False
2.333999999999854,-0.174849397151893,1.3058823529411765,1.5058823529411764,-0.03469351726598797,-1.0,-165.22501856295384,-8.968751310788226,0.16720509425312896,0.014185364517696086,False
2.334999999999854,-0.1753237454526618,1.3058823529411765,1.5058823529411764,-0.03569351726598786,-1.0,-165.03206835802203,-8.960624118285994,0.15824027112032144,0.014348087200390864,False
2.3359999999998537,-0.1757976611595171,1.3058823529411765,1.5058823529411764,-0.03669351726598775,-1.0,-164.8392983636458,-8.95241621404623,0.14928387370522725,0.01450184927007893,False
2.3369999999998536,-0.17627114310311892,1.3058823529411765,1.5058823529411764,-0.03769351726598764,-1.0,-164.64672295345096,-8.944072545597226,0.14033551103161349,0.014646658958423642,False
2.3379999999998535,-0.17674419011519782,1.3058823529411765,1.5058823529411764,-0.03869351726598753,-1.0,-164.45432911279693,-8.935648267524032,0.1313957724489778,0.014782524601707453,False
2.3389999999998534,-0.17721680102855725,1.3058823529411765,1.5058823529411764,-0.03969351726598742,-1.0,-164.26213747353856,-8.927088907588631,0.12246427317621644,0.014909454617438462,False
2.3399999999998533,-0.17768897467707676,1.3058823529411765,1.5058823529411764,-0.04069351726598731,-1.0,-164.07011446888026,-8.918450242710197,0.11354164770209349,0.015027457582522281,False
2.340999999999853,-0.17816070989571475,1.3058823529411765,1.5058823529411764,-0.0416935172659872,-1.0,-163.87829257029165,-8.909676956063429,0.10462742460983536,0.015136542109766116,False
2.341999999999853,-0.17863200552051156,1.3058823529411765,1.5058823529411764,-0.04269351726598709,-1.0,-163.68665853440191,-8.900824454205765,0.0957223496834988,0.01523671700333039,False
2.342999999999853,-0.17910286038859186,1.3058823529411765,1.5058823529411764,-0.04369351726598698,-1.0,-163.49523555019138,-8.891838236917195,0.08682582770081984,0.015327991082586196,False
2.343999999999853,-0.1795732733381684,1.3058823529411765,1.5058823529411764,-0.044693517265986867,-1.0,-163.3040200614412,-8.8827718790876,0.07793872556998158,0.015410373366098308,False
2.3449999999998528,-0.1800432432085438,1.3058823529411765,1.5058823529411764,-0.045693517265986756,-1.0,-163.11296179023654,-8.873572471206431,0.0690603426430258,0.015483872891457813,False
2.3459999999998526,-0.18051276884011416,1.3058823529411765,1.5058823529411764,-0.046693517265986646,-1.0,-162.92228580943024,-8.864293577469716,0.06019162275523448,0.015548498880357208,False
2.3469999999998525,-0.18098184907437168,1.3058823529411765,1.5058823529411764,-0.047693517265986536,-1.0,-162.73158497879444,-8.854883040984989,0.05133182569940704,0.015604260597494797,False
2.3479999999998524,-0.1814504827539075,1.3058823529411765,1.5058823529411764,-0.048693517265986426,-1.0,-162.54117853794568,-8.845393627808448,0.04248188432445834,0.015651167457211058,False
2.3489999999998523,-0.1819186687224144,1.3058823529411765,1.5058823529411764,-0.049693517265986316,-1.0,-162.3510557030223,-8.835770765744979,0.03364112503276705,0.01568922895706025,False
2.349999999999852,-0.1823864058246904,1.3058823529411765,1.5058823529411764,-0.050693517265986206,-1.0,-162.1609821202355,-8.826077710321401,0.02481034981036869,0.01571845469728455,False
2.350999999999852,-0.18285369290664052,1.3058823529411765,1.5058823529411764,-0.051693517265986096,-1.0,-161.9714671225104,-8.816242854129651,0.01598907679671652,0.015738854408182977,False
2.351999999999852,-0.1833205288152803,1.2941176470588236,1.5058823529411764,-0.052693517265985985,-1.0,-161.7818698404276,-8.8063322981381,0.007177857882489198,0.015750437876480994,False
2.352999999999852,-0.1837869123987386,1.2941176470588236,1.5058823529411764,-0.053693517265985875,-1.0,-161.5927820419093,-8.796297893307985,-0.0016234746926545736,0.015753215067796904,False
2.3539999999998518,-0.18425284250626034,1.2941176470588236,1.5058823529411764,-0.054693517265985765,-1.0,-161.4033949082146,-8.786173516127407,-0.010414750229532949,0.015747195954966306,False
2.3549999999998517,-0.184718317988209,1.2941176470588236,1.5058823529411764,-0.055693517265985655,-1.0,-161.21443947090694,-8.77594191170888,-0.01919570591485424,0.01573239072801114,False
2.3559999999998515,-0.18518333769607054,1.2941176470588236,1.5058823529411764,-0.056693517265985545,-1.0,-161.0257907189235,-8.765611560010296,-0.027966650266947626,0.01570880954914252,False
2.3569999999998514,-0.1856479004824548,1.2941176470588236,1.5058823529411764,-0.057693517265985435,-1.0,-160.83734743914653,-8.755173914981869,-0.03672680807728662,0.015676462821401404,False
2.3579999999998513,-0.18611200520109936,1.2941176470588236,1.5058823529411764,-0.05875234079539708,-1.0,-160.6490310439806,-8.744623771044031,-0.045477008986170395,0.01563536091290441,False
2.358999999999851,-0.1865756507068719,1.2941176470588236,1.5058823529411764,-0.05981116432480873,-1.0,-160.46138829160097,-8.733965141552662,-0.05421593630668782,0.015585514440690753,False
2.359999999999851,-0.1870388358557733,1.2941176470588236,1.5058823529411764,-0.060869987854220375,-1.0,-160.2735613382684,-8.723223509930527,-0.06294495862055746,0.015526933995457712,False
2.360999999999851,-0.18750155950494005,1.2941176470588236,1.5058823529411764,-0.06192881138363202,-1.0,-160.08604768468254,-8.712364617043615,-0.07166226995948281,0.015459630379211395,False
2.361999999999851,-0.18796382051264784,1.2941176470588236,1.5058823529411764,-0.06298763491304367,-1.0,-159.89882091053295,-8.701410497005474,-0.08036968663193508,0.015383614406727003,False
2.3629999999998508,-0.18842561773831348,1.2941176470588236,1.5058823529411764,-0.06404645844245532,-1.0,-159.71182840550787,-8.690367232288397,-0.08906500999562665,0.015298897052764607,False
2.3639999999998507,-0.18888695004249814,1.2941176470588236,1.5058823529411764,-0.06510528197186698,-1.0,-159.52510561204062,-8.67920950589829,-0.0977503881128201,0.01520548936432121,False
2.3649999999998506,-0.18934781628691028,1.2941176470588236,1.5058823529411764,-0.06616410550127863,-1.0,-159.33859884849406,-8.66794701220215,-0.1064233657015865,0.015103402477022524,False
2.3659999999998504,-0.18980821533440825,1.2941176470588236,1.5058823529411764,-0.06722292903069028,-1.0,-159.15235745366536,-8.656592116410469,-0.1150862316600656,0.014992647694646815,False
2.3669999999998503,-0.19026814604900305,1.2941176470588236,1.5058823529411764,-0.06828175256010194,-1.0,-158.9663516963916,-8.64513183517865,-0.12373651721967202,0.014873236304420957,False
2.3679999999998502,-0.19072760729586158,1.2941176470588236,1.5058823529411764,-0.06934057608951359,-1.0,-158.7806345949181,-8.63357519954821,-0.13237640999043962,0.014745179863254024,False
2.36899999999985,-0.1911865979413088,1.2941176470588236,1.5058823529411764,-0.07039939961892525,-1.0,-158.59509380919752,-8.621915967483597,-0.14100367032121974,0.014608489801779307,False
2.36999999999985,-0.19164511685283087,1.2941176470588236,1.5058823529411764,-0.0714582231483369,-1.0,-158.40990181692777,-8.610156854809578,-0.14962012013643353,0.014463177935012,False
2.37099999999985,-0.192103162899078,1.2941176470588236,1.5058823529411764,-0.07251704667774855,-1.0,-158.22494784566842,-8.59830017995362,-0.15822402363736418,0.01430925583671572,False
2.37199999999985,-0.19256073494986706,1.2941176470588236,1.5058823529411764,-0.07357587020716021,-1.0,-158.04023804808148,-8.586341322162122,-0.166816563963604,0.014146735576700124,False
2.3729999999998497,-0.19301783187618446,1.2941176470588236,1.5058823529411764,-0.07463469373657186,-1.0,-157.8558230784503,-8.574285972598377,-0.1753967782129282,0.013975628875149715,False
2.3739999999998496,-0.1934744525501891,1.2941176470588236,1.5058823529411764,-0.07569351726598351,-1.0,-157.67164310131386,-8.562127970714275,-0.18396494960656865,0.013795948049072209,False
2.3749999999998495,-0.19393059584521485,1.2941176470588236,1.5058823529411764,-0.07675234079539517,-1.0,-157.48774787969543,-8.549881030524345,-0.19252113615565786,0.013607704973265631,False
2.3759999999998493,-0.1943862606357734,1.2823529411764705,1.5058823529411764,-0.07781116432480682,-1.0,-157.30410190292517,-8.537522317128381,-0.2010644980937382,0.013410912196240589,False
2.3769999999998492,-0.19484144579755722,1.2823529411764705,1.5058823529411764,-0.07886998785421848,-1.0,-157.12075700444194,-8.525081845730934,-0.20959630461184736,0.013205581761540536,False
2.377999999999849,-0.19529615020744204,1.2823529411764705,1.5058823529411764,-0.07992881138363013,-1.0,-156.9376512135686,-8.512525765690036,-0.21811443271158135,0.012991726433087302,False
2.378999999999849,-0.19575037274349014,1.2823529411764705,1.5058823529411764,-0.08098763491304178,-1.0,-156.75488078644815,-8.499891278902348,-0.22662148982183686,0.012769358440396247,False
2.379999999999849,-0.19620411228495244,1.2823529411764705,1.5058823529411764,-0.08204645844245344,-1.0,-156.57240463908695,-8.487138912382168,-0.23511398222390814,0.012538490742323194,False
2.380999999999849,-0.1966573677122718,1.2823529411764705,1.5058823529411764,-0.08310528197186509,-1.0,-156.39022367857572,-8.474312516555122,-0.24359590044350504,0.01229913577394844,False
2.3819999999998487,-0.19711013790708543,1.2823529411764705,1.5058823529411764,-0.0842229290306885,-1.0,-156.20828030263706,-8.461378330998615,-0.25206137531115475,0.012051306522138986,False
2.3829999999998486,-0.1975624217522279,1.2823529411764705,1.5058823529411764,-0.0853405760895119,-1.0,-156.02679018752283,-8.448350258070166,-0.26051383686896284,0.011795018330158275,False
2.3839999999998485,-0.1980142181317337,1.2823529411764705,1.5058823529411764,-0.0864582231483353,-1.0,-155.84536961081892,-8.435226505859172,-0.26895319017209046,0.011530284222233006,False
2.3849999999998484,-0.1984655259308404,1.2823529411764705,1.5058823529411764,-0.08757587020715871,-1.0,-155.6643207836592,-8.422008092831916,-0.27737935004114345,0.011257117317856925,False
2.3859999999998482,-0.19891634403599076,1.2823529411764705,1.5058823529411764,-0.08869351726598211,-1.0,-155.48364142176663,-8.408691740716938,-0.28579223638785,0.010975530832307137,False
2.386999999999848,-0.1993666713348359,1.2823529411764705,1.5058823529411764,-0.08981116432480551,-1.0,-155.3035092819929,-8.395288173008506,-0.2941917785785892,0.010685538075392253,False
2.387999999999848,-0.1998165067162379,1.2823529411764705,1.5058823529411764,-0.09092881138362892,-1.0,-155.12300919930482,-8.381777769771126,-0.30257789058477214,0.010387152451464281,False
2.388999999999848,-0.2002658490702728,1.2823529411764705,1.5058823529411764,-0.09204645844245232,-1.0,-154.94305684702917,-8.368177590696526,-0.31095048678517756,0.010080387465649265,False
2.389999999999848,-0.20071469728823288,1.2823529411764705,1.5058823529411764,-0.09316410550127573,-1.0,-154.76346194863856,-8.354487270394227,-0.3193094754148839,0.00976525671389697,False
2.3909999999998477,-0.20116305026262993,1.2823529411764705,1.5058823529411764,-0.09428175256009913,-1.0,-154.5841900497939,-8.34071570779113,-0.3276547604609718,0.009441773878889545,False
2.3919999999998476,-0.20161090688719752,1.2823529411764705,1.5058823529411764,-0.09539939961892253,-1.0,-154.40524722067715,-8.326815058558017,-0.3359862042652995,0.009109952739411415,False
2.3929999999998475,-0.2020582660568939,1.2823529411764705,1.5058823529411764,-0.09651704667774594,-1.0,-154.22666756696364,-8.31283433423091,-0.34430369192894983,0.008769807184212329,False
2.3939999999998474,-0.2025051266679048,1.2823529411764705,1.5058823529411764,-0.09763469373656934,-1.0,-154.04851350605298,-8.29876327290763,-0.35260711733378874,0.008421351187295768,False
2.3949999999998473,-0.2029514876176461,1.2823529411764705,1.5058823529411764,-0.09875234079539275,-1.0,-153.87026085169654,-8.28460031260068,-0.36089637977021105,0.008064598812025488,False
2.395999999999847,-0.20339734780476634,1.2823529411764705,1.5058823529411764,-0.09986998785421615,-1.0,-153.69247144422664,-8.270346455386054,-0.36917139145572364,0.007699564213101468,False
2.396999999999847,-0.2038427061291502,1.2823529411764705,1.5058823529411764,-0.10098763491303955,-1.0,-153.5150402474791,-8.256003251253505,-0.37743207906398907,0.0073262616359418544,False
2.397999999999847,-0.20428756149192007,1.2823529411764705,1.5058823529411764,-0.10210528197186296,-1.0,-153.33795396454516,-8.2415738173628,-0.3856783810841001,0.006944705414984993,False
2.398999999999847,-0.20473191279543956,1.2823529411764705,1.4941176470588236,-0.10322292903068636,-1.0,-153.1611679741419,-8.227031800213469,-0.3939102194534844,0.006554909980500823,False
2.3999999999998467,-0.20517575894331605,1.2705882352941176,1.4941176470588236,-0.10434057608950977,-1.0,-152.98471945661885,-8.21240783831394,-0.40212752835757415,0.0061568898655881155,False
2.4009999999998466,-0.20561909884040327,1.2705882352941176,1.4941176470588236,-0.10545822314833317,-1.0,-152.80853265462264,-8.197695171842243,-0.4103302344575687,0.005750659690272207,False
2.4019999999998465,-0.20606193139280396,1.2705882352941176,1.4941176470588236,-0.10657587020715657,-1.0,-152.63294262420476,-8.18289261872865,-0.41851824712428176,0.005336234163664847,False
2.4029999999998464,-0.20650425550787307,1.2705882352941176,1.4941176470588236,-0.10769351726597998,-1.0,-152.45715449935682,-8.167999708566226,-0.42669146001636166,0.004913628085228687,False
2.4039999999998463,-0.2069460700942197,1.2705882352941176,1.4941176470588236,-0.10881116432480338,-1.0,-152.28238979600204,-8.15301933184206,-0.43484975856991087,0.004482856343925526,False
2.404999999999846,-0.2073873740617103,1.2705882352941176,1.4941176470588236,-0.10986998785421503,-1.0,-152.1073361723407,-8.137945871378339,-0.44299302156875964,0.0040439339174283655,False
2.405999999999846,-0.20782816632147114,1.2705882352941176,1.4941176470588236,-0.11098763491303844,-1.0,-151.93283697184665,-8.12279639557987,-0.45112114317195573,0.0035968758699103857,False
2.406999999999846,-0.20826844578589118,1.2705882352941176,1.4941176470588236,-0.11210528197186184,-1.0,-151.75884892239367,-8.107530578523706,-0.45923400240424234,0.0031416973549619996,False
2.407999999999846,-0.2087082113686245,1.2705882352941176,1.4941176470588236,-0.11322292903068525,-1.0,-151.58478754114196,-8.092213928396726,-0.46733153314400716,0.0026784136198262556,False
2.4089999999998457,-0.2091474619845934,1.2705882352941176,1.4941176470588236,-0.11434057608950865,-1.0,-151.41125072513148,-8.076775886779776,-0.47541364871843067,0.002207039989210834,False
2.4099999999998456,-0.20958619654999064,1.2705882352941176,1.4941176470588236,-0.11545822314833205,-1.0,-151.23812319778202,-8.061260747078935,-0.4834802891226515,0.0017275918918063116,False
2.4104729736326584,-0.2097935263598753,1.2705882352941176,1.4941176470588236,-0.11657587020715546,-1.0,-151.18152250609796,-8.04566739913024,-0.49153140802366097,0.0012400848378802168,False
2.4109999999998455,-0.21002441398228225,1.2705882352941176,1.4941176470588236,-0.11769351726597886,-1.0,-156.67559275615614,-8.029960518424831,-0.49956509164126783,0.0007445358392139162,False
2.4119999999998454,-0.21046211320021024,1.2705882352941176,1.4941176470588236,-0.11881116432480227,-1.0,-168.3574363180465,-8.014181274804358,-0.5075830765083208,0.00024096101386649957,False
2.4129999999998453,-0.21089929312379535,1.2705882352941176,1.4941176470588236,-0.11992881138362567,-1.0,-171.57551721660906,18.9830043979933,-0.5102359557530823,-1.3763742726465209e-05,False
2.413999999999845,-0.2113359526743394,1.2705882352941176,1.4941176470588236,-0.12104645844244907,-1.0,-172.36008096575338,18.9830043979933,-0.5102359557530823,-1.3763742726465209e-05,True
2.414999999999845,-0.21177209077442866,1.2705882352941176,1.4941176470588236,-0.12216410550127248,-1.0,-172.43035927971562,1523.674702523744,0.0215095776918715,-0.00021043431171964184,False
2.415999999999845,-0.2122077063479356,1.2705882352941176,1.4941176470588236,-0.12269272309088683,-1.0,-172.31005942143034,-8.292243873163631,0.5072417935249091,0.00020431903857896175,False
2.416999999999845,-0.212642798320022,1.2705882352941176,1.4941176470588236,0.0,-1.0,-172.1343743913898,-8.91690546766638,0.4983590980846552,0.0007071339200414682,False
2.4179999999998447,-0.2130773656171418,1.2705882352941176,1.4941176470588236,0.0,-1.0,-171.94334835556964,-9.093638323818803,0.48927718613947535,0.001200956410019519,False
2.4189999999998446,-0.21351140716704334,1.2705882352941176,1.4941176470588236,-0.0005890293574443349,-1.0,-171.74819289145702,-9.142125736512405,0.4792267329375703,0.0017336353703145064,False
2.4199999999998445,-0.2139449218987721,1.2705882352941176,1.4941176470588236,-0.0017066764162677415,-1.0,-171.55143968236465,-9.152064089977895,0.47007871872574253,0.002208288907775843,False
2.4209999999998444,-0.21437790874267382,1.2705882352941176,1.4941176470588236,-0.002824323475091148,-1.0,-171.35447490678462,-9.151797254129837,0.4609283991075864,0.0026737926090237246,False
2.4219999999998443,-0.21481036663039643,1.2705882352941176,1.4941176470588236,-0.003941970533914554,-1.0,-171.15744241693812,-9.148481202507933,0.451780599923401,0.0031301470244513405,False
2.422999999999844,-0.21524229449489304,1.2705882352941176,1.4941176470588236,-0.005059617592737961,-1.0,-170.9605685361734,-9.144236693713651,0.4426367697231168,0.0035773555395993877,False
2.423999999999844,-0.21567369127042457,1.2705882352941176,1.5058823529411764,-0.006177264651561367,-1.0,-170.76378225795233,-9.139653288900366,0.4334973885267345,0.004015422417136438,False
2.424999999999844,-0.21610455589256242,1.2705882352941176,1.5058823529411764,-0.007294911710384774,-1.0,-170.56711297376384,-9.134862662926334,0.42436269727464054,0.004444352253909086,False
2.425999999999844,-0.21653488729819076,1.2588235294117647,1.5058823529411764,-0.00841255876920818,-1.0,-170.37062362890057,-9.129942186773986,0.41523285361329754,0.004864149838412758,False
2.4269999999998437,-0.21696468442550992,1.2588235294117647,1.5058823529411764,-0.009530205828031588,-1.0,-170.17444247706842,-9.124902080814428,0.40610799155028154,0.005274820091430881,False
2.4279999999998436,-0.21739394621403807,1.2588235294117647,1.5058823529411764,-0.010647852886854995,-1.0,-169.97784366583713,-9.119750585841112,0.3969882354597298,0.005676368051186901,False
2.4289999999998435,-0.21782267160461444,1.2588235294117647,1.5058823529411764,-0.011765499945678402,-1.0,-169.78152878739493,-9.114481581140472,0.38787371003389387,0.006068798868944339,False
2.4299999999998434,-0.2182508595394018,1.2588235294117647,1.5058823529411764,-0.01288314700450181,-1.0,-169.5854033044771,-9.10910002885108,0.3787645340095281,0.0064521178117484534,False
2.4309999999998433,-0.21867850896188884,1.2588235294117647,1.5058823529411764,-0.014000794063325217,-1.0,-169.3894358995594,-9.103611294443057,0.3696608143977991,0.0068263302587037375,False
2.431999999999843,-0.21910561881689314,1.2588235294117647,1.5058823529411764,-0.015177264651560381,-1.0,-169.19359427137917,-9.098019496461532,0.3605626472343717,0.007191441695544092,False
2.432999999999843,-0.21953218805056374,1.2588235294117647,1.5058823529411764,-0.016353735239795546,-1.0,-168.99787635983645,-9.09228493232898,0.3514701539115546,0.0075474577238205925,False
2.433999999999843,-0.21995821561038337,1.2588235294117647,1.5058823529411764,-0.017589029357442467,-1.0,-168.80232100233732,-9.086446560511249,0.34238343631379525,0.007894384073596168,False
2.434999999999843,-0.22038370044517142,1.2588235294117647,1.5058823529411764,-0.01882432347508939,-1.0,-168.60697103663773,-9.080499706476958,0.3333025922396825,0.008232226583137414,False
2.4359999999998427,-0.2208086415050863,1.2588235294117647,1.5058823529411764,-0.02005961759273631,-1.0,-168.4118662317749,-9.074441633050549,0.3242277271297834,0.008560991200041378,False
2.4369999999998426,-0.22123303774162809,1.2588235294117647,1.5058823529411764,-0.02129491171038323,-1.0,-168.21668361052187,-9.068271305135763,0.3151589532117278,0.008880683983304617,False
2.4379999999998425,-0.22165688810764148,1.2588235294117647,1.5058823529411764,-0.022530205828030152,-1.0,-168.02155441666747,-9.06198913077217,0.30609638710275755,0.009191311103513103,False
2.4389999999998424,-0.22208019155731776,1.2588235294117647,1.5058823529411764,-0.023765499945677074,-1.0,-167.8268899073931,-9.055595718518928,0.29704014821112024,0.009492878842114872,False
2.4399999999998423,-0.22250294704619766,1.2588235294117647,1.5058823529411764,-0.025000794063323995,-1.0,-167.63189404587828,-9.049093357448099,0.28799035575970633,0.00978539359073722,False
2.440999999999842,-0.22292515353117415,1.2588235294117647,1.5058823529411764,-0.026236088180970916,-1.0,-167.43718735793493,-9.042486412768213,0.27894712333148086,0.010068861848757193,False
2.441999999999842,-0.22334680997049458,1.2588235294117647,1.5058823529411764,-0.027471382298617838,-1.0,-167.24275235350532,-9.035757764463323,0.26991057162226095,0.010343290225242406,False
2.442999999999842,-0.2237679153237636,1.2588235294117647,1.5058823529411764,-0.02870667641626476,-1.0,-167.04803166112882,-9.0289119229784,0.26088081809426517,0.010608685447613156,False
2.443999999999842,-0.22418846855194577,1.2588235294117647,1.5058823529411764,-0.02994197053391168,-1.0,-166.85399248376402,-9.021970908996352,0.2518579600174862,0.010865054353882755,False
2.4449999999998417,-0.2246084686173677,1.2588235294117647,1.5058823529411764,-0.031177264651558602,-1.0,-166.66011154752832,-9.014895263584574,0.24284211622509838,0.011112403891639065,False
2.4459999999998416,-0.22502791448372095,1.2588235294117647,1.5058823529411764,-0.03241255876920553,-1.0,-166.46668992909068,-9.00771774369098,0.2338333891436711,0.011350741130404744,False
2.4469999999998415,-0.22544680511606463,1.2588235294117647,1.5058823529411764,-0.03364785288685245,-1.0,-166.27301911641015,-9.000435239558266,0.22483187712368055,0.01158007324398612,False
2.4479999999998414,-0.22586513948082768,1.2588235294117647,1.5058823529411764,-0.034883147004499376,-1.0,-166.0106130154003,-8.993018592761581,0.21583770548634323,0.011800407520113604,False
2.4489999999998413,-0.2262829165458115,1.2588235294117647,1.5058823529411764,-0.0361184411221463,-1.0,-165.79788033425785,-8.985520858845952,0.20685097041848086,0.01201175136270478,False
2.449999999999841,-0.22670013528019306,1.2588235294117647,1.5058823529411764,-0.037353735239793226,-1.0,-165.59880014611426,-8.977914189409962,0.1978717777570727,0.012214112268489065,False
2.450999999999841,-0.2271167946545263,1.2588235294117647,1.5058823529411764,-0.03858902935744015,-1.0,-165.4041775774166,-8.970213682960996,0.188900231164381,0.012407497835972902,False
2.451999999999841,-0.22753289364074586,1.2470588235294118,1.5058823529411764,-0.039824323475087076,-1.0,-165.2109634815785,-8.963547152870802,0.17545449912606467,0.012680763272669822,False
2.452999999999841,-0.22794843121216865,1.2470588235294118,1.5058823529411764,-0.041059617592734,-1.0,-165.01836333894636,-8.951901819384243,0.16649746289728815,0.012851739265378616,False
2.4539999999998408,-0.22836340634349717,1.2470588235294118,1.5058823529411764,-0.042294911710380925,-1.0,-164.82622749043406,-8.942771705879101,0.1575494213660053,0.013013762692179298,False
2.4549999999998406,-0.2287778180108213,1.2470588235294118,1.5058823529411764,-0.04353020582802785,-1.0,-164.63377093002984,-8.93424315207961,0.14861162625228413,0.013166843224601052,False
2.4559999999998405,-0.2291916651916218,1.2470588235294118,1.5058823529411764,-0.044765499945674775,-1.0,-164.44175441247455,-8.925836182800518,0.13968087679366295,0.01331098946459777,False
2.4569999999998404,-0.22960494686477165,1.2470588235294118,1.5058823529411764,-0.0460007940633217,-1.0,-164.249813745718,-8.917384829914397,0.1307599650733244,0.013446209891093644,False
2.4579999999998403,-0.23001766201053953,1.2470588235294118,1.5058823529411764,-0.047236088180968624,-1.0,-164.0584626946201,-8.908850037690778,0.12184616884118218,0.013572512950112995,False
2.45899999999984,-0.2304298096105917,1.2470588235294118,1.5058823529411764,-0.04847138229861555,-1.0,-163.866953657007,-8.900223123616389,0.11294228369446899,0.013689907179185959,False
2.45999999999984,-0.23084138864799508,1.2470588235294118,1.5058823529411764,-0.04976549994567423,-1.0,-163.6759788047779,-8.891461389332797,0.10404582474202792,0.013798401228607938,False
2.46099999999984,-0.23125239810721906,1.2470588235294118,1.5058823529411764,-0.05105961759273291,-1.0,-163.4846168607307,-8.882608665496406,0.09515936588406872,0.013898003824470966,False
2.46199999999984,-0.231662836974139,1.2470588235294118,1.5058823529411764,-0.052353735239791595,-1.0,-163.29368557936735,-8.873640216932445,0.08628071119679781,0.013988723860737901,False
2.4629999999998398,-0.23207270423603757,1.2470588235294118,1.5058823529411764,-0.05364785288685028,-1.0,-163.10305125388234,-8.864590927414135,0.07741207606238486,0.014070570253308278,False
2.4639999999998397,-0.2324819988816082,1.2470588235294118,1.5058823529411764,-0.05494197053390896,-1.0,-162.91272870075449,-8.855412087325423,0.06855164715748892,0.014143552114447254,False
2.4649999999998395,-0.23289071990095686,1.2470588235294118,1.5058823529411764,-0.05623608818096764,-1.0,-162.7224138309843,-8.846151133809116,0.05970123805141723,0.014207678555098295,False
2.4659999999998394,-0.23329886628560514,1.2470588235294118,1.5058823529411764,-0.05753020582802632,-1.0,-162.53187080445645,-8.836747741297918,0.0508594720708204,0.014262958910746118,False
2.4669999999998393,-0.23370643702849236,1.2470588235294118,1.5058823529411764,-0.058824323475085004,-1.0,-162.34220701144955,-8.827257667864442,0.04202773006661776,0.014309402509674508,False
2.467999999999839,-0.23411343112397837,1.2470588235294118,1.5058823529411764,-0.060118441122143686,-1.0,-162.15318953235644,-8.817661249283871,0.03320506483992801,0.0143470189080775,False
2.468999999999839,-0.23451984756784564,1.2470588235294118,1.5058823529411764,-0.06141255876920237,-1.0,-161.9634217211204,-8.807972165285635,0.024392400824221953,0.014375817639210557,False
2.469999999999839,-0.23492568535730193,1.2470588235294118,1.5058823529411764,-0.06270667641626104,-1.0,-161.77435131650216,-8.79816172639675,0.015589231718831517,0.014395808456216313,False
2.470999999999839,-0.23533094349098288,1.2470588235294118,1.5058823529411764,-0.06400079406331972,-1.0,-161.58546411736847,-8.788230142067453,0.006796090627189241,0.014407001116621779,False
2.4719999999998388,-0.23573562096895434,1.2470588235294118,1.5058823529411764,-0.0652949117103784,-1.0,-161.3970497839802,-8.778223634991244,-0.0019871474987381214,0.014409405588293142,False
2.4729999999998387,-0.23613971679271473,1.2470588235294118,1.5058823529411764,-0.06658902935743709,-1.0,-161.20852164092202,-8.768142511134611,-0.010760358842747642,0.014403031835596894,False
2.4739999999998386,-0.236543229965198,1.2470588235294118,1.5058823529411764,-0.06788314700449577,-1.0,-161.02027933661586,-8.757900333035927,-0.019523316823206478,0.014387889997030135,False
2.4749999999998384,-0.23694615949077538,1.2470588235294118,1.5058823529411764,-0.06917726465155445,-1.0,-160.83232521173596,-8.747586845871183,-0.028276154571787823,0.014363990263160294,False
2.4759999999998383,-0.23734850437525837,1.2470588235294118,1.5058823529411764,-0.07047138229861313,-1.0,-160.6446034164632,-8.737161552033232,-0.03701840829651541,0.014331342980144017,False
2.476999999999838,-0.23775026362590093,1.2470588235294118,1.5058823529411764,-0.07176549994567182,-1.0,-160.4567130318269,-8.726653864222271,-0.045750458503009205,0.014289958549839608,False
2.477999999999838,-0.238151436251402,1.2470588235294118,1.5058823529411764,-0.0730596175927305,-1.0,-160.26939329233744,-8.716018526048684,-0.05447163411617821,0.014239847501284108,False
2.478999999999838,-0.23855202126190803,1.2352941176470589,1.5058823529411764,-0.07435373523978918,-1.0,-160.0827965923296,-8.705291508463203,-0.06318246412806898,0.014181020456268107,False
2.479999999999838,-0.2389520176690154,1.2352941176470589,1.5058823529411764,-0.07564785288684786,-1.0,-159.89675117813758,-8.694458344926968,-0.07188215268551744,0.01411348814529277,False
2.480999999999838,-0.2393514244857727,1.2352941176470589,1.5058823529411764,-0.07694197053390654,-1.0,-159.709263754833,-8.68353072916421,-0.08057134226543515,0.01403726140255052,False
2.4819999999998377,-0.2397502407266833,1.2352941176470589,1.5058823529411764,-0.07823608818096522,-1.0,-159.52270724327042,-8.672473640270049,-0.08924914255693737,0.01395235115769296,False
2.4829999999998376,-0.24014846540770782,1.2352941176470589,1.5058823529411764,-0.0795302058280239,-1.0,-159.33641282062337,-8.66133937496467,-0.0979162562820643,0.01385876846318316,False
2.4839999999998374,-0.24054609754626635,1.2352941176470589,1.5058823529411764,-0.08082432347508259,-1.0,-159.150809735175,-8.650124241112705,-0.1065717760034465,0.01375652444519919,False
2.4849999999998373,-0.24094313616124108,1.2352941176470589,1.5058823529411764,-0.08211844112214127,-1.0,-158.96510794433567,-8.63882978876997,-0.11521646965992861,0.013645630327005049,False
2.4859999999998372,-0.24133958027297886,1.2352941176470589,1.5058823529411764,-0.08341255876919995,-1.0,-158.77999987619802,-8.627341662309313,-0.12384933329732509,0.013526097424740802,False
2.486999999999837,-0.24173542890329322,1.2352941176470589,1.5058823529411764,-0.0847654999456704,-1.0,-158.59458142530391,-8.615793095991636,-0.1324711289694956,0.013397937197597404,False
2.487999999999837,-0.24213068107546698,1.2352941176470589,1.5058823529411764,-0.08611844112214084,-1.0,-158.40965153772126,-8.604142698494133,-0.14108086032550293,0.013261161203567498,False
2.488999999999837,-0.24252533581425467,1.2352941176470589,1.5058823529411764,-0.08747138229861129,-1.0,-158.22504031866734,-8.59241827162777,-0.1496793871251475,0.013115781082949036,False
2.489999999999837,-0.24291939214588493,1.2352941176470589,1.5058823529411764,-0.08882432347508173,-1.0,-158.04076807721745,-8.580574262480237,-0.1582656244607458,0.012961808579360577,False
2.4909999999998367,-0.24331284909806292,1.2352941176470589,1.5058823529411764,-0.09017726465155218,-1.0,-157.85675438629775,-8.568650580605228,-0.16684051027573216,0.012799255514174693,False
2.4919999999998366,-0.24370570569997285,1.2352941176470589,1.5058823529411764,-0.09153020582802263,-1.0,-157.6730127041251,-8.556597094021727,-0.17540284308864695,0.012628133841257074,False
2.4929999999998365,-0.24409796098228004,1.2352941176470589,1.5058823529411764,-0.09288314700449307,-1.0,-157.48953726640443,-8.544458159724135,-0.1839536809882121,0.012448455580666016,False
2.4939999999998363,-0.2444896139771336,1.2352941176470589,1.5058823529411764,-0.09423608818096352,-1.0,-157.30634032875864,-8.53222327052725,-0.19248959304636257,0.01226023322473435,False
2.4949999999998362,-0.24488066371816863,1.2352941176470589,1.5058823529411764,-0.09558902935743396,-1.0,-157.1234275630824,-8.51989395187159,-0.20101322606059926,0.012063481096314273,False
2.495999999999836,-0.2452711092405087,1.2352941176470589,1.5058823529411764,-0.09694197053390441,-1.0,-156.94072652532807,-8.507466650232969,-0.20952447725978282,0.01185821152052266,False
2.496999999999836,-0.2456609495807685,1.2352941176470589,1.5058823529411764,-0.09829491171037485,-1.0,-156.75838081124797,-8.494943179305038,-0.21802324493669972,0.01164443691976554,False
2.497999999999836,-0.24605018377705568,1.2352941176470589,1.5058823529411764,-0.0996478528868453,-1.0,-156.576292683181,-8.482322518098872,-0.22650943036517276,0.011422169813143784,False
2.498999999999836,-0.24643881086897354,1.2352941176470589,1.5058823529411764,-0.10100079406331575,-1.0,-156.3944757733519,-8.469604240675464,-0.23498293820248775,0.011191422816698047,False
2.4999999999998357,-0.24682682989762328,1.2352941176470589,1.5058823529411764,-0.10235373523978619,-1.0,-156.21294291577985,-8.45679016414083,-0.24344367706273332,0.010952208643530859,False
2.5009999999998356,-0.2472142399056066,1.2352941176470589,1.5058823529411764,-0.10370667641625664,-1.0,-156.03168505351954,-8.44387828909203,-0.2518915566316715,0.010704540104071405,False
2.5019999999998355,-0.2476010399370277,1.2352941176470589,1.5058823529411764,-0.10505961759272708,-1.0,-155.85072148929788,-8.430874859794942,-0.26032649232015614,0.010448430105122102,False
2.5029999999998354,-0.24798722903749615,1.2352941176470589,1.5058823529411764,-0.10641255876919753,-1.0,-155.67006670915802,-8.417773122550281,-0.2687483948808604,0.010183891647653232,False
2.5039999999998352,-0.2483728062541286,1.2352941176470589,1.5058823529411764,-0.10776549994566798,-1.0,-155.4896752475191,-8.404575610032394,-0.2771571711478546,0.009910937830072384,False
2.504999999999835,-0.24875777063555166,1.2352941176470589,1.5058823529411764,-0.10911844112213842,-1.0,-155.3094467951361,-8.391284808972006,-0.28555272585199754,0.009629581846700687,False
2.505999999999835,-0.24914212123190396,1.2352941176470589,1.5058823529411764,-0.11047138229860887,-1.0,-155.12998056846936,-8.377898879385542,-0.2939349593056434,0.009339836986254442,False
2.506999999999835,-0.24952585709483857,1.223529411764706,1.5058823529411764,-0.11182432347507931,-1.0,-154.95045346291667,-8.364417800243242,-0.3023037684413613,0.009041716632258874,False
2.507999999999835,-0.2499089772775254,1.223529411764706,1.5058823529411764,-0.11317726465154976,-1.0,-154.77126177047518,-8.35084371043137,-0.3106590504837028,0.008735234262477291,False
2.5089999999998347,-0.2502914808346536,1.223529411764706,1.5058823529411764,-0.1145302058280202,-1.0,-154.5922444719215,-8.337174758383973,-0.31900070318779084,0.008420403448356891,False
2.5099999999998346,-0.2506733668224335,1.223529411764706,1.5058823529411764,-0.11588314700449065,-1.0,-154.41373834657966,-8.32340485839364,-0.32732862288719095,0.008097237858077422,False
2.5109999999998345,-0.2510546342985996,1.223529411764706,1.5058823529411764,-0.1172360881809611,-1.0,-154.235349102825,-8.309566400654594,-0.33564273359625835,0.007765751250436204,False
2.5119999999998344,-0.2514352823224121,1.223529411764706,1.5058823529411764,-0.11858902935743154,-1.0,-154.05735882573177,-8.295616621967895,-0.3439429405696838,0.0074259574682097144,False
2.5129999999998343,-0.2518153099546599,1.223529411764706,1.5058823529411764,-0.11994197053390199,-1.0,-153.87979128431985,-8.28157501938966,-0.3522291562981073,0.007077870456625401,False
2.513999999999834,-0.25219471625766254,1.223529411764706,1.4941176470588236,-0.12129491171037243,-1.0,-153.70232813279753,-8.267432713339394,-0.360501291354083,0.006721504257123093,False
2.514999999999834,-0.2525735002952728,1.223529411764706,1.4941176470588236,-0.12270667641625463,-1.0,-153.5252680681422,-8.253210330166066,-0.3687592673446546,0.006356873005753049,False
2.515999999999834,-0.2529516611328787,1.223529411764706,1.4941176470588236,-0.12411844112213682,-1.0,-153.3485238004377,-8.23888768120512,-0.3770029927898119,0.005983990926443394,False
2.516999999999834,-0.253329197837406,1.223529411764706,1.4941176470588236,-0.12553020582801902,-1.0,-153.17210273969002,-8.22447628765459,-0.3852323744458058,0.00560287233768045,False
2.5179999999998337,-0.25370610947732025,1.223529411764706,1.4941176470588236,-0.12694197053390122,-1.0,-152.9960020776549,-8.209976910748475,-0.3934473153883674,0.0052135316467249474,False
2.5189999999998336,-0.2540823951226296,1.223529411764706,1.4941176470588236,-0.1283537352397834,-1.0,-152.82022438302755,-8.195377008042923,-0.4016477052297977,0.004815983353177758,False
2.5199999999998335,-0.25445805384488646,1.223529411764706,1.4941176470588236,-0.1297654999456656,-1.0,-152.6447639993005,-8.180693312660956,-0.40983344398918076,0.004410242050730679,False
2.5209999999998334,-0.25483308471719046,1.223529411764706,1.4941176470588236,-0.1311772646515478,-1.0,-152.4696550169714,-8.165917038426338,-0.4180044322946429,0.00399632241900694,False
2.5219999999998333,-0.2552074868141902,1.223529411764706,1.4941176470588236,-0.13253020582801825,-1.0,-152.29492288879442,-8.151047968960315,-0.42616057172084176,0.003574239228840046,False
2.522999999999833,-0.2555812592120856,1.223529411764706,1.4941176470588236,-0.1338831470044887,-1.0,-152.12061431065501,-8.136090199840508,-0.43430177305264117,0.0031440073430983673,False
2.523999999999833,-0.2559544009886305,1.223529411764706,1.4941176470588236,-0.13523608818095914,-1.0,-151.94628430615634,-8.12104472252348,-0.44242795722091505,0.0027056417134321666,False
2.524999999999833,-0.25632691122313467,1.223529411764706,1.4941176470588236,-0.1365890293574296,-1.0,-151.77244797240286,-8.105908210497281,-0.4505390479025879,0.0022591573795831994,False
2.525807177734209,-0.2566271319434237,1.223529411764706,1.4941176470588236,-0.13794197053390003,-1.0,-151.72443414395116,-8.090682521841043,-0.45863496911471197,0.0018045694716301497,False
2.525999999999833,-0.2566987889964659,1.223529411764706,1.4941176470588236,-0.13929491171037048,-1.0,-152.1330805002282,-8.075371451805296,-0.4667156458692888,0.0013418932087558148,False
2.5269999999998327,-0.2570700333910531,1.223529411764706,1.4941176470588236,-0.14064785288684092,-1.0,-166.79662210177707,-8.05996472298125,-0.4747810695058471,0.0008711438129517193,False
2.5279999999998326,-0.2574406434908875,1.223529411764706,1.4941176470588236,-0.14200079406331137,-1.0,-170.87158961746988,-8.044478267486678,-0.482829152579252,0.0003923379750739511,False
2.5289999999998325,-0.2578106183815255,1.223529411764706,1.4941176470588236,-0.14335373523978182,-1.0,-171.90235798192663,131.65341639354213,-0.48307463732131173,-4.511296036637204e-05,False
2.5299999999998324,-0.2581799571500909,1.223529411764706,1.4941176470588236,-0.14470667641625226,-1.0,-172.04421450162855,131.65341639354213,-0.48307463732131173,-4.511296036637204e-05,True
2.5309999999998323,-0.2585486588852769,1.223529411764706,1.4941176470588236,-0.1460596175927227,-1.0,-171.944303118829,774.657477633503,-0.39315717957950896,-0.0001343436479928412,False
2.531999999999832,-0.2589167226773485,1.223529411764706,1.4941176470588236,-0.14741255876919315,-1.0,-171.77526522821668,-8.049582107690025,0.4905008355836131,2.8481940226328e-05,False
2.532999999999832,-0.2592841476181452,1.223529411764706,1.4941176470588236,-0.14850462276276083,-1.0,-171.58633309929436,-8.831799858954327,0.48171103710490887,0.000514605845736172,False
2.533999999999832,-0.25965093280108237,1.223529411764706,1.4941176470588236,0.0,-1.0,-171.39182333842734,-9.053668365743205,0.47267128035930606,0.000991802344602404,False
2.534999999999832,-0.2600170773211539,1.223529411764706,1.4941176470588236,0.0,-1.0,-171.1961153535743,-9.114941837566933,0.46265121880025806,0.0015062316910932382,False
2.5359999999998317,-0.26038258027493477,1.223529411764706,1.4941176470588236,-0.00026087704760863515,-1.0,-170.99962916103536,-9.12845720415981,0.45352771795214764,0.0019643219796034116,False
2.5369999999998316,-0.26074744076058265,1.2117647058823529,1.4941176470588236,-0.001613818224079074,-1.0,-170.80317151847058,-9.129060024939516,0.44440039036583945,0.0024132859586073973,False
2.5379999999998315,-0.26111165787784046,1.2117647058823529,1.4941176470588236,-0.002966759400549513,-1.0,-170.6067824613339,-9.125877291530138,0.43527527922989395,0.002853123369804044,False
2.5389999999998314,-0.2614752307280389,1.2117647058823529,1.4941176470588236,-0.004319700577019952,-1.0,-170.41046171348418,-9.121522615264734,0.4261541850320947,0.0032838374963057426,False
2.5399999999998313,-0.2618381584140981,1.2117647058823529,1.5058823529411764,-0.005672641753490391,-1.0,-170.21427257615989,-9.116761498176054,0.41703768047780376,0.003705432719684766,False
2.540999999999831,-0.26220044004052984,1.2117647058823529,1.5058823529411764,-0.0070255829299608295,-1.0,-170.01820573450132,-9.111816460681295,0.4079259854868984,0.0041179138046721075,False
2.541999999999831,-0.26256207471344045,1.2117647058823529,1.5058823529411764,-0.008378524106431268,-1.0,-169.8222622148215,-9.106702070127872,0.3988192703080078,0.00452128570695383,False
2.542999999999831,-0.2629230615405322,1.2117647058823529,1.5058823529411764,-0.009731465282901707,-1.0,-169.62644193925237,-9.101469691698275,0.38971768052512584,0.004915553537331011,False
2.543999999999831,-0.26328339963110586,1.2117647058823529,1.5058823529411764,-0.011084406459372146,-1.0,-169.43075484098642,-9.09612781815662,0.3806213494719754,0.0053007225258991635,False
2.5449999999998307,-0.26364308809606335,1.2117647058823529,1.5058823529411764,-0.012437347635842585,-1.0,-169.2351938847091,-9.090669641217291,0.3715304151069266,0.005676798012268697,False
2.5459999999998306,-0.2640021260479089,1.2117647058823529,1.5058823529411764,-0.013790288812313024,-1.0,-169.0397719306752,-9.085095137861966,0.3624450183560205,0.00604378544955864,False
2.5469999999998305,-0.264360512600752,1.2117647058823529,1.5058823529411764,-0.015202053518195221,-1.0,-168.84446539025592,-9.079408944422468,0.35336529056825144,0.006401690406307845,False
2.5479999999998304,-0.26471824687030965,1.2117647058823529,1.5058823529411764,-0.01661381822407742,-1.0,-168.64931506466533,-9.073611501057766,0.34429134711036247,0.006750518563291086,False
2.5489999999998303,-0.2650753279739081,1.2117647058823529,1.5058823529411764,-0.018025582929959618,-1.0,-168.45426699258257,-9.067699988286627,0.33522329317450283,0.007090275712554497,False
2.54999999999983,-0.26543175503048505,1.2117647058823529,1.5058823529411764,-0.019496171165253574,-1.0,-168.2593684084744,-9.061678453515139,0.3261612255533069,0.0074209677595283375,False
2.55099999999983,-0.26578752716059223,1.2117647058823529,1.5058823529411764,-0.02096675940054753,-1.0,-168.06460945875102,-9.055548173467612,0.31710523417510666,0.00774260072157791,False
2.55199999999983,-0.2661426434863974,1.2117647058823529,1.5058823529411764,-0.022437347635841487,-1.0,-167.87002604120033,-9.049303215493092,0.308055411877983,0.008055180727005187,False
2.55299999999983,-0.2664971031316861,1.2117647058823529,1.5058823529411764,-0.023907935871135443,-1.0,-167.67566522058158,-9.04294165413102,0.29901186289265547,0.008358714018622627,False
2.5539999999998297,-0.2668509052218646,1.2117647058823529,1.5058823529411764,-0.0253785241064294,-1.0,-167.4814096539771,-9.036475207648907,0.2899746954961744,0.008653206953771376,False
2.5549999999998296,-0.2672040488839614,1.2117647058823529,1.5058823529411764,-0.026849112341723356,-1.0,-167.28735908873153,-9.029901717999877,0.2809440235768778,0.008938665997609781,False
2.5559999999998295,-0.2675565332466294,1.2117647058823529,1.5058823529411764,-0.028319700577017312,-1.0,-167.09320018954014,-9.02321250871171,0.2719199722242914,0.009215097723378998,False
2.5569999999998294,-0.26790835744014874,1.2117647058823529,1.5058823529411764,-0.02979028881231127,-1.0,-166.89947422395872,-9.016406487087817,0.2629026754852438,0.009482508818229726,False
2.5579999999998293,-0.26825952059642777,1.2117647058823529,1.5058823529411764,-0.031260877047605225,-1.0,-166.70563646095277,-9.009497643471965,0.2538922581638947,0.009740906083113513,False
2.558999999999829,-0.26861002184900695,1.2117647058823529,1.5058823529411764,-0.03273146528289918,-1.0,-166.51201542650298,-9.002489363651822,0.2448888298909878,0.009990296423152375,False
2.559999999999829,-0.26895986033305885,1.2117647058823529,1.5058823529411764,-0.03420205351819313,-1.0,-166.31890900614994,-8.995364281272089,0.23589250156642438,0.01023068684750243,False
2.560999999999829,-0.2693090351853919,1.2117647058823529,1.5058823529411764,-0.03567264175348708,-1.0,-166.12572975701474,-8.988127118391441,0.22690337931551746,0.010462084478819984,False
2.561999999999829,-0.2696575455444519,1.2117647058823529,1.5058823529411764,-0.037143229988781036,-1.0,-165.93270360918262,-8.980770490328522,0.21792156953903974,0.010684496556187821,False
2.5629999999998287,-0.27000539055032413,1.2117647058823529,1.5058823529411764,-0.03861381822407499,-1.0,-165.73984612889393,-8.973323010516214,0.20894715470145794,0.01089793043053763,False
2.5639999999998286,-0.2703525693447356,1.2117647058823529,1.5058823529411764,-0.04008440645936894,-1.0,-165.54707555804447,-8.965749552021958,0.1999802369858148,0.011102393556550726,False
2.5649999999998285,-0.27069908107105717,1.2117647058823529,1.5058823529411764,-0.041554994694662895,-1.0,-165.35455101616938,-8.958068335716323,0.1910209196098798,0.011297893506763027,False
2.5659999999998284,-0.27104492487430554,1.2117647058823529,1.5058823529411764,-0.04302558292995685,-1.0,-165.16198781538915,-8.950298198023154,0.18206929407034483,0.011484437956703453,False
2.5669999999998283,-0.27139009990114565,1.2117647058823529,1.5058823529411764,-0.0444961711652508,-1.0,-164.9697936490404,-8.942406197287081,0.17312547853311322,0.011662034682080994,False
2.567999999999828,-0.27173460529989235,1.2,1.5058823529411764,-0.04596675940054475,-1.0,-164.77828579390032,-8.934404057805773,0.16418959597630994,0.011830691574652682,False
2.568999999999828,-0.27207844022051275,1.2,1.5058823529411764,-0.047437347635838706,-1.0,-164.5861748577537,-8.926295544364885,0.15526176448739962,0.011990416635540296,False
2.569999999999828,-0.27242160381462827,1.2,1.5058823529411764,-0.04890793587113266,-1.0,-164.39513222347063,-8.918074786380561,0.14634210291144772,0.01214121797288684,False
2.570999999999828,-0.2727640952355172,1.2,1.5058823529411764,-0.05037852410642661,-1.0,-164.2033794364628,-8.909746825601369,0.13743072539376364,0.01228310380391512,False
2.5719999999998278,-0.2731059136381158,1.2,1.5058823529411764,-0.051849112341720564,-1.0,-164.0121312045127,-8.901299477008292,0.1285277507158364,0.012416082457743534,False
2.5729999999998276,-0.2734470581790212,1.2,1.5058823529411764,-0.05331970057701452,-1.0,-163.82092876647297,-8.892758094056925,0.11963327530270194,0.012540162374915238,False
2.5739999999998275,-0.2737875280164931,1.2,1.5058823529411764,-0.05479028881230847,-1.0,-163.62990517480722,-8.884121065047896,0.11074430645733545,0.012655351155252714,False
2.5749999999998274,-0.274127322310456,1.2,1.5058823529411764,-0.05626087704760242,-1.0,-163.4390380341571,-8.875364960768328,0.10186508561331899,0.0127616558583593,False
2.5759999999998273,-0.27446644022250133,1.2,1.5058823529411764,-0.057731465282896376,-1.0,-163.24882029093052,-8.866520715181236,0.0929936321653107,0.012859085207659637,False
2.576999999999827,-0.2748048809158893,1.2,1.5058823529411764,-0.05920205351819033,-1.0,-163.05844620416977,-8.857549363412177,0.08413209124558206,0.01294764807559477,False
2.577999999999827,-0.2751426435555511,1.2,1.5058823529411764,-0.060731465282896045,-1.0,-162.86859880812304,-8.84846232995515,0.07527861395651113,0.01302735342039696,False
2.578999999999827,-0.2754797273080911,1.2,1.5058823529411764,-0.06226087704760176,-1.0,-162.678425532371,-8.839286668740709,0.06643518188528504,0.013098210323018557,False
2.579999999999827,-0.2758161313417886,1.2,1.5058823529411764,-0.06379028881230747,-1.0,-162.48868287353523,-8.82997980458696,0.05760014213213599,0.013160227979480146,False
2.5809999999998268,-0.2761518548266001,1.2,1.5058823529411764,-0.06531970057701318,-1.0,-162.29922213587022,-8.820589599963673,0.048775221403552595,0.013213415664143099,False
2.5819999999998267,-0.27648689693416106,1.2,1.5058823529411764,-0.06684911234171889,-1.0,-162.10993169490524,-8.811094337994499,0.039959064500331286,0.013257782803838212,False
2.5829999999998265,-0.27682125683778874,1.2,1.5058823529411764,-0.0683785241064246,-1.0,-161.92091522253133,-8.801498912242174,0.03115302799454175,0.01329333885133306,False
2.5839999999998264,-0.27715493371248323,1.2,1.5058823529411764,-0.06990793587113031,-1.0,-161.73204260547516,-8.791793301163155,0.022356181588479632,0.013320093454774315,False
2.5849999999998263,-0.27748792673492995,1.2,1.5058823529411764,-0.07143734763583602,-1.0,-161.5434964169177,-8.781977565911529,0.013569432785188355,0.013338056262128027,False
2.585999999999826,-0.2778202350835016,1.2,1.5058823529411764,-0.07296675940054173,-1.0,-161.35531479181438,-8.772048764134572,0.0047923492168293405,0.013347237152928286,False
2.586999999999826,-0.2781518579382606,1.2,1.5058823529411764,-0.07449617116524744,-1.0,-161.16710344409162,-8.762039546794638,-0.003974691803217143,0.013347645981626311,False
2.587999999999826,-0.27848279448096036,1.2,1.5058823529411764,-0.07602558292995315,-1.0,-160.97919260589381,-8.751906977609426,-0.012731601541035432,0.01333929283486443,False
2.588999999999826,-0.27881304389504785,1.2,1.5058823529411764,-0.07755499469465886,-1.0,-160.7916273552898,-8.741689633867935,-0.021478527661810232,0.013322187771211276,False
2.5899999999998258,-0.2791426053656656,1.2,1.5058823529411764,-0.07908440645936457,-1.0,-160.60408726626417,-8.731352203072325,-0.030214860652361477,0.013296341075880435,False
2.5909999999998257,-0.2794714780796533,1.2,1.5058823529411764,-0.08061381822407028,-1.0,-160.4168603290479,-8.720928037266884,-0.038941242775491575,0.013261763027295653,False
2.5919999999998256,-0.2797996612255503,1.2,1.5058823529411764,-0.08214322998877599,-1.0,-160.2298912463279,-8.71040065425527,-0.04765661883126703,0.01321846409302788,False
2.5929999999998254,-0.2801271539935972,1.2,1.5058823529411764,-0.0836726417534817,-1.0,-160.04316086736944,-8.699763147956348,-0.05636202571926926,0.013166454777227742,False
2.5939999999998253,-0.28045395557573816,1.2,1.5058823529411764,-0.08520205351818741,-1.0,-159.85664419469782,-8.689023906304062,-0.0650560686246966,0.013105745723233305,False
2.5949999999998252,-0.280780065165623,1.2,1.5058823529411764,-0.08673146528289312,-1.0,-159.67039023873588,-8.67819075415708,-0.0737400395563186,0.013036347679922513,False
2.595999999999825,-0.28110548195860857,1.2,1.5058823529411764,-0.08826087704759883,-1.0,-159.48438382903743,-8.66724526684979,-0.08241239463043076,0.012958271451861157,False
2.596999999999825,-0.28143020515176126,1.2,1.5058823529411764,-0.08979028881230454,-1.0,-159.29868409300286,-8.656201454043392,-0.09107446536195125,0.012871528037570586,False
2.597999999999825,-0.2817542339438589,1.2,1.5058823529411764,-0.09131970057701025,-1.0,-159.11318203622582,-8.64506070996231,-0.09972477987342698,0.012776128399449417,False
2.598999999999825,-0.28207756753539265,1.2,1.5058823529411764,-0.09284911234171596,-1.0,-158.9279733144308,-8.633815369303148,-0.10836448762020028,0.012672083786517121,False
2.5999999999998247,-0.282400205128569,1.2,1.5058823529411764,-0.09437852410642167,-1.0,-158.74317081898204,-8.622473608702363,-0.11699242488159624,0.012559405310316282,False
2.6009999999998246,-0.28272214592731176,1.2,1.5058823529411764,-0.09590793587112738,-1.0,-158.5583891752984,-8.61102575440003,-0.12560930333654813,0.012438104471815094,False
2.6019999999998245,-0.28304338913726407,1.188235294117647,1.5058823529411764,-0.09743734763583309,-1.0,-158.37394789990617,-8.599478622641985,-0.13421205356972865,0.012308193058598723,False
2.6029999999998243,-0.2833639339657901,1.188235294117647,1.5058823529411764,-0.0989667594005388,-1.0,-158.1898335708925,-8.587833279324,-0.14280321444209523,0.012169684630742745,False
2.6039999999998242,-0.28368377962197755,1.188235294117647,1.5058823529411764,-0.10049617116524451,-1.0,-158.00581907364278,-8.576091013538363,-0.15138269616625394,0.012022590828290198,False
2.604999999999824,-0.28400292531663895,1.188235294117647,1.5058823529411764,-0.10202558292995022,-1.0,-157.82241167609888,-8.564254905038874,-0.1599504119933456,0.011866923388757557,False
2.605999999999824,-0.28432137026231386,1.188235294117647,1.5058823529411764,-0.10355499469465593,-1.0,-157.63904470344332,-8.552322200927973,-0.16850627112783395,0.011702694143661506,False
2.606999999999824,-0.2846391136732713,1.188235294117647,1.5058823529411764,-0.10508440645936164,-1.0,-157.45593244486915,-8.540275733981858,-0.17705016019112332,0.011529915026023409,False
2.607999999999824,-0.28495615476551095,1.188235294117647,1.5058823529411764,-0.10661381822406735,-1.0,-157.27308647766498,-8.528142569424798,-0.18558197501966886,0.011348598075096887,False
2.6089999999998237,-0.28527249275676536,1.188235294117647,1.5058823529411764,-0.10814322998877306,-1.0,-157.09051209888423,-8.515918843366245,-0.1941016156634049,0.011158755420610891,False
2.6099999999998236,-0.285588126866502,1.188235294117647,1.5058823529411764,-0.10967264175347877,-1.0,-156.90821143098472,-8.503582740530236,-0.2026089662373175,0.010960399287756828,False
2.6109999999998235,-0.28590305631592505,1.188235294117647,1.5058823529411764,-0.11120205351818448,-1.0,-156.72618731248033,-8.491164295924586,-0.21110392813883702,0.010753542002563815,False
2.6119999999998234,-0.28621728032797744,1.188235294117647,1.5058823529411764,-0.11279028881230195,-1.0,-156.54444051834892,-8.478642322276343,-0.21958639922322273,0.010538195983386787,False
2.6129999999998232,-0.2865307981273426,1.188235294117647,1.5058823529411764,-0.11437852410641942,-1.0,-156.36297470882235,-8.466025582632641,-0.22805628806278316,0.010314373749088312,False
2.613999999999823,-0.28684360894044664,1.188235294117647,1.5058823529411764,-0.1159667594005369,-1.0,-156.18178970560163,-8.4533085298228,-0.23651350801694088,0.010082087915262643,False
2.614999999999823,-0.28715571199545986,1.188235294117647,1.5058823529411764,-0.11755499469465437,-1.0,-156.00089106073102,-8.440494267990758,-0.24495797516911125,0.009841351196731062,False
2.615999999999823,-0.28746710652229907,1.188235294117647,1.5058823529411764,-0.11914322998877185,-1.0,-155.82020110858542,-8.427586121699376,-0.25338960808616323,0.009592176405725907,False
2.616999999999823,-0.28777779175262896,1.188235294117647,1.5058823529411764,-0.12073146528288932,-1.0,-155.6398857623848,-8.414581180845472,-0.261808319437268,0.009334576450303514,False
2.6179999999998227,-0.2880877669198651,1.188235294117647,1.5058823529411764,-0.12231970057700679,-1.0,-155.45963077899833,-8.401480254567414,-0.2702140130430696,0.00906856433571086,False
2.6189999999998226,-0.28839703125917426,1.188235294117647,1.5058823529411764,-0.12390793587112427,-1.0,-155.2799309493643,-8.3882877419169,-0.27860658831305707,0.00879415316224048,False
2.6199999999998225,-0.2887055840074775,1.188235294117647,1.5058823529411764,-0.12549617116524173,-1.0,-155.1003675396224,-8.374999082494911,-0.2869859367584722,0.008511356121996045,False
2.6209999999998224,-0.28901342440345157,1.188235294117647,1.5058823529411764,-0.1270844064593592,-1.0,-154.9215155384836,-8.361609204836387,-0.2953519387767976,0.008220186502848684,False
2.6219999999998223,-0.28932055168753096,1.188235294117647,1.5058823529411764,-0.12867264175347667,-1.0,-154.7425310585003,-8.348122090792662,-0.3037044744397026,0.007920657693015523,False
2.622999999999822,-0.28962696510190955,1.188235294117647,1.5058823529411764,-0.13026087704759415,-1.0,-154.56397640841217,-8.334553302525551,-0.31204344552992574,0.007612783173874639,False
2.623999999999822,-0.2899326638905427,1.188235294117647,1.5058823529411764,-0.13184911234171162,-1.0,-154.38567801143478,-8.320876078466664,-0.3203687507852892,0.007296576515079484,False
2.624999999999822,-0.290237647299149,1.188235294117647,1.4941176470588236,-0.1334373476358291,-1.0,-154.2077639876856,-8.307109295808417,-0.32868030316650715,0.006972051384818774,False
2.625999999999822,-0.2905419145752124,1.188235294117647,1.4941176470588236,-0.13502558292994657,-1.0,-154.03014289197085,-8.293242054088015,-0.3369780171309212,0.006639221547406703,False
2.6269999999998217,-0.29084546496798336,1.188235294117647,1.4941176470588236,-0.13661381822406404,-1.0,-153.85283442613317,-8.279312525558431,-0.3452618420241678,0.006298100857244957,False
2.6279999999998216,-0.29114829772848166,1.188235294117647,1.4941176470588236,-0.13820205351818152,-1.0,-153.67582000107788,-8.265265866208408,-0.3535316988071575,0.005948703248930713,False
2.6289999999998215,-0.29145041210949735,1.188235294117647,1.4941176470588236,-0.139790288812299,-1.0,-153.49912054775487,-8.251125381695035,-0.3617875018821008,0.005591042761876055,False
2.6299999999998214,-0.2917518073655936,1.188235294117647,1.4941176470588236,-0.14137852410641646,-1.0,-153.32273399302215,-8.236890920137093,-0.3700291576109502,0.005225133532670851,False
2.6309999999998213,-0.29205248275310736,1.188235294117647,1.4941176470588236,-0.14296675940053394,-1.0,-153.14667351965252,-8.222574416150614,-0.3782565732822773,0.004850989789473239,False
2.631999999999821,-0.29235243753015194,1.188235294117647,1.4941176470588236,-0.1445549946946514,-1.0,-152.97094573467993,-8.208164654088645,-0.3864696434578904,0.0044686258446427676,False
2.632999999999821,-0.29265167095661887,1.188235294117647,1.4941176470588236,-0.14614322998876889,-1.0,-152.79560130713887,-8.193660730851738,-0.3946682508304789,0.004078056101509287,False
2.633999999999821,-0.29295018229417935,1.188235294117647,1.4941176470588236,-0.14773146528288636,-1.0,-152.62067470747883,-8.179066309448832,-0.40285228073725216,0.0036792950567255613,False
2.634999999999821,-0.29324797080628634,1.188235294117647,1.4941176470588236,-0.14926087704759208,-1.0,-152.44588500207166,-8.16438136427379,-0.41102163023734095,0.003272357297224235,False
2.6359999999998207,-0.29354503575817625,1.188235294117647,1.4941176470588236,-0.1507902888122978,-1.0,-152.2713841226197,-8.149603536755858,-0.41917620658951704,0.00285725749964828,False
2.6369999999998206,-0.2938413764168709,1.1764705882352942,1.4941176470588236,-0.15231970057700353,-1.0,-152.09672484021974,-8.134739145923508,-0.42731593164709314,0.002434010432042461,False
2.6374177001951344,-0.29396494333967865,1.1764705882352942,1.4941176470588236,-0.15384911234170925,-1.0,-152.08372233617,-8.119789870273959,-0.4354407429912809,0.002002630950793604,False
2.6379999999998205,-0.29413699205117916,1.1764705882352942,1.4941176470588236,-0.15537852410641498,-1.0,-158.19105151585464,-8.104749505047026,-0.4435505828173415,0.0015631339991766275,False
2.6389999999998204,-0.29443188193169884,1.1764705882352942,1.4941176470588236,-0.1569079358711207,-1.0,-168.1910465452367,-8.089620084100398,-0.45164538886208005,0.001115534610632293,False
2.6399999999998203,-0.2947260453308184,1.1764705882352942,1.4941176470588236,-0.15843734763582643,-1.0,-170.92714293217855,-8.074418152948693,-0.459723289393681,0.0006598495673134396,False
2.64099999999982,-0.29501948152271884,1.1764705882352942,1.4941176470588236,-0.15996675940053215,-1.0,-171.57275696026483,-8.05912278334202,-0.4677859226390965,0.0001960942698016781,False
2.64199999999982,-0.2953121897833758,1.1764705882352942,1.4941176470588236,-0.16149617116523787,-1.0,-171.5771113861572,107.84733495856393,-0.4660158151257379,-3.851525387247276e-05,False
2.64299999999982,-0.2956041693905606,1.1764705882352942,1.4941176470588236,-0.1630255829299436,-1.0,-171.43792602912404,107.84733495856393,-0.4660158151257379,-3.851525387247276e-05,True
2.64399999999982,-0.2958954196238426,1.1764705882352942,1.4941176470588236,-0.16455499469464932,-1.0,-171.25776877496537,1370.4073360203479,0.08296397713079291,-0.00019487208731374585,False
2.6449999999998197,-0.29618593976459073,1.1764705882352942,1.4941176470588236,-0.16608440645935504,-1.0,-171.06608363619884,-8.372455361279401,0.4681505954386738,0.0002059739983090753,False
2.6459999999998196,-0.2964757290959755,1.1764705882352942,1.4941176470588236,-0.16767264175347252,-1.0,-170.87115764779352,-8.907606359294997,0.459272440331282,0.0006696979100077721,False
2.6469999999998195,-0.2967647869029705,1.1764705882352942,1.4941176470588236,-0.1683360479460298,-1.0,-170.67537763333573,-9.058310518071618,0.4502243023780904,0.0011244500399386782,False
2.6479999999998194,-0.2970531124723543,1.1764705882352942,1.4941176470588236,0.0,-1.0,-170.47943270171277,-9.10006417347351,0.438400883494837,0.001702058464675912,False
2.6489999999998193,-0.29734070509271227,1.1764705882352942,1.4941176470588236,0.0,-1.0,-170.28351679050766,-9.105978176848017,0.4292978544265798,0.0021359082355926237,False
2.649999999999819,-0.2976275640544382,1.1764705882352942,1.4941176470588236,-0.0009248289427366518,-1.0,-170.0871747361935,-9.10417811634361,0.42019465957527147,0.002560654356164824,False
2.650999999999819,-0.2979136886497361,1.1764705882352942,1.4941176470588236,-0.0025130642368541237,-1.0,-169.89163493382685,-9.100092594051146,0.41109491685061245,0.002976298827223662,False
2.651999999999819,-0.298199078172622,1.1764705882352942,1.5058823529411764,-0.004101299530971596,-1.0,-169.69646199790122,-9.095275851517759,0.40199972913302495,0.0033828457890577104,False
2.652999999999819,-0.2984837319189254,1.1764705882352942,1.5058823529411764,-0.005689534825089068,-1.0,-169.50097070351893,-9.090166301027123,0.39290949748306914,0.0037803000729127517,False
2.6539999999998187,-0.2987676491862919,1.1764705882352942,1.5058823529411764,-0.00727777011920654,-1.0,-169.30565383266557,-9.084896871409386,0.38382443001647504,0.004168666789632424,False
2.6549999999998186,-0.2990508292741836,1.1764705882352942,1.5058823529411764,-0.008866005413324012,-1.0,-169.11057106369208,-9.079503236963097,0.3747446830234808,0.004547951207551446,False
2.6559999999998185,-0.2993332714838819,1.1764705882352942,1.5058823529411764,-0.010454240707441484,-1.0,-168.91540163808693,-9.073986913114217,0.36567040493848524,0.004918158719077857,False
2.6569999999998184,-0.29961497511848856,1.1764705882352942,1.5058823529411764,-0.012042476001558956,-1.0,-168.72046127265014,-9.06832557748145,0.3566017606757251,0.0052792948451622955,False
2.6579999999998183,-0.29989593948292803,1.1764705882352942,1.5058823529411764,-0.013630711295676428,-1.0,-168.5257329973743,-9.062594845476413,0.3475388566551399,0.005631365228376478,False
2.658999999999818,-0.3001761638839486,1.1764705882352942,1.5058823529411764,-0.0152189465897939,-1.0,-168.3309588448357,-9.056769977326818,0.33848178255261113,0.0059743755944343165,False
2.659999999999818,-0.3004556476301244,1.1764705882352942,1.5058823529411764,-0.016807181883911372,-1.0,-168.13670434367683,-9.050804033283493,0.3294306547024646,0.006308331775430919,False
2.660999999999818,-0.3007343900318571,1.1764705882352942,1.5058823529411764,-0.018395417178028846,-1.0,-167.94234489884434,-9.044724849060438,0.32038557390541716,0.0066332397331696795,False
2.661999999999818,-0.30101239040137745,1.1764705882352942,1.5058823529411764,-0.01998365247214632,-1.0,-167.74803345963812,-9.038545235003758,0.31134662162998794,0.006949105543211316,False
2.6629999999998177,-0.3012896480527474,1.1764705882352942,1.5058823529411764,-0.021571887766263793,-1.0,-167.5539280457199,-9.032246584061014,0.302313889440949,0.007255935390156496,False
2.6639999999998176,-0.3015661623018608,1.1764705882352942,1.5058823529411764,-0.023218946589793024,-1.0,-167.35971109842708,-9.02583799086994,0.29328747323065324,0.00755373557340789,False
2.6649999999998175,-0.30184193246644675,1.1764705882352942,1.5058823529411764,-0.024866005413322255,-1.0,-167.16572733063788,-9.019319995234442,0.2842674787326889,0.007842512502442838,False
2.6659999999998174,-0.3021169578660695,1.1764705882352942,1.5058823529411764,-0.026513064236851486,-1.0,-166.97205654660223,-9.012683780087821,0.2752540294500434,0.008122272699382245,False
2.6669999999998173,-0.30239123782213134,1.1764705882352942,1.5058823529411764,-0.028160123060380716,-1.0,-166.77863724841401,-9.005957663674206,0.2662472369939909,0.008393022795056155,False
2.667999999999817,-0.30266477165787364,1.1764705882352942,1.5058823529411764,-0.029807181883909947,-1.0,-166.58569383515092,-8.999106624369258,0.2572472355643665,0.008654769522167162,False
2.668999999999817,-0.3029375586983789,1.1764705882352942,1.5058823529411764,-0.03145424070743918,-1.0,-166.39250271284774,-8.99214093500027,0.2482541584788217,0.008907519732168323,False
2.669999999999817,-0.30320959827057226,1.1764705882352942,1.5058823529411764,-0.03310129953096841,-1.0,-166.19953002767866,-8.98506851946426,0.23926812360364405,0.009151280388330647,False
2.670999999999817,-0.303480889703223,1.1764705882352942,1.5058823529411764,-0.03474835835449764,-1.0,-166.00683065942903,-8.977869794353593,0.2302892536719267,0.009386058566597676,False
2.6719999999998167,-0.30375143232694657,1.1764705882352942,1.5058823529411764,-0.03639541717802687,-1.0,-165.81408199486808,-8.970565595993394,0.22131765341823717,0.009611861462151962,False
2.6729999999998166,-0.3040212254742059,1.1764705882352942,1.5058823529411764,-0.0380424760015561,-1.0,-165.62159973269706,-8.963163731400886,0.21235340895291901,0.009828696375287627,False
2.6739999999998165,-0.30429026847931323,1.1764705882352942,1.5058823529411764,-0.03968953482508533,-1.0,-165.42936163234558,-8.9556569939533,0.2033966059138635,0.01003657070591296,False
2.6749999999998164,-0.3045585606784317,1.1764705882352942,1.5058823529411764,-0.04133659364861456,-1.0,-165.23713966381914,-8.948053340342197,0.1944473298250168,0.010235491955038563,False
2.6759999999998163,-0.3048261014095768,1.1764705882352942,1.5058823529411764,-0.042983652472143793,-1.0,-165.04545255860717,-8.940319118462954,0.18550569707859144,0.010425467732501826,False
2.676999999999816,-0.3050928900126187,1.1647058823529413,1.5058823529411764,-0.044630711295673024,-1.0,-164.8537058438517,-8.932482702505279,0.1765718164244483,0.010606505768286787,False
2.677999999999816,-0.30535892582928287,1.1647058823529413,1.5058823529411764,-0.046277770119202255,-1.0,-164.66204562083635,-8.924542796477493,0.16764579574944471,0.010778613895085297,False
2.678999999999816,-0.30562420820315245,1.1647058823529413,1.5058823529411764,-0.047924828942731486,-1.0,-164.47064210708126,-8.916480142805801,0.15872776483623424,0.010941800053461124,False
2.679999999999816,-0.30588873647966947,1.1647058823529413,1.5058823529411764,-0.04957188776626072,-1.0,-164.27929775927845,-8.908315157087658,0.14981784573321064,0.011096072299354243,False
2.6809999999998158,-0.3061525100061367,1.1647058823529413,1.5058823529411764,-0.05121894658978995,-1.0,-164.08826354610167,-8.900047373051057,0.14091615160063556,0.011241438792324919,False
2.6819999999998156,-0.30641552813171924,1.1647058823529413,1.5058823529411764,-0.05286600541331918,-1.0,-163.89749962732697,-8.891662763397548,0.13202280134513786,0.011377907797910035,False
2.6829999999998155,-0.30667779020744595,1.1647058823529413,1.5058823529411764,-0.05451306423684841,-1.0,-163.70676939951784,-8.883190885190034,0.12313789168523535,0.011505487688371317,False
2.6839999999998154,-0.3069392955862113,1.1647058823529413,1.5058823529411764,-0.05616012306037764,-1.0,-163.51658922618608,-8.874601443771471,0.11426152900691458,0.011624186935667245,False
2.6849999999998153,-0.30720004362277664,1.1647058823529413,1.5058823529411764,-0.05780718188390687,-1.0,-163.3263741063213,-8.865898085319165,0.10539381925929214,0.011734014126344413,False
2.685999999999815,-0.30746003367377234,1.1647058823529413,1.5058823529411764,-0.0594542407074361,-1.0,-163.13634592616907,-8.857089849738172,0.09653486133131736,0.011834977958063994,False
2.686999999999815,-0.30771926509769854,1.1647058823529413,1.5058823529411764,-0.06110129953096533,-1.0,-162.9465180451439,-8.848172631773478,0.0876847586573526,0.011927087236604825,False
2.687999999999815,-0.30797773725492744,1.1647058823529413,1.5058823529411764,-0.06274835835449456,-1.0,-162.75689414298546,-8.839159512304926,0.07884360740931891,0.012010350873688971,False
2.688999999999815,-0.30823544950770504,1.1647058823529413,1.5058823529411764,-0.06445424070743555,-1.0,-162.56747960734884,-8.830040903143502,0.07001150959462892,0.01208477788000743,False
2.6899999999998148,-0.3084924012201517,1.1647058823529413,1.5058823529411764,-0.06616012306037654,-1.0,-162.378195363771,-8.820804827238167,0.061188583854093585,0.012150377374176227,False
2.6909999999998147,-0.30874859175826475,1.1647058823529413,1.5058823529411764,-0.06786600541331753,-1.0,-162.18917945540892,-8.811487025380735,0.052374928243735894,0.012207158581663297,False
2.6919999999998145,-0.3090040204899194,1.1647058823529413,1.5058823529411764,-0.06957188776625851,-1.0,-161.99984698925786,-8.802056377774086,0.04357065235576295,0.012255130822767656,False
2.6929999999998144,-0.3092586867848706,1.1647058823529413,1.5058823529411764,-0.0712777701191995,-1.0,-161.81133920740487,-8.792516812911513,0.034775866800297456,0.012294303526734733,False
2.6939999999998143,-0.3095125900147547,1.1647058823529413,1.5058823529411764,-0.07298365247214049,-1.0,-161.62337423740865,-8.78286958070092,0.025990679516344862,0.012324686231167559,False
2.694999999999814,-0.30976572955309073,1.1647058823529413,1.5058823529411764,-0.07468953482508148,-1.0,-161.4352214409959,-8.773121585828036,0.01721519177071544,0.012346288580601899,False
2.695999999999814,-0.3100181047752819,1.1647058823529413,1.5058823529411764,-0.07639541717802247,-1.0,-161.24733983124855,-8.763272302451826,0.008449500732732672,0.012359120322179716,False
2.696999999999814,-0.3102697150586176,1.1647058823529413,1.5058823529411764,-0.07810129953096345,-1.0,-161.0597519845122,-8.753313211077865,-0.00030629015349657843,0.012363191307088486,False
2.697999999999814,-0.31052055978227433,1.1647058823529413,1.5058823529411764,-0.07980718188390444,-1.0,-160.87251680720988,-8.74325330544676,-0.009052079590713207,0.01235851149302064,False
2.6989999999998138,-0.31077063832731777,1.1647058823529413,1.5058823529411764,-0.08151306423684543,-1.0,-160.68507985081027,-8.733063172909155,-0.017787744328244974,0.012345090948271043,False
2.6999999999998137,-0.3110199500767038,1.1647058823529413,1.5058823529411764,-0.08321894658978642,-1.0,-160.49803716963467,-8.722800423069758,-0.026513194633031523,0.012322939851232735,False
2.7009999999998136,-0.31126849441528076,1.1647058823529413,1.5058823529411764,-0.0849248289427274,-1.0,-160.31127653281183,-8.712451463717843,-0.03522834268669468,0.012292068460926989,False
2.7019999999998134,-0.31151627072979005,1.1647058823529413,1.5058823529411764,-0.08663071129566839,-1.0,-160.12476537474558,-8.701981639170338,-0.04393307269584706,0.012252487132707185,False
2.7029999999998133,-0.31176327840886814,1.1647058823529413,1.5058823529411764,-0.08833659364860938,-1.0,-159.93850270745065,-8.691411734556423,-0.05262727967159048,0.012204206332787716,False
2.703999999999813,-0.31200951684304834,1.1647058823529413,1.5058823529411764,-0.09004247600155037,-1.0,-159.75248230402917,-8.680738085210873,-0.06131086222900947,0.012147236628461903,False
2.704999999999813,-0.3122549854247616,1.1647058823529413,1.5058823529411764,-0.09174835835449136,-1.0,-159.56671514339678,-8.669968948663717,-0.06998372436017251,0.012081588688705956,False
2.705999999999813,-0.3124996835483387,1.1647058823529413,1.5058823529411764,-0.09345424070743234,-1.0,-159.3811213940121,-8.65908078689591,-0.0786457579415784,0.012007273286997943,False
2.706999999999813,-0.3127436106100113,1.1647058823529413,1.5058823529411764,-0.09516012306037333,-1.0,-159.19586321045045,-8.648099784567158,-0.087296871105746,0.01192430130499229,False
2.707999999999813,-0.3129867660079137,1.1647058823529413,1.5058823529411764,-0.09686600541331432,-1.0,-159.01083727212588,-8.637014412405769,-0.09593696548760079,0.011832683720861775,False
2.7089999999998127,-0.31322914914208405,1.1647058823529413,1.5058823529411764,-0.0985718877662553,-1.0,-158.82604812335197,-8.625828416187275,-0.10456593616548367,0.011732431616073019,False
2.7099999999998126,-0.31347075941446606,1.1647058823529413,1.5058823529411764,-0.1002777701191963,-1.0,-158.64152613770452,-8.614547013408945,-0.11318368128417353,0.011623556172306463,False
2.7109999999998124,-0.3137115962289105,1.1647058823529413,1.5058823529411764,-0.10198365247213728,-1.0,-158.45725454840579,-8.60316539661814,-0.12179009624861754,0.011506068666967628,False
2.7119999999998123,-0.31395165899117616,1.1647058823529413,1.5058823529411764,-0.10368953482507827,-1.0,-158.27323285654168,-8.591680743030015,-0.1303850701215513,0.011379980476492713,False
2.7129999999998122,-0.3141909471089324,1.1647058823529413,1.5058823529411764,-0.10539541717801926,-1.0,-158.08949769556406,-8.580092737008803,-0.13896849101144643,0.011245303080533127,False
2.713999999999812,-0.31442945999175953,1.1647058823529413,1.5058823529411764,-0.10710129953096025,-1.0,-157.90607275066546,-8.568411284948478,-0.14754026087541544,0.011102048059162907,False
2.714999999999812,-0.3146671970511506,1.1647058823529413,1.5058823529411764,-0.10880718188390123,-1.0,-157.72275474053305,-8.556628415958363,-0.15610028466488957,0.01095022708790752,False
2.715999999999812,-0.3149041577005131,1.1647058823529413,1.5058823529411764,-0.11051306423684222,-1.0,-157.54004239209402,-8.544746650402644,-0.16464847033842164,0.01078985194241985,False
2.716999999999812,-0.31514034135517016,1.1647058823529413,1.5058823529411764,-0.11221894658978321,-1.0,-157.35736558676751,-8.532769829309636,-0.1731847333253285,0.010620934497581381,False
2.7179999999998117,-0.31537574743236213,1.1647058823529413,1.5058823529411764,-0.1139248289427242,-1.0,-157.17486486037527,-8.520692172369417,-0.18170898880628358,0.010443486725601218,False
2.7189999999998116,-0.3156103753512479,1.1647058823529413,1.5058823529411764,-0.11563071129566518,-1.0,-156.99272112041564,-8.508512581819526,-0.19022114545012528,0.010257520699269381,False
2.7199999999998115,-0.31584422453290634,1.1647058823529413,1.5058823529411764,-0.11733659364860617,-1.0,-156.81121589766502,-8.496241116544558,-0.198721110744418,0.010063048591800182,False
2.7209999999998113,-0.31607729440033794,1.1529411764705881,1.5058823529411764,-0.11904247600154716,-1.0,-156.6295772488918,-8.483880327003453,-0.2072087913859093,0.009860082669866774,False
2.7219999999998112,-0.3163095843784659,1.1529411764705881,1.5058823529411764,-0.12074835835448815,-1.0,-156.44806193662535,-8.471410051379978,-0.2156840753212795,0.009648635295045864,False
2.722999999999811,-0.31654109389413765,1.1529411764705881,1.5058823529411764,-0.12245424070742914,-1.0,-156.26688908474463,-8.45885567612752,-0.22414685757967556,0.00942871892805244,False
2.723999999999811,-0.31677182237612683,1.1529411764705881,1.5058823529411764,-0.12416012306037012,-1.0,-156.0862793596112,-8.44619716417862,-0.2325970215297488,0.009200346122777772,False
2.724999999999811,-0.3170017692551336,1.1529411764705881,1.5058823529411764,-0.1258660054133111,-1.0,-155.9059538955678,-8.433443264232462,-0.24103445841923635,0.008963529534478704,False
2.725999999999811,-0.317230933963787,1.1529411764705881,1.5058823529411764,-0.1275718877662521,-1.0,-155.72545723735993,-8.420594272236748,-0.2494590714094254,0.008718281913209343,False
2.7269999999998107,-0.3174593159366458,1.1529411764705881,1.5058823529411764,-0.12927777011919311,-1.0,-155.54547450458236,-8.407664091335585,-0.2578707807706849,0.00846461609895787,False
2.7279999999998106,-0.31768691461020027,1.1529411764705881,1.5058823529411764,-0.13098365247213412,-1.0,-155.36585008270686,-8.394619872957515,-0.2662694917034239,0.008202545025504398,False
2.7289999999998105,-0.3179137294228732,1.1529411764705881,1.5058823529411764,-0.13268953482507512,-1.0,-155.1865289163231,-8.381475956410544,-0.27465511824655997,0.007932081735923092,False
2.7299999999998104,-0.31813975981502174,1.1529411764705881,1.5058823529411764,-0.13439541717801612,-1.0,-155.00751629604468,-8.368238465108714,-0.2830275835311394,0.007653239372473497,False
2.7309999999998102,-0.3183650052289382,1.1529411764705881,1.4941176470588236,-0.13610129953095712,-1.0,-154.8288049487361,-8.354919768625429,-0.29138681519217824,0.007366031167862203,False
2.73199999999981,-0.318589465108852,1.1529411764705881,1.4941176470588236,-0.13780718188389812,-1.0,-154.6503994773123,-8.34150820919957,-0.2997327258264542,0.0070704704410469174,False
2.73299999999981,-0.3188131389009307,1.1529411764705881,1.4941176470588236,-0.13957188776625087,-1.0,-154.47231692072418,-8.327977487951205,-0.30806519479127525,0.006766570611431735,False
2.73399999999981,-0.31903602605328146,1.1529411764705881,1.4941176470588236,-0.14133659364860363,-1.0,-154.29459646179848,-8.31436361628424,-0.31638411120440096,0.006454345204631468,False
2.73499999999981,-0.3192581260159522,1.1529411764705881,1.4941176470588236,-0.14310129953095638,-1.0,-154.11726998154163,-8.300662640798583,-0.3246893649319069,0.006133807832755171,False
2.7359999999998097,-0.3194794382409337,1.1529411764705881,1.4941176470588236,-0.14486600541330913,-1.0,-153.94007524080735,-8.286869585901584,-0.33298084344313583,0.005804972194698141,False
2.7369999999998096,-0.3196999621821598,1.1529411764705881,1.4941176470588236,-0.14663071129566188,-1.0,-153.76311503550795,-8.272978794573575,-0.341258434078495,0.005467852080637172,False
2.7379999999998095,-0.3199196972955097,1.1529411764705881,1.4941176470588236,-0.14839541717801463,-1.0,-153.58653470631432,-8.25899383203497,-0.34952203338948834,0.005122461376915011,False
2.7389999999998094,-0.32013864303880873,1.1529411764705881,1.4941176470588236,-0.15016012306036738,-1.0,-153.40974450070047,-8.244922296684706,-0.3577715587593598,0.0047688140629869105,False
2.7399999999998093,-0.32035679887183016,1.1529411764705881,1.4941176470588236,-0.15192482894272014,-1.0,-153.23384075787382,-8.230760686047445,-0.3660069418140005,0.004406924205573336,False
2.740999999999809,-0.3205741642562961,1.1529411764705881,1.4941176470588236,-0.1536895348250729,-1.0,-153.05827520093553,-8.216503885303043,-0.3742281148098142,0.004036805961392778,False
2.741999999999809,-0.3207907386558791,1.1529411764705881,1.4941176470588236,-0.15545424070742564,-1.0,-152.8833032905018,-8.20215843365147,-0.38243501039944117,0.0036584735812751463,False
2.742999999999809,-0.32100652153620324,1.1529411764705881,1.4941176470588236,-0.15716012306036664,-1.0,-152.7083055588281,-8.187717464373689,-0.39062755277326394,0.0032719414094441444,False
2.743999999999809,-0.32122151236484586,1.1529411764705881,1.4941176470588236,-0.15886600541330764,-1.0,-152.5336905783198,-8.173182650377008,-0.39880565698926584,0.0028772238842185035,False
2.7447498046873107,-0.3213821935863307,1.1529411764705881,1.4941176470588236,-0.16057188776624864,-1.0,-152.4449032286832,-8.158556681153044,-0.40696922486333903,0.0024743355354021343,False
2.7449999999998087,-0.3214357106113384,1.1529411764705881,1.4941176470588236,-0.16227777011918965,-1.0,-153.1770991494113,-8.143811841841258,-0.4151181231643946,0.002063290992832243,False
2.7459999999998086,-0.32164911574716804,1.1529411764705881,1.4941176470588236,-0.16398365247213065,-1.0,-166.4739763434679,-8.129009386188427,-0.42325225220781143,0.001644104984458431,False
2.7469999999998085,-0.3218617272457786,1.1529411764705881,1.4941176470588236,-0.16568953482507165,-1.0,-170.1566028660689,-8.114117869759312,-0.43137150603065677,0.0012167923077502022,False
2.7479999999998084,-0.3220735445825726,1.1529411764705881,1.4941176470588236,-0.16739541717801265,-1.0,-171.075672679285,-8.099160750234356,-0.43947399385356134,0.0007813688970590694,False
2.7489999999998083,-0.32228456723491183,1.1529411764705881,1.4941176470588236,-0.16910129953095365,-1.0,-171.15883114668108,-8.084084718957328,-0.4475614256688354,0.0003378505101265539,False
2.749999999999808,-0.32249479468211867,1.1529411764705881,1.4941176470588236,-0.17080718188389465,-1.0,-171.04268463337868,50.87211448917041,-0.45107277142798624,-2.26350647572223e-05,False
2.750999999999808,-0.3227042264054779,1.1529411764705881,1.4941176470588236,-0.17251306423683566,-1.0,-170.8695637367335,50.87211448917041,-0.45107277142798624,-2.26350647572223e-05,True
2.751999999999808,-0.32291286188823765,1.1529411764705881,1.4941176470588236,-0.17421894658977666,-1.0,-170.68026515107928,869.9424997058577,-0.3217042923257719,-0.00014404043807527954,False
2.752999999999808,-0.32312070061561043,1.1529411764705881,1.4941176470588236,-0.17592482894271766,-1.0,-170.48629831181432,-8.105037636306522,0.4500478941055523,4.3662647286193174e-05,False
2.7539999999998077,-0.32332774207477494,1.1529411764705881,1.4941176470588236,-0.17763071129565866,-1.0,-170.29217486727478,-8.814385581917888,0.4412715432655289,0.0004893386503393635,False
2.7549999999998076,-0.32353398575487696,1.1529411764705881,1.4941176470588236,-0.17933659364859966,-1.0,-170.09691251743652,-9.014955771495352,0.4322691390112446,0.0009261138580887572,False
2.7559999999998075,-0.32373943114703063,1.1529411764705881,1.4941176470588236,-0.18061567223316166,-1.0,-169.90015650806075,-9.070843979239791,0.42048272068912984,0.0014804056240999002,False
2.7569999999998074,-0.32394407774432005,1.1529411764705881,1.4941176470588236,0.0,-1.0,-169.70479130043154,-9.08070203318529,0.41140611428339613,0.001896351218969553,False
2.7579999999998073,-0.32414792504179984,1.1529411764705881,1.4941176470588236,0.0,-1.0,-169.50965804353405,-9.079888289196937,0.40232764365619467,0.002303218305242719,False
2.758999999999807,-0.3243509725364972,1.1529411764705881,1.4941176470588236,-0.00042680359779075343,-1.0,-169.3150197598994,-9.075939608752462,0.39325225676188064,0.0027010079811606606,False
2.759999999999807,-0.3245532197274126,1.1529411764705881,1.5058823529411764,-0.002132685950731743,-1.0,-169.1200806997502,-9.071022380909191,0.38418141172281606,0.003089724277872642,False
2.760999999999807,-0.32475466611552123,1.1529411764705881,1.5058823529411764,-0.0038385683036727325,-1.0,-168.92532152125793,-9.065740319803542,0.3751156015316094,0.003469372143540629,False
2.761999999999807,-0.3249553112037742,1.1529411764705881,1.5058823529411764,-0.005544450656613722,-1.0,-168.73076890698783,-9.060327382429064,0.36605502827456204,0.0038399568548698345,False
2.7629999999998067,-0.32515515449709953,1.1529411764705881,1.5058823529411764,-0.0072503330095547115,-1.0,-168.5364546722153,-9.05473549361633,0.3569999026209706,0.004201483847372155,False
2.7639999999998066,-0.3253541955024039,1.1529411764705881,1.5058823529411764,-0.0089562153624957,-1.0,-168.34207474147462,-9.048947296548073,0.34795047703623727,0.004553958735940448,False
2.7649999999998065,-0.3255524337285734,1.1529411764705881,1.5058823529411764,-0.01066209771543669,-1.0,-168.14776180844686,-9.043112465223675,0.3389068961721052,0.004897387282018667,False
2.7659999999998064,-0.3257498686864749,1.1529411764705881,1.5058823529411764,-0.01236798006837768,-1.0,-167.9530852606851,-9.037172067933835,0.32986929536791115,0.0052317753204438235,False
2.7669999999998063,-0.32594649988895724,1.1529411764705881,1.5058823529411764,-0.014073862421318669,-1.0,-167.7600782799909,-9.031143185473027,0.3208377825821934,0.005557128781746611,False
2.767999999999806,-0.3261423268508524,1.1529411764705881,1.5058823529411764,-0.015779744774259658,-1.0,-167.5662800195186,-9.02497782210238,0.3118124656574932,0.005873453699684556,False
2.768999999999806,-0.32633734908897705,1.1529411764705881,1.5058823529411764,-0.017485627127200646,-1.0,-167.37223966069868,-9.018697666770713,0.30279342565018075,0.006180756235241319,False
2.769999999999806,-0.32653156612213297,1.1529411764705881,1.5058823529411764,-0.019191509480141634,-1.0,-167.1786322323593,-9.012313214923989,0.2937807183112027,0.006479042665805745,False
2.770999999999806,-0.32672497747110896,1.1529411764705881,1.5058823529411764,-0.02089739183308262,-1.0,-166.98548454307726,-9.005830132857929,0.2847743891022546,0.006768319374296826,False
2.7719999999998057,-0.3269175826586819,1.1529411764705881,1.5058823529411764,-0.02260327418602361,-1.0,-166.79215102277237,-8.999220928651285,0.2757745149996827,0.007048592849720411,False
2.7729999999998056,-0.3271093812096176,1.1411764705882352,1.5058823529411764,-0.024309156538964597,-1.0,-166.59915152583866,-8.992488895514192,0.2667812063908353,0.00731986970349417,False
2.7739999999998055,-0.327300372650672,1.1411764705882352,1.5058823529411764,-0.026073862421317345,-1.0,-166.40618572152323,-8.985622873687227,0.25779460972545526,0.007582156675285309,False
2.7749999999998054,-0.327490556510593,1.1411764705882352,1.5058823529411764,-0.027838568303670094,-1.0,-166.2137550825815,-8.97873297583835,0.24881480814348383,0.00783546060299421,False
2.7759999999998053,-0.32767993232012066,1.1411764705882352,1.5058823529411764,-0.029603274186022842,-1.0,-166.0212438224617,-8.971679974323676,0.23984197231152776,0.00807978839447186,False
2.776999999999805,-0.327868499611989,1.1411764705882352,1.5058823529411764,-0.03136798006837559,-1.0,-165.8287853371105,-8.964493376482316,0.23087628977835747,0.008315147100357531,False
2.777999999999805,-0.328056257920927,1.1411764705882352,1.5058823529411764,-0.03313268595072833,-1.0,-165.63676870891769,-8.957214628442244,0.2219178972311741,0.008541543894215601,False
2.778999999999805,-0.3282432067836597,1.1411764705882352,1.5058823529411764,-0.034897391833081076,-1.0,-165.44449359824694,-8.949842113761528,0.21296689867909804,0.008758986043979957,False
2.779999999999805,-0.32842934573890936,1.1411764705882352,1.5058823529411764,-0.03666209771543382,-1.0,-165.25257957259905,-8.942340723567666,0.20402340547859316,0.008967480921168065,False
2.7809999999998047,-0.32861467432739655,1.1411764705882352,1.5058823529411764,-0.038426803597786566,-1.0,-165.0609162303414,-8.934744737819159,0.1950874978826913,0.009167036015385287,False
2.7819999999998046,-0.32879919209184144,1.1411764705882352,1.5058823529411764,-0.04019150948013931,-1.0,-164.8693834580566,-8.927035799128877,0.18615924918809074,0.009357658921087923,False
2.7829999999998045,-0.3289828985769649,1.1411764705882352,1.5058823529411764,-0.041956215362492055,-1.0,-164.67809134520576,-8.919230313933973,0.17723872392893994,0.009539357338969587,False
2.7839999999998044,-0.32916579332948925,1.1411764705882352,1.5058823529411764,-0.0437209212448448,-1.0,-164.48680927037233,-8.911300783669152,0.16832601807119038,0.009712139076274476,False
2.7849999999998043,-0.32934787589814,1.1411764705882352,1.5058823529411764,-0.045485627127197545,-1.0,-164.2962834412046,-8.90326816142991,0.159421236469626,0.009876012059235214,False
2.785999999999804,-0.32952914583364656,1.1411764705882352,1.5058823529411764,-0.04725033300955029,-1.0,-164.1054264221221,-8.895146860925822,0.15052447838572874,0.010030984314725955,False
2.786999999999804,-0.3297096026887432,1.1411764705882352,1.5058823529411764,-0.0490738624213148,-1.0,-163.91490104384332,-8.88688297860095,0.14163589026880016,0.010177063972382728,False
2.787999999999804,-0.32988924601817077,1.1411764705882352,1.5058823529411764,-0.0508973918330793,-1.0,-163.7244446505862,-8.878516484157473,0.13275561437197966,0.010314259287108015,False
2.788999999999804,-0.33006807537867705,1.1411764705882352,1.5058823529411764,-0.0527209212448438,-1.0,-163.534544421104,-8.870061073404832,0.12388377233266816,0.010442578617783508,False
2.7899999999998037,-0.33024609032901847,1.1411764705882352,1.5058823529411764,-0.054544450656608304,-1.0,-163.34460478958047,-8.861503536727795,0.1150204760556173,0.010562030418161021,False
2.7909999999998036,-0.3304232904299607,1.1411764705882352,1.5058823529411764,-0.056367980068372806,-1.0,-163.15476859343568,-8.852830422692316,0.10616583668718388,0.01067262324447056,False
2.7919999999998035,-0.3305996752442803,1.1411764705882352,1.5058823529411764,-0.05819150948013731,-1.0,-162.96521647376508,-8.84403637246785,0.09731996765960906,0.010774365769333022,False
2.7929999999998034,-0.33077524433676514,1.1411764705882352,1.5058823529411764,-0.06001503889190181,-1.0,-162.7759582768061,-8.835177692876774,0.08848293454407677,0.010867266772671457,False
2.7939999999998033,-0.3309499972742159,1.1411764705882352,1.5058823529411764,-0.06183856830366631,-1.0,-162.58686954170975,-8.826190629707567,0.07965482873890133,0.010951335124681414,False
2.794999999999803,-0.3311239336254473,1.1411764705882352,1.5058823529411764,-0.06366209771543081,-1.0,-162.3979678483501,-8.817098326567795,0.07083574310035397,0.01102657981171384,False
2.795999999999803,-0.3312970529612884,1.1411764705882352,1.5058823529411764,-0.06548562712719531,-1.0,-162.20930085082765,-8.807892209459323,0.06202578186338279,0.011093009929389509,False
2.796999999999803,-0.33146935485458473,1.1411764705882352,1.5058823529411764,-0.06730915653895982,-1.0,-162.0205939953582,-8.798603684565691,0.05322503636326699,0.01115063467757396,False
2.797999999999803,-0.3316408388801983,1.1411764705882352,1.5058823529411764,-0.06913268595072432,-1.0,-161.83212834840438,-8.789196428460494,0.04443362382757914,0.011199463351539434,False
2.7989999999998028,-0.33181150461500936,1.1411764705882352,1.5058823529411764,-0.07095621536248882,-1.0,-161.6442894068057,-8.779678355378977,0.035651669466381465,0.011239505360098868,False
2.7999999999998026,-0.3319813516379172,1.1411764705882352,1.5058823529411764,-0.07277974477425332,-1.0,-161.4564573608311,-8.770063934998674,0.02687928365443075,0.011270770218345775,False
2.8009999999998025,-0.33215037952984117,1.1411764705882352,1.5058823529411764,-0.07460327418601782,-1.0,-161.26883930469063,-8.760348736158061,0.01811657004461754,0.01129326753811625,False
2.8019999999998024,-0.33231858787372176,1.1411764705882352,1.5058823529411764,-0.07642680359778233,-1.0,-161.08136394891386,-8.750520889074345,0.009363638822059817,0.011307007034300195,False
2.8029999999998023,-0.33248597625452153,1.1411764705882352,1.5058823529411764,-0.07825033300954683,-1.0,-160.89420270461457,-8.740590155336509,0.0006205931023319929,0.011311998532599616,False
2.803999999999802,-0.3326525442592264,1.1411764705882352,1.5058823529411764,-0.08007386242131133,-1.0,-160.70703126533283,-8.730565897421346,-0.008112479973527745,0.011308251960970643,False
2.804999999999802,-0.33281829147684633,1.1411764705882352,1.5058823529411764,-0.08189739183307583,-1.0,-160.52087542503443,-8.720422607641728,-0.016835479148550388,0.011295777347400423,False
2.805999999999802,-0.3329832174984164,1.1411764705882352,1.5058823529411764,-0.08372092124484033,-1.0,-160.33410595687562,-8.710167278024542,-0.025548293229088005,0.011274584833226622,False
2.806999999999802,-0.33314732191699825,1.1411764705882352,1.5058823529411764,-0.08554445065660483,-1.0,-160.14723887374362,-8.69983258307309,-0.034250826914010254,0.011244684664141379,False
2.8079999999998018,-0.33331060432768056,1.1411764705882352,1.5058823529411764,-0.08736798006836934,-1.0,-159.96165951267923,-8.689393877517803,-0.042942974062277636,0.011206087176343596,False
2.8089999999998017,-0.33347306432758,1.1411764705882352,1.5058823529411764,-0.08919150948013384,-1.0,-159.7761558067915,-8.678850120211816,-0.05162462333702865,0.011158802805366614,False
2.8099999999998015,-0.3336347015158429,1.1411764705882352,1.5058823529411764,-0.09101503889189834,-1.0,-159.59064797549806,-8.668191032125762,-0.06029565202703869,0.011102842091810622,False
2.8109999999998014,-0.3337955154936454,1.1411764705882352,1.5058823529411764,-0.09283856830366284,-1.0,-159.4052961922762,-8.657436227759872,-0.06895595189273465,0.011038215686102602,False
2.8119999999998013,-0.3339555058641951,1.1411764705882352,1.5058823529411764,-0.09466209771542734,-1.0,-159.22027111695562,-8.646572378003624,-0.07760542262992556,0.01096493434068818,False
2.812999999999801,-0.33411467223273156,1.1411764705882352,1.5058823529411764,-0.09648562712719184,-1.0,-159.03576832041745,-8.635646979129918,-0.08624400589930234,0.010883008899519092,False
2.813999999999801,-0.33427301420652766,1.1411764705882352,1.5058823529411764,-0.09830915653895635,-1.0,-158.85111845802447,-8.62457498416213,-0.09487159199356887,0.010792450297640319,False
2.814999999999801,-0.3344305313948903,1.1411764705882352,1.5058823529411764,-0.10013268595072085,-1.0,-158.6666976784378,-8.613387576756917,-0.10348807338675814,0.01069326960410759,False
2.815999999999801,-0.3345872234091615,1.1411764705882352,1.5058823529411764,-0.10195621536248535,-1.0,-158.48253108826393,-8.60215322545629,-0.11209339967276839,0.010585477984569658,False
2.8169999999998008,-0.3347430898627193,1.1411764705882352,1.5058823529411764,-0.10377974477424985,-1.0,-158.29901116965937,-8.5908074811368,-0.12068747726424867,0.010469086675542869,False
2.8179999999998007,-0.3348981303709786,1.1411764705882352,1.5058823529411764,-0.10560327418601435,-1.0,-158.11553108192012,-8.579354801027105,-0.12927018496861153,0.010344107021084608,False
2.8189999999998006,-0.3350523445513925,1.1411764705882352,1.5058823529411764,-0.10742680359777886,-1.0,-157.93222214160244,-8.567802351699093,-0.1378414012600346,0.010210550471372613,False
2.8199999999998004,-0.3352057320234528,1.1411764705882352,1.5058823529411764,-0.10925033300954336,-1.0,-157.74925242552786,-8.5561481861681,-0.14640100317352456,0.010068428575281374,False
2.8209999999998003,-0.33535829240869114,1.1411764705882352,1.5058823529411764,-0.11107386242130786,-1.0,-157.56665615899936,-8.544404672926017,-0.15494887566892482,0.009917752977502666,False
2.8219999999998002,-0.33551002533068,1.1411764705882352,1.5058823529411764,-0.11289739183307236,-1.0,-157.3839167313139,-8.532549050998941,-0.1634848968206657,0.00975853542130817,False
2.8229999999998,-0.33566093041503337,1.1411764705882352,1.5058823529411764,-0.11472092124483686,-1.0,-157.20198273880865,-8.52059971451074,-0.17200897115607783,0.00959078775614104,False
2.8239999999998,-0.335811007289408,1.1411764705882352,1.5058823529411764,-0.11654445065660136,-1.0,-157.0199292078699,-8.508545186160868,-0.18052101729826905,0.009414521928499335,False
2.8249999999998,-0.3359602555835041,1.1411764705882352,1.5058823529411764,-0.11836798006836587,-1.0,-156.8382646560093,-8.496407898011851,-0.18902097582087593,0.009229749982068457,False
2.8259999999998,-0.3361086749290665,1.1411764705882352,1.5058823529411764,-0.12019150948013037,-1.0,-156.6569113872713,-8.484168313544927,-0.19750877993267427,0.00903648405403977,False
2.8269999999997997,-0.336256264959885,1.1411764705882352,1.5058823529411764,-0.12201503889189487,-1.0,-156.47584741986896,-8.471832056502643,-0.20598436001993484,0.008834736383888295,False
2.8279999999997996,-0.336403025311796,1.1411764705882352,1.5058823529411764,-0.12383856830365937,-1.0,-156.2950720872645,-8.459398201565305,-0.2144476347547361,0.00862451930862149,False
2.8289999999997995,-0.33654895562268283,1.1411764705882352,1.5058823529411764,-0.1256620977154239,-1.0,-156.11460135177174,-8.446870802212668,-0.22289850386000415,0.008405845261382319,False
2.8299999999997993,-0.33669405553247694,1.1411764705882352,1.5058823529411764,-0.1274856271271884,-1.0,-155.9344631697992,-8.434228406699358,-0.23133683171480757,0.008178726776247853,False
2.8309999999997992,-0.33683832468315894,1.1411764705882352,1.5058823529411764,-0.1293091565389529,-1.0,-155.75445085958984,-8.421517908897554,-0.2397624989581062,0.007943176485773543,False
2.831999999999799,-0.3369817627187588,1.1411764705882352,1.5058823529411764,-0.1311326859507174,-1.0,-155.57507175332518,-8.408689191975567,-0.2481753551585535,0.00769920710801499,False
2.832999999999799,-0.33712436928535755,1.1411764705882352,1.4941176470588236,-0.1329562153624819,-1.0,-155.39574322126165,-8.395773348469364,-0.25657526882212506,0.007446831464895612,False
2.833999999999799,-0.3372661440310876,1.1411764705882352,1.4941176470588236,-0.1347797447742464,-1.0,-155.2165864046982,-8.382763254825859,-0.2649621303745661,0.007186062467103305,False
2.834999999999799,-0.337407086606134,1.1411764705882352,1.4941176470588236,-0.1366032741860109,-1.0,-155.03768057038002,-8.369653269899814,-0.273335845893128,0.006916913119301691,False
2.8359999999997987,-0.3375471966627348,1.1411764705882352,1.4941176470588236,-0.1384268035977754,-1.0,-154.85945634973314,-8.356449254785595,-0.2816963460318522,0.006639396525345294,False
2.8369999999997986,-0.33768647385518236,1.1411764705882352,1.4941176470588236,-0.1402503330095399,-1.0,-154.68130521797343,-8.343156818865092,-0.29004358722147827,0.00635352588355054,False
2.8379999999997985,-0.33782491783982416,1.1411764705882352,1.4941176470588236,-0.1420738624213044,-1.0,-154.50334599813885,-8.329771397408209,-0.2983775311078903,0.0060593144821513975,False
2.8389999999997984,-0.33796252827506335,1.1411764705882352,1.4941176470588236,-0.1438973918330689,-1.0,-154.3259185596767,-8.316278549316765,-0.3066981150310647,0.005756775707055048,False
2.8399999999997982,-0.33809930482135986,1.1411764705882352,1.4941176470588236,-0.1457209212448334,-1.0,-154.14846108397094,-8.302710962775503,-0.3150052742612505,0.005445923043185324,False
2.840999999999798,-0.33823524714123115,1.1294117647058823,1.4941176470588236,-0.1475444506565979,-1.0,-153.97146251639882,-8.289040535106583,-0.32329890649432474,0.005126770062194584,False
2.841999999999798,-0.33837035489925316,1.1294117647058823,1.4941176470588236,-0.1493679800683624,-1.0,-153.7948217716383,-8.275269520358338,-0.3315788780351364,0.004799330433955605,False
2.842999999999798,-0.33850462776206086,1.1294117647058823,1.4941176470588236,-0.1511915094801269,-1.0,-153.61802600715467,-8.261401701379311,-0.3398450362623303,0.004463617925761071,False
2.843999999999798,-0.33863806539834934,1.1294117647058823,1.4941176470588236,-0.15301503889189141,-1.0,-153.44242507186644,-8.247462914951566,-0.3480972432945046,0.00411964639303732,False
2.8449999999997977,-0.33877066747887435,1.1294117647058823,1.4941176470588236,-0.15483856830365592,-1.0,-153.26677388549817,-8.233418482937319,-0.3563353561353951,0.0037674297723743785,False
2.8459999999997976,-0.3389024336764537,1.1294117647058823,1.4941176470588236,-0.15666209771542042,-1.0,-153.0915204430088,-8.219273260669048,-0.36455925118754584,0.00340698209936114,False
2.8469999999997975,-0.33903336366596715,1.1294117647058823,1.4941176470588236,-0.15842680359777317,-1.0,-152.91641713975756,-8.205052557629346,-0.3727688544124123,0.003038317503004555,False
2.8475296874997986,-0.33910237676289684,1.1294117647058823,1.4941176470588236,-0.16019150948012592,-1.0,-152.8770688640171,-8.190727479693079,-0.38096411076477055,0.002661450200504481,False
2.8479999999997974,-0.3391634571243581,1.1294117647058823,1.4941176470588236,-0.16195621536247867,-1.0,-156.24507119710333,-8.176312334857231,-0.38914499478556785,0.0022763945073475456,False
2.8489999999997973,-0.33929271373063385,1.1294117647058823,1.4941176470588236,-0.16372092124483142,-1.0,-167.03586852554432,-8.161802802739494,-0.39731148337990213,0.001883164832423657,False
2.849999999999797,-0.3394211331658666,1.1294117647058823,1.4941176470588236,-0.16548562712718418,-1.0,-169.9993892554097,-8.147188218793906,-0.40546352803104946,0.0014817756872765417,False
2.850999999999797,-0.33954871511319407,1.1294117647058823,1.4941176470588236,-0.16725033300953693,-1.0,-170.7121288702743,-8.132538780505412,-0.4136011070099402,0.0010722416698339756,False
2.851999999999797,-0.3396754592578205,1.1294117647058823,1.4941176470588236,-0.16901503889188968,-1.0,-170.7499210596541,-8.117788665092373,-0.4217221112691066,0.0006545793758377601,False
2.852999999999797,-0.3398013652870173,1.1294117647058823,1.4941176470588236,-0.17077974477424243,-1.0,-170.62097524652933,-8.102931245341573,-0.4298283399775312,0.00022880348227341822,False
2.8539999999997967,-0.33992643289012403,1.1294117647058823,1.4941176470588236,-0.17260327418600693,-1.0,-170.44468894126146,78.54276790181628,-0.43035228398252245,-3.033383503459157e-05,False
2.8549999999997966,-0.3400506617585487,1.1294117647058823,1.4941176470588236,-0.17442680359777143,-1.0,-170.25548304136754,78.54276790181628,-0.43035228398252245,-3.033383503459157e-05,True
2.8559999999997965,-0.3401740515857689,1.1294117647058823,1.4941176470588236,-0.17625033300953594,-1.0,-170.06176478332586,1245.8368491357394,-0.0767691537597612,-0.00018223968455620654,False
2.8569999999997964,-0.34029660206733253,1.1294117647058823,1.4941176470588236,-0.17807386242130044,-1.0,-169.86707745543887,-8.268516613444362,0.42938519604930653,0.00013185845459793373,False
2.8579999999997963,-0.3404183129008584,1.1294117647058823,1.4941176470588236,-0.17989739183306494,-1.0,-169.67219630032292,-8.845015677582158,0.4205715160047692,0.0005568501178189573,False
2.858999999999796,-0.3405391837860372,1.1294117647058823,1.4941176470588236,-0.18172092124482944,-1.0,-169.47735008859559,-9.007252143814036,0.41157481669195217,0.000972927259561577,False
2.859999999999796,-0.34065921442463204,1.1294117647058823,1.4941176470588236,-0.18354445065659394,-1.0,-169.28262330611634,-9.051375081295983,0.4007185995437316,0.0014603051475066474,False
2.860999999999796,-0.34077840452047914,1.1294117647058823,1.4941176470588236,-0.18451035139189018,-1.0,-169.08811553859334,-9.058560520043446,0.39166315349783365,0.001856496634667072,False
2.861999999999796,-0.34089675377948897,1.1294117647058823,1.4941176470588236,0.0,-1.0,-168.89351087445374,-9.056804980311984,0.3826072817820735,0.0022436318385214518,False
2.8629999999997957,-0.34101426190964634,1.1294117647058823,1.4941176470588236,0.0,-1.0,-168.69913540787368,-9.052433339797306,0.3735551375672967,0.0026217127414350063,False
2.8639999999997956,-0.3411309286210117,1.1294117647058823,1.5058823529411764,-0.0008576284941153296,-1.0,-168.50489109930942,-9.04725800052517,0.36450792054424036,0.0029907437702394613,False
2.8649999999997955,-0.3412467536257214,1.1294117647058823,1.5058823529411764,-0.0026811579058798347,-1.0,-168.31078377536372,-9.041722969072504,0.35546605577951745,0.0033507301302650692,False
2.8659999999997954,-0.34136173663798897,1.1294117647058823,1.5058823529411764,-0.00450468731764434,-1.0,-168.11683692039009,-9.036022252925939,0.34642973160133367,0.003701677357065178,False
2.8669999999997953,-0.3414758773741051,1.1294117647058823,1.5058823529411764,-0.006328216729408845,-1.0,-167.9224935535154,-9.030189869319079,0.33739908167479304,0.0040435911536884014,False
2.867999999999795,-0.341589175552439,1.1294117647058823,1.5058823529411764,-0.00815174614117335,-1.0,-167.72900073503573,-9.02423308884877,0.328374252670048,0.004376477351789543,False
2.868999999999795,-0.3417016308934386,1.1294117647058823,1.5058823529411764,-0.009975275552937856,-1.0,-167.5359020090854,-9.018172346322299,0.319355399849123,0.004700341902026747,False
2.869999999999795,-0.34181324311963146,1.1294117647058823,1.5058823529411764,-0.011798804964702361,-1.0,-167.34250948417375,-9.01201743784896,0.31034266930072535,0.005015190858864594,False
2.870999999999795,-0.3419240119556256,1.1294117647058823,1.5058823529411764,-0.013622334376466866,-1.0,-167.14931208092736,-9.00572857628733,0.3013362217166179,0.005321030380028733,False
2.8719999999997947,-0.3420339371281099,1.1294117647058823,1.5058823529411764,-0.015445863788231371,-1.0,-166.956325515619,-8.999319249484252,0.29233620791374876,0.00561786674666862,False
2.8729999999997946,-0.342143018365855,1.1294117647058823,1.5058823529411764,-0.017269393199995875,-1.0,-166.76332374713715,-8.992812435334235,0.28334274332337456,0.005905706358039574,False
2.8739999999997945,-0.3422512553997136,1.1294117647058823,1.5058823529411764,-0.01909292261176038,-1.0,-166.57084930377442,-8.98621221635606,0.2743559046105569,0.006184555715771844,False
2.8749999999997944,-0.3423586479626218,1.1294117647058823,1.5058823529411764,-0.020916452023524885,-1.0,-166.3782862218215,-8.979491305477515,0.2653757645434594,0.006454421421751704,False
2.8759999999997943,-0.34246519578959894,1.1294117647058823,1.5058823529411764,-0.02273998143528939,-1.0,-166.18577340719182,-8.972617050854256,0.25640242798569357,0.006715310205628553,False
2.876999999999794,-0.342570898617749,1.1294117647058823,1.5058823529411764,-0.024563510847053896,-1.0,-165.99373581350468,-8.965680637066697,0.24743594947248088,0.006967228924785162,False
2.877999999999794,-0.3426757561862606,1.1294117647058823,1.5058823529411764,-0.0263870402588184,-1.0,-165.8013940517662,-8.958660061470454,0.2384763844631706,0.007210184515539649,False
2.878999999999794,-0.34277976823640827,1.1294117647058823,1.5058823529411764,-0.028210569670582906,-1.0,-165.60936759665475,-8.951499504966943,0.2295238499442117,0.00744418401288392,False
2.879999999999794,-0.3428829345115525,1.1294117647058823,1.5058823529411764,-0.03009292261175917,-1.0,-165.41759052583464,-8.9442241369908,0.22057847992183843,0.007669234578103283,False
2.8809999999997937,-0.34298525475714087,1.1294117647058823,1.5058823529411764,-0.03197527555293543,-1.0,-165.22605336746878,-8.93684733451506,0.21164040714299115,0.007885343484803454,False
2.8819999999997936,-0.3430867287207083,1.1294117647058823,1.5058823529411764,-0.0338576284941117,-1.0,-165.03465157808375,-8.929355357854616,0.20270977420097172,0.008092518113078716,False
2.8829999999997935,-0.3431873561518778,1.1294117647058823,1.5058823529411764,-0.03573998143528796,-1.0,-164.8434085022845,-8.921771141123399,0.19378670600375353,0.00829076594924181,False
2.8839999999997934,-0.3432871368023612,1.1294117647058823,1.5058823529411764,-0.03762233437646423,-1.0,-164.652478389767,-8.914067753291125,0.18487133109448697,0.008480094581252108,False
2.8849999999997933,-0.3433860704259598,1.1294117647058823,1.5058823529411764,-0.039504687317640494,-1.0,-164.4617172181103,-8.906252662432669,0.17596376206221137,0.008660511711099429,False
2.885999999999793,-0.3434841567785646,1.1294117647058823,1.5058823529411764,-0.04138704025881676,-1.0,-164.27097761599828,-8.898338382943942,0.16706408746677373,0.008832025147653686,False
2.886999999999793,-0.34358139561815726,1.1294117647058823,1.5058823529411764,-0.043269393199993025,-1.0,-164.08078129039737,-8.890288521576656,0.15817241560983814,0.008994642813095555,False
2.887999999999793,-0.3436777867048107,1.1294117647058823,1.5058823529411764,-0.04515174614116929,-1.0,-163.89053287122587,-8.88214994698507,0.1492888238134225,0.009148372751658336,False
2.888999999999793,-0.3437733298006894,1.1294117647058823,1.5058823529411764,-0.04703409908234556,-1.0,-163.70037462425628,-8.873910594836245,0.14041338391607588,0.009293223101510026,False
2.8899999999997927,-0.34386802467005034,1.1294117647058823,1.5058823529411764,-0.04891645202352182,-1.0,-163.51065131156832,-8.865553488278003,0.13154619613473198,0.009429202102333112,False
2.8909999999997926,-0.34396187107924336,1.1294117647058823,1.5058823529411764,-0.05079880496469809,-1.0,-163.32094133300566,-8.857083619096718,0.12268738076113077,0.009556318110262805,False
2.8919999999997925,-0.34405486879671165,1.1294117647058823,1.5058823529411764,-0.052681157905874354,-1.0,-163.13138087474056,-8.848518002050552,0.11383705033429665,0.009674579592058747,False
2.8929999999997924,-0.3441470175929927,1.1294117647058823,1.5058823529411764,-0.05456351084705062,-1.0,-162.94195204134417,-8.839854488744582,0.1049953136576205,0.00978399510881216,False
2.8939999999997923,-0.34423831724071857,1.1294117647058823,1.5058823529411764,-0.056445863788226885,-1.0,-162.75286312765658,-8.831074340023488,0.09616229997777799,0.009884573320781161,False
2.894999999999792,-0.3443287675146163,1.1294117647058823,1.5058823529411764,-0.05832821672940315,-1.0,-162.56406381201043,-8.822179194613023,0.08733814364148668,0.009976323004270852,False
2.895999999999792,-0.3444183681915089,1.1294117647058823,1.5058823529411764,-0.06021056967057942,-1.0,-162.37531574767672,-8.813201769255487,0.07852294140974467,0.010059253042237941,False
2.896999999999792,-0.34450711905031556,1.1294117647058823,1.5058823529411764,-0.06209292261175568,-1.0,-162.18713395807433,-8.80410380889678,0.06971679921476617,0.010133372411990206,False
2.897999999999792,-0.3445950198720525,1.1294117647058823,1.5058823529411764,-0.06397527555293195,-1.0,-161.99893021083554,-8.794895785214228,0.060919823706979986,0.0101986902053536,False
2.8989999999997917,-0.344682070439833,1.1294117647058823,1.5058823529411764,-0.06585762849410821,-1.0,-161.8108485618277,-8.785601418947374,0.05213209862703431,0.010255215620330509,False
2.8999999999997916,-0.34476827053886855,1.1294117647058823,1.5058823529411764,-0.06773998143528448,-1.0,-161.6230493474295,-8.776188623619088,0.04335372102107883,0.010302957953006567,False
2.9009999999997915,-0.34485361995646896,1.1294117647058823,1.5058823529411764,-0.06962233437646075,-1.0,-161.43517486808068,-8.766659872530543,0.03458479995835401,0.010341926613112546,False
2.9019999999997914,-0.344938118482043,1.1294117647058823,1.5058823529411764,-0.07150468731763701,-1.0,-161.2480392154185,-8.757030236193174,0.02582544450998865,0.010372131123525611,False
2.9029999999997913,-0.345021765907099,1.1294117647058823,1.5058823529411764,-0.07338704025881328,-1.0,-161.06112634343043,-8.74731636168465,0.01707574906973121,0.010393581106771112,False
2.903999999999791,-0.3451045620252452,1.1294117647058823,1.5058823529411764,-0.07526939319998954,-1.0,-160.87423181470203,-8.737495267492724,0.008335816618991389,0.010406286275592676,False
2.904999999999791,-0.34518650663219047,1.1294117647058823,1.5058823529411764,-0.07715174614116581,-1.0,-160.6874865007821,-8.72754796004125,-0.00039422607648825276,0.010410256451000363,False
2.905999999999791,-0.3452675995257446,1.1294117647058823,1.5058823529411764,-0.07903409908234207,-1.0,-160.5010541307682,-8.717525269904586,-0.009114281660883695,0.010405501565835015,False
2.906999999999791,-0.3453478405058189,1.1294117647058823,1.5058823529411764,-0.08091645202351834,-1.0,-160.31492355241664,-8.707403533850469,-0.0178242576241406,0.010392031643044499,False
2.9079999999997908,-0.3454272293744268,1.1294117647058823,1.5058823529411764,-0.0827988049646946,-1.0,-160.12807902735722,-8.69716698493672,-0.02652405499951457,0.01036985680646671,False
2.9089999999997906,-0.34550576593568416,1.1294117647058823,1.5058823529411764,-0.08468115790587087,-1.0,-159.94258875287767,-8.686817945825833,-0.035213569492785375,0.010338987290671996,False
2.9099999999997905,-0.34558344999580975,1.1294117647058823,1.5058823529411764,-0.08656351084704714,-1.0,-159.75760623658158,-8.6763582061753,-0.0438926919290271,0.010299433445300118,False
2.9109999999997904,-0.3456602813631259,1.1294117647058823,1.5058823529411764,-0.0884458637882234,-1.0,-159.57230755375943,-8.665834147884892,-0.052561348458006,0.010251205719747554,False
2.9119999999997903,-0.34573625984805884,1.1294117647058823,1.5058823529411764,-0.09032821672939967,-1.0,-159.38730005702325,-8.655203541221654,-0.06121944229063564,0.010194314643221961,False
2.91299999999979,-0.3458113852631392,1.1294117647058823,1.5058823529411764,-0.09221056967057593,-1.0,-159.20256168315106,-8.644456831661328,-0.06986685056813614,0.010128770850653097,False
2.91399999999979,-0.34588565742300265,1.1294117647058823,1.5058823529411764,-0.0940929226117522,-1.0,-159.0180685256231,-8.633608426459485,-0.0785034558632741,0.010054585087722955,False
2.91499999999979,-0.3459590761443898,1.1294117647058823,1.5058823529411764,-0.09597527555292847,-1.0,-158.83381804315056,-8.622660316708638,-0.08712914748388864,0.009971768201032212,False
2.91599999999979,-0.3460316412461473,1.1294117647058823,1.5058823529411764,-0.09785762849410473,-1.0,-158.64984721142702,-8.611611622947665,-0.09574381602593009,0.00988033113733052,False
2.9169999999997898,-0.34610335254922814,1.1294117647058823,1.5058823529411764,-0.099739981435281,-1.0,-158.46622644215853,-8.600420591648714,-0.10434732893016402,0.009780284958381244,False
2.9179999999997897,-0.3461742098766916,1.1294117647058823,1.5058823529411764,-0.10162233437645726,-1.0,-158.28265458306024,-8.58919172193968,-0.11293963576787988,0.009671640831399786,False
2.9189999999997895,-0.3462442130537044,1.1294117647058823,1.5058823529411764,-0.10350468731763353,-1.0,-158.09943349126854,-8.577864113648769,-0.1215206708779722,0.00955440998371466,False
2.9199999999997894,-0.3463133619075406,1.1294117647058823,1.5058823529411764,-0.1053870402588098,-1.0,-157.91654347269983,-8.56640246096895,-0.13009032092665482,0.009428603750485919,False
2.9209999999997893,-0.34638165626758227,1.1294117647058823,1.5058823529411764,-0.10726939319998606,-1.0,-157.73376184262705,-8.554858465710012,-0.13864850147204158,0.009294233587220846,False
2.921999999999789,-0.34644909596531986,1.1294117647058823,1.5058823529411764,-0.10915174614116233,-1.0,-157.55159433413553,-8.543221841143453,-0.1471951340967456,0.009151311036927633,False
2.922999999999789,-0.3465156808343527,1.1294117647058823,1.5058823529411764,-0.11103409908233859,-1.0,-157.36945907058336,-8.531470507029818,-0.155730107547753,0.008999847736541992,False
2.923999999999789,-0.3465814107103891,1.1294117647058823,1.5058823529411764,-0.11291645202351486,-1.0,-157.1874886814253,-8.51961366443226,-0.1642532914680259,0.00883985543413127,False
2.924999999999789,-0.34664628543124726,1.1294117647058823,1.5058823529411764,-0.11479880496469112,-1.0,-157.00600394818952,-8.507673382083857,-0.17276457004297446,0.008671345980625815,False
2.9259999999997888,-0.3467103048368552,1.1294117647058823,1.5058823529411764,-0.11668115790586739,-1.0,-156.82464252394772,-8.495644728679217,-0.18126383772509422,0.008494331310702171,False
2.9269999999997887,-0.34677346876925147,1.1294117647058823,1.5058823529411764,-0.11856351084704365,-1.0,-156.64349331051392,-8.483496128457373,-0.18975096695257918,0.008308823451434346,False
2.9279999999997885,-0.3468357770725852,1.1294117647058823,1.5058823529411764,-0.12044586378821992,-1.0,-156.46269697320915,-8.471252251946275,-0.19822584531474188,0.008114834540476356,False
2.9289999999997884,-0.34689722959311703,1.1294117647058823,1.5058823529411764,-0.12232821672939619,-1.0,-156.281994580534,-8.458920634392138,-0.2066883918689934,0.00791237681238694,False
2.9299999999997883,-0.34695782617921883,1.1294117647058823,1.5058823529411764,-0.12421056967057245,-1.0,-156.10182056403593,-8.446481411049497,-0.2151385315767518,0.007701462594511773,False
2.930999999999788,-0.34701756668137457,1.1294117647058823,1.4941176470588236,-0.1260929226117487,-1.0,-155.92183368776966,-8.433963128263287,-0.2235762085430366,0.0074821043111294476,False
2.931999999999788,-0.34707645095218054,1.1294117647058823,1.4941176470588236,-0.12797527555292496,-1.0,-155.7422114209573,-8.421344050392065,-0.23200135642901476,0.00725431447791174,False
2.932999999999788,-0.34713447884634563,1.1294117647058823,1.4941176470588236,-0.1298576284941012,-1.0,-155.56286370478963,-8.408620128019859,-0.24041389928274307,0.0070181057123194735,False
2.933999999999788,-0.3471916502206918,1.1294117647058823,1.4941176470588236,-0.13173998143527746,-1.0,-155.38379267010302,-8.395799246609535,-0.24881374921746657,0.006773490731840216,False
2.934999999999788,-0.34724796493415433,1.1294117647058823,1.4941176470588236,-0.1336223343764537,-1.0,-155.20502127098501,-8.382881908123093,-0.2572007937957032,0.006520482353490863,False
2.9359999999997877,-0.3473034228477823,1.1294117647058823,1.4941176470588236,-0.13550468731762996,-1.0,-155.0265634900238,-8.369883498518995,-0.26557491910710324,0.0062590934899222515,False
2.9369999999997876,-0.3473580238247388,1.1294117647058823,1.4941176470588236,-0.13738704025880621,-1.0,-154.84836282589137,-8.356787231899732,-0.27393600135552354,0.00598933713818915,False
2.9379999999997874,-0.34741176773030136,1.1294117647058823,1.4941176470588236,-0.13926939319998247,-1.0,-154.6705592952868,-8.343567689503512,-0.28228388862579873,0.005711226394823608,False
2.9389999999997873,-0.34746465443186225,1.1294117647058823,1.4941176470588236,-0.14115174614115872,-1.0,-154.49288951382275,-8.330274038092693,-0.29061846078502923,0.005424774464403732,False
2.9399999999997872,-0.3475166837989288,1.1294117647058823,1.4941176470588236,-0.14303409908233497,-1.0,-154.3159511533025,-8.316901218329816,-0.29893962956088915,0.005129994634553623,False
2.940999999999787,-0.3475678557031236,1.1294117647058823,1.4941176470588236,-0.14491645202351122,-1.0,-154.13872428087444,-8.303433488067702,-0.30724732427771684,0.004826900274768851,False
2.941999999999787,-0.34761817001818524,1.1294117647058823,1.4941176470588236,-0.14679880496468747,-1.0,-153.96198080633172,-8.289853457593386,-0.31554147200623694,0.004515504850584541,False
2.942999999999787,-0.34766762661996803,1.1294117647058823,1.4941176470588236,-0.14868115790586373,-1.0,-153.7856027086893,-8.276183953024933,-0.32382201578734365,0.0041958219351036176,False
2.943999999999787,-0.34771622538644276,1.1294117647058823,1.4941176470588236,-0.15056351084703998,-1.0,-153.6095918594685,-8.262437043873508,-0.33208891649845945,0.003867865194362698,False
2.9449999999997867,-0.3477639661976968,1.1294117647058823,1.4941176470588236,-0.15244586378821623,-1.0,-153.4339690310752,-8.24859547413087,-0.34034211789574687,0.0035316483787535867,False
2.9459999999997866,-0.3478108489359344,1.1294117647058823,1.4941176470588236,-0.15432821672939248,-1.0,-153.258763223147,-8.234650488563743,-0.3485815274158978,0.0031871853337927768,False
2.946328222656038,-0.3478260498535286,1.1294117647058823,1.4941176470588236,-0.15615174614115698,-1.0,-153.24173408491467,-8.220622189716295,-0.3568070366302692,0.002834490002392738,False
2.9469999999997865,-0.3478568734854771,1.1294117647058823,1.4941176470588236,-0.15797527555292148,-1.0,-160.2077954445603,-8.206495706057684,-0.36501851042901834,0.0024735764167622075,False
2.9479999999997863,-0.34790203973276396,1.1294117647058823,1.4941176470588236,-0.159798804964686,-1.0,-167.8714466054511,-8.192296153301601,-0.3732158147036293,0.002104458697105501,False
2.9489999999997862,-0.3479463475663517,1.1294117647058823,1.4941176470588236,-0.1616223343764505,-1.0,-169.93555584295913,-8.177978085617587,-0.381398786863711,0.0017271510516422837,False
2.949999999999786,-0.3479897968769151,1.1294117647058823,1.4941176470588236,-0.163445863788215,-1.0,-170.39048654412133,-8.16358330837425,-0.38956730363186204,0.00134166778871915,False
2.950999999999786,-0.34803238755724736,1.1294117647058823,1.4941176470588236,-0.1652693931999795,-1.0,-170.35381948836923,-8.149075200215862,-0.3977199672266209,0.000948023555552921,False
2.951999999999786,-0.34807411950226025,1.1294117647058823,1.4941176470588236,-0.167092922611744,-1.0,-170.20461329983667,-8.134507478546247,-0.40585758043437703,0.000546234164791283,False
2.952999999999786,-0.34811499260898426,1.1294117647058823,1.4941176470588236,-0.1689164520235085,-1.0,-170.0229179070924,-8.119835498818869,-0.4139805388110427,0.00013631446770545893,False
2.9539999999997857,-0.34815500677656913,1.1294117647058823,1.4941176470588236,-0.170739981435273,-1.0,-169.83174369701962,76.17317917188987,-0.4130107129575515,-2.9715989253631336e-05,False
2.9549999999997856,-0.34819416190628383,1.1294117647058823,1.4941176470588236,-0.1725635108470375,-1.0,-169.63824309760275,76.17317917188987,-0.4130107129575515,-2.9715989253631336e-05,True
2.9559999999997855,-0.34823245790151697,1.1294117647058823,1.4941176470588236,-0.174387040258802,-1.0,-169.44369016403542,1105.1437245948764,0.15741316078413106,-0.0001679480555690301,False
2.9569999999997854,-0.348269894667777,1.1294117647058823,1.4941176470588236,-0.1762105696705665,-1.0,-169.24921073239761,-8.479134519518603,0.4096855172110236,0.0002048061495437356,False
2.9579999999997852,-0.34830647211269244,1.1294117647058823,1.4941176470588236,-0.178034099082331,-1.0,-169.05484559498203,-8.889910916193413,0.40081848786254487,0.0006100677055948793,False
2.958999999999785,-0.3483421901460121,1.1294117647058823,1.4941176470588236,-0.1798576284940955,-1.0,-168.86060794115537,-9.00430994301174,0.39182220831142545,0.0010063909506660745,False
2.959999999999785,-0.3483770486796052,1.1294117647058823,1.4941176470588236,-0.18168115790586,-1.0,-168.66650443774452,-9.034472297956203,0.38098650207610546,0.0014700772505913421,False
2.960999999999785,-0.34841104762746183,1.1294117647058823,1.4941176470588236,-0.1835046873176245,-1.0,-168.4725363611555,-9.037469242940439,0.37195109939463034,0.001846545741397359,False
2.961999999999785,-0.34844418690569295,1.1294117647058823,1.4941176470588236,-0.18410321098490634,-1.0,-168.27871280912777,-9.0343967520428,0.3629171440534954,0.0022139791316581592,False
2.9629999999997847,-0.3484764664325307,1.1294117647058823,1.4941176470588236,0.0,-1.0,-168.08448138988672,-9.02947912951395,0.3538875403190098,0.002572380662669003,False
2.9639999999997846,-0.3485078861283286,1.1294117647058823,1.5058823529411764,0.0,-1.0,-167.89106537681053,-9.02393708716896,0.3448632430002367,0.002921755303225519,False
2.9649999999997845,-0.3485384459155616,1.1294117647058823,1.5058823529411764,-0.0012250055621297298,-1.0,-167.69775879023615,-9.018160797339355,0.3358446174827746,0.0032621086023124054,False
2.9659999999997844,-0.3485681457188265,1.1294117647058823,1.5058823529411764,-0.003048534973894235,-1.0,-167.50488007412517,-9.012213931534314,0.3268318794527494,0.0035934463451736754,False
2.9669999999997843,-0.34859698546484197,1.1294117647058823,1.5058823529411764,-0.00487206438565874,-1.0,-167.31173091364803,-9.006146510019027,0.31782518625352946,0.003915774471926411,False
2.967999999999784,-0.3486249650824488,1.1294117647058823,1.5058823529411764,-0.006695593797423245,-1.0,-167.11878648838302,-8.999964733949698,0.30882466986666307,0.00422909904459491,False
2.968999999999784,-0.34865208450261004,1.1294117647058823,1.5058823529411764,-0.00851912320918775,-1.0,-166.9259265491588,-8.993675504678297,0.29983043714477414,0.004533426239810991,False
2.969999999999784,-0.3486783436584113,1.1294117647058823,1.5058823529411764,-0.010342652620952256,-1.0,-166.73331297618563,-8.987275335872567,0.29084257814214753,0.0048287623424006585,False
2.970999999999784,-0.34870374248506064,1.1294117647058823,1.5058823529411764,-0.012166182032716761,-1.0,-166.54086577533067,-8.98076293203241,0.2818611799125517,0.005115113747580962,False
2.9719999999997837,-0.348728280919889,1.1294117647058823,1.5058823529411764,-0.013989711444481266,-1.0,-166.34864251044144,-8.974143440203143,0.2728863277961083,0.005392486963526165,False
2.9729999999997836,-0.3487519589023503,1.1294117647058823,1.5058823529411764,-0.01581324085624577,-1.0,-166.15669131261322,-8.967384193319068,0.2639181324862493,0.00566088861756792,False
2.9739999999997835,-0.3487747763740214,1.1294117647058823,1.5058823529411764,-0.017636770268010277,-1.0,-165.96468620278935,-8.960544056488692,0.2549566788129477,0.005920325454814157,False
2.9749999999997834,-0.3487967332786025,1.1294117647058823,1.5058823529411764,-0.019460299679774782,-1.0,-165.77275676692688,-8.953594643857834,0.24600207666276996,0.0061708043138627095,False
2.9759999999997833,-0.34881782956191704,1.1294117647058823,1.5058823529411764,-0.021283829091539287,-1.0,-165.58125464310854,-8.946561164209653,0.23705443531305573,0.0064123321352918495,False
2.976999999999783,-0.3488380651719121,1.1294117647058823,1.5058823529411764,-0.023107358503303792,-1.0,-165.38954386838552,-8.93939337476069,0.22811389532200035,0.0066449159599354275,False
2.977999999999783,-0.3488574400586584,1.1294117647058823,1.5058823529411764,-0.024930887915068298,-1.0,-165.19817746624636,-8.932106252135098,0.21918059995481085,0.006868562951388992,False
2.978999999999783,-0.34887595417435013,1.1294117647058823,1.5058823529411764,-0.026754417326832803,-1.0,-165.00704282392795,-8.924710407857871,0.21025468237658643,0.007083280390957155,False
2.979999999999783,-0.3488936074733057,1.1294117647058823,1.5058823529411764,-0.028577946738597308,-1.0,-164.8155838383559,-8.917226053512353,0.20133624608967943,0.007289075666791735,False
2.9809999999997827,-0.3489103999119674,1.1294117647058823,1.5058823529411764,-0.030401476150361813,-1.0,-164.6249764455139,-8.909630950126921,0.19242538786489724,0.007485956263274688,False
2.9819999999997826,-0.3489263314489014,1.1294117647058823,1.5058823529411764,-0.032283829091538076,-1.0,-164.4349705110685,-8.901916985801144,0.18352220934126096,0.007673929774061684,False
2.9829999999997825,-0.34894140204479834,1.1294117647058823,1.5058823529411764,-0.03416618203271434,-1.0,-164.24453914208743,-8.894103651021176,0.17462680092533997,0.00785300390704879,False
2.9839999999997824,-0.3489556116624729,1.1294117647058823,1.5058823529411764,-0.03604853497389061,-1.0,-164.0541953370678,-8.886182913284056,0.16573925195726558,0.008023186477291699,False
2.9849999999997823,-0.3489689602668644,1.1294117647058823,1.5058823529411764,-0.03793088791506687,-1.0,-163.86443913536678,-8.87814802608141,0.15685965879442423,0.008184485409240251,False
2.985999999999782,-0.34898144782503643,1.1294117647058823,1.5058823529411764,-0.03981324085624314,-1.0,-163.67457191728823,-8.870012035045189,0.14798811891099495,0.008336908735449993,False
2.986999999999782,-0.34899307430617715,1.1294117647058823,1.5058823529411764,-0.041695593797419404,-1.0,-163.48499900003924,-8.861750784768255,0.13912475535107718,0.008480464597975355,False
2.987999999999782,-0.34900383968159937,1.1294117647058823,1.5058823529411764,-0.04357794673859567,-1.0,-163.29503961046356,-8.853394608759292,0.13026968021729324,0.008615161253625906,False
2.988999999999782,-0.3490137439247407,1.1294117647058823,1.5058823529411764,-0.045460299679771936,-1.0,-163.10584523498977,-8.844932166713573,0.12142300983924369,0.008741007059496266,False
2.9899999999997817,-0.3490227870111633,1.1294117647058823,1.5058823529411764,-0.0473426526209482,-1.0,-162.9171933408895,-8.836338209235555,0.11258488194890187,0.008858010486214636,False
2.9909999999997816,-0.3490309689185543,1.1294117647058823,1.5058823529411764,-0.04922500556212447,-1.0,-162.72834725990725,-8.827677327927878,0.10375538562502326,0.008966180113243528,False
2.9919999999997815,-0.34903828962672556,1.1294117647058823,1.5058823529411764,-0.05110735850330073,-1.0,-162.53976132745714,-8.818926898282939,0.09493460478243736,0.009065524596000905,False
2.9929999999997814,-0.3490447491176141,1.1294117647058823,1.5058823529411764,-0.052989711444477,-1.0,-162.35144554394597,-8.810032366915278,0.08612266900582069,0.009156052695559481,False
2.9939999999997813,-0.3490503473752817,1.1294117647058823,1.5058823529411764,-0.054872064385653264,-1.0,-162.16317137111625,-8.80103540817317,0.07731968657761376,0.009237773303840808,False
2.994999999999781,-0.34905508438591515,1.1294117647058823,1.5058823529411764,-0.05675441732682953,-1.0,-161.97546757300017,-8.791961657783736,0.06852572801281286,0.0093106954096561,False
2.995999999999781,-0.3490589601378265,1.1294117647058823,1.5058823529411764,-0.058636770268005796,-1.0,-161.78774334703053,-8.782755909136952,0.05974089994049237,0.009374828093477673,False
2.996999999999781,-0.3490619746214526,1.1294117647058823,1.5058823529411764,-0.06051912320918206,-1.0,-161.60014403542866,-8.773441134241672,0.05096531759419312,0.00943018055685817,False
2.997999999999781,-0.3490641278293556,1.1294117647058823,1.5058823529411764,-0.06240147615035833,-1.0,-161.4128221448874,-8.76400121980579,0.0421991073720096,0.009476762120729306,False
2.9989999999997807,-0.3490654197562226,1.1294117647058823,1.5058823529411764,-0.06428382909153459,-1.0,-161.2255112665464,-8.754495304779821,0.03344234999986921,0.009514582211145352,False
2.9999999999997806,-0.3490658503988659,1.1294117647058823,1.5058823529411764,-0.06616618203271085,-1.0,-161.0387282715239,-8.744893370519142,0.024695135602876814,0.009543650328179326,False
3.0009999999997805,-0.34906541975622296,1.1294117647058823,1.5058823529411764,-0.06804853497388712,-1.0,-160.85212992579778,-8.735159059972393,0.01595759691101849,0.009563976076638706,False
3.0019999999997804,-0.3490641278293563,1.1294117647058823,1.5058823529411764,-0.06993088791506338,-1.0,-160.6656999348136,-8.7253308937845,0.007229843584737459,0.009575569182639649,False
3.0029999999997803,-0.3490619746214538,1.1294117647058823,1.5058823529411764,-0.07181324085623965,-1.0,-160.4795480801521,-8.71540655445266,-0.0014880329183663626,0.009578439468880236,False
3.00399999999978,-0.349058960137828,1.1294117647058823,1.5058823529411764,-0.07369559379741591,-1.0,-160.2936860263003,-8.705365991273668,-0.010195926463078356,0.009572596857655888,False
3.00499999999978,-0.3490550843859171,1.1294117647058823,1.5058823529411764,-0.07557794673859218,-1.0,-160.1078978629254,-8.69524168763329,-0.01889374639101531,0.009558051377136242,False
3.00599999999978,-0.3490503473752839,1.1294117647058823,1.5058823529411764,-0.07746029967976845,-1.0,-159.92269693166466,-8.685004426515857,-0.02758139059087348,0.00953481315260999,False
3.00699999999978,-0.34904474911761674,1.1294117647058823,1.5058823529411764,-0.07934265262094471,-1.0,-159.73749839073693,-8.674656095907224,-0.0362587519777615,0.009502892418871296,False
3.0079999999997797,-0.34903828962672856,1.1294117647058823,1.5058823529411764,-0.08122500556212098,-1.0,-159.55244501125694,-8.664208643852275,-0.044925725401385404,0.009462299517393215,False
3.0089999999997796,-0.3490309689185576,1.1294117647058823,1.5058823529411764,-0.08310735850329724,-1.0,-159.36772348130896,-8.653656208175063,-0.05358219943407414,0.009413044893478653,False
3.0099999999997795,-0.34902278701116707,1.1294117647058823,1.5058823529411764,-0.08498971144447351,-1.0,-159.18371860550258,-8.643018151277907,-0.06222807965521555,0.009355139091359913,False
3.0109999999997794,-0.3490137439247448,1.1294117647058823,1.5058823529411764,-0.08687206438564977,-1.0,-158.99908639945832,-8.632265914469633,-0.07086325705491565,0.009288592748254313,False
3.0119999999997793,-0.3490038396816039,1.1294117647058823,1.5058823529411764,-0.08875441732682604,-1.0,-158.81491498246126,-8.6214099004258,-0.07948762037250141,0.009213416610451807,False
3.012999999999779,-0.3489930743061821,1.1294117647058823,1.5058823529411764,-0.0906367702680023,-1.0,-158.63113164344267,-8.610468774924344,-0.08810107917880439,0.00912962152623295,False
3.013999999999779,-0.34898144782504176,1.1294117647058823,1.5058823529411764,-0.09251912320917857,-1.0,-158.44764746393332,-8.599430803277913,-0.096703549995473,0.00903721843433691,False
3.014999999999779,-0.3489689602668701,1.1294117647058823,1.5058823529411764,-0.09440147615035484,-1.0,-158.2644428694321,-8.58827140896323,-0.10529493064113102,0.008936218374781023,False
3.015999999999779,-0.34895561166247896,1.1294117647058823,1.5058823529411764,-0.0962838290915311,-1.0,-158.08147240189336,-8.577030613411253,-0.1138751363641491,0.008826632495826664,False
3.0169999999997787,-0.3489414020448047,1.1294117647058823,1.5058823529411764,-0.09816618203270737,-1.0,-157.89836315315608,-8.565689673016534,-0.12244407548080341,0.00870847203933187,False
3.0179999999997786,-0.3489263314489082,1.1294117647058823,1.5058823529411764,-0.10004853497388363,-1.0,-157.71601350006935,-8.554244865478573,-0.13100164811889983,0.008581748348174545,False
3.0189999999997785,-0.34891039991197453,1.1294117647058823,1.5058823529411764,-0.1019308879150599,-1.0,-157.53423291751756,-8.54269749389599,-0.1395477470446536,0.00844647286672809,False
3.0199999999997784,-0.34889360747331327,1.1294117647058823,1.5058823529411764,-0.10381324085623617,-1.0,-157.35231273192824,-8.531076727681912,-0.14808227835510182,0.008302657132572146,False
3.0209999999997783,-0.34887595417435807,1.1294117647058823,1.5058823529411764,-0.10569559379741243,-1.0,-157.1707046197268,-8.519314876190675,-0.15660510221169288,0.0081503127802427,False
3.021999999999778,-0.34885744005866665,1.1294117647058823,1.5058823529411764,-0.1075779467385887,-1.0,-156.98943696659697,-8.507463650712845,-0.16511610209917305,0.007989451564862835,False
3.022999999999778,-0.3488380651719208,1.1294117647058823,1.5058823529411764,-0.10946029967976496,-1.0,-156.80854744335636,-8.49552147715026,-0.17361517797265671,0.007820085334497231,False
3.023999999999778,-0.34881782956192614,1.1294117647058823,1.5058823529411764,-0.11134265262094123,-1.0,-156.62772830941077,-8.483487137918813,-0.1821022386587098,0.007642226027588306,False
3.024999999999778,-0.34879673327861194,1.1294117647058823,1.4941176470588236,-0.1132250055621175,-1.0,-156.4471040607409,-8.471352688607324,-0.19057719591753688,0.007455885675357297,False
3.0259999999997778,-0.34877477637403126,1.1294117647058823,1.4941176470588236,-0.11510735850329376,-1.0,-156.26704735637028,-8.459114268306212,-0.1990399595960066,0.007261076410233932,False
3.0269999999997776,-0.34875195890236055,1.1294117647058823,1.4941176470588236,-0.11698971144447003,-1.0,-156.08683333295357,-8.446762969989246,-0.20749043461081024,0.007057810473997167,False
3.0279999999997775,-0.3487282809198996,1.1294117647058823,1.4941176470588236,-0.11887206438564629,-1.0,-155.90709909707257,-8.434347411361731,-0.21592856346962766,0.006846100205915212,False
3.0289999999997774,-0.3487037424850716,1.1294117647058823,1.4941176470588236,-0.12075441732682256,-1.0,-155.7276972140071,-8.421844966326496,-0.22435427729105725,0.00662595801690197,False
3.0299999999997773,-0.3486783436584226,1.1294117647058823,1.4941176470588236,-0.12263677026799882,-1.0,-155.54859195534712,-8.409217455821636,-0.23276745632041898,0.006397396415117826,False
3.030999999999777,-0.34865208450262175,1.1294117647058823,1.4941176470588236,-0.12451912320917509,-1.0,-155.36929561742036,-8.396501857080965,-0.24116798758011632,0.006160428022652174,False
3.031999999999777,-0.3486249650824609,1.1294117647058823,1.4941176470588236,-0.12640147615035136,-1.0,-155.19089434742452,-8.383700235026081,-0.24955576708395563,0.005915065550803064,False
3.032999999999777,-0.3485969854648544,1.1294117647058823,1.4941176470588236,-0.1282838290915276,-1.0,-155.01276147662918,-8.370803192408397,-0.25793068147398596,0.005661321795835159,False
3.033999999999777,-0.3485681457188393,1.1294117647058823,1.4941176470588236,-0.13016618203270386,-1.0,-154.83518403653298,-8.357795391935179,-0.2662926007634996,0.005399209652452872,False
3.0349999999997768,-0.34853844591557487,1.1294117647058823,1.4941176470588236,-0.1320485349738801,-1.0,-154.6575171740825,-8.344691826817206,-0.274641412492562,0.005128742122167616,False
3.0359999999997767,-0.3485078861283422,1.1294117647058823,1.4941176470588236,-0.13393088791505636,-1.0,-154.48020022442395,-8.33150946544916,-0.2829770391653356,0.004849932296921119,False
3.0369999999997765,-0.3484764664325447,1.1294117647058823,1.4941176470588236,-0.13581324085623261,-1.0,-154.30316352150476,-8.318207205672913,-0.29129938786864634,0.004562793359424613,False
3.0379999999997764,-0.34844418690570733,1.1294117647058823,1.4941176470588236,-0.13769559379740887,-1.0,-154.12620340065615,-8.304825442193822,-0.2996083916910392,0.004267338598944929,False
3.0389999999997763,-0.34841104762747654,1.1294117647058823,1.4941176470588236,-0.13957794673858512,-1.0,-153.95082282133683,-8.291353826347901,-0.3079039940161672,0.003963581392211398,False
3.039999999999776,-0.3483770486796203,1.1294117647058823,1.4941176470588236,-0.14146029967976137,-1.0,-153.77410068673078,-8.277780625574007,-0.3161861255500554,0.0036515352077404815,False
3.040999999999776,-0.3483421901460276,1.1294117647058823,1.4941176470588236,-0.14334265262093762,-1.0,-153.59833784812574,-8.264088454937117,-0.3244546841123792,0.0033312136207934,False
3.041196044921652,-0.3483352555376762,1.1294117647058823,1.4941176470588236,-0.14522500556211387,-1.0,-153.57616062955503,-8.250348449224125,-0.33270959981662246,0.003002630306071684,False
3.041999999999776,-0.3483064721127083,1.1294117647058823,1.4941176470588236,-0.14704853497387838,-1.0,-162.6688860058103,-8.23651573496933,-0.34095077838837173,0.0026657990049495286,False
3.042999999999776,-0.3482698946677933,1.1294117647058823,1.4941176470588236,-0.14887206438564288,-1.0,-168.37098287971097,-8.222589816058408,-0.3491781027104937,0.0023207335448669,False
3.0439999999997758,-0.34823245790153357,1.1294117647058823,1.4941176470588236,-0.15069559379740738,-1.0,-169.87187753362028,-8.208550266925782,-0.3573914280917338,0.0019674478521104523,False
3.0449999999997757,-0.3481941619063008,1.1294117647058823,1.4941176470588236,-0.15251912320917188,-1.0,-170.16485146875738,-8.194437564871853,-0.36559063932219044,0.0016059559558678337,False
3.0459999999997756,-0.3481550067765865,1.1294117647058823,1.4941176470588236,-0.15434265262093638,-1.0,-170.08281835028302,-8.180234968448726,-0.37377563868564306,0.0012362719659596926,False
3.0469999999997754,-0.348114992609002,1.1294117647058823,1.4941176470588236,-0.15616618203270088,-1.0,-169.9205510097969,-8.165919497054617,-0.38194451815677405,0.0008584112785487277,False
3.0479999999997753,-0.3480741195022784,1.1294117647058823,1.4941176470588236,-0.15798971144446539,-1.0,-169.7352400693363,-8.15158950968205,-0.39009910737988834,0.0004723888527549869,False
3.0489999999997752,-0.3480323875572659,1.1294117647058823,1.4941176470588236,-0.1598132408562299,-1.0,-169.54327522900616,-8.137069901964207,-0.39823921765644255,7.821906032503862e-05,False
3.049999999999775,-0.347989796876934,1.1294117647058823,1.4941176470588236,-0.1616367702679944,-1.0,-169.34912238448604,-6.764874892187159,-0.3997970742474845,-1.5879957195883335e-06,False
3.050999999999775,-0.34794634756637094,1.1294117647058823,1.4941176470588236,-0.1634602996797589,-1.0,-169.15530590378197,-6.764874892187159,-0.3997970742474845,-1.5879957195883335e-06,True
3.051999999999775,-0.3479020397327836,1.1294117647058823,1.4941176470588236,-0.1652838290915234,-1.0,-168.96114415296273,796.3464604038247,0.2695035862689636,-0.00013657460196903152,False
3.052999999999775,-0.3478568734854971,1.1294117647058823,1.4941176470588236,-0.1671073585032879,-1.0,-168.76714913729037,-8.609918329073796,0.39626311685349996,0.00024754595564994937,False
3.0539999999997747,-0.34781084893595476,1.1294117647058823,1.4941176470588236,-0.1689308879150524,-1.0,-168.5733542125643,-8.916728800740387,0.3873640141506871,0.000639366713102562,False
3.0549999999997746,-0.34776396619771754,1.1294117647058823,1.4941176470588236,-0.1707544173268169,-1.0,-168.37993889942643,-9.001138043439521,0.3783693167167999,0.001022235570831628,False
3.0559999999997745,-0.34771622538646385,1.1294117647058823,1.4941176470588236,-0.1725779467385814,-1.0,-168.1859608099315,-9.02253034945772,0.3675475917131428,0.0014697864067935863,False
3.0569999999997743,-0.3476676266199895,1.1294117647058823,1.4941176470588236,-0.1744014761503459,-1.0,-167.99258460768607,-9.022958593569513,0.3585257899024306,0.0018328226935372409,False
3.0579999999997742,-0.3476181700182071,1.1294117647058823,1.4941176470588236,-0.1762250055621104,-1.0,-167.79935453636625,-9.019020514147645,0.3495067944021489,0.002186838466745192,False
3.058999999999774,-0.3475678557031459,1.1294117647058823,1.4941176470588236,-0.17658249924317815,-1.0,-167.6064102292026,-9.013727612108395,0.3404927537695606,0.002531837780317123,False
3.059999999999774,-0.3475166837989514,1.1294117647058823,1.5058823529411764,0.0,-1.0,-167.41303984961027,-9.007966155085306,0.33148439293431403,0.0028678259569019228,False
3.060999999999774,-0.3474646544318853,1.1294117647058823,1.5058823529411764,0.0,-1.0,-167.22029370009392,-9.001985942755153,0.3224819998208904,0.003194808767869778,False
3.061999999999774,-0.3474117677303248,1.1294117647058823,1.5058823529411764,-0.0014660355483438047,-1.0,-167.02736927600503,-8.995903600213586,0.3134856854143166,0.0035127921785560474,False
3.0629999999997737,-0.3473580238247626,1.1294117647058823,1.5058823529411764,-0.0032895649601083097,-1.0,-166.83474768756568,-8.989673130886992,0.30449555862040495,0.003821782275569978,False
3.0639999999997736,-0.34730342284780646,1.1294117647058823,1.5058823529411764,-0.005113094371872815,-1.0,-166.64234688832684,-8.983335458356366,0.295511707193999,0.004121785282510442,False
3.0649999999997735,-0.34724796493417887,1.1294117647058823,1.5058823529411764,-0.00693662378363732,-1.0,-166.45010492857003,-8.976896656936237,0.2865341991158618,0.004412807533856996,False
3.0659999999997734,-0.34719165022071674,1.1294117647058823,1.5058823529411764,-0.008760153195401826,-1.0,-166.25799785469297,-8.970356504674102,0.2775631104034036,0.004694855463017467,False
3.0669999999997732,-0.34713447884637094,1.1294117647058823,1.5058823529411764,-0.010583682607166332,-1.0,-166.0660735661653,-8.963669713444293,0.2685985762712294,0.0049679356185045815,False
3.067999999999773,-0.3470764509522062,1.1294117647058823,1.5058823529411764,-0.012407212018930837,-1.0,-165.87432100602226,-8.956903846325552,0.25964070900355934,0.005232054674205558,False
3.068999999999773,-0.3470175666814006,1.1294117647058823,1.5058823529411764,-0.014230741430695342,-1.0,-165.68273931668602,-8.950019708918404,0.25068963816944057,0.005487219397205431,False
3.069999999999773,-0.34695782617924525,1.1294117647058823,1.5058823529411764,-0.016054270842459847,-1.0,-165.49132891609094,-8.943022713601506,0.241745509726201,0.005733436664561875,False
3.070999999999773,-0.3468972295931438,1.1294117647058823,1.5058823529411764,-0.017877800254224353,-1.0,-165.30009428206444,-8.935901716025311,0.23280848220116385,0.005970713472807439,False
3.0719999999997727,-0.34683577707261243,1.1294117647058823,1.5058823529411764,-0.019701329665988858,-1.0,-165.10905573667392,-8.928712039102743,0.22387865642326082,0.006199056927689925,False
3.0729999999997726,-0.346773468769279,1.1294117647058823,1.5058823529411764,-0.021524859077753363,-1.0,-164.91816547922775,-8.921376972918926,0.21495615412655422,0.006418474226370367,False
3.0739999999997725,-0.34671030483688314,1.1294117647058823,1.5058823529411764,-0.02334838848951787,-1.0,-164.7273864566332,-8.913924384054484,0.20604109190900047,0.006628972695147048,False
3.0749999999997724,-0.34664628543127557,1.1294117647058823,1.5058823529411764,-0.025171917901282374,-1.0,-164.53696375279807,-8.906388327734298,0.19713355082723064,0.006830559776023493,False
3.0759999999997722,-0.34658141071041776,1.1294117647058823,1.5058823529411764,-0.02699544731304688,-1.0,-164.34674015177308,-8.898762740770463,0.18823359177831372,0.007023243003795883,False
3.076999999999772,-0.3465156808343817,1.1294117647058823,1.5058823529411764,-0.028818976724811384,-1.0,-164.1566476683922,-8.89100934662212,0.1793413015596416,0.007207030010352401,False
3.077999999999772,-0.3464490959653493,1.1294117647058823,1.5058823529411764,-0.03064250613657589,-1.0,-163.96657738134894,-8.883133114704561,0.17045679139332162,0.007381928548852656,False
3.078999999999772,-0.346381656267612,1.1294117647058823,1.5058823529411764,-0.03246603554834039,-1.0,-163.77680863438573,-8.875164628838325,0.16158016494909844,0.007547946490836856,False
3.079999999999772,-0.3463133619075707,1.1294117647058823,1.5058823529411764,-0.03434838848951666,-1.0,-163.58730860888338,-8.867101200676288,0.15271152326296125,0.007705091805902449,False
3.0809999999997717,-0.34624421305373493,1.1294117647058823,1.5058823529411764,-0.03623074143069292,-1.0,-163.39784543977453,-8.858920197140483,0.1438509891352302,0.007853372562484378,False
3.0819999999997716,-0.34617420987672254,1.1294117647058823,1.5058823529411764,-0.03811309437186919,-1.0,-163.2089395355651,-8.850626110879789,0.1349986951335205,0.007992796941287914,False
3.0829999999997715,-0.3461033525492594,1.1294117647058823,1.5058823529411764,-0.039995447313045454,-1.0,-163.01999208097118,-8.842232966722053,0.12615476040252263,0.008123373232481643,False
3.0839999999997714,-0.346031641246179,1.1294117647058823,1.5058823529411764,-0.04187780025422172,-1.0,-162.83114298927552,-8.833730664062612,0.11731929950636312,0.008245109829589332,False
3.0849999999997713,-0.34595907614442184,1.1294117647058823,1.5058823529411764,-0.043760153195397986,-1.0,-162.6427294192691,-8.825115233235293,0.10849242642870748,0.008358015236785058,False
3.085999999999771,-0.345885657423035,1.1294117647058823,1.5058823529411764,-0.04564250613657425,-1.0,-162.45435233675084,-8.816413090318646,0.099674227556499,0.008462098064674144,False
3.086999999999771,-0.34581138526317207,1.1294117647058823,1.5058823529411764,-0.04752485907775052,-1.0,-162.26611263116357,-8.807607552543464,0.09086478405718278,0.00855736701555082,False
3.087999999999771,-0.345736259848092,1.1294117647058823,1.5058823529411764,-0.04940721201892678,-1.0,-162.0783153302412,-8.798674899303334,0.08206420225473475,0.008643830898179567,False
3.088999999999771,-0.3456602813631594,1.1294117647058823,1.5058823529411764,-0.05128956496010305,-1.0,-161.89058485994408,-8.789626605234265,0.07327259930797027,0.00872149864689333,False
3.0899999999997707,-0.3455834499958436,1.1294117647058823,1.5058823529411764,-0.053171917901279314,-1.0,-161.70300427548923,-8.780503137237728,0.06449005868982376,0.00879037930497428,False
3.0909999999997706,-0.3455057659357184,1.1294117647058823,1.5058823529411764,-0.05505427084245558,-1.0,-161.51573194532165,-8.771279481032412,0.05571666565868776,0.008850481996479836,False
3.0919999999997705,-0.34542722937446146,1.1294117647058823,1.5058823529411764,-0.056936623783631846,-1.0,-161.32908156551653,-8.761914886737245,0.04695255487936644,0.008901815949206844,False
3.0929999999997704,-0.34534784050585393,1.1294117647058823,1.5058823529411764,-0.05881897672480811,-1.0,-161.14184092499596,-8.75246240505347,0.0381978474586456,0.008944390516014039,False
3.0939999999997703,-0.34526759952578,1.1294117647058823,1.5058823529411764,-0.06070132966598438,-1.0,-160.95511754313654,-8.742918315298935,0.029452644252468508,0.008978215148174425,False
3.09499999999977,-0.3451865066322263,1.1294117647058823,1.5058823529411764,-0.06258368260716064,-1.0,-160.7687168701336,-8.73326678411091,0.020717042182710223,0.009003299388620746,False
3.09599999999977,-0.3451045620252814,1.1294117647058823,1.5058823529411764,-0.06446603554833691,-1.0,-160.5825931171109,-8.723502582013696,0.011991150220441784,0.009019652881704867,False
3.09699999999977,-0.34502176590713557,1.1294117647058823,1.5058823529411764,-0.06634838848951317,-1.0,-160.39676262885752,-8.71362388621623,0.0032750873122485346,0.009027285388126237,False
3.09799999999977,-0.34493811848207995,1.1294117647058823,1.5058823529411764,-0.06823074143068944,-1.0,-160.2109879570884,-8.70365246760344,-0.0054310531220365535,0.009026206781282652,False
3.0989999999997697,-0.34485361995650626,1.1294117647058823,1.5058823529411764,-0.0701130943718657,-1.0,-160.02580804279404,-8.693590618094147,-0.014127191790641902,0.009016427025153982,False
3.0999999999997696,-0.3447682705389062,1.1294117647058823,1.5058823529411764,-0.07199544731304197,-1.0,-159.8406339730737,-8.683411103263213,-0.022813218899875493,0.008997956179776891,False
3.1009999999997695,-0.34468207043987104,1.1294117647058823,1.5058823529411764,-0.07387780025421824,-1.0,-159.65568611860314,-8.673128428308747,-0.031489020108580526,0.008970804419535879,False
3.1019999999997694,-0.3445950198720909,1.1294117647058823,1.5058823529411764,-0.0757601531953945,-1.0,-159.47097823828506,-8.662749161516611,-0.04015449385784549,0.00893498202213739,False
3.1029999999997693,-0.34450711905035436,1.1294117647058823,1.5058823529411764,-0.07764250613657077,-1.0,-159.28651334005642,-8.652282768524225,-0.04880954745301705,0.008890499356131855,False
3.103999999999769,-0.34441836819154803,1.1294117647058823,1.5058823529411764,-0.07952485907774703,-1.0,-159.10229792227776,-8.641677166032034,-0.0574540451535692,0.008837366894226914,False
3.104999999999769,-0.3443287675146558,1.1294117647058823,1.5058823529411764,-0.0814072120189233,-1.0,-158.9182533721744,-8.6309973808882,-0.06608789294726981,0.008775595228148969,False
3.105999999999769,-0.34423831724075843,1.1294117647058823,1.5058823529411764,-0.08328956496009957,-1.0,-158.73496036451323,-8.620212735454578,-0.07471100396067812,0.008705195035929737,False
3.106999999999769,-0.344147017593033,1.1294117647058823,1.5058823529411764,-0.08517191790127583,-1.0,-158.5508394058321,-8.60931532539562,-0.08332327799175053,0.008626177097838306,False
3.1079999999997687,-0.3440548687967523,1.1294117647058823,1.5058823529411764,-0.0870542708424521,-1.0,-158.36767870630192,-8.598332635300974,-0.09192462736316757,0.008538552301531195,False
3.1089999999997686,-0.34396187107928433,1.1294117647058823,1.5058823529411764,-0.08893662378362836,-1.0,-158.18474801837033,-8.587257097881954,-0.10051497075683141,0.008442331629098215,False
3.1099999999997685,-0.3438680246700917,1.1294117647058823,1.5058823529411764,-0.09081897672480463,-1.0,-158.00206024365784,-8.57608951806663,-0.10909422862935857,0.008337526152817513,False
3.1109999999997684,-0.34377332980073116,1.1294117647058823,1.5058823529411764,-0.0927013296659809,-1.0,-157.81963797474336,-8.56479567644876,-0.11766228242990684,0.008224147044891066,False
3.1119999999997683,-0.3436777867048528,1.1294117647058823,1.5058823529411764,-0.09458368260715716,-1.0,-157.63748681912512,-8.553411509139949,-0.12621901852307799,0.00810220559323323,False
3.112999999999768,-0.3435813956181998,1.1294117647058823,1.5058823529411764,-0.09646603554833343,-1.0,-157.45508724803688,-8.541938266010987,-0.13476433224168544,0.00797171318075146,False
3.113999999999768,-0.3434841567786075,1.1294117647058823,1.5058823529411764,-0.09834838848950969,-1.0,-157.27361988927873,-8.530359428104216,-0.14329810779300528,0.00783268128315756,False
3.114999999999768,-0.34338607042600305,1.1294117647058823,1.5058823529411764,-0.10023074143068596,-1.0,-157.09266015383142,-8.518678554894016,-0.15182022822644153,0.007685121477693568,False
3.115999999999768,-0.3432871368024048,1.1294117647058823,1.4941176470588236,-0.10211309437186222,-1.0,-156.91155681642974,-8.506899184941263,-0.16033058757705435,0.007529045442091219,False
3.1169999999997677,-0.34318735615192175,1.1294117647058823,1.4941176470588236,-0.10399544731303849,-1.0,-156.73077022843395,-8.495044613718623,-0.16882910809206658,0.007364464945082655,False
3.1179999999997676,-0.34308672872075263,1.1294117647058823,1.4941176470588236,-0.10587780025421475,-1.0,-156.55031806872535,-8.483032053198354,-0.17731566239833296,0.007191391859438744,False
3.1189999999997675,-0.3429852547571856,1.1294117647058823,1.4941176470588236,-0.10776015319539102,-1.0,-156.36997615657808,-8.47096840003871,-0.185790191563806,0.007009838179609898,False
3.1199999999997674,-0.3428829345115976,1.1294117647058823,1.4941176470588236,-0.10964250613656729,-1.0,-156.19027095348272,-8.458807959661833,-0.1942526364263876,0.006819815970454876,False
3.1209999999997673,-0.34277976823645373,1.1294117647058823,1.4941176470588236,-0.11152485907774355,-1.0,-156.0106108393492,-8.446534675440544,-0.2027029056910507,0.006621337393009758,False
3.121999999999767,-0.34267575618630647,1.1294117647058823,1.4941176470588236,-0.11340721201891982,-1.0,-155.83112332591043,-8.434161472136632,-0.21114089501935512,0.006414414719163258,False
3.122999999999767,-0.34257089861779516,1.1294117647058823,1.4941176470588236,-0.11528956496009608,-1.0,-155.65216397483016,-8.421709615390018,-0.2195665108818566,0.0061990603193691025,False
3.123999999999767,-0.3424651957896455,1.1294117647058823,1.4941176470588236,-0.11717191790127235,-1.0,-155.47312037901955,-8.409137739117746,-0.22797963219080655,0.005975286653470655,False
3.124999999999767,-0.3423586479626688,1.1294117647058823,1.4941176470588236,-0.11905427084244861,-1.0,-155.29452809993353,-8.396486057397198,-0.23638014462554022,0.005743106279703225,False
3.1259999999997667,-0.342251255399761,1.1294117647058823,1.4941176470588236,-0.12093662378362488,-1.0,-155.1162770602922,-8.383747067795378,-0.24476792667817357,0.005502531842291311,False
3.1269999999997666,-0.3421430183659027,1.1294117647058823,1.4941176470588236,-0.12281897672480115,-1.0,-154.9383531610395,-8.37090634769329,-0.2531428573451815,0.005253576080466074,False
3.1279999999997665,-0.342033937128158,1.1294117647058823,1.4941176470588236,-0.12470132966597741,-1.0,-154.76068498395938,-8.357974158590503,-0.2615048429161458,0.004996251827095544,False
3.1289999999997664,-0.34192401195567407,1.1294117647058823,1.4941176470588236,-0.12658368260715366,-1.0,-154.58331095402582,-8.344938868560284,-0.26985379282186683,0.004730572006098648,False
3.1299999999997663,-0.34181324311968025,1.1294117647058823,1.4941176470588236,-0.12846603554832992,-1.0,-154.40630343158824,-8.331801369588193,-0.27818962250478935,0.004456549646492314,False
3.130999999999766,-0.34170163089348776,1.1294117647058823,1.4941176470588236,-0.13034838848950617,-1.0,-154.22959993095168,-8.318591344775596,-0.2865122876485119,0.004174197873190678,False
3.131999999999766,-0.3415891755524886,1.1294117647058823,1.4941176470588236,-0.13223074143068242,-1.0,-154.05328557385766,-8.305267547471033,-0.29482172405523016,0.00388352989626382,False
3.132999999999766,-0.3414758773741551,1.1294117647058823,1.4941176470588236,-0.13411309437185867,-1.0,-153.87726632622088,-8.291848705936713,-0.3031178536975676,0.003584559032471845,False
3.1333650390622663,-0.3414343091784014,1.1294117647058823,1.4941176470588236,-0.13599544731303492,-1.0,-153.83643582953502,-8.27836274601139,-0.3114006103029035,0.003277298690895822,False
3.133999999999766,-0.34136173663803926,1.1294117647058823,1.4941176470588236,-0.13787780025421117,-1.0,-159.5105278580426,-8.264753453576773,-0.3196698835544944,0.0029617623652460475,False
3.1349999999997658,-0.34124675362577206,1.1294117647058823,1.4941176470588236,-0.13970132966597568,-1.0,-167.31070109769442,-8.251040823021766,-0.32792554094408005,0.00263796365805436,False
3.1359999999997656,-0.3411309286210627,1.1294117647058823,1.4941176470588236,-0.14152485907774018,-1.0,-169.41454214677714,-8.237253148365939,-0.33616745407095805,0.0023059162708264887,False
3.1369999999997655,-0.3410142619096977,1.1294117647058823,1.4941176470588236,-0.14334838848950468,-1.0,-169.8807503079312,-8.223399800769771,-0.34439551598834073,0.0019656339834104994,False
3.1379999999997654,-0.3408967537795407,1.1294117647058823,1.4941176470588236,-0.14517191790126918,-1.0,-169.82053619231428,-8.209436574350663,-0.35260961088991216,0.001617130649942437,False
3.1389999999997653,-0.3407784045205313,1.1294117647058823,1.4941176470588236,-0.14699544731303368,-1.0,-169.66496200378845,-8.195353313087798,-0.3608096127112471,0.0012604202282031382,False
3.139999999999765,-0.34065921442468455,1.1294117647058823,1.4941176470588236,-0.14881897672479819,-1.0,-169.48195482056605,-8.181236482322543,-0.3689956224896643,0.0008955166813494487,False
3.140999999999765,-0.3405391837860901,1.1294117647058823,1.4941176470588236,-0.1506425061365627,-1.0,-169.29099033154012,-8.166983382665142,-0.3771655102236471,0.0005224355209388893,False
3.141999999999765,-0.3404183129009116,1.1294117647058823,1.4941176470588236,-0.1524660355483272,-1.0,-169.09782476159407,-8.152653302210751,-0.3853211355183794,0.0001411915785846225,False
3.142999999999765,-0.3402966020673861,1.1294117647058823,1.4941176470588236,-0.1542895649600917,-1.0,-168.90415146465858,17.962669349166134,-0.3872733250268685,-1.3523191723839577e-05,False
3.1439999999997648,-0.3401740515858229,1.1294117647058823,1.4941176470588236,-0.1561130943718562,-1.0,-168.71052186692356,17.962669349166134,-0.3872733250268685,-1.3523191723839577e-05,True
3.1449999999997647,-0.34005066175860305,1.1294117647058823,1.4941176470588236,-0.1579366237836207,-1.0,-168.5167405377292,1080.292517718719,0.09727703460080601,-0.00016544267864316718,False
3.1459999999997645,-0.33992643289017876,1.1294117647058823,1.4941176470588236,-0.1597601531953852,-1.0,-168.32317532291395,-8.441795735863879,0.38625288722540946,0.00017179468419911616,False
3.1469999999997644,-0.33980136528707244,1.1294117647058823,1.4941176470588236,-0.1615836826071497,-1.0,-168.12974280984275,-8.859511607693848,0.37741650467296756,0.0005536390639297151,False
3.1479999999997643,-0.33967545925787596,1.1294117647058823,1.4941176470588236,-0.1634072120189142,-1.0,-167.936456047762,-8.975720521590214,0.3684487854073201,0.0009265746082470292,False
3.148999999999764,-0.33954871511324985,1.1294117647058823,1.4941176470588236,-0.1652307414306787,-1.0,-167.74331169691396,-9.007006015093593,0.35584421065305055,0.0014335817955181945,False
3.149999999999764,-0.33942113316592276,1.1294117647058823,1.4941176470588236,-0.1670542708424432,-1.0,-167.55031901140805,-9.008431977858125,0.3468372200513762,0.0017849229719523526,False
3.150999999999764,-0.3392927137306904,1.1294117647058823,1.4941176470588236,-0.1688778002542077,-1.0,-167.35746627821257,-9.004694790540457,0.3378327437372012,0.002127258100425362,False
3.151999999999764,-0.33916345712441504,1.1294117647058823,1.4941176470588236,-0.1707013296659722,-1.0,-167.16477818789386,-8.999380953494313,0.3288332522319562,0.002460591057303837,False
3.1529999999997638,-0.3390333636660245,1.1294117647058823,1.5058823529411764,-0.1713669891328845,-1.0,-166.9717391436405,-8.993529817436833,0.31983951732067334,0.0027849271954944665,False
3.1539999999997637,-0.3389024336765113,1.1294117647058823,1.5058823529411764,0.0,-1.0,-166.77984377113634,-8.987446138667087,0.31085180409928037,0.0031002723765789627,False
3.1549999999997635,-0.3387706674789324,1.1294117647058823,1.5058823529411764,0.0,-1.0,-166.5879453149585,-8.981213641652145,0.3018702343576294,0.0034066326893742948,False
3.1559999999997634,-0.3386380653984077,1.1294117647058823,1.5058823529411764,-0.0011578697624992477,-1.0,-166.39567084610735,-8.974868389813956,0.29289489028734284,0.003704014368067729,False
3.1569999999997633,-0.33850462776211965,1.1294117647058823,1.5058823529411764,-0.0029813991742637528,-1.0,-166.2037164028121,-8.968402839615896,0.2839258640381116,0.003992423764559178,False
3.157999999999763,-0.3383703548993123,1.1294117647058823,1.5058823529411764,-0.004804928586028258,-1.0,-166.01199153531996,-8.96182424755715,0.2749632659821873,0.0042718673453096675,False
3.158999999999763,-0.33823524714129066,1.1294117647058823,1.5058823529411764,-0.006628457997792763,-1.0,-165.82054451476193,-8.955127890324228,0.2660072359506001,0.00454235169071622,False
3.159999999999763,-0.33809930482141975,1.1411764705882352,1.5058823529411764,-0.008451987409557268,-1.0,-165.62904694085842,-8.948328959877271,0.25705791851034737,0.004803883495522475,False
3.160999999999763,-0.3379625282751236,1.1411764705882352,1.5058823529411764,-0.010275516821321773,-1.0,-165.43781692941175,-8.94142620732363,0.24811545302264915,0.005056469556300997,False
3.161999999999763,-0.3378249178398847,1.1411764705882352,1.5058823529411764,-0.012099046233086278,-1.0,-165.24679030723584,-8.93440730153007,0.23917998324977782,0.005300116772117545,False
3.1629999999997627,-0.3376864738552433,1.1411764705882352,1.5058823529411764,-0.013922575644850783,-1.0,-165.05588423778053,-8.927274073247808,0.23025164714035012,0.005534832155999135,False
3.1639999999997626,-0.3375471966627961,1.1411764705882352,1.5058823529411764,-0.01574610505661529,-1.0,-164.8652076154872,-8.920036906336072,0.2213305545699633,0.005760622834598489,False
3.1649999999997624,-0.33740708660619567,1.1411764705882352,1.5058823529411764,-0.017569634468379794,-1.0,-164.67481822868035,-8.912665012709715,0.2124168133926259,0.005977496048344547,False
3.1659999999997623,-0.33726614403114974,1.1411764705882352,1.5058823529411764,-0.0193931638801443,-1.0,-164.48439568493058,-8.905234138878086,0.2035104738486905,0.006185459145526651,False
3.1669999999997622,-0.33712436928542,1.1411764705882352,1.5058823529411764,-0.021216693291908804,-1.0,-164.2942542578904,-8.897689678094101,0.19461160924126433,0.006384519557616545,False
3.167999999999762,-0.3369817627188216,1.1411764705882352,1.5058823529411764,-0.02304022270367331,-1.0,-164.10441772263061,-8.890009421747166,0.1857203242001896,0.006574684835314703,False
3.168999999999762,-0.33683832468322206,1.1411764705882352,1.5058823529411764,-0.024863752115437815,-1.0,-163.91456234892064,-8.88222066866465,0.1768367176197629,0.006755962653344086,False
3.169999999999762,-0.3366940555325405,1.1411764705882352,1.5058823529411764,-0.02668728152720232,-1.0,-163.7249940500336,-8.874327810046836,0.16796089949870463,0.006928360794846801,False
3.170999999999762,-0.3365489556227466,1.1411764705882352,1.5058823529411764,-0.028510810938966825,-1.0,-163.5356942512758,-8.86634833968279,0.15909298011807207,0.007091887145037632,False
3.1719999999997617,-0.3364030253118602,1.1411764705882352,1.5058823529411764,-0.03033434035073133,-1.0,-163.34641948392883,-8.858250008415329,0.15023308868413474,0.007246549686038531,False
3.1729999999997616,-0.3362562649599496,1.1411764705882352,1.5058823529411764,-0.032157869762495836,-1.0,-163.15770853771764,-8.850029885089196,0.14138136591454523,0.007392356512334701,False
3.1739999999997615,-0.3361086749291315,1.1411764705882352,1.5058823529411764,-0.03398139917426034,-1.0,-162.96895933245327,-8.841704865373968,0.13253794648690148,0.007529315835162547,False
3.1749999999997613,-0.33596025558356946,1.1411764705882352,1.5058823529411764,-0.0358637521154366,-1.0,-162.78031911751398,-8.833294683792658,0.12370293513996418,0.007657435971505393,False
3.1759999999997612,-0.3358110072894737,1.1411764705882352,1.5058823529411764,-0.03774610505661287,-1.0,-162.59195054255392,-8.82478257187009,0.1148764207079182,0.007776725329868603,False
3.176999999999761,-0.3356609304150994,1.1411764705882352,1.5058823529411764,-0.039628457997789135,-1.0,-162.40349399026417,-8.816146717285104,0.10605850486470847,0.007887192421599215,False
3.177999999999761,-0.3355100253307464,1.1411764705882352,1.5058823529411764,-0.0415108109389654,-1.0,-162.21575141859623,-8.807392698524355,0.09724929699462345,0.007988845880800104,False
3.178999999999761,-0.335358292408758,1.1411764705882352,1.5058823529411764,-0.043393163880141666,-1.0,-162.02775957316592,-8.798559982861262,0.08844887338133804,0.00808169445460438,False
3.179999999999761,-0.33520573202351994,1.1411764705882352,1.5058823529411764,-0.04527551682131793,-1.0,-161.84053988091182,-8.789630290526903,0.07965730911903056,0.008165746977647126,False
3.1809999999997607,-0.33505234455146,1.1411764705882352,1.5058823529411764,-0.0471578697624942,-1.0,-161.65319212774904,-8.780568740347668,0.07087471945804294,0.008241012387581252,False
3.1819999999997606,-0.33489813037104643,1.1411764705882352,1.5058823529411764,-0.0489813991742587,-1.0,-161.4661296803447,-8.771406584090236,0.062101219371014336,0.008307499742121305,False
3.1829999999997605,-0.33474308986278756,1.1411764705882352,1.5058823529411764,-0.0508049285860232,-1.0,-161.27936340065438,-8.762153426447407,0.05333691275085874,0.008365218200892633,False
3.1839999999997604,-0.33458722340923014,1.1411764705882352,1.5058823529411764,-0.0526284579977877,-1.0,-161.09303057586726,-8.75278567042215,0.04458191744788266,0.008414177022258195,False
3.1849999999997602,-0.3344305313949593,1.1411764705882352,1.5058823529411764,-0.054451987409552205,-1.0,-160.90637459217228,-8.743329686198999,0.035836337095503205,0.008454385568423985,False
3.18599999999976,-0.334273014206597,1.1411764705882352,1.5058823529411764,-0.05627551682131671,-1.0,-160.7202159677884,-8.733761435037,0.027100281766773676,0.008485853298733841,False
3.18699999999976,-0.3341146722328012,1.1411764705882352,1.5058823529411764,-0.05809904623308121,-1.0,-160.53444987259138,-8.724082033675328,0.018373859089809347,0.008508589781693896,False
3.18799999999976,-0.33395550586426515,1.1411764705882352,1.5058823529411764,-0.05992257564484571,-1.0,-160.34872305029216,-8.714293925257682,0.009657174190539023,0.008522604696083933,False
3.18899999999976,-0.33379551549371583,1.1411764705882352,1.5058823529411764,-0.06174610505661021,-1.0,-160.16314936501874,-8.704394078945013,0.000950335534362,0.008527907833923922,False
3.1899999999997597,-0.3336347015159137,1.1411764705882352,1.5058823529411764,-0.06356963446837471,-1.0,-159.9780972885472,-8.694431026345974,-0.007746589675010427,0.00852450908492204,False
3.1909999999997596,-0.33347306432765117,1.1411764705882352,1.5058823529411764,-0.06539316388013922,-1.0,-159.79284706332788,-8.68432965437871,-0.016433490462026724,0.008512418423644084,False
3.1919999999997595,-0.33331060432775206,1.1411764705882352,1.5058823529411764,-0.06721669329190372,-1.0,-159.60803021966032,-8.674137471529106,-0.025110257705612565,0.008491645940984236,False
3.1929999999997594,-0.33314732191707014,1.1411764705882352,1.5058823529411764,-0.06904022270366822,-1.0,-159.423508224434,-8.663836523338112,-0.03377677145918498,0.00846220183215049,False
3.1939999999997593,-0.3329832174984886,1.1411764705882352,1.5058823529411764,-0.07086375211543272,-1.0,-159.2392369743825,-8.65345547259374,-0.04243293950794509,0.008424096392489476,False
3.194999999999759,-0.3328182914769189,1.1411764705882352,1.5058823529411764,-0.07268728152719722,-1.0,-159.05523358694182,-8.642963923414449,-0.051078661658804606,0.008377340001509512,False
3.195999999999759,-0.3326525442592993,1.1411764705882352,1.5058823529411764,-0.07451081093896172,-1.0,-158.8714767252803,-8.632363267837396,-0.05971382386515408,0.008321943143295896,False
3.196999999999759,-0.33248597625459486,1.1411764705882352,1.5058823529411764,-0.07633434035072623,-1.0,-158.6879653275463,-8.621642109388729,-0.06833830553091358,0.00825791641994855,False
3.197999999999759,-0.33231858787379537,1.1411764705882352,1.5058823529411764,-0.07815786976249073,-1.0,-158.50473579912412,-8.610848889386297,-0.07695203632344055,0.008185270540514086,False
3.1989999999997587,-0.33215037952991516,1.1411764705882352,1.5058823529411764,-0.07998139917425523,-1.0,-158.3218168640767,-8.599956162282911,-0.08555494303717785,0.00810401629307344,False
3.1999999999997586,-0.3319813516379916,1.1411764705882352,1.5058823529411764,-0.08180492858601973,-1.0,-158.138977805984,-8.588943066861534,-0.0941469186606957,0.008014164568789221,False
3.2009999999997585,-0.3318115046150841,1.1411764705882352,1.5058823529411764,-0.08362845799778423,-1.0,-157.95675532690947,-8.577830476245897,-0.10272785943955377,0.007915726375608998,False
3.2019999999997584,-0.33164083888027335,1.1411764705882352,1.5058823529411764,-0.08545198740954874,-1.0,-157.77455923746166,-8.566637337454113,-0.11129768019394624,0.007808712817358438,False
3.2029999999997583,-0.33146935485466017,1.1411764705882352,1.5058823529411764,-0.08727551682131324,-1.0,-157.59253397136948,-8.555318182072474,-0.11985625752065712,0.007693135090985239,False
3.203999999999758,-0.3312970529613643,1.1411764705882352,1.5058823529411764,-0.08909904623307774,-1.0,-157.4108390865497,-8.543911094417428,-0.12840347378248856,0.007569004504673994,False
3.204999999999758,-0.33112393362552345,1.1411764705882352,1.4941176470588236,-0.09092257564484224,-1.0,-157.22912432567298,-8.532410453065538,-0.13693921813942203,0.007436332460121852,False
3.205999999999758,-0.3309499972742925,1.1411764705882352,1.4941176470588236,-0.09274610505660674,-1.0,-157.04819301090265,-8.520805114839643,-0.14546337922006009,0.007295130453773615,False
3.206999999999758,-0.3307752443368421,1.1411764705882352,1.4941176470588236,-0.09456963446837124,-1.0,-156.8670703919746,-8.50909933995773,-0.15397585138148062,0.00714541008300607,False
3.2079999999997577,-0.33059967524435757,1.1411764705882352,1.4941176470588236,-0.09639316388013575,-1.0,-156.68674041638835,-8.49730584851549,-0.16247654795465788,0.006987183044575504,False
3.2089999999997576,-0.3304232904300384,1.1411764705882352,1.4941176470588236,-0.09821669329190025,-1.0,-156.50636318572444,-8.48541855592433,-0.17096539757050963,0.006820461127685796,False
3.2099999999997575,-0.3302460903290964,1.1411764705882352,1.4941176470588236,-0.10004022270366475,-1.0,-156.3263337944752,-8.473423049607334,-0.17944232557758108,0.006645256217679241,False
3.2109999999997574,-0.3300680753787554,1.1411764705882352,1.4941176470588236,-0.10186375211542925,-1.0,-156.14669070458183,-8.461329456094953,-0.1879072541633953,0.006461580304519434,False
3.2119999999997573,-0.3298892460182495,1.1411764705882352,1.4941176470588236,-0.10368728152719375,-1.0,-155.9671280224662,-8.44914264718584,-0.19636010208177926,0.006269445480063547,False
3.212999999999757,-0.32970960268882227,1.1411764705882352,1.4941176470588236,-0.10551081093895825,-1.0,-155.7879388399154,-8.436881976743845,-0.20480079648970675,0.006068863925776627,False
3.213999999999757,-0.32952914583372594,1.1411764705882352,1.4941176470588236,-0.10733434035072276,-1.0,-155.60914736066513,-8.424502272354449,-0.213229220492303,0.0058598479103091836,False
3.214999999999757,-0.3293478758982198,1.1411764705882352,1.4941176470588236,-0.10915786976248726,-1.0,-155.43044187590723,-8.412019541259198,-0.2216452397322498,0.005642409812607526,False
3.215999999999757,-0.32916579332956936,1.1411764705882352,1.4941176470588236,-0.11098139917425176,-1.0,-155.2521172178881,-8.399450148165974,-0.230048728513902,0.0054165621112024455,False
3.2169999999997567,-0.3289828985770453,1.1411764705882352,1.4941176470588236,-0.11280492858601626,-1.0,-155.0740350165188,-8.386768636653438,-0.23843954879225202,0.005182317379747968,False
3.2179999999997566,-0.3287991920919222,1.1411764705882352,1.4941176470588236,-0.11462845799778076,-1.0,-154.89633003441193,-8.374016811064156,-0.24681759679525772,0.00493968828837383,False
3.2189999999997565,-0.32861467432747776,1.1411764705882352,1.4941176470588236,-0.11645198740954527,-1.0,-154.71893205647825,-8.3611486890911,-0.25518276283304736,0.004688687593534372,False
3.2199999999997564,-0.32842934573899085,1.1411764705882352,1.4941176470588236,-0.11827551682130977,-1.0,-154.54189555043232,-8.348210707797005,-0.26353498099906,0.004429328148882496,False
3.2209999999997563,-0.3282432067837416,1.1411764705882352,1.4941176470588236,-0.12009904623307427,-1.0,-154.3652716319415,-8.335154121080075,-0.27187417285755056,0.004161622896261687,False
3.221999999999756,-0.32805625792100923,1.1411764705882352,1.4941176470588236,-0.12192257564483877,-1.0,-154.18860284479393,-8.322010685612119,-0.2802002784178788,0.003885584886638447,False
3.2228098388669455,-0.32790426625060887,1.1411764705882352,1.4941176470588236,-0.12374610505660327,-1.0,-154.11045108792274,-8.308786965295374,-0.2885132541566531,0.0036012272595929143,False
3.222999999999756,-0.3278684996120716,1.1411764705882352,1.4941176470588236,-0.12556963446836777,-1.0,-154.37691187506232,-8.295453257557455,-0.2968130257292679,0.003308563242469445,False
3.223999999999756,-0.32767993232020365,1.1411764705882352,1.4941176470588236,-0.12739316388013228,-1.0,-165.682783950988,-8.282020549636952,-0.30509949296322303,0.0030076061666842882,False
3.224999999999756,-0.3274905565106763,1.1411764705882352,1.4941176470588236,-0.12921669329189678,-1.0,-168.7976153885095,-8.268504977478138,-0.3133725453913784,0.0026983694614174745,False
3.2259999999997557,-0.32730037265075573,1.1411764705882352,1.4941176470588236,-0.13098139917424953,-1.0,-169.5545993611642,-8.254894517011556,-0.3216320558329164,0.0023808666435568885,False
3.2269999999997556,-0.3271093812097016,1.1411764705882352,1.4941176470588236,-0.13274610505660228,-1.0,-169.63383732680518,-8.241190945756463,-0.3298778883580425,0.002055111318357696,False
3.2279999999997555,-0.3269175826587663,1.1529411764705881,1.4941176470588236,-0.13451081093895503,-1.0,-169.51812009676698,-8.227384751363697,-0.3381098962570696,0.0017211171841931493,False
3.2289999999997554,-0.32672497747119367,1.1529411764705881,1.4941176470588236,-0.13627551682130778,-1.0,-169.34675373923017,-8.213494262038454,-0.3463279584660341,0.001378898036943106,False
3.2299999999997553,-0.32653156612221795,1.1529411764705881,1.4941176470588236,-0.13804022270366054,-1.0,-169.15915230262468,-8.199507571283569,-0.35453098336914984,0.0010284679381908426,False
3.230999999999755,-0.3263373490890625,1.1529411764705881,1.4941176470588236,-0.1398049285860133,-1.0,-168.96718114765642,-8.185444480882053,-0.36271925108332226,0.0006698422362694065,False
3.231999999999755,-0.32614232685093825,1.1529411764705881,1.4941176470588236,-0.14156963446836604,-1.0,-168.77400975556992,-8.171297582196106,-0.3708934208355155,0.0003030353038471289,False
3.232999999999755,-0.32594649988904334,1.1529411764705881,1.4941176470588236,-0.1433343403507188,-1.0,-168.5805765235023,90.88426543177528,-0.3732855763785385,-3.382654933708764e-05,False
3.233999999999755,-0.3257498686865614,1.1529411764705881,1.4941176470588236,-0.14509904623307154,-1.0,-168.38717385362372,90.88426543177528,-0.3732855763785385,-3.382654933708764e-05,True
3.2349999999997547,-0.3255524337286603,1.1529411764705881,1.4941176470588236,-0.1468637521154243,-1.0,-168.1938781828298,523.4512529062571,-0.31267700585380154,-0.00010350421819900657,False
3.2359999999997546,-0.3253541955024911,1.1529411764705881,1.4941176470588236,-0.14862845799777705,-1.0,-168.00071343066165,-4.4169922194251985,0.3762204607396615,-3.6318516246637255e-06,False
3.2369999999997545,-0.3251551544971871,1.1529411764705881,1.4941176470588236,-0.1503931638801298,-1.0,-167.80769069691013,-8.770956504175537,0.36766940786981345,0.0003684112966238655,False
3.2379999999997544,-0.3249553112038621,1.1529411764705881,1.4941176470588236,-0.15215786976248255,-1.0,-167.61481342596073,-8.940509486137188,0.35873946033801923,0.0007316198047672786,False
3.2389999999997543,-0.32475466611560955,1.1529411764705881,1.4941176470588236,-0.1539225756448353,-1.0,-167.42209409684702,-8.985191132761566,0.3497585389783506,0.0010858700977017287,False
3.239999999999754,-0.3245532197275012,1.1529411764705881,1.4941176470588236,-0.15568728152718805,-1.0,-167.22952313918975,-8.9939177175076,0.3407663136029007,0.0014311331856485976,False
3.240999999999754,-0.3243509725365861,1.1529411764705881,1.4941176470588236,-0.1574519874095408,-1.0,-167.03709445044413,-8.992205919444606,0.33177506923799394,0.0017674039801378084,False
3.241999999999754,-0.3241479250418892,1.1529411764705881,1.4941176470588236,-0.15921669329189356,-1.0,-166.8448327674082,-8.987432823114167,0.3227878405596164,0.002094685022569233,False
3.242999999999754,-0.3239440777444097,1.1529411764705881,1.4941176470588236,-0.1609813991742463,-1.0,-166.65275205575549,-8.981680933487121,0.313806049058041,0.002412981174705467,False
3.2439999999997537,-0.32373943114712067,1.1529411764705881,1.5058823529411764,-0.16241052658693336,-1.0,-166.46089995737958,-8.975581434322534,0.30483013560875893,0.0027222982121264147,False
3.2449999999997536,-0.32353398575496733,1.1529411764705881,1.5058823529411764,0.0,-1.0,-166.26917519401823,-8.969300109345946,0.2958602872097342,0.0030226422460014227,False
3.2459999999997535,-0.32332774207486564,1.1529411764705881,1.5058823529411764,0.0,-1.0,-166.07755956779084,-8.96288294548772,0.2868966534665467,0.0033140195645728772,False
3.2469999999997534,-0.32312070061570153,1.1529411764705881,1.5058823529411764,-0.0003355782931950955,-1.0,-165.88573400443286,-8.956350184397778,0.27793939299176273,0.0035964365881174004,False
3.2479999999997533,-0.322912861888329,1.1529411764705881,1.5058823529411764,-0.0021002841755478428,-1.0,-165.69471537761237,-8.949709240814892,0.26898867369104495,0.0038698998496251337,False
3.248999999999753,-0.3227042264055697,1.1529411764705881,1.5058823529411764,-0.00386499005790059,-1.0,-165.5035318186635,-8.942956291398415,0.260044669058128,0.004134415987732892,False
3.249999999999753,-0.3224947946822108,1.1529411764705881,1.5058823529411764,-0.0056296959402533375,-1.0,-165.31259428303602,-8.936090113478272,0.25110754627417126,0.004389991750259747,False
3.250999999999753,-0.32228456723500426,1.1529411764705881,1.5058823529411764,-0.007394401822606085,-1.0,-165.12191120495982,-8.929115676372238,0.24217744559165277,0.004636633996575873,False
3.251999999999753,-0.32207354458266546,1.1529411764705881,1.5058823529411764,-0.009100284175547074,-1.0,-164.93150456947404,-8.922034648441638,0.23325447160060037,0.004874349694199073,False
3.2529999999997528,-0.32186172724587175,1.1529411764705881,1.5058823529411764,-0.010806166528488063,-1.0,-164.74109447398448,-8.914843626499513,0.22433870306648737,0.005103145917932071,False
3.2539999999997526,-0.32164911574726157,1.1529411764705881,1.5058823529411764,-0.012512048881429053,-1.0,-164.55078730536243,-8.907543022414606,0.21543020413843167,0.005323029853630624,False
3.2549999999997525,-0.3214357106114323,1.1529411764705881,1.5058823529411764,-0.014217931234370042,-1.0,-164.3607471707281,-8.900135557640787,0.2065290326360492,0.005534008798712272,False
3.2559999999997524,-0.32122151236494006,1.1529411764705881,1.5058823529411764,-0.01592381358731103,-1.0,-164.17032275593127,-8.89261896425419,0.19763525498195908,0.00573609015942971,False
3.2569999999997523,-0.32100652153629783,1.1529411764705881,1.5058823529411764,-0.01762969594025202,-1.0,-163.98182072120463,-8.88499556311344,0.18874895798811178,0.005929281450013068,False
3.257999999999752,-0.32079073865597396,1.1529411764705881,1.5058823529411764,-0.019335578293193007,-1.0,-163.79194836635008,-8.877266297841814,0.17987025425152484,0.0061135902921236746,False
3.258999999999752,-0.32057416425639135,1.1529411764705881,1.5058823529411764,-0.021041460646133995,-1.0,-163.60281781680231,-8.86942967947711,0.17099927645711127,0.006289024414011796,False
3.259999999999752,-0.32035679887192575,1.1529411764705881,1.5058823529411764,-0.022747342999074983,-1.0,-163.41342005546076,-8.861459272243302,0.1621361877299177,0.006455591656672222,False
3.260999999999752,-0.3201386430389047,1.1529411764705881,1.5058823529411764,-0.02445322535201597,-1.0,-163.22452694704475,-8.85341111529252,0.1532811211505941,0.006613299973419433,False
3.2619999999997518,-0.319919697295606,1.1529411764705881,1.5058823529411764,-0.02615910770495696,-1.0,-163.03585940668705,-8.84524744491301,0.14443421768097225,0.006762157412028124,False
3.2629999999997517,-0.31969996218225644,1.1529411764705881,1.5058823529411764,-0.027864990057897946,-1.0,-162.84719004026698,-8.836987463106967,0.13559559180993394,0.006902172128606053,False
3.2639999999997515,-0.31947943824103064,1.1529411764705881,1.5058823529411764,-0.029570872410838934,-1.0,-162.65871588279308,-8.82861671605276,0.12676534255198274,0.007033352379644674,False
3.2649999999997514,-0.3192581260160496,1.1529411764705881,1.5058823529411764,-0.031276754763779925,-1.0,-162.47077576745377,-8.820139779656396,0.11794355835596614,0.007155706530348272,False
3.2659999999997513,-0.31903602605337916,1.1529411764705881,1.5058823529411764,-0.03298263711672091,-1.0,-162.283009269478,-8.811556170800634,0.10913032024038542,0.007269243056643717,False
3.266999999999751,-0.31881313890102875,1.1529411764705881,1.5058823529411764,-0.0346885194696619,-1.0,-162.09542182961258,-8.802867984978345,0.10032570360343582,0.007373970543181508,False
3.267999999999751,-0.31858946510895036,1.1529411764705881,1.5058823529411764,-0.036453225352014645,-1.0,-161.90809804693828,-8.794072284337373,0.09152979240167397,0.007469897679640595,False
3.268999999999751,-0.3183650052290369,1.1529411764705881,1.5058823529411764,-0.03821793123436739,-1.0,-161.7210942635307,-8.785137671273306,0.08274271083259517,0.0075570332724923354,False
3.269999999999751,-0.31813975981512077,1.1529411764705881,1.5058823529411764,-0.039982637116720135,-1.0,-161.53409060753492,-8.77619369780714,0.07396450764187808,0.00763538622552126,False
3.2709999999997508,-0.31791372942297264,1.1529411764705881,1.5058823529411764,-0.04174734299907288,-1.0,-161.34720449113718,-8.767063366162375,0.06519534002224657,0.007704965515172041,False
3.2719999999997507,-0.3176869146103,1.1529411764705881,1.5058823529411764,-0.043512048881425625,-1.0,-161.1605153723013,-8.75785524039299,0.05643533156777029,0.0077657802581831345,False
3.2729999999997506,-0.3174593159367459,1.1529411764705881,1.5058823529411764,-0.04527675476377837,-1.0,-160.97444513341995,-8.748519310521807,0.04768461345525394,0.00781783967061389,False
3.2739999999997504,-0.31723093396388746,1.1529411764705881,1.5058823529411764,-0.047041460646131114,-1.0,-160.7883719670123,-8.73909608142916,0.03894329043768249,0.00786115307964798,False
3.2749999999997503,-0.3170017692552344,1.1529411764705881,1.5058823529411764,-0.04880616652848386,-1.0,-160.60242156827485,-8.729566494330593,0.030211463087492837,0.007895729907904617,False
3.2759999999997502,-0.3167718223762279,1.1529411764705881,1.5058823529411764,-0.050570872410836604,-1.0,-160.417014451388,-8.719922711216842,0.021489236966647524,0.007921579687193618,False
3.27699999999975,-0.3165410938942391,1.1529411764705881,1.5058823529411764,-0.05233557829318935,-1.0,-160.23136260303815,-8.710181669081093,0.012776701440966353,0.007938712059502218,False
3.27799999999975,-0.3163095843785677,1.1529411764705881,1.5058823529411764,-0.05410028417554209,-1.0,-160.04624303096801,-8.700353839083126,0.004073932065045396,0.00794713676079266,False
3.27899999999975,-0.3160772944004401,1.1529411764705881,1.5058823529411764,-0.05586499005789484,-1.0,-159.86120605383135,-8.690411486606992,-0.004618968646476034,0.00794686362140056,False
3.27999999999975,-0.31584422453300887,1.1647058823529413,1.5058823529411764,-0.05762969594024758,-1.0,-159.6765176249491,-8.68036495155087,-0.013301886753878694,0.007937902582658767,False
3.2809999999997497,-0.3156103753513507,1.1647058823529413,1.5058823529411764,-0.05939440182260033,-1.0,-159.49219075810987,-8.67022851907746,-0.021974718904204247,0.007920263687602696,False
3.2819999999997496,-0.3153757474324653,1.1647058823529413,1.5058823529411764,-0.06115910770495307,-1.0,-159.3079065106489,-8.659993827473857,-0.030637361538346265,0.007893957069270324,False
3.2829999999997495,-0.3151403413552737,1.1647058823529413,1.5058823529411764,-0.06292381358730582,-1.0,-159.1239630619094,-8.649634753003033,-0.039289687613162205,0.007858992962743028,False
3.2839999999997493,-0.31490415770061697,1.1647058823529413,1.5058823529411764,-0.06468851946965858,-1.0,-158.94033718881496,-8.639168601183657,-0.04793157873611055,0.007815381721322304,False
3.2849999999997492,-0.3146671970512548,1.1647058823529413,1.5058823529411764,-0.06645322535201133,-1.0,-158.75681014210107,-8.628607027982433,-0.05656294291144599,0.007763133804386743,False
3.285999999999749,-0.3144294599918641,1.1647058823529413,1.5058823529411764,-0.06821793123436408,-1.0,-158.5738883039942,-8.617964123912639,-0.0651837129285491,0.007702259761363022,False
3.286999999999749,-0.31419094710903733,1.1647058823529413,1.5058823529411764,-0.06998263711671683,-1.0,-158.39097736204718,-8.607203728797392,-0.0737937976287506,0.007632770234347576,False
3.287999999999749,-0.31395165899128136,1.1647058823529413,1.5058823529411764,-0.07174734299906958,-1.0,-158.2081955941299,-8.596338545170758,-0.08239310215092147,0.007554675979107881,False
3.288999999999749,-0.31371159622901584,1.1647058823529413,1.5058823529411764,-0.07351204888142233,-1.0,-158.02564249930325,-8.585390954053599,-0.09098154687569847,0.007467987851535459,False
3.2899999999997487,-0.313470759414572,1.1647058823529413,1.5058823529411764,-0.07527675476377509,-1.0,-157.843736290051,-8.574316304811425,-0.09955901263734528,0.007372716804523244,False
3.2909999999997486,-0.3132291491421903,1.1647058823529413,1.4941176470588236,-0.07704146064612784,-1.0,-157.66185885786766,-8.56315948116818,-0.10812538750965232,0.007268873901297672,False
3.2919999999997485,-0.3129867660080203,1.1647058823529413,1.4941176470588236,-0.07880616652848059,-1.0,-157.48017069936301,-8.551898148219127,-0.11668054675609611,0.007156470297708775,False
3.2929999999997484,-0.31274361061011824,1.1647058823529413,1.4941176470588236,-0.08057087241083334,-1.0,-157.29866883893217,-8.540539215964591,-0.12522436726994776,0.007035517248875733,False
3.2939999999997482,-0.312499683548446,1.1647058823529413,1.4941176470588236,-0.08233557829318609,-1.0,-157.1175661251085,-8.529082576282343,-0.13375673288331055,0.00690602610572577,False
3.294999999999748,-0.3122549854248692,1.1647058823529413,1.4941176470588236,-0.08410028417553884,-1.0,-156.9366975599875,-8.517522003708908,-0.14227753360494583,0.006768008319602353,False
3.295999999999748,-0.31200951684315625,1.1647058823529413,1.4941176470588236,-0.0858649900578916,-1.0,-156.7561896628664,-8.505874479891382,-0.15078669101659767,0.006621475441739056,False
3.296999999999748,-0.31176327840897644,1.1647058823529413,1.4941176470588236,-0.08762969594024435,-1.0,-156.57545022269832,-8.494125942860595,-0.15928413964845375,0.006466439114975006,False
3.297999999999748,-0.3115162707298986,1.1647058823529413,1.4941176470588236,-0.0893944018225971,-1.0,-156.39559506232413,-8.482264284817534,-0.16776980659434176,0.0063029110860437195,False
3.2989999999997477,-0.31126849441538973,1.1647058823529413,1.4941176470588236,-0.09115910770494985,-1.0,-156.21598865677515,-8.470331221737787,-0.17624364240100085,0.006130903205013609,False
3.2999999999997476,-0.3110199500768131,1.1647058823529413,1.4941176470588236,-0.0929238135873026,-1.0,-156.03692405516682,-8.458296166780636,-0.18470557703544843,0.005950427409252018,False
3.3009999999997475,-0.31077063832742746,1.1647058823529413,1.4941176470588236,-0.09468851946965536,-1.0,-155.85775136082788,-8.446151863509849,-0.19315550999072237,0.005761495738242788,False
3.3019999999997474,-0.3105205597823843,1.1647058823529413,1.4941176470588236,-0.0964532253520081,-1.0,-155.67891284039666,-8.433903849679975,-0.20159331631741717,0.0055641203377512286,False
3.3029999999997472,-0.3102697150587279,1.1647058823529413,1.4941176470588236,-0.09821793123436086,-1.0,-155.50033626534943,-8.421584540701668,-0.21001887527124036,0.005358313448325342,False
3.303999999999747,-0.31001810477539254,1.1647058823529413,1.4941176470588236,-0.09992381358730185,-1.0,-155.32165212962957,-8.409159554748376,-0.21843204047436815,0.005144087394278416,False
3.304999999999747,-0.30976572955320164,1.1647058823529413,1.4941176470588236,-0.10162969594024283,-1.0,-155.14375563146695,-8.396631429535681,-0.2268326620929132,0.004921454600500726,False
3.305999999999747,-0.309512590014866,1.1647058823529413,1.4941176470588236,-0.10333557829318382,-1.0,-154.96645733958442,-8.384002766600261,-0.2352206081760671,0.004690427592441719,False
3.306999999999747,-0.3092586867849822,1.1647058823529413,1.4941176470588236,-0.10504146064612481,-1.0,-154.7890734644949,-8.371286148249693,-0.24359578334753387,0.004451018990946986,False
3.3079999999997467,-0.3090040204900313,1.1647058823529413,1.4941176470588236,-0.1067473429990658,-1.0,-154.61204397437203,-8.358469030578984,-0.2519581138991048,0.004203241508981847,False
3.3089999999997466,-0.30874859175837704,1.1647058823529413,1.4941176470588236,-0.10845322535200679,-1.0,-154.43538244222324,-8.345560653960133,-0.26030755166625313,0.003947107958003459,False
3.3096257568356853,-0.3085883679396857,1.1647058823529413,1.4941176470588236,-0.11015910770494777,-1.0,-154.37335729880525,-8.332535253250011,-0.26864404460708335,0.0036826312518934527,False
3.3099999999997465,-0.30849240122026433,1.1647058823529413,1.4941176470588236,-0.11186499005788876,-1.0,-155.84184997746047,-8.319447725510571,-0.2769675735523594,0.003409824403551634,False
3.3109999999997464,-0.308235449507818,1.1647058823529413,1.4941176470588236,-0.11357087241082975,-1.0,-165.88338678736113,-8.306258034645024,-0.28527808079235095,0.00312870050416518,False
3.3119999999997463,-0.3079777372550408,1.1647058823529413,1.4941176470588236,-0.11527675476377074,-1.0,-168.63257929763503,-8.292987359158117,-0.2935754800378983,0.0028392727400242844,False
3.312999999999746,-0.30771926509781217,1.1647058823529413,1.4941176470588236,-0.11698263711671172,-1.0,-169.28469103616445,-8.27960917318674,-0.30185963871834526,0.0025415543893907637,False
3.313999999999746,-0.3074600336738863,1.1647058823529413,1.4941176470588236,-0.11862969594024095,-1.0,-169.33397738027455,-8.266140767392537,-0.3101304071205436,0.002235558828026275,False
3.314999999999746,-0.307200043622891,1.1647058823529413,1.4941176470588236,-0.12027675476377017,-1.0,-169.21010244747018,-8.252570221011608,-0.31838761565943796,0.001921299522130737,False
3.315999999999746,-0.30693929558632593,1.1647058823529413,1.4941176470588236,-0.1219238135872994,-1.0,-169.03693531060392,-8.238884311167698,-0.32663108406708946,0.001598790041734609,False
3.3169999999997457,-0.3066777902075609,1.1647058823529413,1.4941176470588236,-0.12357087241082862,-1.0,-168.8488672290366,-8.22513725900841,-0.3348606968580147,0.0012680440537100198,False
3.3179999999997456,-0.30641552813183454,1.1647058823529413,1.4941176470588236,-0.12521793123435784,-1.0,-168.65700692681185,-8.211300136065836,-0.34307528313664226,0.0009290754891534777,False
3.3189999999997455,-0.3061525100062523,1.1647058823529413,1.4941176470588236,-0.12686499005788707,-1.0,-168.4642104321104,-8.197364526259292,-0.35127540228182935,0.0005818995838873676,False
3.3199999999997454,-0.30588873647978543,1.1647058823529413,1.4941176470588236,-0.1285120488814163,-1.0,-168.2713314088851,-8.183357343515544,-0.35946153445912016,0.00022653053296463213,False
3.3209999999997453,-0.3056242082032687,1.1647058823529413,1.4941176470588236,-0.13015910770494551,-1.0,-168.07828449113038,66.05083531475694,-0.36147154276967375,-2.6909643386217196e-05,False
3.321999999999745,-0.3053589258293995,1.1647058823529413,1.4941176470588236,-0.13180616652847474,-1.0,-167.88527274510443,66.05083531475694,-0.36147154276967375,-2.6909643386217196e-05,True
3.322999999999745,-0.30509289001273565,1.1647058823529413,1.4941176470588236,-0.13345322535200396,-1.0,-167.69249326859517,877.0050032579148,-0.17653735431403011,-0.00014478234406507906,False
3.323999999999745,-0.30482610140969413,1.1764705882352942,1.4941176470588236,-0.1351002841755332,-1.0,-167.4999596999451,-8.246226044681155,0.36196122531226227,5.9335267268596896e-05,False
3.324999999999745,-0.3045585606785493,1.1764705882352942,1.4941176470588236,-0.1367473429990624,-1.0,-167.307712126776,-8.782205624603254,0.35320791757559167,0.00041693214868243015,False
3.3259999999997447,-0.3042902684794312,1.1764705882352942,1.4941176470588236,-0.13839440182259163,-1.0,-167.11534447149307,-8.932225502668407,0.344285198796753,0.0007656823493105253,False
3.3269999999997446,-0.3040212254743242,1.1764705882352942,1.4941176470588236,-0.14004146064612086,-1.0,-166.92351226295176,-8.971163516547733,0.3353179485614489,0.0011054850833159995,False
3.3279999999997445,-0.3037514323270652,1.1764705882352942,1.4941176470588236,-0.14168851946965008,-1.0,-166.73154019128685,-8.97812437278718,0.3263414576376815,0.0014363153463010547,False
3.3289999999997444,-0.3034808897033419,1.1764705882352942,1.4941176470588236,-0.1433355782931793,-1.0,-166.5387585782261,-8.975792933789142,0.3173662280143709,0.0017581693442939067,False
3.3299999999997443,-0.3032095982706915,1.1764705882352942,1.4941176470588236,-0.14498263711670853,-1.0,-166.34695278001305,-8.970732053450671,0.3083954242429087,0.0020710500163868316,False
3.330999999999744,-0.30293755869849853,1.1764705882352942,1.4941176470588236,-0.14662969594023775,-1.0,-166.15522042389821,-8.964767893002492,0.2994303683987753,0.0023749625079729822,False
3.331999999999744,-0.3026647716579936,1.1764705882352942,1.5058823529411764,-0.14827675476376698,-1.0,-165.96439656303897,-8.958491995317297,0.2904714702362095,0.0026699127981441137,False
3.332999999999744,-0.3023912378222516,1.1764705882352942,1.5058823529411764,-0.14930741308178364,-1.0,-165.77302465560936,-8.952040537435616,0.2815188925793126,0.002955907170458924,False
3.333999999999744,-0.3021169578661901,1.1764705882352942,1.5058823529411764,0.0,-1.0,-165.58193291405536,-8.945457796519444,0.2725727536076264,0.0032329520794733223,False
3.3349999999997437,-0.3018419324665676,1.1764705882352942,1.5058823529411764,0.0,-1.0,-165.39105152504374,-8.938760065299878,0.2636331708210134,0.0035010541128882547,False
3.3359999999997436,-0.301566162301982,1.1764705882352942,1.5058823529411764,-0.0006164003408066775,-1.0,-165.20035422320512,-8.93195670268091,0.2547002628039133,0.003760219970532371,False
3.3369999999997435,-0.3012896480528689,1.1764705882352942,1.5058823529411764,-0.0022634591643359075,-1.0,-165.009840002137,-8.925035189388492,0.24577417109377586,0.004010456455674207,False
3.3379999999997434,-0.30101239040149935,1.1764705882352942,1.5058823529411764,-0.003910517987865137,-1.0,-164.81949802638508,-8.917998963141851,0.23685505520387762,0.004251770485889325,False
3.3389999999997433,-0.30073439003197927,1.1764705882352942,1.5058823529411764,-0.005557576811394367,-1.0,-164.62934543191776,-8.91087167436473,0.2279430522795385,0.0044841690895851575,False
3.339999999999743,-0.3004556476302469,1.1764705882352942,1.5058823529411764,-0.007204635634923597,-1.0,-164.43938619614178,-8.903629224332457,0.21903828946468623,0.004707659394081478,False
3.340999999999743,-0.3001761638840714,1.1764705882352942,1.5058823529411764,-0.008851694458452828,-1.0,-164.24908285200408,-8.89629014668134,0.21014086961271672,0.004922248629739709,False
3.341999999999743,-0.2998959394830512,1.1764705882352942,1.5058823529411764,-0.010498753281982059,-1.0,-164.05967644713766,-8.888822213474088,0.2012509058143972,0.005127944135216992,False
3.342999999999743,-0.29961497511861207,1.1764705882352942,1.5058823529411764,-0.01214581210551129,-1.0,-163.870672424829,-8.881200140064145,0.19236852351458478,0.0053247533879497416,False
3.3439999999997427,-0.2993332714840057,1.1764705882352942,1.5058823529411764,-0.01379287092904052,-1.0,-163.681433499701,-8.873513763213056,0.18349377597730995,0.005512683990011701,False
3.3449999999997426,-0.29905082927430776,1.1764705882352942,1.5058823529411764,-0.015439929752569751,-1.0,-163.49243629050244,-8.865712320327606,0.17462673910815163,0.0056917436278902936,False
3.3459999999997425,-0.2987676491864164,1.1764705882352942,1.5058823529411764,-0.017086988576098982,-1.0,-163.30363135814562,-8.85784764085828,0.1657674775658283,0.005861940086004249,False
3.3469999999997424,-0.2984837319190502,1.1764705882352942,1.5058823529411764,-0.018734047399628213,-1.0,-163.1149956345059,-8.849838675553508,0.15691611239370282,0.0060232812419276265,False
3.3479999999997423,-0.29819907817274693,1.1764705882352942,1.5058823529411764,-0.020381106223157443,-1.0,-162.92657980541162,-8.841717405389694,0.1480727713614641,0.0061757750992980235,False
3.348999999999742,-0.29791368864986156,1.1764705882352942,1.5058823529411764,-0.022028165046686674,-1.0,-162.73837464333792,-8.833491448073548,0.1392375852755755,0.006319429772689664,False
3.349999999999742,-0.297627564054564,1.1764705882352942,1.5058823529411764,-0.023616400340804145,-1.0,-162.5503771653445,-8.82517671203199,0.1304106749894338,0.006454253480360664,False
3.350999999999742,-0.29734070509283833,1.1764705882352942,1.5058823529411764,-0.02520463563492162,-1.0,-162.36259730151215,-8.816756538518868,0.1215921561014795,0.006580254535016154,False
3.351999999999742,-0.29705311247248073,1.1764705882352942,1.5058823529411764,-0.026792870929039092,-1.0,-162.17502393379672,-8.808209710117094,0.11278215567123692,0.006697441355479025,False
3.3529999999997417,-0.2967647869030972,1.1764705882352942,1.5058823529411764,-0.028381106223156566,-1.0,-161.98765228233012,-8.799557858984322,0.1039807901097359,0.006805822480337367,False
3.3539999999997416,-0.29647572909610254,1.1764705882352942,1.5058823529411764,-0.02996934151727404,-1.0,-161.80050353005427,-8.790823662780612,0.09518814263772539,0.00690540655397322,False
3.3549999999997415,-0.29618593976471813,1.1764705882352942,1.5058823529411764,-0.03155757681139151,-1.0,-161.61357373268788,-8.781957583306863,0.08640431143759476,0.006996202320715728,False
3.3559999999997414,-0.2958954196239703,1.1764705882352942,1.5058823529411764,-0.03314581210550899,-1.0,-161.4268734093593,-8.773004336582915,0.07762937449869255,0.007078218635785086,False
3.3569999999997413,-0.2956041693906887,1.1764705882352942,1.5058823529411764,-0.03473404739962646,-1.0,-161.24038845565178,-8.763956390161658,0.06886341741153751,0.007151464447889295,False
3.357999999999741,-0.2953121897835042,1.1764705882352942,1.5058823529411764,-0.03638110622315569,-1.0,-161.05411852420636,-8.75479691076576,0.060106545803045607,0.007215948809833095,False
3.358999999999741,-0.2950194815228475,1.1764705882352942,1.5058823529411764,-0.03802816504668492,-1.0,-160.86810172777473,-8.745536638513544,0.0513588623099769,0.007271680881739425,False
3.359999999999741,-0.29472604533094743,1.1764705882352942,1.5058823529411764,-0.03967522387021415,-1.0,-160.6822526267702,-8.73616160592648,0.04262048368195923,0.007318669926542489,False
3.360999999999741,-0.2944318819318281,1.1764705882352942,1.5058823529411764,-0.041322282693743384,-1.0,-160.49670572817897,-8.726680863905035,0.033891529069754615,0.007356925317261454,False
3.3619999999997408,-0.2941369920513088,1.1764705882352942,1.5058823529411764,-0.042969341517272615,-1.0,-160.3113921485508,-8.717102594470136,0.025172107195773542,0.00738645653131394,False
3.3629999999997406,-0.29384137641700087,1.1764705882352942,1.5058823529411764,-0.044616400340801846,-1.0,-160.1262697911618,-8.70741962568041,0.01646232492528946,0.007407273146692409,False
3.3639999999997405,-0.29354503575830654,1.188235294117647,1.5058823529411764,-0.046263459164331076,-1.0,-159.94118751408,-8.697632856022206,0.007762285357625466,0.007419384845729406,False
3.3649999999997404,-0.2932479708064169,1.188235294117647,1.5058823529411764,-0.04791051798786031,-1.0,-159.75702219526934,-8.687747723014992,-0.0009279187182067583,0.007422801412774496,False
3.3659999999997403,-0.29295018229431025,1.188235294117647,1.5058823529411764,-0.04955757681138954,-1.0,-159.57220331978618,-8.677756381465308,-0.009608192305369405,0.007417532731903787,False
3.36699999999974,-0.29265167095675004,1.188235294117647,1.5058823529411764,-0.05120463563491877,-1.0,-159.38861556671657,-8.667654690205387,-0.018278429140858175,0.007403588794456171,False
3.36799999999974,-0.2923524375302835,1.188235294117647,1.5058823529411764,-0.052851694458448,-1.0,-159.2043834747022,-8.657456643828118,-0.026938526601853852,0.007380979700438284,False
3.36899999999974,-0.2920524827532392,1.188235294117647,1.5058823529411764,-0.05449875328197723,-1.0,-159.0208387542615,-8.647165272780812,-0.035588389219335693,0.007349715646185407,False
3.36999999999974,-0.29175180736572576,1.188235294117647,1.5058823529411764,-0.05614581210550646,-1.0,-158.8377445364254,-8.636764939287259,-0.04422790821277318,0.007309806921971787,False
3.3709999999997398,-0.29145041210962985,1.188235294117647,1.5058823529411764,-0.05779287092903569,-1.0,-158.65425588798195,-8.626253028491737,-0.0528569597620122,0.007261263925292766,False
3.3719999999997397,-0.2911482977286145,1.188235294117647,1.5058823529411764,-0.05943992975256492,-1.0,-158.47131071514843,-8.615645974947485,-0.06147543299664044,0.007204097162838799,False
3.3729999999997395,-0.29084546496811653,1.188235294117647,1.4941176470588236,-0.06108698857609415,-1.0,-158.28864052949106,-8.604946043150614,-0.07008323655940582,0.0071383172363439044,False
3.3739999999997394,-0.2905419145753458,1.188235294117647,1.4941176470588236,-0.06273404739962338,-1.0,-158.1062551813041,-8.59413644023894,-0.07868027385739619,0.007063934841799944,False
3.3749999999997393,-0.29023764729928275,1.188235294117647,1.4941176470588236,-0.0643811062231526,-1.0,-157.92413625979407,-8.583227240620502,-0.08726645068230728,0.006980960780816638,False
3.375999999999739,-0.28993266389067673,1.188235294117647,1.4941176470588236,-0.06602816504668182,-1.0,-157.74228320924738,-8.572221261840536,-0.09584168260241598,0.006889405957449704,False
3.376999999999739,-0.2896269651020439,1.188235294117647,1.4941176470588236,-0.06767522387021105,-1.0,-157.56068695680983,-8.561110769994142,-0.10440588403952285,0.006789281374760399,False
3.377999999999739,-0.28932055168766563,1.188235294117647,1.4941176470588236,-0.06932228269374027,-1.0,-157.3793824197627,-8.549888762110317,-0.11295895234749809,0.006680598140959479,False
3.378999999999739,-0.2890134244035866,1.188235294117647,1.4941176470588236,-0.0709693415172695,-1.0,-157.19829810444213,-8.538610845875617,-0.12150081215734722,0.006563367460440269,False
3.3799999999997388,-0.2887055840076128,1.188235294117647,1.4941176470588236,-0.07261640034079872,-1.0,-157.0177708873523,-8.527187648184569,-0.1300313307725634,0.006437600626121333,False
3.3809999999997387,-0.2883970312593099,1.188235294117647,1.4941176470588236,-0.07426345916432794,-1.0,-156.83657821642245,-8.515706883029731,-0.1385504140816929,0.006303309040220568,False
3.3819999999997385,-0.288087766920001,1.188235294117647,1.4941176470588236,-0.07591051798785717,-1.0,-156.65644585819305,-8.504079699750086,-0.14705791464659707,0.006160504194710924,False
3.3829999999997384,-0.2877777917527652,1.188235294117647,1.4941176470588236,-0.07755757681138639,-1.0,-156.47698126198665,-8.492391876196123,-0.15555372983470686,0.006009197698567833,False
3.3839999999997383,-0.28746710652243557,1.188235294117647,1.4941176470588236,-0.07920463563491562,-1.0,-156.2973976671069,-8.480618758820372,-0.16403777720647894,0.005849401234616118,False
3.384999999999738,-0.2871557119955967,1.188235294117647,1.4941176470588236,-0.08085169445844484,-1.0,-156.11803369191875,-8.468698246958839,-0.1725099356473118,0.005681126585068092,False
3.385999999999738,-0.2868436089405838,1.188235294117647,1.4941176470588236,-0.08249875328197406,-1.0,-155.93893576599953,-8.456693159160912,-0.1809701201673428,0.005504385656174697,False
3.386999999999738,-0.28653079812748006,1.188235294117647,1.4941176470588236,-0.08414581210550329,-1.0,-155.76011701169512,-8.444607626192472,-0.18941827194718133,0.005319190446466247,False
3.387999999999738,-0.2862172803281152,1.188235294117647,1.4941176470588236,-0.08579287092903251,-1.0,-155.58158439534833,-8.432429576380565,-0.19785433275393083,0.005125553041024754,False
3.3889999999997378,-0.28590305631606316,1.188235294117647,1.4941176470588236,-0.08743992975256173,-1.0,-155.40326511997446,-8.420142568575635,-0.20627822234839002,0.004923485620052799,False
3.3899999999997377,-0.28558812686664037,1.188235294117647,1.4941176470588236,-0.08902816504667921,-1.0,-155.22478874779512,-8.407758446297814,-0.2146898458777321,0.004713000468646744,False
3.3909999999997376,-0.28527249275690403,1.188235294117647,1.4941176470588236,-0.09061640034079668,-1.0,-155.04740162910886,-8.395286437736928,-0.22308910194270246,0.0044941099695575875,False
3.3919999999997374,-0.28495615476564995,1.188235294117647,1.4941176470588236,-0.09220463563491416,-1.0,-154.8701457688927,-8.382718641964948,-0.2314758724235498,0.004266826596791274,False
3.3929999999997373,-0.2846391136734106,1.188235294117647,1.4941176470588236,-0.09379287092903163,-1.0,-154.6931390777792,-8.370050531506907,-0.2398500223479246,0.004031162920079538,False
3.393602416991926,-0.28444778369982826,1.188235294117647,1.4941176470588236,-0.0953811062231491,-1.0,-154.64775795103236,-8.357307493905338,-0.2482114348690294,0.003787131599967613,False
3.3939999999997372,-0.28432137026245347,1.188235294117647,1.4941176470588236,-0.09696934151726658,-1.0,-156.2720718512962,-8.344415875088913,-0.256559955428104,0.003534745393435306,False
3.394999999999737,-0.28400292531677873,1.188235294117647,1.4941176470588236,-0.09855757681138405,-1.0,-165.82230907918225,-8.33146128465384,-0.26489548708977984,0.003274017173246641,False
3.395999999999737,-0.2836837796221178,1.188235294117647,1.4941176470588236,-0.10014581210550152,-1.0,-168.43081099438157,-8.318440368038736,-0.2732179694383738,0.0030049598846263693,False
3.396999999999737,-0.28336393396593074,1.188235294117647,1.4941176470588236,-0.101734047399619,-1.0,-169.04334501583287,-8.305316574381136,-0.2815273405844475,0.002727586551571283,False
3.397999999999737,-0.28304338913740495,1.188235294117647,1.4941176470588236,-0.10326345916432471,-1.0,-169.08093078008383,-8.292084945956411,-0.28982354089002466,0.00244191029628866,False
3.3989999999997367,-0.28272214592745293,1.2,1.4941176470588236,-0.10479287092903042,-1.0,-168.93973450246557,-8.278742970872381,-0.29810649839734216,0.0021479443488647,False
3.3999999999997366,-0.2824002051287105,1.2,1.4941176470588236,-0.10632228269373613,-1.0,-168.76151927328038,-8.265317587401594,-0.3063761456337394,0.0018457020476517184,False
3.4009999999997365,-0.2820775675355344,1.2,1.4941176470588236,-0.10785169445844184,-1.0,-168.5729646212786,-8.251815541843909,-0.3146324175663225,0.0015351968167109785,False
3.4019999999997363,-0.281754233944001,1.2,1.4941176470588236,-0.10938110622314755,-1.0,-168.38091353682736,-8.238206638318095,-0.32287520877694315,0.001216442160912455,False
3.4029999999997362,-0.28143020515190365,1.2,1.4941176470588236,-0.11091051798785326,-1.0,-168.18846886616078,-8.224455737819179,-0.3311022714301026,0.0008894528536875967,False
3.403999999999736,-0.2811054819587513,1.2,1.4941176470588236,-0.11243992975255897,-1.0,-167.9952848151181,-8.210662211342138,-0.33931560950108774,0.000554243324795867,False
3.404999999999736,-0.28078006516576604,1.2,1.4941176470588236,-0.11396934151726468,-1.0,-167.80248021176212,-8.196794513147283,-0.3475151629846493,0.00021082734860317955,False
3.405999999999736,-0.2804539555758815,1.2,1.4941176470588236,-0.11549875328197039,-1.0,-167.60989144730976,92.30298749180923,-0.3482213652712323,-3.418800556332186e-05,False
3.406999999999736,-0.28012715399374066,1.2,1.4941176470588236,-0.1170281650466761,-1.0,-167.41732040900246,92.30298749180923,-0.3482213652712323,-3.418800556332186e-05,True
3.4079999999997357,-0.2797996612256942,1.2,1.4941176470588236,-0.1185575768113818,-1.0,-167.22483091824117,873.3180943615528,-0.15374930633693354,-0.00014442325372198735,False
3.4089999999997356,-0.2794714780797975,1.2,1.4941176470588236,-0.12008698857608752,-1.0,-167.03285294135313,-8.269027335483555,0.34996210274434464,6.243420800129901e-05,False
3.4099999999997355,-0.2791426053658101,1.2,1.4941176470588236,-0.12161640034079323,-1.0,-166.84070551475432,-8.778863844717819,0.3412107896054501,0.0004080324217004221,False
3.4109999999997354,-0.2788130438951927,1.2,1.4941176470588236,-0.12314581210549894,-1.0,-166.648906058079,-8.92127903198509,0.33229863865989356,0.0007447906090759117,False
3.4119999999997352,-0.27848279448110547,1.2,1.4941176470588236,-0.12467522387020465,-1.0,-166.4576032192421,-8.957969141007055,0.32334442906321487,0.0010726132112677434,False
3.412999999999735,-0.278151857938406,1.2,1.4941176470588236,-0.12620463563491036,-1.0,-166.26605655915242,-8.96454864886731,0.31348541282098963,0.0014228702986414912,False
3.413999999999735,-0.2778202350836474,1.2,1.4941176470588236,-0.12773404739961608,-1.0,-166.07472811977442,-8.961126182361767,0.3045247486130829,0.0017318752147024586,False
3.414999999999735,-0.27748792673507594,1.2,1.4941176470588236,-0.1292634591643218,-1.0,-165.88356783348232,-8.95564260884611,0.2955689420119339,0.0020319214818652616,False
3.415999999999735,-0.27715493371262956,1.2,1.4941176470588236,-0.13079287092902753,-1.0,-165.69253429716846,-8.949485926371535,0.286618962100115,0.0023230146440784156,False
3.4169999999997347,-0.2768212568379354,1.2,1.5058823529411764,-0.13232228269373325,-1.0,-165.5016915701247,-8.943021601220615,0.2776751988665423,0.002605160889674255,False
3.4179999999997346,-0.276486896934308,1.2,1.5058823529411764,-0.13385169445843897,-1.0,-165.31103273549738,-8.936424528506082,0.2687378575321782,0.0028783666817625985,False
3.4189999999997345,-0.2761518548267473,1.2,1.5058823529411764,-0.13477303809355087,-1.0,-165.12057354518222,-8.929666928928437,0.2598071479947802,0.0031426386333556285,False
3.4199999999997344,-0.27581613134193617,1.2,1.5058823529411764,0.0,-1.0,-164.93035690007397,-8.922808009769145,0.2508832578187069,0.003397983496860698,False
3.4209999999997343,-0.27547972730823894,1.2,1.5058823529411764,0.0,-1.0,-164.74041830254703,-8.915856079506247,0.24196634347685836,0.0036444081275178552,False
3.421999999999734,-0.2751426435556993,1.2,1.5058823529411764,-0.0006080679766526278,-1.0,-164.55046951068715,-8.908793657168234,0.23305654080096427,0.0038819194755348517,False
3.422999999999734,-0.27480488091603766,1.2,1.5058823529411764,-0.0021374797413583418,-1.0,-164.3606296783191,-8.90159869805137,0.22415397783737645,0.004110524601855017,False
3.423999999999734,-0.27446644022265004,1.2,1.5058823529411764,-0.0036668915060640555,-1.0,-164.17104966322188,-8.894306029959724,0.215258743564549,0.004330230691026587,False
3.424999999999734,-0.27412732231060505,1.2,1.5058823529411764,-0.00519630327076977,-1.0,-163.98135933491704,-8.886914160880048,0.20637089414253432,0.004541045036669385,False
3.4259999999997337,-0.2737875280166424,1.2,1.5058823529411764,-0.006725715035475484,-1.0,-163.79223538775588,-8.879434427503526,0.19749045341817328,0.004742975026970336,False
3.4269999999997336,-0.2734470581791708,1.2,1.5058823529411764,-0.00819630327076944,-1.0,-163.6032952240523,-8.871833323372092,0.18861747907344417,0.004936028141435755,False
3.4279999999997335,-0.2731059136382657,1.2,1.5058823529411764,-0.009666891506063396,-1.0,-163.4142149431301,-8.864090235944804,0.1797520917869371,0.005120211988328816,False
3.4289999999997334,-0.2727640952356674,1.2,1.5058823529411764,-0.011137479741357353,-1.0,-163.2256469837816,-8.856271638701596,0.1708943884162281,0.005295534305008605,False
3.4299999999997333,-0.2724216038147788,1.2,1.5058823529411764,-0.012608067976651309,-1.0,-163.03736695516085,-8.84835569850921,0.162044470877971,0.005462002911462851,False
3.430999999999733,-0.2720784402206636,1.2,1.5058823529411764,-0.014078656211945265,-1.0,-162.84948619044619,-8.840305932340291,0.15320249712103604,0.00561962572435054,False
3.431999999999733,-0.27173460530004345,1.2,1.5058823529411764,-0.015549244447239222,-1.0,-162.6613875279363,-8.832144038918548,0.1443686386872105,0.005768410785623969,False
3.432999999999733,-0.27139009990129703,1.2117647058823529,1.5058823529411764,-0.017019832682533178,-1.0,-162.4735972336015,-8.823890856194602,0.13554303064610895,0.00590836624903816,False
3.433999999999733,-0.27104492487445725,1.2117647058823529,1.5058823529411764,-0.018490420917827134,-1.0,-162.28599202962124,-8.815532383687199,0.12672578661010023,0.006039500361496574,False
3.4349999999997327,-0.27069908107120916,1.2117647058823529,1.5058823529411764,-0.01996100915312109,-1.0,-162.09876866367338,-8.807066352867524,0.11791701493222558,0.006161821471458045,False
3.4359999999997326,-0.2703525693448879,1.2117647058823529,1.5058823529411764,-0.021431597388415047,-1.0,-161.9115340257048,-8.798507168264972,0.1091168012066736,0.006275338034729961,False
3.4369999999997325,-0.2700053905504767,1.2117647058823529,1.5058823529411764,-0.022902185623709003,-1.0,-161.72460300910086,-8.789830053170204,0.10032522541473936,0.006380058611422624,False
3.4379999999997324,-0.26965754554460475,1.2117647058823529,1.5058823529411764,-0.02437277385900296,-1.0,-161.53795897658213,-8.781029976232965,0.09154237547047221,0.00647599187690999,False
3.4389999999997323,-0.26930903518554505,1.2117647058823529,1.5058823529411764,-0.025843362094296916,-1.0,-161.3513731525739,-8.772135877776735,0.08276833686446249,0.006563146622276165,False
3.439999999999732,-0.2689598603332123,1.2117647058823529,1.5058823529411764,-0.027313950329590872,-1.0,-161.16536979528627,-8.763141538864065,0.07400320293507766,0.006641531742205037,False
3.440999999999732,-0.2686100218491606,1.2117647058823529,1.5058823529411764,-0.02878453856488483,-1.0,-160.97934793079645,-8.754053528253236,0.06524706505601126,0.0067111562270618305,False
3.441999999999732,-0.2682595205965818,1.2117647058823529,1.5058823529411764,-0.030255126800178785,-1.0,-160.79343782943596,-8.744834399877137,0.05650005568649138,0.006772029166242728,False
3.442999999999732,-0.267908357440303,1.2117647058823529,1.5058823529411764,-0.03172571503547274,-1.0,-160.60799883747234,-8.73550308379521,0.047762321137234866,0.006824159774243329,False
3.4439999999997317,-0.267556533246784,1.2117647058823529,1.5058823529411764,-0.03319630327076669,-1.0,-160.4224218157003,-8.726115652021678,0.03903395294912449,0.0068675573682039324,False
3.4449999999997316,-0.2672040488841162,1.2117647058823529,1.5058823529411764,-0.03472571503547241,-1.0,-160.23724045651073,-8.716620496991235,0.0303150441793861,0.006902231337825865,False
3.4459999999997315,-0.2668509052220198,1.2117647058823529,1.5058823529411764,-0.036255126800178124,-1.0,-160.05234646005138,-8.707001212534328,0.021605709841691505,0.0069281911754638745,False
3.4469999999997314,-0.2664971031318416,1.2117647058823529,1.5058823529411764,-0.03778453856488384,-1.0,-159.86720826277278,-8.69726500878276,0.012906069760300261,0.006945446498427181,False
3.4479999999997313,-0.2661426434865531,1.2117647058823529,1.5058823529411764,-0.03931395032958956,-1.0,-159.68327273671142,-8.687458695463539,0.004216195966200985,0.006954007034906562,False
3.448999999999731,-0.26578752716074827,1.2117647058823529,1.5058823529411764,-0.040843362094295274,-1.0,-159.4994254268218,-8.677541894801832,-0.004463830166757877,0.0069538825978789215,False
3.449999999999731,-0.26543175503064137,1.2117647058823529,1.5058823529411764,-0.04237277385900099,-1.0,-159.3152992862234,-8.667514238833036,-0.013133904572075692,0.00694508310460108,False
3.450999999999731,-0.2650753279740647,1.2117647058823529,1.5058823529411764,-0.04390218562370671,-1.0,-159.13157596809418,-8.657378363800152,-0.02179391102320768,0.00692761858357217,False
3.451999999999731,-0.2647182468704666,1.2117647058823529,1.5058823529411764,-0.045431597388412424,-1.0,-158.94816715139856,-8.647151425505603,-0.03044374295910841,0.006901499167844204,False
3.4529999999997307,-0.2643605126009092,1.2117647058823529,1.4941176470588236,-0.04696100915311814,-1.0,-158.7650878946244,-8.636820746800705,-0.03908328504736309,0.00686673508600846,False
3.4539999999997306,-0.2640021260480663,1.2117647058823529,1.4941176470588236,-0.04849042091782386,-1.0,-158.5822400183752,-8.626382881247002,-0.0477124180579724,0.006823336670436733,False
3.4549999999997305,-0.26364308809622117,1.2117647058823529,1.4941176470588236,-0.050019832682529575,-1.0,-158.3998983638915,-8.61586779377616,-0.056331057153959495,0.006771314348841331,False
3.4559999999997304,-0.263283399631264,1.2117647058823529,1.4941176470588236,-0.05154924444723529,-1.0,-158.21700218271664,-8.605228578826479,-0.06493909874072176,0.006710678639139241,False
3.4569999999997303,-0.2629230615406905,1.2117647058823529,1.4941176470588236,-0.05307865621194101,-1.0,-158.03466982809755,-8.59447575337342,-0.07353643692638774,0.006641440178986715,False
3.45799999999973,-0.26256207471359905,1.2117647058823529,1.4941176470588236,-0.054608067976646725,-1.0,-157.85307551706546,-8.583648238743141,-0.08212300518416629,0.006563609713228977,False
3.45899999999973,-0.26220044004068876,1.2117647058823529,1.4941176470588236,-0.05613747974135244,-1.0,-157.67139789244908,-8.572708945946335,-0.0906987268495047,0.006477198074569006,False
3.45999999999973,-0.2618381584142573,1.2117647058823529,1.4941176470588236,-0.05766689150605816,-1.0,-157.49004800934418,-8.5616637024358,-0.09926350890562302,0.00638221619866053,False
3.46099999999973,-0.2614752307281984,1.2117647058823529,1.4941176470588236,-0.05913747974135211,-1.0,-157.30893985158428,-8.550511927885466,-0.1078172342092296,0.006278675129261272,False
3.4619999999997297,-0.2611116578780002,1.2117647058823529,1.4941176470588236,-0.060608067976646064,-1.0,-157.12814017273539,-8.539249319664634,-0.11635976949538258,0.006166586023373765,False
3.4629999999997296,-0.2607474407607426,1.2117647058823529,1.4941176470588236,-0.06207865621194002,-1.0,-156.94757993973658,-8.527947008795017,-0.12489103475498692,0.006045960124025266,False
3.4639999999997295,-0.260382580275095,1.223529411764706,1.4941176470588236,-0.06354924444723398,-1.0,-156.7673979489626,-8.516524458929972,-0.1334109016387347,0.005916808736207198,False
3.4649999999997294,-0.26001707732131446,1.223529411764706,1.4941176470588236,-0.06501983268252794,-1.0,-156.58732653169508,-8.504969583273475,-0.14191920803203736,0.00577914328354932,False
3.4659999999997293,-0.25965093280124313,1.223529411764706,1.4941176470588236,-0.0664904209178219,-1.0,-156.40797241197848,-8.49333248652863,-0.15041584695380836,0.005632975308857891,False
3.466999999999729,-0.2592841476183065,1.223529411764706,1.4941176470588236,-0.06796100915311586,-1.0,-156.22829400107344,-8.481598442940856,-0.15890074261695356,0.005478316441913988,False
3.467999999999729,-0.2589167226775101,1.223529411764706,1.4941176470588236,-0.06943159738840982,-1.0,-156.04907544341808,-8.46976776309567,-0.16737382758094746,0.005315178405899744,False
3.468999999999729,-0.2585486588854386,1.223529411764706,1.4941176470588236,-0.07090218562370378,-1.0,-155.8701920251015,-8.457849656713206,-0.17583504927876678,0.005143573022716869,False
3.469999999999729,-0.2581799571502529,1.223529411764706,1.4941176470588236,-0.07237277385899774,-1.0,-155.69162488655044,-8.445845204263259,-0.18428437085633387,0.00496351220450615,False
3.4709999999997287,-0.2578106183816878,1.223529411764706,1.4941176470588236,-0.0738433620942917,-1.0,-155.51329810577676,-8.433682048763524,-0.19272169071240072,0.004775007969426927,False
3.4719999999997286,-0.2574406434910501,1.223529411764706,1.4941176470588236,-0.07531395032958565,-1.0,-155.33552589163133,-8.421445539934004,-0.201146918610862,0.004578072465947099,False
3.4729999999997285,-0.257070033391216,1.223529411764706,1.4941176470588236,-0.07678453856487961,-1.0,-155.1578821359569,-8.409162929332847,-0.2095599822498895,0.004372717919553962,False
3.4739999999997284,-0.256698788996629,1.223529411764706,1.4941176470588236,-0.07825512680017357,-1.0,-154.98030936555824,-8.396758509394594,-0.2179607478085671,0.004158956624913319,False
3.4748607666012923,-0.25637872694981045,1.223529411764706,1.4941176470588236,-0.07972571503546753,-1.0,-154.84694518108097,-8.384235637747944,-0.2263490454326707,0.003936800985219107,False
3.4749999999997283,-0.2563269112232979,1.223529411764706,1.4941176470588236,-0.0811963032707615,-1.0,-154.94944203306537,-8.371622213357197,-0.23472471430129047,0.0037062635139911695,False
3.475999999999728,-0.2559544009887941,1.223529411764706,1.4941176470588236,-0.08266689150605545,-1.0,-165.26390170677604,-8.358940150735043,-0.24308763634147973,0.0034673568146993865,False
3.476999999999728,-0.25558125921224945,1.223529411764706,1.4941176470588236,-0.08413747974134941,-1.0,-168.15898960127936,-8.346157007013279,-0.2514377132337892,0.0032200935685095826,False
3.477999999999728,-0.2552074868143545,1.223529411764706,1.4941176470588236,-0.08560806797664337,-1.0,-168.85348792249755,-8.333263045375466,-0.25977486132903194,0.0029644865532368484,False
3.478999999999728,-0.2548330847173551,1.223529411764706,1.4941176470588236,-0.08707865621193733,-1.0,-168.91574746845524,-8.320268725058629,-0.26809902245356826,0.0027005486555269145,False
3.4799999999997278,-0.2544580538450514,1.223529411764706,1.4941176470588236,-0.08849042091781953,-1.0,-168.79564722205424,-8.307220471183111,-0.27641019489265317,0.0024282928551359923,False
3.4809999999997276,-0.2540823951227947,1.223529411764706,1.4941176470588236,-0.08990218562370172,-1.0,-168.62329467871106,-8.294043885090618,-0.2847083384881266,0.002147732214733647,False
3.4819999999997275,-0.25370610947748556,1.223529411764706,1.4941176470588236,-0.09131395032958392,-1.0,-168.43631973219323,-8.280774103785452,-0.2929933993986627,0.001858879909922841,False
3.4829999999997274,-0.2533291978375716,1.223529411764706,1.4941176470588236,-0.09272571503546612,-1.0,-168.24513792625757,-8.267418781969912,-0.30126530214935515,0.0015617492106687826,False
3.4839999999997273,-0.25295166113304457,1.223529411764706,1.4941176470588236,-0.09413747974134831,-1.0,-168.05317264611506,-8.253971198954579,-0.3095239304009244,0.0012563534751151466,False
3.484999999999727,-0.25257350029543896,1.223529411764706,1.4941176470588236,-0.09554924444723051,-1.0,-167.86059053556087,-8.240425248384543,-0.317768836805313,0.0009427062215501463,False
3.485999999999727,-0.2521947162578289,1.223529411764706,1.4941176470588236,-0.0969610091531127,-1.0,-167.66811035819848,-8.226794322924274,-0.32599820751158615,0.0006208221267140827,False
3.486999999999727,-0.2518153099548265,1.223529411764706,1.4941176470588236,-0.0983727738589949,-1.0,-167.47572533846082,-8.2130590615579,-0.3342139170238409,0.00029071547774276157,False
3.487999999999727,-0.2514352823225789,1.223529411764706,1.4941176470588236,-0.0997845385648771,-1.0,-167.2834136619961,17.17918570028183,-0.3403269553140595,-1.3335968440307506e-05,False
3.4889999999997268,-0.2510546342987667,1.223529411764706,1.4941176470588236,-0.10119630327075929,-1.0,-167.0918297954356,17.17918570028183,-0.3403269553140595,-1.3335968440307506e-05,True
3.4899999999997267,-0.25067336682260116,1.223529411764706,1.4941176470588236,-0.10260806797664149,-1.0,-166.89947575757742,358.3271014826285,-0.30723729436163144,-7.894526250144125e-05,False
3.4909999999997265,-0.2502914808348215,1.223529411764706,1.4941176470588236,-0.10396100915311193,-1.0,-166.70775024801213,78.80183203452559,0.3383640068521669,-3.05224043763045e-05,False
3.4919999999997264,-0.24990897727769357,1.223529411764706,1.4941176470588236,-0.10531395032958238,-1.0,-166.51611586155138,-8.747996182024899,0.3339954665511287,0.0003076274975938135,False
3.4929999999997263,-0.24952585709500694,1.223529411764706,1.4941176470588236,-0.10666689150605282,-1.0,-166.32491559575755,-8.905470254396706,0.3250998207656579,0.0006371789712747037,False
3.493999999999726,-0.24914212123207255,1.2352941176470589,1.4941176470588236,-0.10801983268252327,-1.0,-166.13364567576238,-8.946429023000588,0.31615735967285546,0.0009578087283359328,False
3.494999999999726,-0.24875777063572055,1.2352941176470589,1.4941176470588236,-0.10937277385899372,-1.0,-165.9421771825427,-8.953814122160644,0.3072057569997211,0.0012694906662237982,False
3.495999999999726,-0.24837280625429772,1.2352941176470589,1.4941176470588236,-0.11072571503546416,-1.0,-165.7514432747016,-8.951428587405433,0.29825462408171743,0.0015722200916153356,False
3.496999999999726,-0.24798722903766554,1.2352941176470589,1.4941176470588236,-0.11207865621193461,-1.0,-165.56057100162477,-8.94615792939315,0.28930789694835424,0.001866000568841496,False
3.4979999999997258,-0.24760103993719734,1.2352941176470589,1.4941176470588236,-0.11343159738840505,-1.0,-165.3699572238143,-8.940004855747382,0.28036702818894266,0.002150837440507734,False
3.4989999999997257,-0.24721423990577643,1.2352941176470589,1.4941176470588236,-0.1147845385648755,-1.0,-165.17951662291807,-8.933511828126816,0.2714325654511703,0.0024267368806953063,False
3.4999999999997256,-0.2468268298977934,1.2352941176470589,1.5058823529411764,-0.11613747974134594,-1.0,-164.98926040689145,-8.926846521170066,0.26250478786280657,0.002693705380085966,False
3.5009999999997254,-0.2464388108691439,1.2352941176470589,1.5058823529411764,-0.11749042091781639,-1.0,-164.79918424730138,-8.920032177253324,0.2535838912693806,0.0029517496077354375,False
3.5019999999997253,-0.24605018377722654,1.2352941176470589,1.5058823529411764,-0.1186549874964028,-1.0,-164.6092936325052,-8.913123942100933,0.244669978884813,0.0032008763691915585,False
3.5029999999997252,-0.24566094958093965,1.2352941176470589,1.5058823529411764,0.0,-1.0,-164.41957702424622,-8.906104176669338,0.23576311106889486,0.0034410925689441676,False
3.503999999999725,-0.24527110924068007,1.2352941176470589,1.5058823529411764,0.0,-1.0,-164.23005378225997,-8.898951406157488,0.22686335583786854,0.003672405225741929,False
3.504999999999725,-0.2448806637183402,1.2352941176470589,1.5058823529411764,-0.00018837446258990193,-1.0,-164.04071982802657,-8.89171940193762,0.21797075191573376,0.003894821480098456,False
3.505999999999725,-0.24448961397730537,1.2352941176470589,1.5058823529411764,-0.0015413156390603408,-1.0,-163.85158173056976,-8.884348442732563,0.20908537208423547,0.004108348580325651,False
3.506999999999725,-0.24409796098245212,1.2352941176470589,1.5058823529411764,-0.0028942568155307796,-1.0,-163.66214411118185,-8.876892583469125,0.2002072791200737,0.00431299388860634,False
3.5079999999997247,-0.24370570570014521,1.2352941176470589,1.5058823529411764,-0.0042471979920012184,-1.0,-163.4739717752791,-8.869311416595737,0.19133659505348463,0.004508764863361486,False
3.5089999999997246,-0.24331284909823547,1.2352941176470589,1.5058823529411764,-0.005600139168471657,-1.0,-163.2854564239626,-8.861641173775626,0.18247345866505957,0.004695669078133239,False
3.5099999999997245,-0.24291939214605768,1.2352941176470589,1.5058823529411764,-0.006953080344942096,-1.0,-163.0972797602845,-8.85385293033553,0.1736180246132161,0.004873714206626362,False
3.5109999999997243,-0.24252533581442767,1.2352941176470589,1.5058823529411764,-0.008306021521412535,-1.0,-162.9091066016979,-8.845927850466811,0.16477047094287758,0.005042908037447415,False
3.5119999999997242,-0.24213068107564023,1.2352941176470589,1.5058823529411764,-0.009658962697882974,-1.0,-162.72105838514457,-8.837937225948975,0.15593092976884504,0.005203258472714513,False
3.512999999999724,-0.24173542890346678,1.2352941176470589,1.5058823529411764,-0.011011903874353413,-1.0,-162.53345373851974,-8.829840706414059,0.147099518183034,0.005354773501901316,False
3.513999999999724,-0.24133958027315291,1.2352941176470589,1.5058823529411764,-0.012364845050823851,-1.0,-162.3458896342992,-8.821620614650373,0.1382763391857388,0.005497461219027311,False
3.514999999999724,-0.24094313616141536,1.2352941176470589,1.5058823529411764,-0.01371778622729429,-1.0,-162.15846662254418,-8.813272359587657,0.12946149600122114,0.005631329837924823,False
3.515999999999724,-0.2405460975464408,1.2352941176470589,1.5058823529411764,-0.015070727403764729,-1.0,-161.97150187383482,-8.804846923272033,0.12065505630794127,0.005756387693338906,False
3.5169999999997237,-0.2401484654078825,1.2352941176470589,1.5058823529411764,-0.016423668580235168,-1.0,-161.7845741015906,-8.796342196698905,0.11185706116073013,0.0058726432087192965,False
3.5179999999997236,-0.23975024072685824,1.2352941176470589,1.5058823529411764,-0.017776609756705607,-1.0,-161.59777440824413,-8.787703038942709,0.10306759114671593,0.005980104897367207,False
3.5189999999997235,-0.23935142448594793,1.2352941176470589,1.5058823529411764,-0.019129550933176045,-1.0,-161.41116668570987,-8.778928997481467,0.09428677266904072,0.006078781398143566,False
3.5199999999997234,-0.23895201766919086,1.2352941176470589,1.5058823529411764,-0.020482492109646484,-1.0,-161.22518078958046,-8.77007738199675,0.08551471866748622,0.006168681474594163,False
3.5209999999997232,-0.23855202126208372,1.2352941176470589,1.5058823529411764,-0.021835433286116923,-1.0,-161.03918632610058,-8.761151640435429,0.0767515232746259,0.006249813976486417,False
3.521999999999723,-0.23815143625157792,1.2470588235294118,1.5058823529411764,-0.023188374462587362,-1.0,-160.8533068248845,-8.752098259767122,0.06799731234212769,0.0063221878369290885,False
3.522999999999723,-0.23775026362607707,1.2470588235294118,1.5058823529411764,-0.0245413156390578,-1.0,-160.66790936537566,-8.74288560780932,0.05925225898621252,0.0063858121158680975,False
3.523999999999723,-0.23734850437543473,1.2470588235294118,1.5058823529411764,-0.025835433286116483,-1.0,-160.48234960018812,-8.73364562593583,0.05051644756066627,0.0064406959948546,False
3.524999999999723,-0.23694615949095202,1.2470588235294118,1.5058823529411764,-0.027129550933175164,-1.0,-160.2971921439071,-8.724297005002034,0.041789966994182866,0.0064868487227290285,False
3.5259999999997227,-0.23654322996537513,1.2470588235294118,1.5058823529411764,-0.028423668580233846,-1.0,-160.11231907235785,-8.714837210880939,0.0330729099777343,0.006524279649873117,False
3.5269999999997226,-0.2361397167928921,1.2470588235294118,1.5058823529411764,-0.029717786227292528,-1.0,-159.92769701187794,-8.705251843810046,0.02436538335355224,0.006552998239835418,False
3.5279999999997225,-0.2357356209691319,1.2470588235294118,1.5058823529411764,-0.03101190387435121,-1.0,-159.74332382571208,-8.695569729768243,0.015667478300687952,0.006573014074357385,False
3.5289999999997224,-0.23533094349116068,1.2470588235294118,1.5058823529411764,-0.03230602152140989,-1.0,-159.55921528354563,-8.685793745024956,0.006979279122845462,0.006584336833835939,False
3.5299999999997222,-0.23492568535747999,1.2470588235294118,1.5058823529411764,-0.03365896269788033,-1.0,-159.37541651429694,-8.675899297795844,-0.0016990972947534943,0.0065869763017263475,False
3.530999999999722,-0.23451984756802394,1.2470588235294118,1.4941176470588236,-0.03501190387435077,-1.0,-159.1920808231058,-8.665916045075742,-0.010367543593401063,0.006580942371735371,False
3.531999999999722,-0.23411343112415692,1.2470588235294118,1.4941176470588236,-0.03636484505082121,-1.0,-159.008387663565,-8.655846553576284,-0.019025969429936295,0.006566245022564962,False
3.532999999999722,-0.2337064370286712,1.2470588235294118,1.4941176470588236,-0.03771778622729165,-1.0,-158.82516024492898,-8.645636818668377,-0.027674239065491293,0.006542894328539638,False
3.533999999999722,-0.2332988662857841,1.2470588235294118,1.4941176470588236,-0.039070727403762086,-1.0,-158.6422454952758,-8.635316983393663,-0.036312216649524734,0.006510900495338007,False
3.5349999999997217,-0.23289071990113608,1.2470588235294118,1.4941176470588236,-0.040423668580232525,-1.0,-158.45960687647693,-8.624925727211238,-0.044939822425090106,0.006470273835922031,False
3.5359999999997216,-0.2324819988817876,1.2470588235294118,1.4941176470588236,-0.04177660975670296,-1.0,-158.27671573666692,-8.614457862869804,-0.05355700856308726,0.006421024733235444,False
3.5369999999997215,-0.2320727042362175,1.2470588235294118,1.4941176470588236,-0.0431295509331734,-1.0,-158.09471123198847,-8.603845374891769,-0.06216366919078815,0.006363163659602192,False
3.5379999999997214,-0.23166283697431916,1.2470588235294118,1.4941176470588236,-0.04448249210964384,-1.0,-157.91293536271962,-8.593120926458317,-0.0707596875232489,0.006296701223323555,False
3.5389999999997213,-0.2312523981073995,1.2470588235294118,1.4941176470588236,-0.04583543328611428,-1.0,-157.73168646253308,-8.582337106607572,-0.07934499587254912,0.006221648139460735,False
3.539999999999721,-0.23084138864817563,1.2470588235294118,1.4941176470588236,-0.04718837446258472,-1.0,-157.55030811950695,-8.571438255290671,-0.08791950099759949,0.0061380151990502,False
3.540999999999721,-0.23042980961077253,1.2470588235294118,1.4941176470588236,-0.04854131563905516,-1.0,-157.36924851209258,-8.56042554297526,-0.09648307423560233,0.006045813296187315,False
3.541999999999721,-0.23001766201072057,1.2470588235294118,1.4941176470588236,-0.049894256815525596,-1.0,-157.18842394446585,-8.549310978598232,-0.1050355726812086,0.005945053437980975,False
3.542999999999721,-0.22960494686495295,1.2470588235294118,1.4941176470588236,-0.051247197991996035,-1.0,-157.0079081979936,-8.538112601672664,-0.11357687787766212,0.005835746733209124,False
3.5439999999997207,-0.22919166519180334,1.2470588235294118,1.4941176470588236,-0.052600139168466474,-1.0,-156.8276564236023,-8.526813893729212,-0.12210688207277413,0.005717904375144864,False
3.5449999999997206,-0.2287778180110031,1.2470588235294118,1.4941176470588236,-0.05395308034493691,-1.0,-156.64769089308498,-8.515411081712372,-0.1306254745607411,0.005591537652602368,False
3.5459999999997205,-0.22836340634367908,1.2470588235294118,1.4941176470588236,-0.05530602152140735,-1.0,-156.46799572029516,-8.503922528847687,-0.13913257117948502,0.0054566579569226585,False
3.5469999999997204,-0.22794843121235084,1.2470588235294118,1.4941176470588236,-0.05665896269787779,-1.0,-156.2885662700936,-8.492342220918948,-0.14762811932523662,0.005313276769419755,False
3.5479999999997203,-0.22753289364092827,1.2470588235294118,1.4941176470588236,-0.05801190387434823,-1.0,-156.1094211964377,-8.480612882832133,-0.1561120310329271,0.005161405676405541,False
3.54899999999972,-0.22711679465470924,1.2588235294117647,1.4941176470588236,-0.05936484505081867,-1.0,-155.93056047323955,-8.468811802709602,-0.16458424552920145,0.00500105639009699,False
3.54999999999972,-0.2267001352803762,1.2588235294117647,1.4941176470588236,-0.06071778622728911,-1.0,-155.75200232733806,-8.456943779533814,-0.17304471911992603,0.00483224070657813,False
3.55099999999972,-0.22628291654599494,1.2588235294117647,1.4941176470588236,-0.062070727403759546,-1.0,-155.57373031734897,-8.444961621700948,-0.18149336694484874,0.0046549705009106285,False
3.55199999999972,-0.2258651394810112,1.2588235294117647,1.4941176470588236,-0.06336484505081823,-1.0,-155.39576820553228,-8.432827004171541,-0.18993002713368387,0.00446925776504278,False
3.5529999999997197,-0.2254468051162484,1.2588235294117647,1.4941176470588236,-0.06465896269787691,-1.0,-155.21810229822032,-8.42064823522342,-0.1983545737581824,0.004275114612008556,False
3.5539999999997196,-0.225027914483905,1.2588235294117647,1.4941176470588236,-0.06595308034493559,-1.0,-155.0407327235396,-8.40839916776782,-0.2067668874286482,0.004072553219454729,False
3.55419999999972,-0.2249440696962566,1.2588235294117647,1.4941176470588236,-0.06724719799199427,-1.0,-155.04039905221526,-8.396052394439016,-0.215166836156012,0.0038615858362800524,False
3.5549999999997195,-0.22460846861755196,1.2588235294117647,1.4941176470588236,-0.06854131563905295,-1.0,-162.18927801230734,-8.383565296863384,-0.2235542589856181,0.0036422248132095855,False
3.5559999999997194,-0.2241884685521303,1.2588235294117647,1.4941176470588236,-0.06983543328611164,-1.0,-167.16190541176223,-8.37099595964128,-0.2319290476717922,0.003414482622291978,False
3.5569999999997193,-0.22376791532394835,1.2588235294117647,1.4941176470588236,-0.07112955093317032,-1.0,-168.4558783404392,-8.358346863360339,-0.24029114732376436,0.0031783718256071674,False
3.557999999999719,-0.2233468099706795,1.2588235294117647,1.4941176470588236,-0.072423668580229,-1.0,-168.6892718862849,-8.34559709093681,-0.2486405207895519,0.0029339050719943056,False
3.558999999999719,-0.22292515353135925,1.2588235294117647,1.4941176470588236,-0.07371778622728768,-1.0,-168.61880698588558,-8.332741823096148,-0.2569771321645324,0.002681095110348933,False
3.559999999999719,-0.22250294704638302,1.2588235294117647,1.4941176470588236,-0.0749530803449346,-1.0,-168.46093445176996,-8.319798963795204,-0.2653009493204257,0.0024199547914845443,False
3.560999999999719,-0.22208019155750358,1.2588235294117647,1.4941176470588236,-0.07618837446258152,-1.0,-168.27833273927206,-8.306762525095953,-0.27361191770250826,0.002150497059832942,False
3.5619999999997187,-0.22165688810782758,1.2588235294117647,1.4941176470588236,-0.07742366858022844,-1.0,-168.08878813449135,-8.29362518124221,-0.2819099376892486,0.0018727349580433602,False
3.5629999999997186,-0.2212330377418144,1.2588235294117647,1.4941176470588236,-0.07865896269787535,-1.0,-167.89691731518033,-8.280405176855226,-0.29019488314744385,0.0015866816257055594,False
3.5639999999997185,-0.22080864150527274,1.2588235294117647,1.4941176470588236,-0.07989425681552227,-1.0,-167.70478071682578,-8.26709922787817,-0.29846660783135215,0.001292350283243252,False
3.5649999999997184,-0.2203837004453581,1.2588235294117647,1.4941176470588236,-0.08112955093316919,-1.0,-167.51243567419522,-8.253656038022207,-0.3067237085382716,0.0009897545226506008,False
3.5659999999997183,-0.21995821561057027,1.2588235294117647,1.4941176470588236,-0.08236484505081611,-1.0,-167.32029538592707,-8.240158051733541,-0.3149663657027328,0.0006789089351831011,False
3.566999999999718,-0.2195321880507509,1.2588235294117647,1.4941176470588236,-0.08360013916846303,-1.0,-167.12827018437747,-8.226562548426338,-0.3231954795760659,0.0003598274377025891,False
3.567999999999718,-0.21910561881708052,1.2588235294117647,1.4941176470588236,-0.08483543328610994,-1.0,-166.93630178926776,-8.212875234205635,-0.3314109847549425,3.2523619664422497e-05,False
3.568999999999718,-0.21867850896207636,1.2588235294117647,1.4941176470588236,-0.08607072740375686,-1.0,-166.74442100547836,90.20919465700196,-0.32810186083115545,-3.367372818544885e-05,False
3.569999999999718,-0.2182508595395895,1.2588235294117647,1.4941176470588236,-0.08730602152140378,-1.0,-166.55284819347386,90.20919465700196,-0.32810186083115545,-3.367372818544885e-05,True
3.5709999999997177,-0.21782267160480245,1.2588235294117647,1.4941176470588236,-0.0885413156390507,-1.0,-166.36209716242556,694.7022024842704,0.19660497422887235,-0.00012631723777818858,False
3.5719999999997176,-0.2173939462142263,1.2588235294117647,1.4941176470588236,-0.08977660975669761,-1.0,-166.17069835051382,-8.583716454018692,0.32661886813175134,0.00018569454682731775,False
3.5729999999997175,-0.2169646844256986,1.2588235294117647,1.4941176470588236,-0.09101190387434453,-1.0,-165.97960281549527,-8.851045564625078,0.3177830711975821,0.0005079017517018344,False
3.5739999999997174,-0.2165348872983797,1.2588235294117647,1.4941176470588236,-0.09224719799199145,-1.0,-165.78871573151736,-8.92360773925138,0.30886489564455377,0.00082122760724126,False
3.5749999999997173,-0.21610455589275146,1.2705882352941176,1.4941176470588236,-0.09348249210963837,-1.0,-165.59801070407667,-8.939936784815645,0.2999275389924257,0.0011256244490963354,False
3.575999999999717,-0.21567369127061384,1.2705882352941176,1.4941176470588236,-0.09471778622728529,-1.0,-165.40748148798616,-8.940078807609623,0.2909879837919395,0.0014210827386065708,False
3.576999999999717,-0.21524229449508253,1.2705882352941176,1.4941176470588236,-0.0959530803449322,-1.0,-165.21712631291086,-8.935486727540043,0.2820524085910682,0.0017076032230862507,False
3.577999999999717,-0.21481036663058617,1.2705882352941176,1.4941176470588236,-0.09712955093316737,-1.0,-165.02694922303178,-8.929467862114741,0.2731225704770537,0.001985190724422359,False
3.578999999999717,-0.2143779087428638,1.2705882352941176,1.4941176470588236,-0.09830602152140254,-1.0,-164.83696973341026,-8.922961881858404,0.26419913452535,0.0022538512967842923,False
3.5799999999997167,-0.2139449218989623,1.2705882352941176,1.4941176470588236,-0.09948249210963771,-1.0,-164.64711630908658,-8.916223154231664,0.2552823300720369,0.0025135914628744136,False
3.5809999999997166,-0.21351140716723366,1.2705882352941176,1.5058823529411764,-0.10065896269787288,-1.0,-164.45745521892007,-8.909348692660695,0.2463722561285682,0.0027644179630274563,False
3.5819999999997165,-0.21307736561733237,1.2705882352941176,1.5058823529411764,-0.10183543328610804,-1.0,-164.2680399283221,-8.902332457492516,0.23746902213464893,0.0030063376815082916,False
3.5829999999997164,-0.2126427983202128,1.2705882352941176,1.5058823529411764,-0.10301190387434321,-1.0,-164.07878745253865,-8.895219460864519,0.22857274000762115,0.003239357634638408,False
3.5839999999997163,-0.21220770634812655,1.2705882352941176,1.5058823529411764,-0.10324719799199077,-1.0,-163.88971419849213,-8.888012733958462,0.2196835261357611,0.003463484937654968,False
3.584999999999716,-0.21177209077462014,1.2705882352941176,1.5058823529411764,0.0,-1.0,-163.70028716513886,-8.880680061476632,0.2108015356618068,0.0036787268014397685,False
3.585999999999716,-0.21133595267453112,1.2705882352941176,1.5058823529411764,0.0,-1.0,-163.5120679164945,-8.87321647725104,0.20192695487617088,0.0038850905579432085,False
3.586999999999716,-0.21089929312398714,1.2705882352941176,1.5058823529411764,-0.0009411763529405408,-1.0,-163.32363899196173,-8.865664109735562,0.1930599362571583,0.004082583661231684,False
3.587999999999716,-0.21046211320040226,1.2705882352941176,1.5058823529411764,-0.0021176469411757055,-1.0,-163.13529973730613,-8.858057156026414,0.1842005639636844,0.004271213647223202,False
3.5889999999997158,-0.2100244139824745,1.2705882352941176,1.5058823529411764,-0.0032941175294108702,-1.0,-162.9473091558629,-8.850290701873044,0.17534896392209998,0.004450988134729913,False
3.5899999999997156,-0.20958619655018312,1.2705882352941176,1.5058823529411764,-0.004470588117646035,-1.0,-162.75943817206195,-8.842408235187758,0.16650524541630427,0.0046219148801166544,False
3.5909999999997155,-0.20914746198478615,1.2705882352941176,1.5058823529411764,-0.005647058705881199,-1.0,-162.57174620263262,-8.834427626900034,0.15766948273449097,0.00478400175968175,False
3.5919999999997154,-0.20870821136881743,1.2705882352941176,1.5058823529411764,-0.006823529294116363,-1.0,-162.3842771368648,-8.826353075458439,0.14884172806189874,0.004937256751045139,False
3.5929999999997153,-0.20826844578608422,1.2705882352941176,1.5058823529411764,-0.007999999882351528,-1.0,-162.19704134873885,-8.818166506845628,0.14002205089330272,0.005081687927834302,False
3.593999999999715,-0.20782816632166443,1.2705882352941176,1.5058823529411764,-0.009176470470586692,-1.0,-162.0099882142541,-8.809866533290442,0.13121055203848472,0.0052173034741882845,False
3.594999999999715,-0.2073873740619038,1.2705882352941176,1.5058823529411764,-0.010352941058821856,-1.0,-161.8227314888008,-8.801465008279632,0.12240734275317675,0.005344111687603683,False
3.595999999999715,-0.20694607009441368,1.2705882352941176,1.5058823529411764,-0.01152941164705702,-1.0,-161.63619433606308,-8.792956676776376,0.11361254209298709,0.005462120968204483,False
3.596999999999715,-0.20650425550806725,1.2705882352941176,1.5058823529411764,-0.012705882235292185,-1.0,-161.45019579650113,-8.784334279465803,0.10482628872868766,0.005571339820347223,False
3.5979999999997148,-0.20606193139299842,1.2705882352941176,1.5058823529411764,-0.01388235282352735,-1.0,-161.26400074381309,-8.775618217444089,0.09604871651139081,0.0056717768570013925,False
3.5989999999997146,-0.20561909884059779,1.2705882352941176,1.5058823529411764,-0.015058823411762514,-1.0,-161.0780717792308,-8.766807107877463,0.08727993994640552,0.005763440788490999,False
3.5999999999997145,-0.2051757589435108,1.2705882352941176,1.5058823529411764,-0.01623529399999768,-1.0,-160.89244152873937,-8.757871132225494,0.07852007747034814,0.0058463404250344245,False
3.6009999999997144,-0.20473191279563452,1.2823529411764705,1.5058823529411764,-0.017411764588232844,-1.0,-160.70700724243167,-8.748822932071938,0.06976924342364701,0.005920484694682549,False
3.6019999999997143,-0.20428756149211527,1.2823529411764705,1.5058823529411764,-0.01858823517646801,-1.0,-160.52213362972404,-8.739665707419626,0.061027540904128895,0.005985882644624237,False
3.602999999999714,-0.2038427061293456,1.2823529411764705,1.5058823529411764,-0.019764705764703173,-1.0,-160.33696433906755,-8.730466985683409,0.052295004855978676,0.006042543413452151,False
3.603999999999714,-0.203397347804962,1.2823529411764705,1.5058823529411764,-0.020941176352938337,-1.0,-160.15192385242443,-8.721119852601836,0.04357173280676902,0.006090476214232864,False
3.604999999999714,-0.2029514876178418,1.2823529411764705,1.5058823529411764,-0.0221176469411735,-1.0,-159.96731880782357,-8.711654890906392,0.034857844947264925,0.0061296903913356385,False
3.605999999999714,-0.20250512666810072,1.2823529411764705,1.4941176470588236,-0.023294117529408666,-1.0,-159.78295083061946,-8.702114297209679,0.026153434010258037,0.0061601954012331876,False
3.6069999999997138,-0.20205826605709007,1.2823529411764705,1.4941176470588236,-0.024411764588232073,-1.0,-159.59873191358795,-8.692473933644802,0.0174585990459917,0.006182000787884605,False
3.6079999999997137,-0.20161090688739416,1.2823529411764705,1.4941176470588236,-0.02552941164705548,-1.0,-159.41470469735924,-8.682713667304887,0.008773461566969745,0.006195116195300317,False
3.6089999999997135,-0.20116305026282683,1.2823529411764705,1.4941176470588236,-0.026647058705878888,-1.0,-159.23125728060975,-8.672844815298566,9.814475370692573e-05,0.006199551380020509,False
3.6099999999997134,-0.20071469728842994,1.2823529411764705,1.4941176470588236,-0.027764705764702295,-1.0,-159.04775674310835,-8.662885601748942,-0.00856724800515611,0.006195316204276039,False
3.6109999999997133,-0.20026584907047,1.2823529411764705,1.4941176470588236,-0.028882352823525703,-1.0,-158.8646846792374,-8.652826587779655,-0.01722262229638787,0.006182420626565429,False
3.611999999999713,-0.19981650671643528,1.2823529411764705,1.4941176470588236,-0.02999999988234911,-1.0,-158.6821853730249,-8.642637335178728,-0.02586786645384678,0.006160874713791449,False
3.612999999999713,-0.19936667133503347,1.2823529411764705,1.4941176470588236,-0.031176470470584274,-1.0,-158.49955418502915,-8.632374295414968,-0.03450290527463028,0.0061306886433777925,False
3.613999999999713,-0.19891634403618855,1.2823529411764705,1.4941176470588236,-0.03235294105881944,-1.0,-158.31723277312113,-8.622029062317758,-0.043127669806153845,0.0060918726726600075,False
3.614999999999713,-0.19846552593103844,1.2823529411764705,1.4941176470588236,-0.033529411647054606,-1.0,-158.13517368196588,-8.611553202719167,-0.05174204343769903,0.006044437156157531,False
3.6159999999997128,-0.19801421813193196,1.2823529411764705,1.4941176470588236,-0.034705882235289774,-1.0,-157.9533385353105,-8.60098005631346,-0.06034590961104637,0.00598839256822735,False
3.6169999999997127,-0.19756242175242628,1.2823529411764705,1.4941176470588236,-0.03588235282352494,-1.0,-157.7717867724987,-8.590322430370334,-0.0689391670605649,0.00592374947940669,False
3.6179999999997126,-0.19711013790728396,1.2823529411764705,1.4941176470588236,-0.03705882341176011,-1.0,-157.5905089515693,-8.579556955272308,-0.07752170128124676,0.00585051854747892,False
3.6189999999997124,-0.19665736771247053,1.2823529411764705,1.4941176470588236,-0.03823529399999528,-1.0,-157.40951859273662,-8.568691690550965,-0.08609339086226152,0.005768710530332369,False
3.6199999999997123,-0.19620411228515167,1.2823529411764705,1.4941176470588236,-0.039411764588230445,-1.0,-157.22888752785252,-8.55770373318486,-0.09465410180927844,0.005678336297030394,False
3.6209999999997122,-0.19575037274368956,1.2823529411764705,1.4941176470588236,-0.04058823517646561,-1.0,-157.04831581046852,-8.546624748355091,-0.10320374165875688,0.0055794068296078254,False
3.621999999999712,-0.19529615020764166,1.2823529411764705,1.4941176470588236,-0.04176470576470078,-1.0,-156.86810337932553,-8.535450747915396,-0.1117422405329093,0.0054719331990114774,False
3.622999999999712,-0.19484144579775695,1.2823529411764705,1.4941176470588236,-0.04294117635293595,-1.0,-156.68815364625152,-8.52416744700433,-0.12026951567492496,0.005355926573961589,False
3.623999999999712,-0.19438626063597336,1.2823529411764705,1.4941176470588236,-0.04411764694117112,-1.0,-156.50848463885876,-8.512785131302337,-0.1287854890169991,0.005231398233700182,False
3.624999999999712,-0.193930595845415,1.2941176470588236,1.4941176470588236,-0.045294117529406284,-1.0,-156.32911367233262,-8.501304889792108,-0.13729008881110513,0.005098359558522005,False
3.6259999999997117,-0.19347445255038948,1.2941176470588236,1.4941176470588236,-0.04647058811764145,-1.0,-156.1500185264015,-8.489740359934626,-0.1457832388371952,0.004956822019761932,False
3.6269999999997116,-0.19301783187638502,1.2941176470588236,1.4941176470588236,-0.04764705870587662,-1.0,-155.97120291534216,-8.478065432493564,-0.15426482088753757,0.0048067971830824995,False
3.6279999999997115,-0.19256073495006773,1.2941176470588236,1.4941176470588236,-0.04882352929411179,-1.0,-155.7926934259245,-8.466306216967062,-0.16273471603440426,0.004648296717188825,False
3.6289999999997113,-0.19210316289927887,1.2941176470588236,1.4941176470588236,-0.049999999882346956,-1.0,-155.614504074406,-8.454456494584427,-0.17119280305259135,0.004481332375467086,False
3.6299999999997112,-0.19164511685303193,1.2941176470588236,1.4941176470588236,-0.051176470470582124,-1.0,-155.43667159434125,-8.442482645268162,-0.17963892779630328,0.004305916007981098,False
3.630999999999711,-0.19118659794151005,1.2941176470588236,1.4941176470588236,-0.05235294105881729,-1.0,-155.25922607861222,-8.430429961977069,-0.18807296614570138,0.0041220595749029846,False
3.6311325195309614,-0.19112579980658415,1.2941176470588236,1.4941176470588236,-0.05352941164705246,-1.0,-155.25092834711458,-8.418290225247755,-0.19649482761973658,0.003929775122402577,False
3.631999999999711,-0.19072760729606333,1.2941176470588236,1.4941176470588236,-0.05464705870587586,-1.0,-163.03038849617656,-8.406031267771281,-0.2049044264993914,0.0037290747881922413,False
3.632999999999711,-0.190268146049205,1.2941176470588236,1.4941176470588236,-0.05576470576469927,-1.0,-167.25543872079646,-8.39366445473943,-0.2133016876004518,0.0035199708218366685,False
3.633999999999711,-0.1898082153346103,1.2941176470588236,1.4941176470588236,-0.05688235282352267,-1.0,-168.33485463912012,-8.381227739578737,-0.22168657229390767,0.003302475577877852,False
3.6349999999997107,-0.1893478162871125,1.2941176470588236,1.4941176470588236,-0.057999999882346075,-1.0,-168.5077806701995,-8.368712761610622,-0.23005905758803286,0.0030766014912283366,False
3.6359999999997106,-0.18888695004270056,1.2941176470588236,1.4941176470588236,-0.05911764694116948,-1.0,-168.41973113073524,-8.356082110351819,-0.23841908143419857,0.0028423610816851064,False
3.6369999999997105,-0.1884256177385161,1.2941176470588236,1.4941176470588236,-0.060176470470581125,-1.0,-168.25703957697635,-8.343330313616713,-0.24676652849646918,0.0025997669826940298,False
3.6379999999997104,-0.18796382051285068,1.2941176470588236,1.4941176470588236,-0.06123529399999277,-1.0,-168.07303782886103,-8.330511225589676,-0.2551012876144477,0.00234883193855014,False
3.6389999999997102,-0.18750155950514313,1.2941176470588236,1.4941176470588236,-0.06229411752940442,-1.0,-167.88307114619076,-8.317609325431834,-0.26342323493644915,0.0020895687712926122,False
3.63999999999971,-0.1870388358559764,1.2941176470588236,1.4941176470588236,-0.06335294105881607,-1.0,-167.69181204768353,-8.304596846823975,-0.2717322100313415,0.0018219903875395847,False
3.64099999999971,-0.1865756507070752,1.2941176470588236,1.4941176470588236,-0.06441176458822773,-1.0,-167.49978303817977,-8.291484347115672,-0.2800280478538963,0.0015461097953777861,False
3.64199999999971,-0.18611200520130286,1.2941176470588236,1.4941176470588236,-0.06547058811763938,-1.0,-167.30781019516752,-8.278287105711243,-0.2883106154420067,0.0012619400989368687,False
3.64299999999971,-0.18564790048265853,1.2941176470588236,1.4941176470588236,-0.06652941164705103,-1.0,-167.11605222133107,-8.265018326374465,-0.2965790668604374,0.0009694946245970767,False
3.6439999999997097,-0.1851833376962747,1.2941176470588236,1.4941176470588236,-0.06758823517646269,-1.0,-166.92421599262093,-8.251611952240586,-0.30483311867972596,0.0006687880243737346,False
3.6449999999997096,-0.1847183179884134,1.2941176470588236,1.4941176470588236,-0.06864705870587434,-1.0,-166.73262522748524,-8.238105580482342,-0.3130737186862735,0.0003598340675675549,False
3.6459999999997095,-0.18425284250646476,1.2941176470588236,1.4941176470588236,-0.069705882235286,-1.0,-166.54106958615662,-8.224567523610073,-0.3213008191641657,4.264622318085086e-05,False
3.6469999999997094,-0.18378691239894326,1.2941176470588236,1.4941176470588236,-0.07076470576469765,-1.0,-166.34960211631937,47.17495907424303,-0.32017482873977476,-2.1639843145902794e-05,False
3.6479999999997093,-0.18332052881548516,1.2941176470588236,1.4941176470588236,-0.0718235292941093,-1.0,-166.15864728718117,47.17495907424303,-0.32017482873977476,-2.1639843145902794e-05,True
3.648999999999709,-0.18285369290684553,1.3058823529411765,1.4941176470588236,-0.07288235282352096,-1.0,-154.32206499491576,572.7211480408944,0.2269693805787459,-0.00011086188230047572,False
3.649999999999709,-0.18238640582489563,1.3058823529411765,1.4941176470588236,-0.07394117635293261,-1.0,-162.44019965986777,-8.628383662522152,0.3170632235480181,0.00019856202892748614,False
3.650999999999709,-0.18191866872261986,1.3058823529411765,1.4941176470588236,-0.07499999988234426,-1.0,-164.6400925484238,-8.85603631685495,0.30822040251089056,0.0005112091956317676,False
3.651999999999709,-0.181450482754113,1.3058823529411765,1.4941176470588236,-0.07605882341175592,-1.0,-165.1370675349113,-8.917123808475862,0.29930810006016073,0.0008149750592933035,False
3.6529999999997087,-0.1809818490745774,1.3058823529411765,1.4941176470588236,-0.07711764694116757,-1.0,-165.1445311299513,-8.930125289757179,0.2903803279390577,0.0011098198144914528,False
3.6539999999997086,-0.18051276884032008,1.3058823529411765,1.4941176470588236,-0.07817647047057923,-1.0,-165.0109785780281,-8.929244343443752,0.2814523276519114,0.0013957364132651771,False
3.6549999999997085,-0.18004324320875018,1.3058823529411765,1.4941176470588236,-0.07923529399999088,-1.0,-164.83783597375214,-8.924261306661748,0.27252764003088675,0.0016727264100329321,False
3.6559999999997084,-0.17957327333837494,1.3058823529411765,1.4941176470588236,-0.08023529399999077,-1.0,-164.65292101568903,-8.918027784570624,0.26360896228440095,0.001940794676736181,False
3.6569999999997083,-0.1791028603887986,1.3058823529411765,1.4941176470588236,-0.08123529399999066,-1.0,-164.46461736155428,-8.911374140230631,0.25469690468806006,0.002199947468261776,False
3.657999999999708,-0.17863200552071837,1.3058823529411765,1.4941176470588236,-0.08223529399999055,-1.0,-164.27560743128012,-8.904539989556087,0.24579165688884608,0.0024501914367820836,False
3.658999999999708,-0.17816070989592178,1.3058823529411765,1.4941176470588236,-0.08323529399999044,-1.0,-164.086533427688,-8.897539961851727,0.23689332999959123,0.0026915334234694586,False
3.659999999999708,-0.17768897467728395,1.3058823529411765,1.4941176470588236,-0.08423529399999033,-1.0,-163.8975970630372,-8.89042407542844,0.22800200542857543,0.0029239804237570803,False
3.660999999999708,-0.1772168010287646,1.3058823529411765,1.5058823529411764,-0.08523529399999022,-1.0,-163.7088950331227,-8.883207445102748,0.21911775508420048,0.0031475395512655835,False
3.6619999999997077,-0.17674419011540538,1.3058823529411765,1.5058823529411764,-0.08623529399999011,-1.0,-163.52048071744812,-8.875868035277271,0.21024068490891304,0.003362218026846659,False
3.6629999999997076,-0.17627114310332667,1.3058823529411765,1.5058823529411764,-0.08636781353124037,-1.0,-163.33206236088657,-8.868424352965574,0.20137092407494034,0.003568023184927119,False
3.6639999999997075,-0.17579766115972495,1.3058823529411765,1.5058823529411764,0.0,-1.0,-163.14377239285488,-8.860873768372292,0.19250862101883442,0.003764962467314304,False
3.6649999999997074,-0.1753237454528698,1.3058823529411765,1.5058823529411764,0.0,-1.0,-162.9557453326026,-8.853209485986763,0.1836539308947359,0.003953043423320311,False
3.6659999999997073,-0.1748493971521012,1.3058823529411765,1.5058823529411764,-0.0008674803687496178,-1.0,-162.7681133148861,-8.845444018297416,0.17480699641247538,0.0041322737071312595,False
3.666999999999707,-0.17437461742782664,1.3058823529411765,1.5058823529411764,-0.0018674803687495074,-1.0,-162.58045604484303,-8.221412407693517,0.16643007444798294,0.004302853627693371,False
3.667999999999707,-0.17389940745151738,1.3058823529411765,1.5058823529411764,-0.002867480368749397,-1.0,-162.39309943833,-8.653070750916827,0.1578854719141125,0.00446503876844694,False
3.668999999999707,-0.17342376839570708,1.3058823529411765,1.5058823529411764,-0.0038674803687492867,-1.0,-162.20555390228006,-8.771482294984088,0.14914417996113022,0.004618561310990645,False
3.669999999999707,-0.17294770143398783,1.3058823529411765,1.5058823529411764,-0.004867480368749177,-1.0,-162.01834436283428,-8.799663915924553,0.140352149951632,0.004763311430207693,False
3.6709999999997067,-0.1724712077410075,1.3058823529411765,1.5058823529411764,-0.0058674803687490664,-1.0,-161.8315845394315,-8.80183642827587,0.13155141605464968,0.004899263403837456,False
3.6719999999997066,-0.1719942884924669,1.3058823529411765,1.5058823529411764,-0.006867480368748956,-1.0,-161.645417884823,-8.796447097244803,0.12275412335767331,0.005026415772855483,False
3.6729999999997065,-0.17151694486511693,1.3176470588235294,1.5058823529411764,-0.007867480368748845,-1.0,-161.45906986220555,-8.78884417509706,0.11396380073550458,0.005144774121547889,False
3.6739999999997064,-0.17103917803675547,1.3176470588235294,1.5058823529411764,-0.008867480368748735,-1.0,-161.27299234705896,-8.780492185768995,0.10518155998141658,0.005254346121746558,False
3.6749999999997063,-0.17056098918622473,1.3176470588235294,1.5058823529411764,-0.009867480368748625,-1.0,-161.08720398354828,-8.771848002424033,0.0964078227941957,0.005355140143049563,False
3.675999999999706,-0.17008237949340813,1.3176470588235294,1.5058823529411764,-0.010867480368748515,-1.0,-160.9017796498376,-8.763058850806495,0.0876427942553153,0.005447164830894414,False
3.676999999999706,-0.16960335013922753,1.3176470588235294,1.5058823529411764,-0.011867480368748405,-1.0,-160.7161325473773,-8.754149851372857,0.07888662272055276,0.005530428976258868,False
3.677999999999706,-0.1691239023056402,1.3176470588235294,1.4941176470588236,-0.012867480368748295,-1.0,-121.2403660936065,-8.74512912216773,0.07013943861507098,0.005604941487164784,False
3.678999999999706,-0.16864403717563636,1.3176470588235294,1.4941176470588236,-0.013867480368748185,-1.0,-128.87302506673234,-8.736007788310133,0.061401352854852334,0.005670711379514542,False
3.6799999999997057,-0.1681637559332349,1.3176470588235294,1.4941176470588236,-0.014867480368748074,-1.0,-148.22954844531688,-8.726788296881153,0.0526724611180633,0.00572774777010601,False
3.6809999999997056,-0.16768305976348233,1.3176470588235294,1.4941176470588236,-0.015867480368747962,-1.0,-156.61555765035553,-8.717452159102356,0.04395286481097343,0.005776059881241044,False
3.6819999999997055,-0.1672019498524487,1.3176470588235294,1.4941176470588236,-0.016867480368747852,-1.0,-158.89664756674787,-8.708011190456173,0.03524265713419157,0.005815657048667737,False
3.6829999999997054,-0.16672042738722487,1.3176470588235294,1.4941176470588236,-0.017808656839335985,-0.8992305235613143,-159.4222427475349,-8.698473195717167,0.026541921777750114,0.0058465487108618165,False
3.6839999999997053,-0.16623849355591963,1.3176470588235294,1.4941176470588236,-0.018749833309924118,-1.0,-159.44211865626966,-8.688836580141555,0.01785074927537319,0.005868744402419211,False
3.684999999999705,-0.16575614954765683,1.3176470588235294,1.4941176470588236,-0.01969100978051225,-1.0,-159.31659548043237,-8.679080634334195,0.009169259091025941,0.0058822537633688885,False
3.685999999999705,-0.16527339655257237,1.3176470588235294,1.4941176470588236,-0.020632186251100384,-1.0,-159.15009275184212,-8.669232163097563,0.000497560629723121,0.005887086544862623,False
3.686999999999705,-0.16479023576181123,1.3176470588235294,1.4941176470588236,-0.021573362721688517,-1.0,-158.97211460211923,-8.659261504809088,-0.0081642238820312,0.0058832525991231255,False
3.687999999999705,-0.16430666836752467,1.3176470588235294,1.4941176470588236,-0.02251453919227665,-1.0,-158.79073934527707,-8.649189638822953,-0.01681597961014722,0.005870761888657899,False
3.6889999999997047,-0.16382269556286716,1.3176470588235294,1.4941176470588236,-0.023455715662864782,-1.0,-158.6085491251512,-8.63902828558727,-0.02545760736248788,0.005849624475550009,False
3.6899999999997046,-0.1633383185419935,1.3176470588235294,1.4941176470588236,-0.024396892133452915,-1.0,-158.42629466533324,-8.628786516084872,-0.03408903002495,0.005819850510573383,False
3.6909999999997045,-0.16285353850005604,1.3176470588235294,1.4941176470588236,-0.025338068604041048,-1.0,-158.24420015592256,-8.618417629682094,-0.04271014670583916,0.00578145023843328,False
3.6919999999997044,-0.16236835663320093,1.3176470588235294,1.4941176470588236,-0.02627924507462918,-1.0,-158.06185767512824,-8.607952339044484,-0.05132086455377452,0.005734434018812589,False
3.6929999999997043,-0.16188277413856633,1.3176470588235294,1.4941176470588236,-0.027220421545217314,-1.0,-157.88039070791132,-8.597398667630262,-0.05992110127797069,0.005678812310705281,False
3.693999999999704,-0.16139679221427886,1.3176470588235294,1.4941176470588236,-0.028161598015805447,-1.0,-157.69944145689306,-8.586747501185435,-0.06851076865156393,0.005614595664958721,False
3.694999999999704,-0.16091041205945056,1.3176470588235294,1.4941176470588236,-0.029161598015805337,-1.0,-157.51834243894135,-8.575959938870414,-0.077089735187387,0.005541794738727323,False
3.695999999999704,-0.16042363487417616,1.3294117647058823,1.4941176470588236,-0.030161598015805226,-1.0,-153.81269476509192,-6.486274597753206,-0.0840987645022349,0.005461069940612017,False
3.696999999999704,-0.15993646185952995,1.3294117647058823,1.4941176470588236,-0.031161598015805116,-1.0,-156.14664615141794,-6.888974759906543,-0.09088739858079459,0.005373602133294395,False
3.6979999999997037,-0.1594488942175629,1.3294117647058823,1.4941176470588236,-0.032161598015805,-1.0,-156.69003333900375,-7.911871326361217,-0.09854387430450788,0.005278950554411543,False
3.6989999999997036,-0.1589609331512997,1.3294117647058823,1.4941176470588236,-0.03316159801580489,-1.0,-156.71838507379204,-8.354208407549281,-0.10678781472681448,0.005176312462909037,False
3.6999999999997035,-0.15847257986473584,1.3294117647058823,1.4941176470588236,-0.03416159801580478,-1.0,-156.59799679343269,-8.473437743641394,-0.11523174540113011,0.0050653101769026964,False
3.7009999999997034,-0.1579838355628344,1.3294117647058823,1.4941176470588236,-0.03516159801580467,-1.0,-156.43588918519833,-8.499692464543449,-0.12372517282081301,0.00494583330050579,False
3.7019999999997033,-0.15749470145152375,1.3294117647058823,1.4941176470588236,-0.03616159801580456,-1.0,-156.26171387052304,-8.499072984595331,-0.1322247312969962,0.004817858138220667,False
3.702999999999703,-0.15700517873769304,1.3294117647058823,1.4941176470588236,-0.03716159801580445,-1.0,-156.0843063818163,-8.490632231437184,-0.14071786918191967,0.0046813860434611314,False
3.703999999999703,-0.15651526862919124,1.3294117647058823,1.4941176470588236,-0.03816159801580434,-1.0,-155.90648313146497,-8.479918179602922,-0.14920094578779994,0.004536425651820128,False
3.704999999999703,-0.15602497233482282,1.3294117647058823,1.4941176470588236,-0.03916159801580423,-1.0,-155.7282786366284,-8.4685017329058,-0.1576728761541098,0.004382987733381507,False
3.705999999999703,-0.15553429106434513,1.3294117647058823,1.4941176470588236,-0.04016159801580412,-1.0,-155.55033015955038,-8.456790703900483,-0.16613326105189127,0.004221083730871358,False
3.7066043212887667,-0.15523757581382883,1.3294117647058823,1.4941176470588236,-0.041102774486392255,-1.0,-155.49464338553275,-8.444915980689805,-0.17458187892100643,0.004050725363627032,False
3.7069999999997028,-0.15504322602846546,1.3294117647058823,1.4941176470588236,-0.04204395095698039,-1.0,-156.83989943478477,-8.432930879788659,-0.18301856473172237,0.00387192450616098,False
3.7079999999997026,-0.15455177843883797,1.3294117647058823,1.4941176470588236,-0.04298512742756852,-1.0,-165.38899909464084,-8.420847138421335,-0.19144317490585225,0.0036846931427436725,False
3.7089999999997025,-0.1540599495080607,1.3294117647058823,1.4941176470588236,-0.04392630389815665,-1.0,-167.70971173934439,-8.408636215412358,-0.1998555559170575,0.003489043364374338,False
3.7099999999997024,-0.15356774044967267,1.3294117647058823,1.4941176470588236,-0.044867480368744786,-1.0,-168.23940741938358,-8.39636349504383,-0.2082556142638392,0.0032849873662365433,False
3.7109999999997023,-0.15307515247815082,1.3294117647058823,1.4941176470588236,-0.04574983330992116,-0.660043466351834,-168.2547043775553,-8.384011408659278,-0.21664328725001383,0.0030725374136076704,False
3.711999999999702,-0.15258218680890695,1.3294117647058823,1.4941176470588236,-0.04663218625109754,-0.8250830706736129,-168.1216045617895,-8.371534079689285,-0.22501849626704057,0.0028517058625884884,False
3.712999999999702,-0.1520888446582849,1.3294117647058823,1.4941176470588236,-0.047514539192273914,-0.9745010675043906,-167.91948721074377,-8.17246204725619,-0.23324130903385687,0.0026225634653208436,False
3.713999999999702,-0.15159512724355761,1.3294117647058823,1.4941176470588236,-0.04839689213345029,-1.0,-167.72419317568705,-8.292842202742124,-0.24150471378311864,0.0023851977797714565,False
3.714999999999702,-0.15110103578292325,1.3294117647058823,1.4941176470588236,-0.049279245074626665,-1.0,-167.5312067890384,-8.318382633106404,-0.24981748733920897,0.0021395380066390247,False
3.7159999999997018,-0.15060657149550358,1.3294117647058823,1.4941176470588236,-0.05016159801580304,-1.0,-167.33898141457496,-8.316551878630165,-0.25813541003556373,0.0018855612060377225,False
3.7169999999997017,-0.15011173560134008,1.3294117647058823,1.4941176470588236,-0.05104395095697942,-1.0,-167.14709273346716,-8.306734405882592,-0.2664456292518578,0.001623269969065385,False
3.7179999999997015,-0.14961652932139116,1.3411764705882352,1.4941176470588236,-0.05192630389815579,-1.0,-101.78763242708429,-8.294613180861113,-0.27474437331156787,0.0013526743126894417,False
3.7189999999997014,-0.14912095387752908,1.3411764705882352,1.4941176470588236,-0.05280865683933217,-1.0,-97.52384116079025,-8.28172948132542,-0.2830297147113558,0.0010737865830182883,False
3.7199999999997013,-0.14862501049253699,1.3411764705882352,1.4941176470588236,-0.053691009780508545,-1.0,-109.44391614884859,-8.268582503780413,-0.2913006506062733,0.0007866208673334159,False
3.720999999999701,-0.1481287003901059,1.3411764705882352,1.4941176470588236,-0.05457336272168492,-1.0,-124.77078459184712,-8.255308068112337,-0.29955837483871134,0.0004911908118781398,False
3.721999999999701,-0.14763202479483162,1.3411764705882352,1.4941176470588236,-0.055455715662861296,-1.0,-139.9517611779845,-8.241891165744331,-0.3078027477466425,0.00018750970502947112,False
3.722999999999701,-0.14713498493221183,1.3411764705882352,1.4941176470588236,-0.05633806860403767,-1.0,-154.08069444072729,76.20742143054447,-0.30934314164992815,-2.9758157485172244e-05,False
3.723999999999701,-0.146637582028643,1.3411764705882352,1.4941176470588236,-0.05722042154521405,-1.0,-162.59847769104783,76.20742143054447,-0.30934314164992815,-2.9758157485172244e-05,True
3.7249999999997008,-0.14613981731141729,1.3411764705882352,1.4941176470588236,-0.058102774486390424,-1.0,-164.9195222618031,724.776164889947,-0.1469470456032573,-0.00012934722144187347,False
3.7259999999997007,-0.14564169200871996,1.3411764705882352,1.4941176470588236,-0.0589851274275668,-1.0,-165.4508870369171,-8.298825448793156,0.3111682083645751,4.347500158129024e-05,False
3.7269999999997006,-0.1451432073496252,1.3411764705882352,1.4941176470588236,-0.059867480368743176,-1.0,-165.46789071981198,-8.755155244966867,0.3024376486597894,0.0003502884649541931,False
3.7279999999997004,-0.1446443645640945,1.3411764705882352,1.4941176470588236,-0.06074983330991955,-1.0,-165.33765410460708,-8.88185674808498,0.2935638997101032,0.0006482923414802302,False
3.7289999999997003,-0.14414516488297294,1.3411764705882352,1.4941176470588236,-0.06157336272168417,-0.9694969734229264,-165.16466804883473,-8.913686198965268,0.28465354565533807,0.0009374019960235515,False
3.7299999999997,-0.14364560953798608,1.3411764705882352,1.4941176470588236,-0.06239689213344879,-1.0,-164.98053422033277,-8.918156377263152,0.27573726331076315,0.0012175976911506232,False
3.7309999999997,-0.14314569976173705,1.3411764705882352,1.4941176470588236,-0.0632204215452134,-1.0,-164.79105449921272,-8.915373064384896,0.2650408131677285,0.001542064966221137,False
3.7319999999997,-0.14264543678770358,1.3411764705882352,1.4941176470588236,-0.06404395095697801,-1.0,-164.6018254333963,-8.908094584133046,0.25613172207920987,0.0018026510696541047,False
3.7329999999997,-0.14214482185023478,1.3411764705882352,1.4941176470588236,-0.06486748036874262,-1.0,-164.41243254292976,-8.90105933907403,0.24722982267485072,0.002054331657451829,False
3.7339999999997,-0.14164385618454828,1.3411764705882352,1.4941176470588236,-0.06569100978050724,-1.0,-164.22326845869804,-8.89403047205409,0.23833501570822976,0.002297113745927001,False
3.7349999999996997,-0.14114254102672705,1.3411764705882352,1.4941176470588236,-0.06651453919227185,-1.0,-164.0340508987228,-8.886926354843633,0.2294472983915899,0.002531004357341886,False
3.7359999999996996,-0.14064087761371638,1.3411764705882352,1.4941176470588236,-0.06733806860403646,-1.0,-163.84511378371448,-8.879722501172983,0.2205667008798234,0.0027560105930509423,False
3.7369999999996995,-0.14013886718332091,1.3411764705882352,1.5058823529411764,-0.06816159801580107,-1.0,-163.65636919525153,-5.424458256933228,0.21427925218983387,0.002973217144570672,False
3.7379999999996993,-0.13963651097420174,1.3411764705882352,1.5058823529411764,-0.06898512742756568,-1.0,-163.46782654923018,-5.201638554014851,0.2090226127924788,0.003184853613570084,False
3.7389999999996992,-0.13913381022587232,1.3411764705882352,1.5058823529411764,-0.0698086568393303,-1.0,-163.27948339085467,-5.835020498576655,0.2033465120938098,0.0033910772699045555,False
3.739999999999699,-0.13863076617869705,1.3411764705882352,1.5058823529411764,-0.07030633319502994,-1.0,-163.09134162055383,-6.648572120057538,0.19690179555930143,0.0035912519235202136,False
3.740999999999699,-0.1381273800738871,1.3529411764705883,1.5058823529411764,0.0,-1.0,-162.90339738967526,-7.454317258616778,0.18964932274740004,0.0037845777015339554,False
3.741999999999699,-0.13762365315349767,1.3529411764705883,1.5058823529411764,0.0,-1.0,-162.71515059418672,-8.20429869235087,0.18163291964442824,0.00397026577078755,False
3.742999999999699,-0.13711958666042484,1.3529411764705883,1.5058823529411764,-0.0003258529737120285,-1.0,-162.52779508733863,-8.657284918220148,0.17308931608186642,0.004147655443460955,False
3.7439999999996987,-0.13661518183840257,1.3529411764705883,1.5058823529411764,-0.001149382385476644,-1.0,-162.34086128198985,-8.78229598736329,0.16433876799690558,0.004316377629171127,False
3.7449999999996986,-0.13611043993199964,1.3529411764705883,1.5058823529411764,-0.00197291179724126,-1.0,-162.15371637887222,-8.812510340977875,0.1555343666666707,0.004476316410159502,False
3.7459999999996985,-0.13560536218661653,1.3529411764705883,1.5058823529411764,-0.0027964412090058753,-1.0,-161.96683153541275,-8.815393492625065,0.14672028284471267,0.004627444156772078,False
3.7469999999996983,-0.13509994984848234,1.3529411764705883,1.5058823529411764,-0.0036199706207704907,-1.0,-161.78009759309398,-8.81036209208748,0.13790924603016452,0.004769758719130488,False
3.7479999999996982,-0.1345942041646518,1.3529411764705883,1.5058823529411764,-0.004443500032535106,-1.0,-161.59366171441945,-8.802955576977771,0.1291049795111474,0.004903265347023459,False
3.748999999999698,-0.13408812638300208,1.3529411764705883,1.5058823529411764,-0.0052670294442997215,-1.0,-161.40743114089622,-8.794853493055077,0.12030856968418494,0.005027971490551026,False
3.749999999999698,-0.13358171775223013,1.3529411764705883,1.5058823529411764,-0.006090558856064337,-1.0,-161.22142680561572,-8.78635233783865,0.11152047277600464,0.00514388530794553,False
3.750999999999698,-0.13307497952184827,1.3529411764705883,1.5058823529411764,-0.006914088267828952,-1.0,-161.0355988724363,-8.777740432513122,0.10274087418900624,0.005251015282692743,False
3.751999999999698,-0.13256791294218306,1.3529411764705883,1.5058823529411764,-0.007737617679593568,-1.0,-160.85029028702743,-8.769005115763433,0.09396991591205021,0.005349370030617633,False
3.7529999999996977,-0.13206051926437085,1.3529411764705883,1.5058823529411764,-0.008561147091358183,-1.0,-160.6642291185542,-8.760175176186706,0.08520772866843754,0.005438958282206806,False
3.7539999999996976,-0.1315527997403551,1.3529411764705883,1.4941176470588236,-0.009325852973711041,-0.4361484111468869,-114.70821298153108,-8.751228134144823,0.07645444806213153,0.005519788870431897,False
3.7549999999996975,-0.13104475562288326,1.3529411764705883,1.4941176470588236,-0.0100905588560639,-0.5624476583000143,-115.84233419057267,-8.742174915458913,0.06771019878181157,0.0055918707383778195,False
3.7559999999996974,-0.13053638816550373,1.3529411764705883,1.4941176470588236,-0.010855264738416758,-0.6768816866201816,-129.1427007825459,-8.7330176854953,0.058975091373645795,0.005655212935408095,False
3.7569999999996972,-0.1300276986225626,1.3529411764705883,1.4941176470588236,-0.011619970620769617,-0.7806370179906872,-144.70205104083524,-8.723761891219091,0.050249218967523816,0.00570982461530494,False
3.757999999999697,-0.1295186882492008,1.3529411764705883,1.4941176470588236,-0.012384676503122475,-0.8747815221064958,-155.4778155890785,-8.71440210561697,0.041532667519341995,0.005755715033761587,False
3.758999999999697,-0.12900935830135082,1.3529411764705883,1.4941176470588236,-0.013149382385475333,-0.9602762816930779,-158.44704127332582,-8.70493710340929,0.03282552403911694,0.0057928935512740485,False
3.759999999999697,-0.12849971003573368,1.3529411764705883,1.4941176470588236,-0.013914088267828192,-1.0,-159.16991598743797,-8.695370194149882,0.02412787778778239,0.005821369633091921,False
3.760999999999697,-0.1279897447098561,1.3529411764705883,1.4941176470588236,-0.01467879415018105,-1.0,-159.24810721802137,-8.685671707786774,0.015439847433875241,0.005841152855492543,False
3.7619999999996967,-0.12747946358200624,1.3647058823529412,1.4941176470588236,-0.015443500032533908,-1.0,-61.403592735629005,-8.67590277120811,0.006761524560561883,0.005852252904981212,False
3.7629999999996966,-0.12696886791125236,1.3647058823529412,1.4941176470588236,-0.016208205914886767,-1.0,-52.08792101405577,-8.666045203563025,-0.0019069937538045182,0.00585467954835168,False
3.7639999999996965,-0.1264579589574385,1.3647058823529412,1.4941176470588236,-0.016972911797239625,-1.0,-66.39976826714607,-8.65606626163568,-0.010565583312732918,0.0058484426487877125,False
3.7649999999996964,-0.12594673798118172,1.3647058823529412,1.4941176470588236,-0.017737617679592484,-1.0,-85.8698299895877,-8.645982741449828,-0.019214128785590603,0.0058335521804574455,False
3.7659999999996963,-0.12543520624386897,1.3647058823529412,1.4941176470588236,-0.018502323561945342,-1.0,-105.33403530182211,-8.63578941786275,-0.027852519156991048,0.00581001822397122,False
3.766999999999696,-0.12492336500765397,1.3647058823529412,1.4941176470588236,-0.0192670294442982,-1.0,-123.46265697584549,-8.625502822818857,-0.03648066332661829,0.005777850966063717,False
3.767999999999696,-0.12441121553545408,1.3647058823529412,1.4941176470588236,-0.02003173532665106,-1.0,-140.0043542276478,-8.615118014263192,-0.04509848078675971,0.005737060689737082,False
3.768999999999696,-0.12389875909094719,1.3647058823529412,1.4941176470588236,-0.020796441209003917,-1.0,-153.08789883068474,-8.604628857837833,-0.05370588599874814,0.005687657776613566,False
3.769999999999696,-0.12338599693856867,1.3647058823529412,1.4941176470588236,-0.021561147091356776,-1.0,-156.72190188421968,-8.594032759039145,-0.06230278093143808,0.005629652713741335,False
3.7709999999996957,-0.12287293034350814,1.3647058823529412,1.4941176470588236,-0.022325852973709634,-1.0,-157.63798142601783,-8.583354051439054,-0.07088907484301049,0.0055630560895232346,False
3.7719999999996956,-0.12235956057170644,1.3647058823529412,1.4941176470588236,-0.023090558856062492,-1.0,-157.77228143620053,-8.572525717878275,-0.07946462416295458,0.005487878597473922,False
3.7729999999996955,-0.1218458888898527,1.3647058823529412,1.4941176470588236,-0.023914088267827108,-1.0,-157.68193052774865,-6.13994612241108,-0.08621305258159967,0.005404887826606312,False
3.7739999999996954,-0.1213319165653802,1.3647058823529412,1.4941176470588236,-0.024737617679591723,-1.0,-157.52681262647988,-6.198778985902452,-0.09239745014650343,0.005315586405218772,False
3.7749999999996953,-0.12081764486646482,1.3647058823529412,1.4941176470588236,-0.02556114709135634,-1.0,-157.35350666343243,-6.901233558754518,-0.09912337184744441,0.00521987005960614,False
3.775999999999695,-0.12030307506202086,1.3647058823529412,1.4941176470588236,-0.026384676503120954,-1.0,-157.17523071285487,-7.7231144375294924,-0.10664129160180047,0.005117039215340825,False
3.776999999999695,-0.11978820842169816,1.3647058823529412,1.4941176470588236,-0.02714938238547381,-1.0,-156.99602238483686,-8.291796778572271,-0.11479117678171782,0.005006358550935718,False
3.777999999999695,-0.11927304621587896,1.3647058823529412,1.4941176470588236,-0.027914088267826664,-1.0,-156.81627417573313,-8.447336574793301,-0.12319989273140615,0.004887372635950197,False
3.778999999999695,-0.11875758971567481,1.3647058823529412,1.4941176470588236,-0.02867879415017952,-1.0,-156.63672884427768,-8.483913106581221,-0.13167496589419822,0.004759937255539943,False
3.7799999999996947,-0.11824184019292337,1.3647058823529412,1.4941176470588236,-0.029443500032532374,-1.0,-156.45738298037432,-8.486264827922355,-0.14016102308297154,0.004624019063914824,False
3.7809999999996946,-0.11772579892018536,1.3647058823529412,1.4941176470588236,-0.03020820591488523,-1.0,-156.27836604004278,-3.3075368023052074,-0.14476371856460607,0.004481232636614598,False
3.7819999999996945,-0.11720946717074128,1.3647058823529412,1.4941176470588236,-0.030972911797238083,-1.0,-156.0998472469416,-2.812739138418508,-0.14770072196132653,0.0043349691493665,False
3.7829999999996944,-0.11669284621858839,1.3647058823529412,1.4941176470588236,-0.03173761767959094,-1.0,-155.92102774124388,-3.5680066498274243,-0.15108054265048526,0.004185625491297024,False
3.7839707031246954,-0.11619108523550374,1.3764705882352941,1.4941176470588236,-0.0325023235619438,-1.0,-101.93697135636671,-4.596138520720787,-0.15542031452602506,0.00403243924202033,False
3.7839999999996943,-0.11617593733843755,1.3764705882352941,1.4941176470588236,-0.03326702944429665,-1.0,-97.8341857538917,-5.623900127799367,-0.16078793967061317,0.003874399424486975,False
3.784999999999694,-0.11565874180571036,1.3764705882352941,1.4941176470588236,-0.034031735326649507,-1.0,-42.33218843288016,-6.580922162392651,-0.16713023755406217,0.0037105003416292273,False
3.785999999999694,-0.11514126089653473,1.3764705882352941,1.4941176470588236,-0.03479644120900236,-1.0,-40.513944807172024,-7.4538912464484115,-0.17436646156938163,0.0035398067941584455,False
3.786999999999694,-0.1146234958877437,1.3764705882352941,1.4941176470588236,-0.035561147091355216,-1.0,-51.998276520963046,-8.143792815284602,-0.182338293909695,0.003361497742046457,False
3.787999999999694,-0.11410544805687098,1.3764705882352941,1.4941176470588236,-0.03632585297370807,-1.0,-66.15693605086354,-8.333622003147903,-0.19062493123917598,0.003175028086237926,False
3.7889999999996937,-0.11358711868214805,1.3764705882352941,1.4941176470588236,-0.03703173532664917,-0.6039712797959129,-80.04950662227598,-8.379538814292118,-0.19899346000702997,0.0029802216872451925,False
3.7899999999996936,-0.11306850904250113,1.3764705882352941,1.4941176470588236,-0.03773761767959027,-0.7288411812606055,-92.92711718933806,-8.383982532546979,-0.2073768487507883,0.0027770365674169286,False
3.7909999999996935,-0.11254962041754796,1.3764705882352941,1.4941176470588236,-0.038443500032531365,-0.8419299749317686,-104.6840156561076,-8.376431821493703,-0.21575578413756358,0.0025654694145329318,False
3.7919999999996934,-0.11203045408759464,1.3764705882352941,1.4941176470588236,-0.03914938238547246,-0.9444157715887593,-115.36390088696585,-8.365344436480537,-0.22412465007894225,0.0023455281114426346,False
3.7929999999996933,-0.11151101133363246,1.3764705882352941,1.4941176470588236,-0.03985526473841356,-1.0,-125.05515695877072,-8.353182494966827,-0.23248176294110456,0.002117223837775766,False
3.793999999999693,-0.11099129343733483,1.3764705882352941,1.4941176470588236,-0.04056114709135466,-1.0,-133.85010634108627,-8.340648593781783,-0.24082654880599344,0.0018805687829561244,False
3.794999999999693,-0.11047130168105394,1.3764705882352941,1.4941176470588236,-0.04126702944429576,-1.0,-141.8364511097461,-8.327959810808089,-0.24915874676168295,0.0016355754838679288,False
3.795999999999693,-0.10995103734781778,1.3764705882352941,1.4941176470588236,-0.041972911797236855,-1.0,-149.0954373965274,-8.315132143060017,-0.2574781495020922,0.0013822566375204304,False
3.796999999999693,-0.10943050172132718,1.3764705882352941,1.4941176470588236,-0.042619970620766195,-0.15435576359567965,-155.69537954138588,-8.302200829096181,-0.26578458107741965,0.0011206250660928288,False
3.7979999999996927,-0.10890969608595144,1.3764705882352941,1.4941176470588236,-0.043267029444295536,-0.31742251079803524,-161.70883940302753,-8.289158665319226,-0.2740759740995451,0.0008506943092695424,False
3.7989999999996926,-0.108388621726727,1.3764705882352941,1.4941176470588236,-0.04391408826782488,-0.4648296421036868,-165.45787917871948,-8.276035701405082,-0.28235428415286756,0.000572478663628065,False
3.7999999999996925,-0.10786727992935305,1.3764705882352941,1.4941176470588236,-0.04456114709135422,-0.5981431191023034,-166.39971231395276,-8.2628458578802,-0.29061947988478704,0.00028599123481073757,False
3.8009999999996924,-0.10734567198018866,1.3764705882352941,1.4941176470588236,-0.04520820591488356,-0.71877230722459,-166.5347963198103,1.3852790295563897,-0.2983897006428623,-8.730684626486819e-06,False
3.8019999999996923,-0.10682379916624957,1.3764705882352941,1.4941176470588236,-0.0458552647384129,-0.8279856353581788,-166.43695851171768,1.3852790295563897,-0.2983897006428623,-8.730684626486819e-06,True
3.802999999999692,-0.10630166277520506,1.3764705882352941,1.4941176470588236,-0.04650232356194224,-0.9269246895019406,-166.272662584159,34.948877164657425,-0.2978574716379033,-1.7464744105835817e-05,False
3.803999999999692,-0.1057792640953748,1.3764705882352941,1.4941176470588236,-0.04714938238547158,-1.0,-166.08896638358001,418.0225754291619,0.24647358056332805,-8.736269646382496e-05,False
3.804999999999692,-0.10525660441572561,1.388235294117647,1.4941176470588236,-0.04779644120900092,-1.0,-49.20827867502189,-2.242481155278671,0.29942482367730766,0.00020773094652453048,False
3.805999999999692,-0.10473368502586825,1.388235294117647,1.4941176470588236,-0.048443500032530264,-1.0,-29.971113520635427,-2.1501911041939006,0.2972717455263439,0.0005060773709454904,False
3.8069999999996917,-0.10421050721605435,1.388235294117647,1.4941176470588236,-0.049090558856059605,-1.0,-37.42556288606433,-2.761688568554839,0.2945423387012918,0.0008019984173293174,False
3.8079999999996916,-0.10368707227717316,1.388235294117647,1.4941176470588236,-0.049737617679588945,-1.0,-51.302786429603835,-3.514646664208522,0.29106706108922037,0.0010948203164616436,False
3.8089999999996915,-0.10316338150074868,1.388235294117647,1.5058823529411764,-0.050384676503118286,-1.0,-132.7810817763739,-4.253851747871548,0.28642783586657145,0.0014124609770558095,False
3.8099999999996914,-0.1026394361789352,1.388235294117647,1.5058823529411764,-0.05103173532664763,-1.0,-156.0811189633142,-4.938918913049277,0.28166091242880276,0.0016965477806303911,False
3.8109999999996913,-0.10211523760451602,1.388235294117647,1.5058823529411764,-0.05167879415017697,-1.0,-162.6465273986341,-5.564624630392071,0.2762533357340463,0.0019755438734897265,False
3.811999999999691,-0.10159078707089904,1.388235294117647,1.5058823529411764,-0.05232585297370631,-1.0,-164.39946428943537,-6.133265332994214,0.27026281869741137,0.002248837654291535,False
3.812999999999691,-0.1010660858721138,1.388235294117647,1.5058823529411764,-0.05297291179723565,-1.0,-164.76804874192217,-6.649514753831234,0.26374299978708604,0.0025158732643078253,False
3.813999999999691,-0.10054113530280837,1.388235294117647,1.5058823529411764,-0.05361997062076499,-1.0,-164.73808210509333,-7.118260741134248,0.2567426641857707,0.0027761459987298313,False
3.814999999999691,-0.10001593665824607,1.388235294117647,1.5058823529411764,-0.05426702944429433,-1.0,-164.59455396524473,-7.544131986915237,0.24930586398117752,0.0030291975133786646,False
3.8159999999996908,-0.09949049123430234,1.388235294117647,1.5058823529411764,-0.05491408826782367,-1.0,-164.41813350704305,-7.9314121988536535,0.2414722403220518,0.003274611286875095,False
3.8169999999996906,-0.09896480032746156,1.388235294117647,1.5058823529411764,-0.055561147091353014,-1.0,-164.23263111551952,-8.283716961537024,0.23327762208877328,0.0035120085270424956,False
3.8179999999996905,-0.09843886523481378,1.388235294117647,1.5058823529411764,-0.056208205914882355,-1.0,-164.04378653006398,-8.604888682803944,0.22475403507812672,0.0037410444456020342,False
3.8189999999996904,-0.09791268725405154,1.388235294117647,1.5058823529411764,-0.05677920775311825,-0.5272791143923592,-163.85451942773588,-8.806140171198583,0.2159991344091784,0.00396143337582679,False
3.8199999999996903,-0.09738626768346703,1.388235294117647,1.5058823529411764,0.0,0.040512963138823466,-163.665621102578,-8.858745627125312,0.20715433629214802,0.004173012999325206,False
3.82099999999969,-0.09685960782194758,1.388235294117647,1.5058823529411764,0.0,0.040512963138823466,-163.4765642348736,-8.868549799402285,0.19828888665425554,0.004375734771735055,False
3.82199999999969,-0.09633270896897436,1.388235294117647,1.5058823529411764,-1.723339705814992e-05,0.03677525984004906,-163.2878769334011,-8.865915385825977,0.18942283092221004,0.0045695900764322435,False
3.82299999999969,-0.09580557242461792,1.388235294117647,1.5058823529411764,-0.0006054686911757323,-0.09044891130570554,-163.0997178558011,-8.85964809563034,0.18056204503715043,0.004754581880186467,False
3.82399999999969,-0.09527819948953525,1.388235294117647,1.5058823529411764,-0.0011937039852933148,-0.2055389006310046,-162.91136256063604,-8.852237323362923,0.17170834786320713,0.004930716553259273,False
3.8249999999996898,-0.09475059146496669,1.388235294117647,1.5058823529411764,-0.0017819392794108972,-0.30970812631789246,-162.72326507575627,-2.670406437178865,0.1674928934513322,0.0050999309146714175,False
3.8259999999996896,-0.09422274965273256,1.4,1.5058823529411764,-0.0023701745735284795,-0.4040486647302091,-80.53301278963822,-1.6547676589081928,0.16558468556437259,0.0052664064441286015,False
3.8269999999996895,-0.09369467535523006,1.4,1.5058823529411764,-0.002958409867646062,-0.48954338459541336,-69.16824763721017,-2.0513331015592557,0.1636330458958421,0.005431040344385829,False
3.8279999999996894,-0.09316636987543006,1.4,1.5058823529411764,-0.0035466451617636443,-0.567076867768215,-76.98988892604162,-2.787692278689717,0.16103007337360412,0.0055934181175919424,False
3.8289999999996893,-0.09263783451687375,1.4,1.5058823529411764,-0.0041348804558812265,-0.6374452379178558,-89.26495824386453,-7.100710124516014,0.1550082903551747,0.005751706922463435,False
3.829999999999689,-0.09210907058366967,1.4,1.5058823529411764,-0.004723115749998809,-0.7013650063466506,-101.8610277249502,-8.335474990766716,0.1469821587277972,0.005902779216178783,False
3.830999999999689,-0.0915800793804902,1.4,1.5058823529411764,-0.005311351044116391,-0.7594810332266841,-113.68632356265815,-8.684714687062081,0.13838533721394763,0.0060454845450203755,False
3.831999999999689,-0.09105086221256885,1.4,1.5058823529411764,-0.005899586338233973,-0.8123736927128327,-124.51261199763809,-8.779217268181036,0.12963023102060797,0.006179497904061634,False
3.832999999999689,-0.0905214203856958,1.4,1.5058823529411764,-0.006487821632351555,-0.8605653215444843,-134.34541175175306,-8.800360227003182,0.12083553572949102,0.006304731768397337,False
3.8339999999996888,-0.08999175520621641,1.4,1.5058823529411764,-0.007076056926469137,-0.9045260227870878,-143.2710086628426,-8.800299152230275,0.11203550751502482,0.00642116700813194,False
3.8349999999996887,-0.08946186798102689,1.4,1.5058823529411764,-0.0076642922205867195,-0.9446788891995503,-151.36505554165674,-8.794114069628167,0.10324007078528748,0.0065288042433391145,False
3.8359999999996885,-0.08893176001757125,1.4,1.5058823529411764,-0.008252527514704303,-0.9814047042648841,-158.36972922365626,-8.786073935861264,0.09445218239484311,0.0066276498257380224,False
3.8369999999996884,-0.0884014326238382,1.4,1.5058823529411764,-0.008840762808821885,-1.0,-160.25673104367536,-8.77743564138437,0.08567278249911335,0.006717711834239594,False
3.8379999999996883,-0.08787088710835789,1.4,1.5058823529411764,-0.009428998102939467,-1.0,-160.66759456604126,-8.768505150898461,0.07690225697986211,0.006798998927790656,False
3.838999999999688,-0.08734012478019863,1.4,1.5058823529411764,-0.010017233397057049,-1.0,-160.653111276609,-8.759442484744262,0.06814078072227461,0.006871520028070371,False
3.839999999999688,-0.0868091469489637,1.4,1.5058823529411764,-0.010605468691174631,-1.0,-160.51662421570424,-8.750285771818703,0.059388443429548264,0.006935284188372072,False
3.840999999999688,-0.08627795492478811,1.4,1.5058823529411764,-0.011193703985292213,-1.0,-160.34585246859305,-8.74100076040358,0.050645342427570975,0.006990300569101641,False
3.841999999999688,-0.0857465500183354,1.4,1.5058823529411764,-0.011781939279409796,-1.0,-160.16479446145874,-8.73162039381863,0.041911561879354735,0.007036578447669342,False
3.8429999999996878,-0.0852149335407943,1.4,1.5058823529411764,-0.01231135104411562,0.009657480432148924,-159.9810998155354,-8.722160004981635,0.033187173411360925,0.0070741271966311345,False
3.8439999999996877,-0.08468310680387599,1.4,1.5058823529411764,-0.012840762808821446,-0.1147960892434037,-159.79660766326373,-8.712576211996089,0.02447228486549411,0.0071029562836949,False
3.8449999999996876,-0.08415107111980942,1.4,1.5058823529411764,-0.013370174573527271,-0.22733371371610717,-159.61231798334578,-8.702885661835424,0.015767012186398765,0.007123075290221736,False
3.8459999999996874,-0.08361882780134007,1.4,1.5058823529411764,-0.013899586338233096,-0.32914698750624777,-159.42827421004225,-4.3544460979137405,0.010325474455405494,0.007135849735958194,False
3.8469999999996873,-0.08308637816172544,1.4117647058823528,1.5058823529411764,-0.014487821632350678,-1.0,-58.281256700684665,-3.7532581104757408,0.00642192938260722,0.007144185856496731,False
3.8479999999996872,-0.08255372351473206,1.4117647058823528,1.5058823529411764,-0.01507605692646826,-1.0,-43.23475729390517,-4.167152697737889,0.0023582535807196658,0.007148601817104802,False
3.848999999999687,-0.08202086517463233,1.4117647058823528,1.5058823529411764,-0.015664292220585845,-1.0,-51.58555152868563,-4.8166142036544235,-0.002295998456478838,0.007148673536097572,False
3.849999999999687,-0.08148780445620124,1.4117647058823528,1.5058823529411764,-0.01625252751470343,-1.0,-65.43530506444294,-5.482994439570132,-0.007612410385049782,0.007143760970631801,False
3.850999999999687,-0.08095454267471311,1.4117647058823528,1.4941176470588236,-0.016840762808821012,-1.0,56.28011600735109,-6.1085229124528295,-0.013564581135798903,0.007133211545979919,False
3.851999999999687,-0.08042108114593838,1.4117647058823528,1.4941176470588236,-0.017428998102938596,-1.0,69.62181153474086,-6.681113671739497,-0.020102606346982417,0.007116413704480454,False
3.8529999999996867,-0.07988742118614037,1.4117647058823528,1.4941176470588236,-0.01801723339705618,-1.0,53.9281435911785,-7.20104973049604,-0.02717377069299426,0.007092807981335982,False
3.8539999999996866,-0.07935356411207192,1.4117647058823528,1.4941176470588236,-0.018605468691173764,-1.0,31.80401645404984,-7.672891402523049,-0.034728843276936705,0.007061886158272183,False
3.8549999999996865,-0.07881951124097236,1.4117647058823528,1.4941176470588236,-0.019193703985291348,-1.0,9.560598481843462,-8.10063517717816,-0.04272272215108744,0.007023187146515353,False
3.8559999999996863,-0.07828526389056432,1.4117647058823528,1.4941176470588236,-0.019781939279408932,-1.0,-11.160937412990723,-8.470632977651608,-0.0511010600643516,0.006976298468452086,False
3.8569999999996862,-0.07775082337904944,1.4117647058823528,1.4941176470588236,-0.020370174573526516,-1.0,-30.043309547082217,-8.569748451299889,-0.05964624064834746,0.006920931142820824,False
3.857999999999686,-0.07721619102510685,1.4117647058823528,1.4941176470588236,-0.0209584098676441,-1.0,-47.13572961880627,-8.590651038142965,-0.0682318686968107,0.006856993538363319,False
3.858999999999686,-0.07668136814788874,1.4117647058823528,1.4941176470588236,-0.021546645161761684,-1.0,-62.577961579144606,-8.588934612180688,-0.07682142176180078,0.006784466903531959,False
3.859999999999686,-0.0761463560670174,1.4117647058823528,1.4941176470588236,-0.022134880455879268,-1.0,-76.52449225682233,-8.580648772819096,-0.08540432556224131,0.006703353564201192,False
3.860999999999686,-0.07561115610258196,1.4117647058823528,1.4941176470588236,-0.02272311574999685,-1.0,-89.12087839613253,-8.570437707539492,-0.09397751430499826,0.006613661968149462,False
3.8619999999996857,-0.07507576957513509,1.4117647058823528,1.4941176470588236,-0.023311351044114435,-1.0,-100.50196854899978,-8.559571552521644,-0.102540044865047,0.006515402382484291,False
3.8629999999996856,-0.07454019780568988,1.4117647058823528,1.4941176470588236,-0.02389958633823202,-1.0,-110.78800934780044,-8.548452503932717,-0.11109159245390263,0.006408585683578454,False
3.8639999999996855,-0.0740044421157164,1.4117647058823528,1.4941176470588236,-0.024428998102937843,-0.2904888370439562,-120.08586445038709,-8.537177762370572,-0.11963199413574137,0.006293222996578731,False
3.8649999999996854,-0.07346850382713856,1.4117647058823528,1.4941176470588236,-0.024958409867643666,-0.39704542203072235,-128.50368128933601,-8.525803080762927,-0.1281611355418418,0.006169325592424261,False
3.8659999999996852,-0.07293238426233081,1.4117647058823528,1.4941176470588236,-0.02548782163234949,-0.4934757602835185,-136.11631448280428,-8.51433131836066,-0.1366789000237276,0.006036904844697566,False
3.866999999999685,-0.0723960847441149,1.4117647058823528,1.4941176470588236,-0.026017233397055313,-0.5807924764757411,-143.01744150143682,-3.160906328695747,-0.14117875541462913,0.005897641555367812,False
3.867999999999685,-0.07185960659575687,1.423529411764706,1.4941176470588236,-0.026546645161761136,-0.6599069328134494,-13.232287862407746,-2.362940942967811,-0.14374174514587582,0.005755131677192991,False
3.868999999999685,-0.0713229511409626,1.423529411764706,1.4941176470588236,-0.02707605692646696,-0.731639355282093,7.901020534001276,-2.802873935948163,-0.1464351291975345,0.005610071037860788,False
3.869999999999685,-0.07078611970387641,1.423529411764706,1.4941176470588236,-0.027605468691172783,-0.796727947268579,-0.6228216013020361,-3.5337113218678864,-0.14978655369678054,0.0054620061534273985,False
3.8709999999996847,-0.07024911360907649,1.423529411764706,1.4941176470588236,-0.028134880455878607,-0.8558370918211222,-16.242135604392633,2.908100343640304,-0.14848925606636806,0.0053124658101288405,False
3.8719999999996846,-0.069711934181572,1.423529411764706,1.4941176470588236,-0.02866429222058443,-0.9095647336831175,-32.61092906370134,3.6159195037870013,-0.14505059795996172,0.005165651657767661,False
3.8729999999996845,-0.06917458274679977,1.423529411764706,1.4941176470588236,-0.029193703985290254,-0.9584490231236209,-48.033076545799716,2.7874630338228035,-0.14205633203541765,0.00502214981610016,False
3.8739999999996844,-0.06863706063062106,1.423529411764706,1.4941176470588236,-0.029723115749996077,-1.0,-62.13640559815982,1.618746030893837,-0.14014576086626804,0.004881121524210166,False
3.8749999999996843,-0.06809936915931823,1.423529411764706,1.4941176470588236,-0.0302525275147019,-1.0,-74.91969982870181,0.4436973236445719,-0.13940872268210275,0.004741417360021064,False
3.875999999999684,-0.06756150965959158,1.423529411764706,1.4941176470588236,-0.030781939279407724,-1.0,-86.4758815084938,-0.6508311907688399,-0.13978642143080064,0.004601887836999574,False
3.876999999999684,-0.06702348345855592,1.423529411764706,1.4941176470588236,-0.03131135104411355,-1.0,-96.91445739173002,-1.648034837703573,-0.14118572745081917,0.0044614638069522955,False
3.877999999999684,-0.06648529188373746,1.423529411764706,1.4941176470588236,-0.031840762808819374,-1.0,-106.34483313026219,-2.550510953439066,-0.14351123925663356,0.004319171580823029,False
3.878999999999684,-0.06594693626307067,1.423529411764706,1.4941176470588236,-0.0323701745735252,-1.0,-114.86849819386956,-3.3656463602538635,-0.1466737341989644,0.0041741300487321735,False
3.8799999999996837,-0.06540841792489395,1.423529411764706,1.4941176470588236,-0.03289958633823103,-1.0,-122.56716857451235,-4.10159858411505,-0.15059195412123338,0.004025543350538618,False
3.8809999999996836,-0.06486973819794804,1.423529411764706,1.4941176470588236,-0.033428998102936855,-1.0,-129.53885871861345,-4.766056462493189,-0.155192453818218,0.003872692911860782,False
3.881699999999685,-0.06449256707450518,1.423529411764706,1.4941176470588236,-0.03395840986764268,-1.0,-133.6856097470015,-5.366150515262718,-0.1604090719276242,0.0037149299015524087,False
3.8819999999996835,-0.06433089841137166,1.423529411764706,1.4941176470588236,-0.03448782163234851,-1.0,-110.76906806021434,-5.908237682819474,-0.16618221778083647,0.003551668309877958,False
3.8829999999996834,-0.06379189989469838,1.423529411764706,1.4941176470588236,-0.035017233397054336,-1.0,-85.08810521703178,-6.397961654544179,-0.17245814571709878,0.003382378766680322,False
3.8839999999996833,-0.06325274397785348,1.423529411764706,1.4941176470588236,-0.0354878216323484,-0.126430789367169,-81.3068176540095,-6.8410356804506485,-0.17918882352399151,0.0032065828311618194,False
3.884999999999683,-0.06271343199115058,1.423529411764706,1.4941176470588236,-0.03595840986764246,-0.2480990614745518,-83.49202459716108,-7.241417411026907,-0.18633062094155067,0.003023847832379991,False
3.885999999999683,-0.062173965265288414,1.423529411764706,1.4941176470588236,-0.036428998102936525,-0.35807109460649134,-87.09009141019274,-7.60405976170868,-0.19384460414464,0.002833782492213985,False
3.886999999999683,-0.06163434513134748,1.423529411764706,1.4941176470588236,-0.03689958633823059,-0.45751651266053267,-90.83343563094886,-0.7346871978810235,-0.1962973499324037,0.002638281799063032,False
3.887999999999683,-0.06109457292078682,1.423529411764706,1.4941176470588236,-0.03731135104411289,0.6295708463849561,-94.37577966907676,0.38603018532487365,-0.1961923133716143,0.002441966669619747,False
3.8889999999996827,-0.06055464996544071,1.4352941176470588,1.4941176470588236,-0.0377231157499952,0.44283182246707437,38.401950189270224,-0.06239005869645852,-0.19614346513703929,0.002245826758451457,False
3.8899999999996826,-0.06001457759751538,1.4352941176470588,1.4941176470588236,-0.038134880455877505,0.2743549362350964,62.21286902048701,-0.88621905641702,-0.19682459532382382,0.00204939440023368,False
3.8909999999996825,-0.059474357149585995,1.4352941176470588,1.4941176470588236,-0.03854664516175981,0.12231397392043125,56.094780938229455,-1.749683365884851,-0.19835922983235854,0.0018518568390109762,False
3.8919999999996824,-0.05893398995459221,1.4352941176470588,1.4941176470588236,-0.03895840986764212,-0.01493465686865092,42.63970774178637,-2.5630411568613165,-0.200719657140407,0.0016523687403942101,False
3.8929999999996823,-0.05839347734583667,1.4352941176470588,1.4941176470588236,-0.03937017457352442,-0.13887018928470857,28.218715298972,-3.3065905878061477,-0.20384098150896685,0.001450135420320304,False
3.893999999999682,-0.05785282065698051,1.4352941176470588,1.4941176470588236,-0.03978193927940673,-0.2508239331650436,14.550280021516233,-3.980246465145788,-0.20765334440145522,0.00124443079243534,False
3.894999999999682,-0.05731202122204035,1.4352941176470588,1.4941176470588236,-0.040193703985289035,-0.3519940673632291,2.0255469178514267,-4.588917327573342,-0.212213078728136,0.0010345111346233128,False
3.895999999999682,-0.056771080375385044,1.4352941176470588,1.4941176470588236,-0.04060546869117134,-0.4434589528474789,-9.335695917656542,-5.138390783927459,-0.21732525659392263,0.0008197541809915051,False
3.896999999999682,-0.05622999945173237,1.4352941176470588,1.4941176470588236,-0.04101723339705365,-0.5261891144891881,-19.611170968551093,-5.6344626977474945,-0.2229362011885717,0.0005996344427578976,False
3.8979999999996817,-0.0556887797861457,1.4352941176470588,1.4941176470588236,-0.04142899810293595,-0.6010580246726092,-28.898330328682636,-6.082486204274438,-0.22899761051751463,0.0003736774276285543,False
3.8989999999996816,-0.05514742271403076,1.4352941176470588,1.4941176470588236,-0.04184076280881826,-0.6688518085435715,-37.292755795109784,-6.486767886125389,-0.23546554307989795,0.00014145474916663634,False
3.8999999999996815,-0.05460592957113233,1.4352941176470588,1.4941176470588236,-0.042252527514700565,-0.7302779787333197,-44.882560088124755,60.152215526024584,-0.23682263672321655,-2.4863850477813905e-05,False
3.9009999999996814,-0.05406430169353089,1.4352941176470588,1.4941176470588236,-0.04266429222058287,-0.7859732966099758,-51.748647873720635,60.152215526024584,-0.23682263672321655,-2.4863850477813905e-05,True
3.9019999999996813,-0.053522540417639396,1.4352941176470588,1.4941176470588236,-0.04307605692646518,-0.8365108474048505,-57.9621974924322,421.0549773672533,-0.16805917005391632,-8.812314601557837e-05,False
3.902999999999681,-0.05298064708020024,1.4352941176470588,1.4941176470588236,-0.04348782163234748,-0.8824064078261201,-63.58925788131596,0.6988612276211174,0.2400624574057169,-6.047807116954392e-06,False
3.903999999999681,-0.05243862301828077,1.4352941176470588,1.4941176470588236,-0.04389958633822979,-0.924124176911145,-68.68794786375821,-4.504975275298785,0.23581907249835046,0.00023201020461980664,False
3.904999999999681,-0.05189646956927177,1.4352941176470588,1.4941176470588236,-0.04425252751470034,0.21497688973589238,-73.31101234871326,-4.307971442475903,0.23150259919689173,0.0004656667789507628,False
3.905999999999681,-0.051354188070882975,1.4352941176470588,1.4941176470588236,-0.04460546869117089,0.07510902618879517,-77.50640293270247,-4.426592190229169,0.22708326238511364,0.0006949625690866224,False
3.9069999999996807,-0.050811779861140084,1.4352941176470588,1.4941176470588236,-0.044958409867641436,-0.051124992180064666,-81.31622490679456,-4.6199068479632235,0.22247434281875328,0.0009197459171295843,False
3.9079999999996806,-0.050269246278381446,1.4352941176470588,1.4941176470588236,-0.045311351044111985,-0.16508854988851018,-84.78015206973974,-4.820851063043018,0.21766485577623312,0.0011398202173166637,False
3.9089999999996805,-0.049726588661254734,1.4470588235294117,1.5058823529411764,-0.045664292220582534,-0.26800869300258334,-87.929838339822,-5.011380290347926,0.21216415611995218,0.0013762309294475725,False
3.9099999999996804,-0.049183808348713665,1.4470588235294117,1.5058823529411764,-0.04601723339705308,-0.3609897629817205,-90.80192188656414,2.0110029227778057,0.21242032944809097,0.0015880838010504,False
3.9109999999996803,-0.04864090668001472,1.4470588235294117,1.5058823529411764,-0.04637017457352363,-0.44502566713941594,-93.41706168489759,3.2680170941435502,0.2153747626118513,0.0018019022881898506,False
3.91199999999968,-0.0480978849947138,1.4470588235294117,1.5058823529411764,-0.04672311574999418,-0.5210109220578132,-95.80911857535268,2.9414623874036847,0.218398433795365,0.002018808891938496,False
3.91299999999968,-0.04755474463266291,1.4470588235294117,1.5058823529411764,-0.04707605692646473,-0.589750592660842,-97.99454632839662,2.2266858030702625,0.22080431077517046,0.0022384547221614825,False
3.91399999999968,-0.04701148693400692,1.4470588235294117,1.5058823529411764,-0.04742899810293528,-0.6519692373800384,-99.9954866944168,1.460783003806961,0.22245705467950763,0.0024601332963315597,False
3.91499999999968,-0.04646811323918051,1.4470588235294117,1.5058823529411764,-0.04778193927940583,-0.7083189588037875,-101.82933527416527,0.734675695072051,0.2233737954658643,0.0026830943506012295,False
3.9159999999996797,-0.04592462488890363,1.4470588235294117,1.5058823529411764,-0.048134880455876376,-0.7593866492616321,-103.5149244838344,0.06907419950462176,0.22360990360025476,0.002906628200139052,False
3.9169999999996796,-0.04538102322418006,1.4470588235294117,1.5058823529411764,-0.048487821632346925,-0.8057005118501643,-105.06428487935993,-0.5349644100293176,0.22322669807850928,0.003130084694042922,False
3.9179999999996795,-0.04483730958629289,1.4470588235294117,1.5058823529411764,-0.048840762808817474,-0.8477359293563138,-106.49374185901878,-1.0815535154752338,0.22228265165017752,0.003352873892496087,False
3.9189999999996794,-0.044293485316801454,1.4470588235294117,1.5058823529411764,-0.04908782163234741,-0.8744653012087766,-107.81425403723534,-1.5758370042716225,0.22083131520312263,0.0035744619570751697,False
3.9199999999996793,-0.043749551757538085,1.4470588235294117,1.5058823529411764,0.0,-0.38358708488530263,-109.03723879012027,-2.0228554319037664,0.21892114872667143,0.003794366099051164,False
3.920999999999679,-0.043205510250604776,1.4470588235294117,1.5058823529411764,0.0,-0.38358708488530263,-110.17041314493397,-2.427273006440164,0.21659585702697545,0.004012149650214156,False
3.921999999999679,-0.04266136213836985,1.4470588235294117,1.5058823529411764,-0.00010588231764649561,-0.39431476288043915,-111.22478183196088,-2.79337761692864,0.213894783030499,0.004227417498044528,False
3.922999999999679,-0.042117108763464695,1.4470588235294117,1.5058823529411764,-0.00045882349411704483,-0.429106815968861,-112.20711970684627,-3.1249225658886344,0.21085340402816435,0.004439811940771383,False
3.923999999999679,-0.0415727514687804,1.4470588235294117,1.5058823529411764,-0.0008117646705875941,-0.4607726049249121,-113.12478989698731,-3.425380960168443,0.20750367898058525,0.004649008981183879,False
3.9249999999996787,-0.041028291597464475,1.4470588235294117,1.5058823529411764,-0.0011647058470581433,-0.48962475616182877,-113.98383335919507,-3.697831971215266,0.20387442343217854,0.004854714958185739,False
3.9259999999996786,-0.04048373049291754,1.4470588235294117,1.5058823529411764,-0.0015176470235286925,-0.5159446334515239,-114.7906983486596,-3.9450863933443654,0.19999159840694306,0.0050566635332982895,False
3.9269999999996785,-0.0399390694987903,1.4470588235294117,1.5058823529411764,-0.0018705881999992416,-0.5399854641887216,-115.55007443844924,-4.169668583801903,0.19587856094420528,0.005254612951908928,False
3.9279999999996784,-0.03939430995897898,1.4470588235294117,1.5058823529411764,-0.002223529376469791,-0.5619751530286697,-116.26869628203178,-4.373775811518439,0.1915563679959477,0.0054483435960525775,False
3.9289999999996783,-0.03884945321762391,1.4470588235294117,1.5058823529411764,-0.002517647023528582,0.5949400093683268,-116.9479897759214,-4.559516564321255,0.18704393051157117,0.005637655796680293,False
3.929999999999678,-0.03830450061910494,1.4588235294117646,1.5058823529411764,-0.002811764670587373,0.47116365552562645,18.445900672852563,-4.72858922013441,0.1823583352563548,0.0058223678559944465,False
3.930999999999678,-0.03775945350803842,1.4588235294117646,1.5058823529411764,-0.003105882317646164,0.35947081942013626,44.63638949798475,-4.882917022938736,0.1775147706697015,0.006002314252837264,False
3.931999999999678,-0.03721431322927394,1.4588235294117646,1.5058823529411764,-0.003399999964704955,0.258653149278134,40.67361652779252,-5.023573686943914,0.1725271233883844,0.006177343994601108,False
3.932999999999678,-0.03666908112789092,1.4588235294117646,1.5058823529411764,-0.0036941176117637462,0.16762312850327227,29.16889312016438,-5.152360541438441,0.16740766411584374,0.006347319263351801,False
3.9339999999996778,-0.03612375854919539,1.4588235294117646,1.5058823529411764,-0.003988235258822538,0.08540199215883712,16.51307196551385,-5.270151782858479,0.16216757182013677,0.006512113951243785,False
3.9349999999996776,-0.03557834683871659,1.4588235294117646,1.5058823529411764,-0.004282352905881329,0.011108851801785447,4.442592896626736,-5.378108775265881,0.15681696002088316,0.006671612639513522,False
3.9359999999996775,-0.03503284734220371,1.4588235294117646,1.5058823529411764,-0.00457647055294012,-0.056049092166619435,-6.634818011066004,-5.477155097896407,0.15136498263764236,0.006825709529371607,False
3.9369999999996774,-0.03448726140562253,1.4588235294117646,1.5058823529411764,-0.004870588199998911,-0.11678535938524359,-16.684288341983343,-5.568290901148193,0.14581982578354022,0.006974307475331747,False
3.9379999999996773,-0.03394159037515241,1.4588235294117646,1.5058823529411764,-0.005164705847057702,-0.1717421175290644,-25.770011274118634,-5.652141761367576,0.1401889675016436,0.007117317103671025,False
3.938999999999677,-0.03339583559718177,1.4588235294117646,1.5058823529411764,-0.005458823494116493,-0.22149731750556262,-33.97729521296853,-5.729566924961843,0.13447909197533112,0.007254656095055106,False
3.939999999999677,-0.03284999841830657,1.4588235294117646,1.5058823529411764,-0.005752941141175284,-0.2665711151314709,-41.39050995090264,-5.801156708431463,0.12869621344071153,0.007386248428247922,False
3.940999999999677,-0.032304080185325795,1.4588235294117646,1.5058823529411764,-0.006047058788234075,-0.30743165064184785,-48.08865156002526,-5.86751920355471,0.12284571558760234,0.007512023763484124,False
3.941999999999677,-0.03175808224523842,1.4588235294117646,1.5058823529411764,-0.0063411764352928664,-0.34450025024824593,-54.142264920506186,-5.929049463730292,0.11693251367712534,0.007631916898041136,False
3.9429999999996768,-0.03121200594524008,1.4588235294117646,1.5058823529411764,-0.0066352940823516575,-0.37815610754106344,-59.61595138231626,-5.9863207367805495,0.11096098816103199,0.007745867306792194,False
3.9439999999996767,-0.030665852632719766,1.4588235294117646,1.5058823529411764,-0.006929411729410449,-0.40874049675165836,-64.56809571187163,-6.03970551114715,0.10493509309490634,0.007853818649153382,False
3.9449999999996765,-0.030119623655256486,1.4588235294117646,1.5058823529411764,-0.00722352937646924,-0.43656056468825255,-69.05054513128165,-6.08960299462072,0.09885838253132154,0.007955718372197088,False
3.9459999999996764,-0.029573320360615937,1.4588235294117646,1.5058823529411764,-0.007517647023528031,-0.46189274347824705,-73.10977195265237,-6.136314575250283,0.09273409043698434,0.00805151733593534,False
3.9469999999996763,-0.029026944096747196,1.4588235294117646,1.5058823529411764,-0.007811764670586822,-0.484985822036301,-76.78871763563481,-6.1801718748964225,0.08656515296693112,0.00814116949922698,False
3.947999999999676,-0.02848049621177938,1.4588235294117646,1.5058823529411764,-0.008105882317645613,-0.5060637103856086,-80.12224381168893,-6.221439583312983,0.08035424326884628,0.008224631618139328,False
3.948999999999676,-0.027933978054018326,1.4588235294117646,1.5058823529411764,-0.008399999964704405,-0.5253279275470445,-83.1473195254507,-6.260476018670547,0.07410369731360829,0.008301862943142486,False
3.949999999999676,-0.02738739097194356,1.4705882352941175,1.5058823529411764,-0.008694117611763197,-0.5429598406393952,50.13683797873611,-6.297344515028747,0.06781571675398719,0.008372824952121029,False
3.950999999999676,-0.026840736314203768,1.4705882352941175,1.5058823529411764,-0.008988235258821989,-0.5591226800695697,74.4388969145391,0.865339702892089,0.06689053961331953,0.008439730481981083,False
3.9519999999996758,-0.026294015429615278,1.4705882352941175,1.5058823529411764,-0.00928235290588078,-0.5739633532037858,68.7852174732227,2.2501583062999395,0.06879467776943163,0.008507486664284759,False
3.9529999999996757,-0.025747229667157527,1.4705882352941175,1.5058823529411764,-0.009576470552939573,-0.5876140766716397,55.76788978592654,2.0395816149135553,0.07088712575923252,0.00857734087931577,False
3.9539999999996756,-0.025200380375970027,1.4705882352941175,1.5058823529411764,-0.009870588199998365,-0.6001938454397671,41.758062004951164,1.4299474816500914,0.07246974556954199,0.008649057558672823,False
3.9549999999996754,-0.024653468905349047,1.4705882352941175,1.5058823529411764,-0.010164705847057157,-0.61180975497814,28.47721867523425,0.7593762319101366,0.07339706745171037,0.008722032970066068,False
3.9559999999996753,-0.024106496604744274,1.4705882352941175,1.5058823529411764,-0.010458823494115949,-0.6225581912097351,16.31845625833432,0.11976348189980064,0.0736770542006247,0.008795610030151462,False
3.956999999999675,-0.02355946482375548,1.4705882352941175,1.5058823529411764,-0.01075294114117474,-0.6325259014652291,5.306683490272689,-0.4672878013018538,0.073356835501781,0.008869163615900183,False
3.957999999999675,-0.023012374912129218,1.4705882352941175,1.5058823529411764,-0.011047058788233532,-0.6417909583422327,-4.641545916001559,-0.9999387239759249,0.07249033239259214,0.008942120386235246,False
3.958999999999675,-0.022465228219755447,1.4705882352941175,1.5058823529411764,-0.011341176435292324,-0.6504236271785951,-13.615831530267887,-1.4816021666569799,0.07112938068976082,0.009013960221942667,False
3.959999999999675,-0.021918026096664246,1.4705882352941175,1.5058823529411764,-0.011635294082351116,-0.6584871467783802,-21.71108709125351,-1.9167752356208094,0.06932159458278499,0.00908421280120415,False
3.960999999999675,-0.021370769893022463,1.4705882352941175,1.5058823529411764,-0.011929411729409908,-0.6660384320652456,-29.014425228140556,-2.3098908621077165,0.0671101428549775,0.009152453182757793,False
3.9619999999996747,-0.02082346095913068,1.4705882352941175,1.5058823529411764,-0.0122235293764687,-0.6731287064704833,-35.60532648392201,-2.665131325066281,0.06453396333952796,0.009218297447103242,False
3.9629999999996746,-0.02027610064541867,1.4705882352941175,1.5058823529411764,-0.012517647023527492,-0.6798040710822562,-41.55431097807357,-2.9862529724058473,0.06162813997325831,0.009281398639377464,False
3.9639999999996745,-0.019728690302443907,1.4705882352941175,1.5058823529411764,-0.012811764670586284,-0.6861060168799102,-46.92636663113806,-3.276662482414802,0.05842425006045842,0.009341443096205123,False
3.9649999999996743,-0.019181231280886994,1.4705882352941175,1.5058823529411764,-0.013105882317645076,-0.6920718857448581,-51.77835077772247,-3.5394172315826418,0.05495071025328099,0.00939814711941913,False
3.9659999999996742,-0.018633724931548645,1.4705882352941175,1.5058823529411764,-0.013399999964703868,-0.6977352853703699,-56.16042631359948,-3.7772654735092663,0.05123310861704934,0.009451253993681985,False
3.966999999999674,-0.01808617260534635,1.4705882352941175,1.5058823529411764,-0.01369411761176266,-0.7031264626803895,-60.125243704158535,-3.992683885687837,0.047294485669301514,0.009500531309761931,False
3.967999999999674,-0.017538575653311045,1.4705882352941175,1.5058823529411764,-0.013988235258821452,-0.7082726399064656,-63.709488611753784,-4.187931580887346,0.04315556201245543,0.00954576853976892,False
3.968999999999674,-0.016990935426583774,1.4705882352941175,1.5058823529411764,-0.014282352905880244,-0.7131983170569928,-66.9515203550882,-4.3648416840230375,0.03883511886162849,0.009586774895208735,False
3.969999999999674,-0.016443253276412356,1.4823529411764707,1.5058823529411764,-0.014517647023527277,0.4591332793898944,66.14962006266559,-4.525377633096542,0.034350010147266914,0.009623377424443472,False
3.9709999999996737,-0.01589553055414806,1.4823529411764707,1.5058823529411764,-0.01475294114117431,0.3492905397215075,90.29317015302696,2.526113883036165,0.035113367049499515,0.009657668316344402,False
3.9719999999996736,-0.015347768611242242,1.4823529411764707,1.5058823529411764,-0.014988235258821344,0.2501967799023107,84.50470821671793,3.811437143061393,0.03860358586722986,0.009694446380878267,False
3.9729999999996735,-0.014799968799243054,1.4823529411764707,1.5058823529411764,-0.015223529376468377,0.16077710194738587,71.37258240170068,3.5117773334691442,0.04219038668357777,0.009734862034481494,False
3.9739999999996733,-0.014252132469792388,1.4823529411764707,1.5058823529411764,-0.01545882349411541,0.08006409767030515,57.268633278794304,2.822463931943479,0.0451852817779343,0.009778592926357759,False
3.9749999999996732,-0.013704260974621305,1.4823529411764707,1.5058823529411764,-0.015694117611762443,0.007187099703284544,43.910316243812915,2.0806085346267293,0.047451458523044374,0.009824957684255481,False
3.975999999999673,-0.013156355665548566,1.4823529411764707,1.5058823529411764,-0.015929411729409475,-0.05863749258468151,31.689771221365817,1.3773022482824329,0.049004711747366834,0.009873229788484036,False
3.976999999999673,-0.012608417894476058,1.4823529411764707,1.5058823529411764,-0.016164705847056506,-0.11811491976149877,20.630524223229784,0.7333452869049337,0.04989920251123208,0.009922722076891512,False
3.977999999999673,-0.01206044901338576,1.4823529411764707,1.5058823529411764,-0.016399999964703538,-0.17187989833828174,10.64708440661936,0.15006424221971584,0.05019527097683674,0.009972805847642308,False
3.978999999999673,-0.011512450374336416,1.4823529411764707,1.5058823529411764,-0.01663529408235057,-0.22050367317503414,1.649051605639778,-0.3769447406873903,0.049950279908209265,0.010022911609773066,False
3.9799999999996727,-0.010964423329460193,1.4823529411764707,1.5058823529411764,-0.0168705881999976,-0.26450036464575843,-6.459785696422895,-0.8524150411425857,0.04921694196133315,0.010072524939965943,False
3.9809999999996726,-0.010416369230959345,1.4823529411764707,1.5058823529411764,-0.017105882317644632,-0.30433268108705847,-13.767660287740599,-1.2813651244086868,0.048043018781005295,0.010121181684072219,False
3.9819999999996725,-0.009868289431102881,1.4823529411764707,1.5058823529411764,-0.017341176435291664,-0.34041706000187577,-20.354489392794605,-1.66839799798359,0.046471559575093295,0.010168463081757955,False
3.9829999999996724,-0.009320185282223222,1.4823529411764707,1.5058823529411764,-0.017576470552938695,-0.3731282951428583,-26.290291452458916,-2.017711304240646,0.04454132215054789,0.010213991260822154,False
3.9839999999996722,-0.008772058136712875,1.4823529411764707,1.5058823529411764,-0.017811764670585727,-0.40280370088739026,-31.64538811796681,-2.3330372901479133,0.04228723259514364,0.010257425164606768,False
3.984999999999672,-0.008223909347021077,1.4823529411764707,1.5058823529411764,-0.018047058788232758,-0.4297468601751167,-36.47396264389201,-2.6178105885672487,0.03974071150161821,0.01029845688620883,False
3.985999999999672,-0.00767574026565079,1.4823529411764707,1.5058823529411764,-0.01828235290587979,-0.45423099765171754,-40.82872625770123,-2.8750214219082983,0.03693007270845275,0.010336808347560995,False
3.986999999999672,-0.007127552245154111,1.4823529411764707,1.5058823529411764,-0.01851764702352682,-0.4765020154983053,-44.757840359189565,-3.107325981020549,0.03388089750964835,0.01037222838474484,False
3.987999999999672,-0.006579346638130795,1.4823529411764707,1.5058823529411764,-0.018752941141173853,-0.4967812256778815,-48.30362012243621,-3.317530612573764,0.030616003206866055,0.010404490032101869,False
3.9889999999996717,-0.006031124797223685,1.4823529411764707,1.5058823529411764,-0.018988235258820884,-0.5152678089571481,-51.50011968467792,-3.5075618530680073,0.02715604446768454,0.010433387999739483,False
3.9899999999996716,-0.005482888075115674,1.4941176470588236,1.5058823529411764,-0.01916470584705616,0.6449177955032857,81.64567833766604,-3.679418726491036,0.02351968281715097,0.010458736661477638,False
3.9909999999996715,-0.004934637824526375,1.4941176470588236,1.5058823529411764,-0.019341176435291433,0.5242024865765023,105.8378969429679,3.3625322070711072,0.025121821536665007,0.010482617331603994,False
3.9919999999996714,-0.004386375398208781,1.4941176470588236,1.5058823529411764,-0.019517647023526707,0.4153822379541608,100.10165356927786,4.639581879561302,0.029442261055784374,0.010509819577151951,False
3.9929999999996713,-0.0038381021489459293,1.4941176470588236,1.5058823529411764,-0.019694117611761982,0.31726754360581727,87.02450511181,4.332896332403062,0.03385197293336146,0.010541485851844059,False
3.993999999999671,-0.0032898194295475592,1.4941176470588236,1.5058823529411764,-0.019870588199997256,0.22878784810407166,72.97684232455302,3.637623486373698,0.03766356583103325,0.010577287032638006,False
3.994999999999671,-0.0027415285928467786,1.4941176470588236,1.5058823529411764,-0.02004705878823253,0.14897965156426413,59.67680793099134,2.8908892979479157,0.04074128251077091,0.010616536061213815,False
3.995999999999671,-0.0021932309916967226,1.4941176470588236,1.5058823529411764,-0.020223529376467805,0.07697580409020105,47.517404255017155,2.1835616463227043,0.04310180601116052,0.010658501743610223,False
3.996999999999671,-0.0016449279789675269,1.4941176470588236,1.5058823529411764,-0.02039999996470308,0.01199587077530831,36.51742103158147,1.536403822814325,0.04480011571934485,0.010702493102023088,False
3.9979999999996707,-0.0010966209075417505,1.4941176470588236,1.5058823529411764,-0.020576470552938354,-0.04666253979633071,26.599679932260226,0.9506756939481862,0.04589733099374834,0.010747878422116084,False
3.9989999999996706,-0.0005483111303128964,1.4941176470588236,1.5058823529411764,-0.02075294114117363,-0.09963157989904228,17.667378146265378,0.4218576761529062,0.04645150074687344,0.01079408592346204,False
3.9999999999996705,-1.808345928609683e-13,1.4941176470588236,1.5058823529411764,-0.020929411729408903,-0.14748018657971804,9.624944813666183,-0.054830366567370545,0.046515962869833345,0.010840599521233736,False
4.000999999999671,0.0005483111299515378,1.4941176470588236,1.5058823529411764,-0.021105882317644178,-0.19072040318056246,2.384453744001067,-0.4844685438939463,0.04613904803690528,0.010886953971618747,False
4.001999999999671,0.001096620907180703,1.4941176470588236,1.5058823529411764,-0.021282352905879452,-0.2298130687095581,-4.134221956991749,-0.8717204526413748,0.045364310408923095,0.010932729941115627,False
4.0029999999996715,0.0016449279786064817,1.4941176470588236,1.5058823529411764,-0.021458823494114727,-0.2651729382738893,-10.003073714601966,-1.2208163035655153,0.04423095432493879,0.010977549450027269,False
4.003999999999672,0.0021932309913363004,1.4941176470588236,1.5058823529411764,-0.02163529408235,-0.2971732914700238,-15.287009999031705,-1.5354476420707246,0.042774351314956646,0.011021071781515283,False
4.004999999999672,0.002741528592486671,1.4941176470588236,1.5058823529411764,-0.021811764670585276,-0.32615007993478007,-20.044595264421904,-1.8193213825113594,0.04102617461500563,0.01106298975471289,False
4.0059999999996725,0.0032898194291874562,1.4941176470588236,1.5058823529411764,-0.02198823525882055,-0.3524056601412965,-24.32835174227363,-2.075317945865645,0.03901501610587455,0.011103026282291832,False
4.006999999999673,0.0038381021485861424,1.4941176470588236,1.5058823529411764,-0.022164705847055825,-0.37621215291539656,-28.18590134140879,-2.3062332059756345,0.0367666456925304,0.011140931461349429,False
4.007999999999673,0.0043863753978493104,1.4941176470588236,1.5058823529411764,-0.0223411764352911,-0.39781446700032197,-31.659672544457,-2.5145891077609406,0.034304244905706556,0.011176479850177622,False
4.0089999999996735,0.004934637824167222,1.4941176470588236,1.5058823529411764,-0.022517647023526374,-0.41743302026499074,-34.787928338789776,-2.702613599904663,0.031648712383812234,0.011209468024872953,False
4.009999999999674,0.005482888074756529,1.4941176470588236,1.5058823529411764,-0.02263529408234989,0.7417926347380148,-37.605361740220026,-2.8721292161403906,0.028819029844847896,0.011239712467735466,False
4.010999999999674,0.006031124796864859,1.5058823529411764,1.5058823529411764,-0.02275294114117341,0.620272194828936,95.89592246783236,4.172100024229417,0.031230140283283154,0.01126929679769795,False
4.0119999999996745,0.006579346637772291,1.5058823529411764,1.5058823529411764,-0.022870588199996926,0.51078615185194,120.414295734174,5.451642832121386,0.036361975449667884,0.011303012926470573,False
4.012999999999675,0.0071275522447956175,1.5058823529411764,1.5058823529411764,-0.022988235258820443,0.4121310661138188,114.97708796603688,5.147634506659417,0.04158571813222394,0.011342005845123642,False
4.013999999999675,0.007675740265292617,1.5058823529411764,1.5058823529411764,-0.02310588231764396,0.3232238418906849,102.17774139914395,4.455158700322675,0.04621414438888823,0.011385949139255192,False
4.0149999999996755,0.008223909346663538,1.5058823529411764,1.5058823529411764,-0.02322352937646748,0.24308969303104028,88.38478176728961,3.7112770834872033,0.05011158097386395,0.011434158563789749,False
4.015999999999676,0.008772058136355348,1.5058823529411764,1.5058823529411764,-0.023341176435290996,0.17085131199853576,75.32166124061104,3.006907329333144,0.053294798518830316,0.011485905807444487,False
4.016999999999676,0.009320185281866022,1.5058823529411764,1.5058823529411764,-0.023458823494114513,0.1057191220104571,63.38096652467195,2.3628482722605098,0.05581889483800187,0.011540502886063373,False
4.0179999999996765,0.009868289430746005,1.5058823529411764,1.5058823529411764,-0.02357647055293803,0.046982503962362115,52.58513986104359,1.7801016904998872,0.05774491539870541,0.011597321140674762,False
4.018999999999677,0.010416369230602796,1.5058823529411764,1.5058823529411764,-0.02369411761176155,-0.005998099339747376,42.8594276288842,1.254598352743226,0.059131100844016744,0.011655791888765043,False
4.019999999999677,0.01096442332910366,1.5058823529411764,1.5058823529411764,-0.023811764670585066,-0.05379828937046992,34.10675217541794,0.7812235452401368,0.060030847421684755,0.011715402342799644,False
4.0209999999996775,0.011512450373980212,1.5058823529411764,1.5058823529411764,-0.023929411729408583,-0.09693610745694442,26.233899346039042,0.3549142635541403,0.060492492475069846,0.011775690581034852,False
4.021999999999678,0.012060449013029885,1.5058823529411764,1.5058823529411764,-0.0240470587882321,-0.13587779079359535,19.15338099455152,-0.02897647810951607,0.06055962831113116,0.011836240613069437,False
4.022999999999678,0.012608417894120202,1.5058823529411764,1.5058823529411764,-0.024164705847055618,-0.17104295285540513,12.78633890061743,-0.3746634613724361,0.06027152187350466,0.011896677836231809,False
4.0239999999996785,0.01315635566519304,1.5058823529411764,1.5058823529411764,-0.024282352905879136,-0.20280924576985784,7.061373359290674,-0.6859520730829332,0.05966353820916356,0.011956664920491402,False
4.024999999999679,0.013704260974266108,1.5058823529411764,1.5058823529411764,-0.024399999964702653,-0.23151655645168906,1.914334815417886,-0.9662983886298613,0.058767502145270524,0.012015898093567316,False
4.025999999999679,0.014252132469437215,1.5058823529411764,1.5058823529411764,-0.02451764702352617,-0.25747078312416083,-2.7124499039379937,-1.2187946670160699,0.057612039921005026,0.012074103777473625,False
4.0269999999996795,0.014799968798888525,1.5058823529411764,1.5058823529411764,-0.024635294082349688,-0.2809472341882093,-6.871110718611604,-1.4461893536649086,0.0562229276612265,0.012131035574535499,False
4.02799999999968,0.015347768610888046,1.5058823529411764,1.5058823529411764,-0.024752941141173206,-0.30219368720467704,-10.608402230559951,-1.6510033443224164,0.054623363328507146,0.012186471569108468,False
4.02899999999968,0.015895530553794196,1.5058823529411764,1.5058823529411764,-0.024870588199996723,-0.3214331419783214,-13.966427998840917,-1.8355017948662846,0.052834217156039094,0.01224021187846324,False
4.0299999999996805,0.01644325327605852,1.5058823529411764,1.5058823529411764,-0.02492941172940848,0.8381925251959954,-16.983242609466703,-2.001702416890801,0.05087427654330193,0.012292076449168356,False
4.030999999999681,0.016990935426230275,1.5176470588235293,1.5058823529411764,-0.024988235258820237,0.7170909197705301,109.32322163442836,-2.151423099643644,0.048760463108808,0.01234190308237004,False
4.031999999999681,0.017538575652957883,1.5176470588235293,1.5058823529411764,-0.025047058788231994,0.6080406513581984,138.73148856152605,4.911353606756232,0.051906289576257675,0.012391794932926517,False
4.0329999999996815,0.018086172604993216,1.5176470588235293,1.5058823529411764,-0.02510588231764375,0.5098365862576869,134.62441451897712,6.207881024752854,0.05779019883046692,0.012446562052234031,False
4.033999999999682,0.01863372493119585,1.5176470588235293,1.5058823529411764,-0.025164705847055508,0.4213941041378136,122.13822160818215,5.919404759572894,0.06378187622597095,0.012507366065389502,False
4.034999999999682,0.01918123128053454,1.5176470588235293,1.5058823529411764,-0.025223529376467265,0.34173704670051486,108.37865296393602,5.2413327205075815,0.06936210347305492,0.012573938087304986,False
4.0359999999996825,0.01972869030209148,1.5176470588235293,1.5058823529411764,-0.025282352905879022,0.2699868714775336,95.27882008075463,4.5106168291169215,0.07423808858496164,0.012645738146799543,False
4.036999999999683,0.02027610064506659,1.5176470588235293,1.5058823529411764,-0.02534117643529078,0.2053528902474376,83.29175867229962,3.8184621984119604,0.0784027665779358,0.012722058610294839,False
4.037999999999683,0.02082346095877894,1.5176470588235293,1.5058823529411764,-0.025399999964702536,0.1471234836109389,72.45600901999738,3.185637905089901,0.08190451870390021,0.012802212214421592,False
4.0389999999996835,0.021370769892671376,1.5176470588235293,1.5058823529411764,-0.025458823494114293,0.09465819410867757,62.69950214992991,2.613350984971736,0.08480447391623604,0.012885566746164036,False
4.039999999999684,0.021918026096313194,1.5176470588235293,1.5058823529411764,-0.02551764702352605,0.04738061002723039,53.926471513967435,2.0976439667908964,0.08715935092169508,0.012971548622553524,False
4.040999999999684,0.022465228219404738,1.5176470588235293,1.5058823529411764,-0.025576470552937835,0.0047719608244965045,46.0420147539719,1.6333941732708457,0.0890256408792633,0.013059641149142518,False
4.0419999999996845,0.02301237491177885,1.5176470588235293,1.5058823529411764,-0.02563529408234962,-0.033634646987374256,38.95828305546387,1.2156730181372744,0.09044926766494472,0.01314937857391971,False
4.042999999999685,0.023559464823405155,1.5176470588235293,1.5058823529411764,-0.025694117611761404,-0.06825941754746864,32.59615438777931,0.8398554882818208,0.09147805560511439,0.013240342257905355,False
4.043999999999685,0.024106496604394297,1.5176470588235293,1.5058823529411764,-0.02575294114117319,-0.09948053458096418,26.882693733285176,0.5017800965628502,0.09214775542477564,0.013332155143619174,False
4.0449999999996855,0.024653468904999417,1.5176470588235293,1.5058823529411764,-0.025811764670584974,-0.12763836344052093,21.753583723243526,0.19766445584122655,0.09249866463297629,0.013424478365111911,False
4.045999999999686,0.02520038037562044,1.5176470588235293,1.5058823529411764,-0.02587058819999676,-0.15303923294353272,17.1499155715159,-0.07587028544836422,0.09255833292078598,0.013517006855765972,False
4.046999999999686,0.025747229666808286,1.5176470588235293,1.5058823529411764,-0.025929411729408543,-0.17595883902565448,13.019661758940176,-0.32188339868443744,0.09236069873611177,0.01360946637086525,False
4.0479999999996865,0.026294015429266383,1.5176470588235293,1.5058823529411764,-0.025988235258820328,-0.19664530802897495,9.315083738144178,-0.5431197351976665,0.09192696871664073,0.013701610208844474,False
4.048999999999687,0.026840736313855227,1.5176470588235293,1.5058823529411764,-0.026047058788232113,-0.21532195366137458,5.993869787688761,-0.7420571770605684,0.09128556719348256,0.013793216463848628,False
4.049999999999687,0.02738739097159506,1.5176470588235293,1.5058823529411764,-0.026105882317643898,-0.23218975825994537,3.0174651932322205,-0.9209179123858799,0.09045296012146534,0.013884085743584226,False
4.0509999999996875,0.027933978053670483,1.5294117647058822,1.5058823529411764,-0.026105882317643898,0.9296292176012981,114.16226917118506,-1.0817113593714425,0.08945267384337321,0.013974038536539123,False
4.051999999999688,0.028480496211431897,1.5294117647058822,1.5176470588235293,-0.026105882317643898,0.8105604135234846,18.423887747913422,5.599856181987069,0.09171081264454936,0.014064620306556199,False
4.052999999999688,0.029026944096399755,1.5294117647058822,1.5176470588235293,-0.026105882317643898,0.7033984898534564,-9.343093241998876,7.1545776672480885,0.09808888007041328,0.01415952011718095,False
4.0539999999996885,0.02957332036026885,1.5294117647058822,1.5176470588235293,-0.026105882317643898,0.6069527585504346,-17.515794710667276,6.935943776703488,0.10513338656886043,0.01426113129049379,False
4.054999999999689,0.030119623654909757,1.5294117647058822,1.5176470588235293,-0.026105882317643898,0.5201516003777183,-20.021370204523905,6.27388979946202,0.1117389225539627,0.01436956739493755,False
4.055999999999689,0.03066585263237309,1.5294117647058822,1.5176470588235293,-0.026105882317643898,0.44203055802227653,-20.871402234378948,5.544380761653458,0.11764761536867221,0.014484260717166735,False
4.0569999999996895,0.031212005944893758,1.5294117647058822,1.5176470588235293,-0.026105882317643898,0.3717216199023815,-21.223071043693476,4.849702618014661,0.12284488460070128,0.014604506904871117,False
4.05799999999969,0.031758082244892454,1.5294117647058822,1.5176470588235293,-0.026105882317643898,0.3084435755944782,-21.411503422463387,4.213840267743298,0.12737667471898248,0.014729617747486079,False
4.05899999999969,0.03230408018498019,1.5294117647058822,1.5176470588235293,-0.026105882317643898,0.2514933357173675,-21.53524323194099,3.6388316501589437,0.13130272147890681,0.01485895737576238,False
4.0599999999996905,0.03284999841796101,1.5294117647058822,1.5176470588235293,-0.026105882317643898,0.20023811982796969,-21.624405929399096,3.120884265883546,0.1346831551891611,0.014991950381530806,False
4.060999999999691,0.033395835596836565,1.5294117647058822,1.5176470588235293,-0.026105882317643898,0.1541084255275135,-21.689399377836484,2.654923117294121,0.13757018818290717,0.015128076981583768,False
4.061999999999691,0.03394159037480757,1.5294117647058822,1.5176470588235293,-0.026105882317643898,0.11259170065710433,-21.734309059478672,2.235949040637189,0.14001679003550094,0.01526687053669471,False
4.0629999999996915,0.03448726140527805,1.5294117647058822,1.5176470588235293,-0.026105882317643898,0.07522664827373754,-21.761752612179333,1.8593045586383774,0.14206296321746667,0.015407910345928456,False
4.063999999999692,0.0350328473418596,1.5294117647058822,1.5176470588235293,-0.026105882317643898,0.04159810112870865,-21.773900692183247,1.520820868813384,0.14375475268961424,0.015550819262556649,False
4.064999999999692,0.03557834683837285,1.5294117647058822,1.5176470588235293,-0.026105882317643898,0.011332408698183777,-21.772268898056254,1.2166343993371065,0.1451215015493188,0.015695257332227413,False
4.0659999999996925,0.0361237585488517,1.5294117647058822,1.5176470588235293,-0.026105882317643898,-0.015906714489287606,-21.758177655940685,0.9433503629419833,0.1462036974831669,0.015840919977823914,False
4.066999999999693,0.0366690811275476,1.5294117647058822,1.5176470588235293,-0.026105882317643898,-0.040421925358010945,-21.73285919874026,0.697855667541135,0.14702190439960744,0.01598753273607142,False
4.067999999999693,0.03721431322893097,1.5294117647058822,1.5176470588235293,-0.026105882317643898,-0.0624856151398611,-21.6975422893817,0.47739586402859724,0.1476120822021512,0.016134849758696296,False
4.0689999999996935,0.03775945350769583,1.5294117647058822,1.5176470588235293,-0.026105882317643898,-0.08234293594352554,-21.65318683105356,0.2794561146620344,0.14798784008509352,0.016282649695414205,False
4.069999999999694,0.0383045006187624,1.5294117647058822,1.5176470588235293,-0.026105882317643898,-0.10021452466682283,-21.600693943447922,0.10179007668813658,0.14818120504464222,0.016430734227819908,False
4.070999999999694,0.03884945321728174,1.5411764705882354,1.5176470588235293,-0.026047058788232113,1.0,107.35077872702391,-0.05762904544025565,0.14820051364417497,0.01657892508297169,False
4.0719999999996945,0.039394309958637186,1.5411764705882354,1.5176470588235293,-0.025988235258820328,0.9409897644986193,139.34698936498356,5.82097611663265,0.15108497296608658,0.016728567815410003,False
4.072999999999695,0.03993906949844856,1.5411764705882354,1.5176470588235293,-0.025929411729408543,0.8332554939663716,137.5229405557179,0.7535436622115617,0.15436944544558465,0.016881295041481458,False
4.073999999999695,0.04048373049257648,1.5411764705882354,1.5176470588235293,-0.02587058819999676,0.7363534740167642,127.08193224796149,-0.7176047502452007,0.15439013376039798,0.01703567479879442,False
4.0749999999996955,0.04102829159712379,1.5411764705882354,1.5176470588235293,-0.025811764670584974,0.6492004795915323,115.16616701132159,-1.152033933704038,0.15345274252445928,0.017189596274181696,False
4.075999999999696,0.04157275146843977,1.5411764705882354,1.5176470588235293,-0.02575294114117319,0.5708216081382385,103.73126069995352,-1.286602875675543,0.15223580208944149,0.01734244049549548,False
4.076999999999696,0.04211710876312444,1.5411764705882354,1.5176470588235293,-0.025694117611761404,0.5003394473596884,93.24953943435585,-1.3335658737307605,0.1509235689664824,0.017494020235209226,False
4.0779999999996965,0.04266136213802997,1.5411764705882354,1.5176470588235293,-0.02563529408234962,0.43696432618840764,83.77544952874855,-1.3541382704217813,0.14958160782302882,0.017644272757795076,False
4.078999999999697,0.043205510250265276,1.5411764705882354,1.5176470588235293,-0.025576470552937835,0.37998554066366874,75.2505992743898,-1.36606034405725,0.14821989884692136,0.01779317357801984,False
4.079999999999697,0.04374955175719865,1.5411764705882354,1.5176470588235293,-0.02551764702352605,0.32876345722081746,67.59722073684895,-1.3745385888714965,0.14685090971060924,0.01794070890626894,False
4.0809999999996975,0.04429348531646239,1.5411764705882354,1.5176470588235293,-0.025458823494114265,0.28272240565166484,60.72161005762,-1.3811707057636509,0.14547205703212363,0.018086870464350376,False
4.081999999999698,0.044837309585954194,1.5411764705882354,1.5176470588235293,-0.02539999996470248,0.24134428276884082,54.557773665345636,-1.3865071821577932,0.14408889640447436,0.018231650859913767,False
4.082999999999698,0.045381023223841445,1.5411764705882354,1.5176470588235293,-0.025341176435290696,0.20416279570371243,49.025568985837,-1.3907602457738986,0.14269990628197957,0.018375045338569537,False
4.0839999999996985,0.04592462488856539,1.5411764705882354,1.5176470588235293,-0.02528235290587891,0.1707582808745098,44.07020229619426,-1.3940757549842058,0.14130752607760855,0.01851704897371782,False
4.084999999999699,0.04646811323884264,1.5411764705882354,1.5176470588235293,-0.025223529376467126,0.14075304105764036,39.62863749328935,-1.3965586035717632,0.13991248143092821,0.018657659052198457,False
4.085999999999699,0.04701148693366944,1.5411764705882354,1.5176470588235293,-0.02516470584705534,0.11380714875187073,35.649147464703454,-1.3982992259415952,0.13851448301671934,0.018796872458553528,False
4.0869999999996995,0.0475547446323258,1.5411764705882354,1.5176470588235293,-0.025105882317643557,0.08961466920609076,32.0885717213273,-1.3993580871657925,0.13711650305200107,0.018934688018920783,False
4.0879999999997,0.048097884994377074,1.5411764705882354,1.5176470588235293,-0.025047058788231772,0.06790026114430144,28.904418193331335,-1.3998064932143766,0.13571581499767146,0.01907110411173429,False
4.0889999999997,0.04864090667967838,1.5411764705882354,1.5176470588235293,-0.024988235258819987,0.048416117418103484,26.058169083885083,-1.3997075937792218,0.13431739512404095,0.019206120772622702,False
4.0899999999997005,0.0491838083483774,1.5411764705882354,1.5176470588235293,-0.024929411729408203,0.03093921159393786,23.51657453822838,-1.3991088582420956,0.13291644734235006,0.019339737640965426,False
4.090999999999701,0.04972658866091884,1.5411764705882354,1.5176470588235293,-0.024811764670584633,1.0,21.248634973536518,-1.3980668023251936,0.1315195699715555,0.019471955690781976,False
4.091999999999701,0.050269246278045944,1.5529411764705883,1.5176470588235293,-0.024752941141172848,-0.10406982677717919,118.56749549931796,5.422900014795875,0.13353011478169563,0.019604480495725232,False
4.0929999999997015,0.05081177986080467,1.5529411764705883,1.5176470588235293,-0.024694117611761063,-0.10606284406416419,146.45629466783748,7.113999966612747,0.1398006237659239,0.019741145890804068,False
4.093999999999702,0.05135418807054794,1.5529411764705883,1.5176470588235293,-0.02463529408234928,-0.10779773609303885,154.35915596956153,7.015611027708702,0.1468631715895637,0.019884477766504222,False
4.094999999999702,0.05189646956893711,1.5529411764705883,1.5176470588235293,-0.024576470552937494,-0.10930031538961424,156.50978767287754,6.4612206955361895,0.15360401601628612,0.020034711368450732,False
4.0959999999997025,0.05243862301794619,1.5529411764705883,1.5176470588235293,-0.02451764702352571,-0.11059381322712014,147.81678026806068,5.828711377782725,0.1597464269064472,0.02019138658726982,False
4.096999999999703,0.05298064707986606,1.5529411764705883,1.5176470588235293,-0.024458823494113924,-0.11169913775146367,136.49498274768388,5.221574840872413,0.1652741985993715,0.020353896886508023,False
4.097999999999703,0.0535225404173059,1.5529411764705883,1.5176470588235293,-0.02439999996470214,-0.11263510629396092,125.3253008603845,4.664792077022951,0.17021473605835008,0.02052164137359424,False
4.0989999999997035,0.05406430169319778,1.5529411764705883,1.5176470588235293,-0.024341176435290355,-0.11341865445279664,115.00415820508027,4.161272363082501,0.1746303734878083,0.0206940638914647,False
4.099999999999704,0.05460592957079931,1.5529411764705883,1.5176470588235293,-0.02428235290587857,-0.114065024266337,105.65503020766562,3.707908938213897,0.17856245661370937,0.020870660349169838,False
4.100999999999704,0.05514742271369812,1.5529411764705883,1.5176470588235293,-0.024223529376466785,-0.11458793356911141,97.24414065184209,3.3006193935862496,0.18206907500210798,0.021050976055543836,False
4.1019999999997045,0.05568877978581345,1.5529411764705883,1.5176470588235293,-0.024164705847055,-0.11499972841219668,89.68882223111596,2.9344250152830367,0.18518444777398346,0.02123460288048126,False
4.102999999999705,0.056229999451400205,1.5529411764705883,1.5176470588235293,-0.024105882317643216,-0.1153115202415615,82.92034879072861,2.605863682317333,0.1879564892132187,0.0214211732702032,False
4.103999999999705,0.05677108037505328,1.5529411764705883,1.5176470588235293,-0.02404705878823143,-0.11553330935857808,76.85116500704463,2.310678025997376,0.19041315661963934,0.02161035817341203,False
4.1049999999997056,0.057312021221708975,1.5529411764705883,1.5176470588235293,-0.023988235258819646,-0.11567409603448119,71.41759809693944,2.0459889512310068,0.19259276453757437,0.02180186104098385,False
4.105999999999706,0.057852820656649526,1.5529411764705883,1.5176470588235293,-0.02392941172940786,-0.11574198051338219,66.55423268174367,1.8084540529710802,0.19451906831719706,0.02199541704863704,False
4.106999999999706,0.058393477345505776,1.5529411764705883,1.5176470588235293,-0.023870588199996077,-0.11574425301498124,62.206752858697186,1.5953437647032598,0.19622150776443859,0.022190787235905896,False
4.1079999999997066,0.05893398995426171,1.5529411764705883,1.5176470588235293,-0.023811764670584292,-0.1156874747370086,58.3192076232988,1.4043781544351996,0.19772121742312526,0.022387758693771794,False
4.108999999999707,0.05947435714925589,1.5529411764705883,1.5176470588235293,-0.023752941141172507,-0.11557755075742145,54.84479369026672,1.2333062079828423,0.19903981740388024,0.022586139109879184,False
4.109999999999707,0.06001457759718567,1.5529411764705883,1.5294117647058822,-0.023694117611760723,-0.11541979564638115,-84.29336163626664,1.080099714376776,0.200197151848427,0.022785757686481306,False
4.1109999999997076,0.060554649965111396,1.5529411764705883,1.5294117647058822,-0.023576470552937153,1.0,-113.88726705550943,0.9429938103835421,0.20120768975171638,0.022986460012808317,False
4.111999999999708,0.0610945729204579,1.5647058823529412,1.5294117647058822,-0.023458823494113584,0.956785259711091,23.057026744789226,0.8203562412556563,0.20209073119103937,0.023188109304780456,False
4.112999999999708,0.06163434513101865,1.5647058823529412,1.5294117647058822,-0.023341176435290014,0.862353792598778,58.64394057869786,5.966736352947166,0.20548256927439448,0.023391895873756896,False
4.113999999999709,0.06217396526495998,1.5647058823529412,1.5294117647058822,-0.023223529376466445,0.7774831192565234,65.45844888623029,7.439561156984793,0.21218776751858454,0.023600731108498613,False
4.114999999999709,0.06271343199082256,1.5647058823529412,1.5294117647058822,-0.023105882317642875,0.7012171603073203,64.35400385986968,7.854871609422751,0.21983259665851324,0.023816741225736605,False
4.115999999999709,0.06325274397752585,1.5647058823529412,1.5294117647058822,-0.022988235258819305,0.6326954443118636,61.29553738839705,7.965715961621418,0.22774559027605432,0.024040530365551555,False
4.11699999999971,0.06379189989437084,1.5647058823529412,1.5294117647058822,-0.022870588199995736,0.5711435469747789,57.968914443204405,7.502752767632982,0.23547684986368858,0.0242721415435423,False
4.11799999999971,0.06433089841104453,1.5647058823529412,1.5294117647058822,-0.022752941141172166,0.5158644864302282,54.82761859613564,6.900584829560874,0.2426817141390268,0.02451122084474348,False
4.11899999999971,0.06486973819762132,1.5647058823529412,1.5294117647058822,-0.022635294082348597,0.466230978998958,51.974932482503064,6.306394421843992,0.24928185084702076,0.02475720261463881,False
4.119999999999711,0.06540841792456731,1.5647058823529412,1.5294117647058822,-0.022517647023525027,0.4216784693696399,49.42072155869906,5.757000695358761,0.2553169856275909,0.02500950201928129,False
4.120999999999711,0.06594693626274443,1.5647058823529412,1.5294117647058822,-0.022399999964701458,0.3816988577620788,47.144897092860724,5.258973161929111,0.26082152652065327,0.025267571296567547,False
4.121999999999711,0.06648529188341194,1.5647058823529412,1.5294117647058822,-0.02228235290587789,0.34583485437409883,45.12161351919063,4.810508227082105,0.265859641828008,0.025530911831692888,False
4.122999999999712,0.0670234834582305,1.5647058823529412,1.5294117647058822,-0.02216470584705432,0.31367489838374185,43.326974341045556,4.407253676500733,0.27046529814005704,0.02579907435781259,False
4.123999999999712,0.06756150965926656,1.5647058823529412,1.5294117647058822,-0.02204705878823075,0.2848485850512449,41.7392920635954,4.045568423381128,0.2746947046747196,0.026071654275333287,False
4.124999999999712,0.06809936915899362,1.5647058823529412,1.5294117647058822,-0.02192941172940718,0.2590225501108225,40.33576576129099,3.720829956223609,0.2785752115618514,0.026348289322368962,False
4.125999999999713,0.06863706063029683,1.5647058823529412,1.5294117647058822,-0.02181176467058361,0.23589676572326665,39.09963993328447,3.4296708602642285,0.28215278006609507,0.02662865320322014,False
4.126999999999713,0.06917458274647566,1.5647058823529412,1.5294117647058822,-0.02169411761176004,0.21520120683329094,38.01268979096181,3.168636346338685,0.28545005269529106,0.026912454736161266,False
4.127999999999713,0.0697119341812483,1.5647058823529412,1.5294117647058822,-0.02157647055293647,0.196692850891137,37.0618775522477,2.934852023408448,0.2885031838559655,0.027199431214932387,False
4.128999999999714,0.0702491136087532,1.5647058823529412,1.5294117647058822,-0.021458823494112902,0.1801529776020226,36.23153422833194,2.725368548783255,0.2913324476183699,0.027489349167212684,False
4.129999999999714,0.07078611970355322,1.5647058823529412,1.5294117647058822,-0.021341176435289332,0.16538473870064396,35.51099228720514,2.537700397547892,0.2939642500522719,0.027781997360745127,False
4.130999999999714,0.07132295114063983,1.5647058823529412,1.5294117647058822,-0.021223529376465763,0.15221097074822704,34.88928988603834,-4.827811805912002,0.29281952910082004,0.028075389396397216,False
4.131999999999715,0.0718596065954345,1.5647058823529412,1.5294117647058822,-0.02104705878823041,1.0,34.35599801608928,-6.397395372544015,0.28720599288277016,0.02836540200071869,False
4.132999999999715,0.07239608474379294,1.576470588235294,1.5294117647058822,-0.020870588199995054,1.0,120.43395637719568,0.8444544587568621,0.28443103118489316,0.028651220652909672,False
4.133999999999715,0.07293238426200926,1.576470588235294,1.5294117647058822,-0.0206941176117597,1.0,145.09129424687183,2.7235812840740405,0.28621296973486976,0.028936542506694522,False
4.134999999999716,0.07346850382681742,1.576470588235294,1.5294117647058822,-0.020517647023524346,1.0,152.0686313617287,3.0803693175904496,0.2891175941217021,0.029224207917206237,False
4.135999999999716,0.07400444211539567,1.576470588235294,1.5294117647058822,-0.02034117643528899,0.9204865809674133,153.95822004917676,3.01812268977891,0.2921636392869292,0.02951484840179418,False
4.136999999999716,0.07454019780536926,1.576470588235294,1.5294117647058822,-0.020164705847053637,0.8451555699647696,154.383732579233,2.8524611655453747,0.29510264968467387,0.029808481655289546,False
4.137999999999717,0.07507576957481489,1.576470588235294,1.5294117647058822,-0.019988235258818283,0.7775341306506284,153.35887158831767,2.672567871860639,0.2978609727993241,0.030104963358312965,False
4.138999999999717,0.07561115610226216,1.576470588235294,1.5294117647058822,-0.01981176467058293,0.7168513058561389,145.73686265685728,2.502448046876072,0.30045308856354186,0.030404120469227355,False
4.139999999999717,0.07614635606669772,1.576470588235294,1.5294117647058822,-0.019635294082347574,0.662413234129336,136.97097789877935,2.347564194351023,0.30287313459610654,0.030705783505001933,False
4.140999999999718,0.07668136814756948,1.576470588235294,1.5294117647058822,-0.01945882349411222,0.6135954401634502,128.55857066745224,2.2084397461566545,0.3051563758262898,0.03100979830419458,False
4.141999999999718,0.07721619102478801,1.576470588235294,1.5294117647058822,-0.019282352905876866,0.5698358961823902,120.85910807274982,2.0840170122258717,0.30729716387310674,0.03131602503698979,False
4.142999999999718,0.07775082337873071,1.576470588235294,1.5294117647058822,-0.01910588231764151,0.5306287771876732,113.91778812142103,1.9729261788299315,0.30933119274153303,0.031624339218033065,False
4.143999999999719,0.07828526389024601,1.576470588235294,1.5294117647058822,-0.018929411729406157,0.4955188406806643,107.69276171939009,1.8739075991429888,0.31124902165001284,0.0319346293305469,False
4.144999999999719,0.07881951124065477,1.576470588235294,1.5411764705882354,-0.018752941141170803,0.46409636841259305,-33.921635493676774,1.7858151389435915,0.31308441262914055,0.032246796007060236,False
4.145999999999719,0.07935356411175476,1.576470588235294,1.5411764705882354,-0.01857647055293545,0.43599261395956546,-65.74079068475851,1.7074402249360567,0.31482565716845573,0.03256075109027593,False
4.14699999999972,0.0798874211858233,1.576470588235294,1.5411764705882354,-0.018399999964700094,0.4108757055400768,-66.83086940014356,1.637905222423429,0.31650347887032143,0.03287641557523724,False
4.14799999999972,0.08042108114562174,1.576470588235294,1.5411764705882354,-0.01822352937646474,0.3884469585507734,-59.86485938292715,1.5762354995701573,0.31810571806271526,0.033193720262592055,False
4.14899999999972,0.08095454267439689,1.576470588235294,1.5411764705882354,-0.018047058788229386,0.36843755684863616,-51.289263108772325,1.5217557752351933,0.3196591469169304,0.0335126025735194,False
4.149999999999721,0.08148780445588513,1.576470588235294,1.5411764705882354,-0.017929411729405816,-0.826453257624419,-42.88903784489574,1.4736230548315883,0.32115287430163614,0.033833008708261864,False
4.150999999999721,0.08202086517431664,1.576470588235294,1.5411764705882354,-0.017811764670582247,-0.737031461238412,-35.114035075643336,1.4312866804741204,0.3226087530508629,0.0341548893685403,False
4.151999999999721,0.0825537235144168,1.576470588235294,1.5411764705882354,-0.017635294082346892,0.5206246260971839,-28.03663205224299,1.3941568437380853,0.32401864668343333,0.03447820321991231,False
4.152999999999722,0.0830863781614103,1.576470588235294,1.5411764705882354,-0.017458823494111538,0.48798569293451954,-21.625133457874792,1.3616876096962853,0.32539875222575654,0.034802911743104216,False
4.153999999999722,0.08361882780102536,1.588235294117647,1.5411764705882354,-0.017282352905876184,0.4587871236763581,103.50386663471073,5.911706645753681,0.3290339433403183,0.03513012826047146,False
4.154999999999722,0.08415107111949513,1.588235294117647,1.5411764705882354,-0.01710588231764083,0.43268488193224885,139.40379734527218,7.211945931056713,0.3355965712422268,0.03546244332640483,False
4.155999999999723,0.08468310680356211,1.588235294117647,1.5411764705882354,-0.016929411729405475,0.40936933495078764,149.61913717728993,7.5766710649386955,0.342990812383799,0.03580173719885731,False
4.156999999999723,0.08521493354048086,1.588235294117647,1.5411764705882354,-0.01675294114117012,0.38856181325570793,145.89803913800148,7.6720971982027715,0.3506144971798121,0.0361485396547081,False
4.157999999999723,0.08574655001802238,1.588235294117647,1.5411764705882354,-0.016576470552934767,0.37001151431837254,138.5183417213567,7.689975709628237,0.3582970158445309,0.03650299559217538,False
4.158999999999724,0.08627795492447553,1.588235294117647,1.5411764705882354,-0.016399999964699413,0.353492715863007,130.7328407174265,7.631000296427198,0.3659552304754781,0.03686512152124333,False
4.159999999999724,0.08680914694865123,1.588235294117647,1.5411764705882354,-0.01622352937646406,0.3388022678414142,123.42404634530145,7.222893873443231,0.37338522910960337,0.037234791918905386,False
4.160999999999724,0.08734012477988659,1.588235294117647,1.5411764705882354,-0.016047058788228704,0.3257573352102162,116.7824186844493,6.754157562069679,0.3803699494717321,0.03761166933277331,False
4.161999999999725,0.08787088710804629,1.588235294117647,1.5411764705882354,-0.01587058819999335,0.31419336643037366,110.81611029224804,6.304047881268895,0.3869035633807277,0.03799530622999584,False
4.162999999999725,0.08840143262352672,1.588235294117647,1.5411764705882354,-0.015694117611757995,0.30396226511675106,105.46634347776079,5.891566433119831,0.3929962117196895,0.03838525597451512,False
4.163999999999725,0.08893176001726019,1.588235294117647,1.5411764705882354,-0.015517647023522641,0.29493074452272694,100.67756897443857,5.519128426346163,0.3987072873106875,0.03878110782500043,False
4.164999999999726,0.08946186798071624,1.588235294117647,1.5411764705882354,-0.015341176435287287,0.2869788465763408,96.40339535142468,5.18450870131688,0.4040528938939835,0.03918248781658622,False
4.165999999999726,0.08999175520590623,1.588235294117647,1.5411764705882354,-0.015164705847051933,0.2799986090128291,92.5904421789069,-2.313477989474345,0.40549497446169963,0.03958726180165832,False
4.166999999999726,0.09052142038538573,1.588235294117647,1.5411764705882354,-0.014988235258816578,0.27389286579390415,89.19089015454666,-4.002283646004082,0.4023303499517021,0.039991174418283905,False
4.167999999999727,0.09105086221225922,1.588235294117647,1.5411764705882354,-0.014811764670581224,0.2685741674851069,86.16777632510403,-4.065209889101934,0.39830336903633534,0.04039149127334594,False
4.168999999999727,0.09158007938018127,1.588235294117647,1.5411764705882354,-0.01463529408234587,0.2639638095954254,83.47746356776518,-3.7018321551061475,0.39441317915406476,0.04078784955772776,False
4.169999999999727,0.09210907058336089,1.588235294117647,1.5411764705882354,-0.014458823494110516,0.25999095808294787,81.08840609072477,-3.253254129281176,0.39094210746476393,0.041180527143155614,False
4.170999999999728,0.09263783451656542,1.588235294117647,1.5529411764705883,-0.014282352905875161,0.2565918623099534,-57.06925078668473,-2.8139059665897883,0.3879023492886366,0.04156994943367967,False
4.171999999999728,0.09316636987512214,1.588235294117647,1.5529411764705883,-0.014105882317639807,0.2537091467024937,-85.77368505047473,-2.407602603579756,0.3852973933891206,0.041956549198986996,False
4.172999999999728,0.0936946753549223,1.588235294117647,1.5529411764705883,-0.01387058819999267,1.0,-84.06221164670468,-2.0381759415611285,0.383069167621311,0.0423407325867393,False
4.173999999999729,0.09422274965242522,1.588235294117647,1.5529411764705883,-0.013635294082345532,1.0,-74.57518368326643,-1.7039520352036974,0.3812029058329982,0.042722868477040196,False
4.174999999999729,0.09475059146465978,1.6,1.5529411764705883,-0.013399999964698395,1.0,72.30783594335954,4.911499120029993,0.3828024596138168,0.04310487130370288,False
4.175999999999729,0.09527819948922879,1.6,1.5529411764705883,-0.013164705847051258,1.0,109.58039769436012,6.8058937492996145,0.38866476512901754,0.04349060473583987,False
4.17699999999973,0.09580557242431156,1.6,1.5529411764705883,-0.01292941172940412,1.0,115.82781534383612,7.3412334341511505,0.3957353735443625,0.043882804979713794,False
4.17799999999973,0.09633270896866845,1.6,1.5529411764705883,-0.012694117611756983,0.9911002379744567,113.6160695243538,7.1391380148537165,0.40297779526980304,0.044282161355961976,False
4.17899999999973,0.0968596078216421,1.6,1.5529411764705883,-0.012458823494109846,0.9287078612711159,109.39444402899026,6.74335711619005,0.40991757983684757,0.04468860923869356,False
4.179999999999731,0.09738626768316168,1.6,1.5529411764705883,-0.012223529376462709,0.8727900163557584,104.97748458435954,6.326031947427346,0.4164529164736703,0.04510179426335604,False
4.180999999999731,0.09791268725374695,1.6,1.5529411764705883,-0.011988235258815571,0.8226992500495858,100.8437243230142,5.933832485844421,0.42258305224769876,0.04552131244919551,False
4.181999999999731,0.09843886523450962,1.6,1.5529411764705883,-0.011752941141168434,0.7778528544916787,97.1047921985255,5.576863873935422,0.42833733734010576,0.04594677242062096,False
4.182999999999732,0.09896480032715754,1.6,1.5529411764705883,-0.011517647023521297,0.7377263926072111,93.75461885335199,5.255541819407657,0.4337554524827547,0.04637781900745675,False
4.183999999999732,0.09949049123399877,1.6,1.5529411764705883,-0.01128235290587416,0.7018478710288394,90.76858214217195,4.966781310827814,0.438863874386514,0.046814128463730925,False
4.184999999999732,0.10001593665794291,1.6,1.5529411764705883,-0.011105882317638807,-0.5072663278034379,88.11183127851214,4.707625226023555,0.4437045997387998,0.04725541286742463,False
4.185999999999733,0.10054113530250566,1.6,1.5529411764705883,-0.010929411729403454,-0.4305867538112959,85.75583995048518,4.475648448436031,0.44829198760518923,0.04770141098541892,False
4.186999999999733,0.10106608587181123,1.6,1.5529411764705883,-0.010752941141168102,-0.36139866663013476,83.66574274187613,4.268000660097016,0.45266871172812095,0.048151891462117416,False
4.187999999999733,0.10159078707059693,1.6,1.5529411764705883,-0.01057647055293275,-0.29895291757885667,81.8158346388297,4.0821878722592935,0.4568383405181642,0.04860664485727316,False
4.188999999999734,0.10211523760421434,1.6,1.5529411764705883,-0.010399999964697397,-0.24257527284447328,80.18428304403267,3.9162215134324203,0.4608434745231257,0.04906548584050326,False
4.189999999999734,0.10263943617863365,1.6,1.5529411764705883,-0.010223529376462044,-0.1916589219952946,78.74933664589612,3.7678313221671247,0.46467921503461385,0.049528247109158416,False
4.190999999999734,0.10316338150044758,1.6,1.5529411764705883,-0.010047058788226692,-0.14565773564280002,77.48926374128602,3.6353149494861645,0.4683873102000615,0.049994780387951555,False
4.191999999999735,0.10368707227687282,1.6,1.5529411764705883,-0.009870588199991339,-0.10408019733732146,76.38769014594635,-3.680602881303428,0.46835805532117286,0.05046315305570011,False
4.192999999999735,0.10421050721575416,1.6,1.5529411764705883,-0.009694117611755987,-0.06648394227415665,75.43003348484136,-5.205421390810257,0.46392156040307725,0.05092929281717039,False
4.193999999999735,0.10473368502556848,1.6,1.5647058823529412,-0.00945882349410885,1.0,-61.43972850540231,-5.120912299003078,0.45875213036962625,0.05139062970946152,False
4.194999999999736,0.10525660441542628,1.6,1.5647058823529412,-0.009223529376461712,1.0,-88.98659523920408,-4.6249250828416875,0.4538851069869864,0.05184694822404107,False
4.195999999999736,0.10577926409507593,1.611764705882353,1.5647058823529412,-0.008988235258814575,1.0,49.80498149131943,3.1405782801392426,0.45313748747186955,0.0523004596238448,False
4.196999999999736,0.10630166277490634,1.611764705882353,1.5647058823529412,-0.008752941141167437,0.943359462065837,87.06082635621085,5.106674142478671,0.45726606062681385,0.05275566124139602,False
4.197999999999737,0.10682379916595129,1.611764705882353,1.5647058823529412,-0.0085176470235203,0.8896823394239501,95.38255743737109,5.4312027643101635,0.4625306209571398,0.05321555973460507,False
4.198999999999737,0.10734567197989082,1.611764705882353,1.5647058823529412,-0.008282352905873163,0.8416082231639013,95.64191144708222,5.308085475037515,0.4679039757692977,0.053680776828790876,False
4.199999999999737,0.10786727992905538,1.611764705882353,1.5647058823529412,-0.008047058788226025,0.7985768126475058,93.81361191620861,5.078569315648644,0.47309434919223375,0.05415127618488165,False
4.200999999999738,0.10838862172642978,1.611764705882353,1.5647058823529412,-0.007811764670578889,0.7600838373003987,91.59943373282353,4.8386377834394665,0.47805506464258946,0.05462685065119649,False
4.201999999999738,0.10890969608565466,1.611764705882353,1.5647058823529412,-0.0075764705529317525,0.7256754536056509,89.46529680655581,4.6136436985245695,0.48277999975535446,0.05510726840488105,False
4.202999999999738,0.10943050172103055,1.611764705882353,1.5647058823529412,-0.007341176435284616,0.6949432023980261,87.52727042490841,4.409460882428123,0.48729179671053574,0.05559230404108285,False
4.203999999999739,0.1099510373475219,1.611764705882353,1.5647058823529412,-0.00710588231763748,0.6675194704288117,85.80079746891919,4.225811047578156,0.4916101797860077,0.05608175526252988,False
4.204999999999739,0.1104713016807585,1.611764705882353,1.5647058823529412,-0.006870588199990343,0.6430734057741673,84.27592562356328,4.061351519898911,0.4957520032938998,0.0565754360877776,False
4.205999999999739,0.11099129343703984,1.611764705882353,1.5647058823529412,-0.006635294082343207,0.6213072417026351,82.93317786702663,3.9142835734959407,0.4997425833504735,0.05707318360832602,False
4.20699999999974,0.11151101133333764,1.611764705882353,1.5647058823529412,-0.00639999996469607,0.6019529881559043,81.75693624065461,3.7830583271556963,0.5035875057955298,0.057574848400359126,False
4.20799999999974,0.11203045408730027,1.611764705882353,1.5647058823529412,-0.006164705847048934,0.5847694540814941,80.73126337851946,3.6658699944697664,0.5073166612877975,0.058080300687279006,False
4.20899999999974,0.11254962041725403,1.611764705882353,1.5647058823529412,-0.0059294117294017975,0.5695395675321726,79.83910449021178,3.561327621243406,0.5109246813660918,0.05858942113733652,False
4.209999999999741,0.11306850904220735,1.611764705882353,1.5647058823529412,-0.005694117611754661,0.5560679637554312,79.06838444969813,3.468302756002026,0.5144458844968284,0.05910210658306798,False
4.210999999999741,0.11358711868185473,1.611764705882353,1.5647058823529412,-0.0055176470235193086,-0.632880009055357,78.40686956643758,3.3856260712892405,0.5178657402924468,0.059618262221182924,False
4.211999999999741,0.11410544805657812,1.611764705882353,1.5647058823529412,-0.005341176435283956,-0.5380508316438971,77.84429261504134,3.3121624957580287,0.5212223554243748,0.0601378063769306,False
4.212999999999742,0.114623495887451,1.611764705882353,1.5647058823529412,-0.0051647058470486035,-0.45252810138535104,77.36879511913237,3.2470367268781817,0.5244937376443141,0.060660664308920254,False
4.213999999999742,0.11514126089624249,1.611764705882353,1.576470588235294,-0.004988235258813251,-0.37538117356442696,-59.065511409275416,3.1894861949675053,0.527720581271913,0.06118677151049904,False
4.214999999999742,0.11565874180541855,1.611764705882353,1.576470588235294,-0.004752941141166114,0.8712863555920282,-86.22123080383706,-4.059064684079973,0.5272770102276938,0.06171427026036472,False
4.215999999999743,0.11617593733814652,1.611764705882353,1.576470588235294,-0.004517647023518976,0.8288165435975275,-83.11689080931755,-5.523416883324707,0.5224945411983042,0.0622391560066281,False
4.216999999999743,0.1166928462182975,1.6235294117647059,1.576470588235294,-0.004282352905871839,0.7908290069201253,63.661521283793476,1.8130909640963428,0.5206307755604384,0.06276071869183625,False
4.217999999999743,0.11720946717045083,1.6235294117647059,1.576470588235294,-0.004047058788224702,0.7568755180281118,102.46389859631722,3.7774388813792448,0.5234343963952106,0.06328275117757545,False
4.218999999999744,0.11772579891989536,1.6235294117647059,1.576470588235294,-0.003811764670577564,0.7265526721429485,110.55348147820717,4.210852935354966,0.52742052575718,0.06380817873518677,False
4.219999999999744,0.11824184019263356,1.6235294117647059,1.576470588235294,-0.0035764705529304263,0.6994974049639493,110.13391742708755,4.217657412926242,0.5316423253200722,0.0643377099913066,False
4.220999999999744,0.11875758971538546,1.6235294117647059,1.576470588235294,-0.0033411764352832885,0.6753829586204982,107.5668968303821,4.113935862754087,0.5358011807571449,0.06487143190572765,False
4.221999999999745,0.11927304621559004,1.6235294117647059,1.576470588235294,-0.003105882317636151,0.6539152510290405,104.64355543069917,3.9897594143383737,0.5398592335473035,0.06540926188145765,False
4.222999999999745,0.1197882084214094,1.6235294117647059,1.576470588235294,-0.002870588199989013,0.6348296083143765,101.8603801286673,3.869753646345942,0.5437836367894844,0.06595108353312576,False
4.223999999999745,0.12030307506173256,1.6235294117647059,1.576470588235294,-0.0026352940823418753,0.6178878239888266,99.33351693268126,3.760082177656593,0.5476029460501577,0.06649677654316756,False
4.224999999999746,0.12081764486617699,1.6235294117647059,1.576470588235294,-0.0023999999646947376,0.6028755122134797,97.07608696874554,3.661549518888626,0.5513104206973088,0.06704623348410146,False
4.225999999999746,0.12133191656509283,1.6235294117647059,1.576470588235294,-0.0021647058470476,0.5895997257333152,95.0710690797615,3.5736362489390885,0.554930226358803,0.06759935349220862,False
4.226999999999746,0.1218458888895655,1.6235294117647059,1.576470588235294,-0.0019294117294004621,0.5778868120188148,93.29850875514532,3.4953149540109143,0.5584636709344154,0.06815605072207018,False
4.227999999999747,0.12235956057141999,1.6235294117647059,1.576470588235294,-0.0016941176117533244,0.5675804837934122,91.73476485347496,3.425752068935254,0.5619240131448415,0.06871624423332798,False
4.228999999999747,0.12287293034322216,1.6235294117647059,1.576470588235294,-0.0014588234941061867,0.558540082508197,90.35724886671966,3.3641188889559426,0.5653203760519222,0.06927986671323105,False
4.229999999999747,0.12338599693828287,1.6235294117647059,1.576470588235294,-0.001223529376459049,0.5506390154691507,89.1500967591131,3.309498069387206,0.568654521359728,0.06984685383596276,False
4.230999999999748,0.12389875909066184,1.6235294117647059,1.576470588235294,-0.0009882352588119112,0.5437633492516563,88.09531903773416,3.261268066446314,0.5719437757066174,0.07041715325351855,False
4.231999999999748,0.12441121553516918,1.6235294117647059,1.576470588235294,-0.0007529411411647735,0.5378105437735595,87.17769536147954,3.218767402077388,0.5751787558260847,0.07099071421837194,False
4.232999999999748,0.12492336500736924,1.6235294117647059,1.588235294117647,-0.0005176470235176357,0.5326883129609192,-49.65528452648563,3.18146501752119,0.5783850078927896,0.0715674963332274,False
4.233999999999749,0.1254352062435847,1.6235294117647059,1.588235294117647,-0.0003411764352822822,-0.648745224182178,-77.17002111989426,3.1487258229570423,0.5815429499164784,0.07214746005518884,False
4.234999999999749,0.1259467379808979,1.6235294117647059,1.588235294117647,-0.00016470584704692868,-0.5471530546697968,-74.39003778371597,-4.077484764940788,0.5810866120599333,0.0727287750148286,False
4.235999999999749,0.12645795895715514,1.6235294117647059,1.588235294117647,7.0588270600209e-05,0.7215151920089469,-63.94120642568403,-5.521825058659146,0.5762782098706452,0.07330745723195847,False
4.23699999999975,0.12696886791096917,1.6235294117647059,1.588235294117647,0.00030588238824734665,0.698846025784527,-52.23322952503117,-5.365081647298042,0.5708440307362362,0.073881018461296,False
4.23799999999975,0.12747946358172352,1.6235294117647059,1.588235294117647,0.0005411765058944843,0.6786790703001973,-41.01643653455333,2.3933774592158636,0.5693485089922709,0.07445111461299174,False
4.23899999999975,0.12798974470957386,1.6352941176470588,1.588235294117647,0.000776470623541622,0.6607641044819481,94.43804482701493,4.438911381888835,0.5727746415488959,0.07502217622124882,False
4.239999999999751,0.1284997100354519,1.6352941176470588,1.588235294117647,0.0010117647411887597,0.6448759293631724,133.32224560699925,4.859400667484764,0.5774135886540368,0.0755972702952514,False
4.240999999999751,0.1290093583010695,1.6352941176470588,1.588235294117647,0.0012470588588358975,0.6308118658739214,144.2581839355147,4.829627996884335,0.5822683828420872,0.07617711123383389,False
4.241999999999751,0.12951868824891996,1.6352941176470588,1.588235294117647,0.0014823529764830352,0.6183895028512433,142.63592182892467,4.68615826694623,0.5870160802895549,0.07676175350344597,False
4.242999999999752,0.13002769862228192,1.6352941176470588,1.588235294117647,0.001717647094130173,0.6074446702484806,137.9045146028524,4.523793222053404,0.5916309992384902,0.07735107691544804,False
4.243999999999752,0.13053638816522348,1.6352941176470588,1.588235294117647,0.0019529412117773107,0.5978296150236416,132.72562030080388,4.368766441937617,0.5960677448993438,0.07794492640240025,False
4.244999999999752,0.1310447556226035,1.6352941176470588,1.588235294117647,0.0021882353294244484,0.5894113594389345,127.82835461223566,4.227266159313299,0.6003747259571902,0.07854314743466735,False
4.245999999999753,0.1315527997400758,1.6352941176470588,1.588235294117647,0.002423529447071586,0.5820702235303457,123.37259895227095,4.099946754653775,0.6045300793000529,0.07914560002111819,False
4.246999999999753,0.13206051926409174,1.6352941176470588,1.588235294117647,0.002658823564718724,0.5756984953302633,119.36717383143245,3.985949568028833,0.6085804290064029,0.07975215500733812,False
4.247999999999753,0.13256791294190443,1.6352941176470588,1.588235294117647,0.0028941176823658616,0.5701992340678365,115.78644597022632,3.884183336292851,0.612509062331802,0.08036269999272903,False
4.248999999999754,0.1330749795215701,1.6352941176470588,1.588235294117647,0.0031294118000129993,0.5654851930492992,112.59375153190774,3.7934293263880936,0.6163532238490232,0.08097713081847759,False
4.249999999999754,0.13358171775195213,1.6352941176470588,1.588235294117647,0.003364705917660137,0.5614778502502632,109.75550835563828,3.7124684328103834,0.6201019779769075,0.08159535869769514,False
4.250999999999754,0.13408812638272483,1.6352941176470588,1.6,0.003600000035307275,0.5581065358487786,-28.811458617104183,3.6404799081003123,0.6237814151295955,0.08221730004657694,False
4.251999999999755,0.134594204164375,1.6352941176470588,1.6,0.0038352941529544125,0.5553076470050893,-57.83038470348323,3.5765005381866106,0.627388215686509,0.08284288515844382,False
4.252999999999755,0.13509994984820575,1.6352941176470588,1.6,0.00407058827060155,0.5530239411634165,-56.42618584080338,3.519733329459355,0.6309367209937933,0.08347204727028412,False
4.253999999999755,0.1356053621863404,1.6352941176470588,1.6,0.004247058858836903,-0.6258549235058107,-47.235169538028664,-3.728209175647818,0.6308333905957979,0.08410293261766202,False
4.254999999999756,0.13611043993172398,1.6352941176470588,1.6,0.004423529447072257,-0.5219635487669464,-36.67062692959227,-5.1922061254914205,0.6263710222709691,0.08473153448573559,False
4.255999999999756,0.13661518183812738,1.6352941176470588,1.6,0.00460000003530761,-0.4282848409137362,-26.480616249512646,-5.053263512206151,0.6212516268714522,0.08535534607099991,False
4.256999999999756,0.13711958666014984,1.6352941176470588,1.6,0.004835294152954747,0.8332612902717533,-17.09963069402678,-4.508513540984698,0.6164663216660033,0.08597420475088485,False
4.257999999999757,0.1376236531532231,1.6352941176470588,1.6,0.005070588270601885,0.8041822201034052,-8.579503237332254,-3.897078825757031,0.6122689172776709,0.08658857258069819,False
4.258999999999757,0.13812738007361303,1.6352941176470588,1.6,0.005305882388249022,0.7782463510695403,-0.8721167066617497,-3.311581216958788,0.608658343888447,0.08719903597651574,False
4.259999999999757,0.13863076617842315,1.6470588235294117,1.6,0.005541176505896159,0.7551393630567099,105.42724966866355,3.84723383353523,0.6089331590209367,0.08780783187458775,False
4.260999999999758,0.1391338102255989,1.6470588235294117,1.6,0.0057764706235432966,0.734578367962811,135.8804513194794,5.896584024445659,0.6148337437311863,0.0884197159916812,False
4.261999999999758,0.1396365109739288,1.6470588235294117,1.6,0.006011764741190434,0.7163087664959491,144.53342594558976,6.467125416865949,0.6213049106139621,0.08903778599126459,False
4.262999999999758,0.14013886718304844,1.6470588235294117,1.6,0.006247058858837571,0.700101419293422,146.92029679945085,6.373140697245203,0.6276821343814933,0.0896622801931245,False
4.263999999999759,0.1406408776134444,1.6470588235294117,1.6,0.0064823529764847084,0.685750100928795,147.50711507712407,6.114572904991277,0.6338008306232704,0.09029302236174727,False
4.264999999999759,0.14114254102645551,1.6470588235294117,1.6,0.006717647094131846,0.6730692085182783,147.57615279837626,5.8322514364096065,0.6396372438638372,0.09092974209157384,False
4.265999999999759,0.14164385618427722,1.6470588235294117,1.6,0.006952941211778983,0.6618916994664612,147.49671502540332,5.564756728417056,0.6452061990777339,0.0915721645117899,False
4.26699999999976,0.14214482184996394,1.6470588235294117,1.611764705882353,0.00718823532942612,0.6520672354374732,7.357757190534384,5.320551313069455,0.6505309839053772,0.09222003380790941,False
4.26799999999976,0.1426454367874332,1.6470588235294117,1.611764705882353,0.007423529447073258,0.6434605119290313,-24.32339522449963,5.10010492308553,0.6556353558741482,0.09287311768805583,False
4.26899999999976,0.14314569976146713,1.6470588235294117,1.611764705882353,0.007658823564720395,0.6359497548890816,-25.673980023138053,4.9020640715752535,0.6605417191738852,0.09353120694123633,False
4.269999999999761,0.14364560953771635,1.6470588235294117,1.611764705882353,0.007894117682367533,0.629425367670774,-19.065483418761932,4.724491375022087,0.6652705407488515,0.09419411379204859,False
4.270999999999761,0.14414516488270368,1.6470588235294117,1.611764705882353,0.00812941180001467,0.6237887132919445,-10.852277116385643,4.565612242685746,0.6698405130785497,0.09486167004482336,False
4.271999999999761,0.14464436456382573,1.6470588235294117,1.611764705882353,0.008364705917661808,0.6189510184686458,-2.794285102107769,-2.7745585189577957,0.667070312258801,0.09553012618428536,False
4.272999999999762,0.14514320734935687,1.6470588235294117,1.611764705882353,0.008541176505897162,-0.5622264362840447,4.669907514810859,-4.318597632302936,0.6627560472620433,0.0961950400869415,False
4.273999999999762,0.14564169200845187,1.6470588235294117,1.611764705882353,0.008717647094132516,-0.46040379262029696,11.463651961194264,-4.252921113267046,0.6585074306519174,0.0968556725440935,False
4.274999999999762,0.14613981731114994,1.6470588235294117,1.611764705882353,0.00889411768236787,-0.3685869427346922,17.616634772477695,-3.7751984733699224,0.65473651077254,0.09751229522859589,False
4.275999999999763,0.1466375820283761,1.6470588235294117,1.611764705882353,0.009070588270603225,-0.2857753072494157,23.182272821116886,-3.2247576886074647,0.6515160092034255,0.09816542219852853,False
4.276999999999763,0.14713498493194516,1.6470588235294117,1.611764705882353,0.009247058858838579,-0.2110683647244343,28.21591009630501,-2.6940939481858908,0.6488261524061486,0.09881559398602034,False
4.277999999999763,0.14763202479456541,1.6470588235294117,1.611764705882353,0.009423529447073933,-0.14365564586371782,32.77047303179194,-2.206202528228315,0.6466241713363872,0.09946331985187484,False
4.278999999999764,0.14812870038984016,1.6470588235294117,1.611764705882353,0.00965882356472107,1.0,36.89294776602067,-1.763831931358012,0.6448645481555585,0.10010906491340588,False
4.279999999999764,0.14862501049227148,1.6470588235294117,1.611764705882353,0.009894117682368208,1.0,40.62698298109366,-1.3644418124402902,0.6435043050837328,0.10075325004006994,False
4.280999999999764,0.14912095387726404,1.6470588235294117,1.611764705882353,0.010129411800015345,0.9988127989668721,44.01116466515198,4.251339862825429,0.6477598589538018,0.10139888282366057,False
4.281999999999765,0.14961652932112657,1.6470588235294117,1.611764705882353,0.010364705917662483,0.9584726955760694,47.08021565730807,5.854106177278273,0.6536182135693958,0.10204957256694253,False
4.282999999999765,0.15011173560107596,1.6588235294117646,1.611764705882353,0.01060000003530962,0.9224018966419953,118.73049596495724,6.303364029058925,0.6599258658943721,0.10270634532025662,False
4.283999999999765,0.15060657149523965,1.6588235294117646,1.6235294117647059,0.010835294152956757,0.8901734717189768,59.94213860860447,6.421005744516258,0.6663512012700034,0.10336948457428917,False
4.284999999999766,0.15110103578265982,1.6588235294117646,1.6235294117647059,0.011070588270603894,0.8614031834059087,45.8567153607921,6.443325043590219,0.6727988976222491,0.10403906035112818,False
4.285999999999766,0.1515951272432947,1.6588235294117646,1.6235294117647059,0.011305882388251032,0.8357452180417952,44.35498380794928,6.43816565440207,0.6792414762784228,0.10471508127242149,False
4.286999999999766,0.15208884465802242,1.6588235294117646,1.6235294117647059,0.011541176505898169,0.8128883433317413,46.232558796412164,6.425067304367784,0.6856709981988645,0.10539753825094149,False
4.287999999999767,0.15258218680864497,1.6588235294117646,1.6235294117647059,0.011776470623545306,0.792552450210341,48.86493478000912,-0.998484664957068,0.6846769774749012,0.10608271298295788,False
4.288999999999767,0.1530751524778893,1.6588235294117646,1.6235294117647059,0.012011764741192444,0.7744854405187287,51.52333810500699,-2.6836105144549847,0.6819978167783766,0.1067660511222152,False
4.289999999999767,0.15356774044941135,1.6588235294117646,1.6235294117647059,0.012247058858839581,0.7584604259139252,54.01619610736038,-2.7639381747142955,0.6792383102906997,0.10744666992487309,False
4.290999999999768,0.15405994950779986,1.6588235294117646,1.6235294117647059,0.012423529447074933,-0.43278561664214055,56.30708196475486,-2.4231238587724224,0.6768196012956416,0.10812469961692399,False
4.291999999999768,0.15455177843857762,1.6588235294117646,1.6235294117647059,0.012600000035310286,-0.340024702001409,58.396016535819754,-1.9973764559602272,0.67482662547067,0.10880052346411569,False
4.292999999999768,0.1550432260282056,1.6588235294117646,1.6235294117647059,0.012776470623545639,-0.25636340823651826,60.30244295418997,-1.5798174017883242,0.6732511972058849,0.10947456310727127,False
4.293999999999769,0.15553429106408548,1.6588235294117646,1.6235294117647059,0.012952941211780991,-0.1808917732598843,62.04186061086764,-1.1936570622864826,0.672061920370467,0.11014722039632185,False
4.294999999999769,0.15602497233456364,1.6588235294117646,1.6235294117647059,0.013129411800016344,-0.11279083119268042,63.632228987210986,-0.8429556518993244,0.6712233383962932,0.11081886375481267,False
4.295999999999769,0.15651526862893253,1.6588235294117646,1.6235294117647059,0.013305882388251696,-0.0513235127439636,65.08490136283375,-0.526146829841864,0.6707015608312243,0.1114898269327411,False
4.29699999999977,0.15700517873743455,1.6588235294117646,1.6235294117647059,0.013482352976487049,0.004173544448114325,66.41753606196167,-0.24040828098831213,0.6704655193291738,0.11216041120067002,False
4.29799999999977,0.15749470145126573,1.6588235294117646,1.6235294117647059,0.013658823564722401,0.05429736650921842,67.63913388874404,0.017184658474138654,0.6704870700176865,0.11283088822302079,False
4.29899999999977,0.15798383556257717,1.6588235294117646,1.6235294117647059,0.013835294152957754,0.09958527695244593,68.762612066597,0.24942909110104466,0.6707408659552326,0.1135015029187787,False
4.299999999999771,0.15847257986447877,1.6588235294117646,1.6352941176470588,0.014070588270604891,1.0,-66.24174716621755,0.4588081388103695,0.6712040431674747,0.11417247610144488,False
4.300999999999771,0.15896093315104315,1.6588235294117646,1.6352941176470588,0.014305882388252028,1.0,-92.06421896929452,0.6476286253823099,0.6718560443645808,0.11484400687386469,False
4.301999999999771,0.1594488942173068,1.6588235294117646,1.6352941176470588,0.014541176505899166,1.0,-87.79092069396631,0.8179297673578012,0.6726783513478872,0.11551627480111808,False
4.302999999999772,0.15993646185927432,1.6588235294117646,1.6352941176470588,0.014776470623546303,1.0,-76.02636193229722,0.9715466155419475,0.6736542808565906,0.11618944184753596,False
4.303999999999772,0.16042363487392075,1.6588235294117646,1.6352941176470588,0.01501176474119344,1.0,-63.15073778348231,4.75369584044715,0.678412382008234,0.1168654759123367,False
4.304999999999772,0.16091041205919565,1.6705882352941177,1.6352941176470588,0.015247058858840578,1.0,85.14538957253046,1.6344172234272407,0.6800512216247212,0.11754470845093264,False
4.305999999999773,0.16139679221402442,1.6705882352941177,1.6352941176470588,0.015482352976487715,1.0,123.15663735774936,0.8803135280591783,0.6809359645838302,0.11822520278212582,False
4.306999999999773,0.1618827741383121,1.6705882352941177,1.6352941176470588,0.015658823564723066,-0.21147991746744518,129.94697970183392,0.7919910240247696,0.6817323900543228,0.11890653769838573,False
4.307999999999773,0.16236835663294716,1.6705882352941177,1.6352941176470588,0.015835294152958417,-0.13761427862654102,128.19435354717098,0.8824542529287255,0.6826192839666444,0.11958871427518962,False
4.308999999999774,0.1628535384998028,1.6705882352941177,1.6352941176470588,0.016011764741193767,-0.07095873308149453,124.37301281074252,1.0128416390707289,0.683636571236338,0.12027184294355626,False
4.309999999999774,0.16333831854174072,1.6705882352941177,1.6352941176470588,0.016188235329429118,-0.010792271502719358,120.30543494749507,1.1445927485657552,0.684785616437285,0.12095605477927146,False
4.310999999999774,0.16382269556261486,1.6705882352941177,1.6352941176470588,0.01636470591766447,0.04353401450641156,116.48083340559322,1.2675700006743822,0.6860576465272353,0.12164147715388283,False
4.311999999999775,0.16430666836727287,1.6705882352941177,1.6352941176470588,0.01654117650589982,0.09260414250286321,113.00804618493075,1.379844564010313,0.6874419595668281,0.12232822770143652,False
4.312999999999775,0.1647902357615599,1.6705882352941177,1.6352941176470588,0.01671764709413517,0.13694372828790297,109.88949097070316,1.4814161598397677,0.6889278532680825,0.12301641335385335,False
4.313999999999775,0.16527339655232123,1.6705882352941177,1.6352941176470588,0.01689411768237052,0.17702582608267306,107.10487901852717,1.57331225697166,0.6905056527464196,0.12370613085445686,False
4.314999999999776,0.16575614954740622,1.6705882352941177,1.6352941176470588,0.017070588270605872,0.21327618468620024,104.6169883664265,1.656351785459696,0.692166501987707,0.12439746768111108,False
4.315999999999776,0.1662384935556695,1.6705882352941177,1.6470588235294117,0.017247058858841223,0.24607797801760845,-33.63785957462921,1.7314839459058216,0.6939024941247173,0.12509050293023022,False
4.316999999999776,0.16672042738697493,1.6705882352941177,1.6470588235294117,0.017423529447076574,0.2757760626041107,-62.38465351233441,1.7993085102743345,0.6957063220131668,0.1257853080912145,False
4.317999999999777,0.16720194985219927,1.6705882352941177,1.6470588235294117,0.017600000035311925,0.30268080932019703,-60.744672649925676,1.860758933916072,0.6975716119204642,0.12648194781301822,False
4.318999999999777,0.1676830597632334,1.6705882352941177,1.6470588235294117,0.017776470623547275,0.3270715519529087,-51.34813549797957,1.9163106910070615,0.6994924655486351,0.12718048060857373,False
4.319999999999777,0.16816375593298616,1.6705882352941177,1.6470588235294117,0.017952941211782626,0.349199690910584,-40.60426585146847,1.9666465424184507,0.701463667325019,0.127880959433872,False
4.320999999999778,0.1686440371753881,1.6705882352941177,1.6470588235294117,0.018129411800017977,0.3692914865607265,-30.268551689647172,-5.185393097498408,0.696282810873587,0.12857983343002607,False
4.321999999999778,0.16912390230539273,1.6705882352941177,1.6470588235294117,0.018305882388253328,0.38755057323408937,-20.75891975598709,-6.560643603151106,0.6897266638805486,0.12927283891803334,False
4.322999999999778,0.1696033501389805,1.6705882352941177,1.6470588235294117,0.018541176505900463,1.0,-12.13164366247083,-6.343470321923509,0.6833876481030804,0.129959396817605,False
4.323999999999779,0.17008237949316135,1.6705882352941177,1.6470588235294117,0.018717647094135814,0.3139912585043313,-4.336072083207087,-5.729862232136685,0.6776622014868149,0.13063992247938067,False
4.324999999999779,0.17056098918597842,1.6705882352941177,1.6470588235294117,0.018894117682371165,0.3383686032774538,2.700094454233112,-5.057397889763252,0.6726091845337681,0.13131505890347026,False
4.325999999999779,0.17103917803650967,1.6705882352941177,1.6470588235294117,0.019070588270606516,0.3604846841614986,9.049710129608178,2.7800547496078973,0.6753936209467739,0.13198906103599653,False
4.32699999999978,0.17151694486487132,1.6705882352941177,1.6470588235294117,0.019247058858841867,0.3805656275453735,14.780405043306354,4.782388665340259,0.680180417640572,0.13266684878910928,False
4.32799999999978,0.17199428849222181,1.6823529411764706,1.6470588235294117,0.019423529447077217,0.3988149471790954,109.32615580232535,5.132789872770561,0.6853176477500574,0.1333495985609288,False
4.32899999999978,0.17247120774076286,1.6823529411764706,1.6470588235294117,0.019600000035312568,0.41541580543768,136.41084852664773,5.031125313199593,0.6903532458157842,0.13403743475227387,False
4.329999999999781,0.1729477014337434,1.6823529411764706,1.6470588235294117,0.01977647062354792,0.4305330484586412,144.10495172989374,4.819943788984461,0.6951776937277216,0.13473020097187466,False
4.330999999999781,0.17342376839546317,1.6823529411764706,1.6470588235294117,0.01995294121178327,0.4443150377657412,146.22685021761475,4.595673735363027,0.6997779015176432,0.1354276795243557,False
4.331999999999781,0.17389940745127397,1.6823529411764706,1.6588235294117646,0.02012941180001862,0.45689529873036594,26.552549710383584,4.38420183108848,0.7041666659235293,0.13612965256772644,False
4.332999999999782,0.1743746174275837,1.6823529411764706,1.6588235294117646,0.02030588238825397,0.468394004186763,-1.4600195393859796,4.191289239636455,0.7083625449552435,0.13683591793738722,False
4.333999999999782,0.17484939715185877,1.6823529411764706,1.6588235294117646,0.020482352976489322,0.4789193096857556,-3.753643060170103,4.017066282155115,0.7123842270651968,0.13754629209198985,False
4.334999999999782,0.17532374545262785,1.6823529411764706,1.6588235294117646,0.020658823564724673,0.4885685552230844,0.7804228891568827,3.8604616674073204,0.7162493295315618,0.13826060964307102,False
4.335999999999783,0.17579766115948345,1.6823529411764706,1.6588235294117646,0.020835294152960024,0.4974293467949151,6.768838547646704,3.7195079668583872,0.7199735023100984,0.1389787218358024,False
4.336999999999783,0.1762711431030854,1.6823529411764706,1.6588235294117646,0.021011764741195375,0.5055805297977977,12.718022170175482,-3.604748942950713,0.7163734101903023,0.13969689606885222,False
4.337999999999783,0.17674419011516462,1.6823529411764706,1.6588235294117646,0.021188235329430725,0.5130930650886275,18.24421795829917,-5.13497905238071,0.7112430575112741,0.14041070507470332,False
4.338999999999784,0.17721680102852436,1.6823529411764706,1.6588235294117646,0.021364705917666076,0.5200308174386093,23.278494948017507,-5.057406186102905,0.7061902442813636,0.1411194224920163,False
4.339999999999784,0.1776889746770439,1.6823529411764706,1.6588235294117646,0.021482352976489646,-0.6506075583875399,27.838052899562335,-4.569377825863464,0.7016254282803943,0.14182333108943715,False
4.340999999999784,0.1781607098956822,1.6823529411764706,1.6588235294117646,0.021600000035313215,-0.5393585672193182,31.961362181574128,-4.010006845238702,0.6976199556097722,0.14252295453781277,False
4.341999999999785,0.17863200552047928,1.6823529411764706,1.6588235294117646,0.021717647094136785,-0.43911682810909847,35.68896640932372,-3.472181607798612,0.6941522840670734,0.14321884140996644,False
4.342999999999785,0.17910286038856002,1.6823529411764706,1.6588235294117646,0.021835294152960354,-0.34878161585108064,39.05934983021312,-2.978020931441664,0.6911787523952454,0.1439115076769561,False
4.343999999999785,0.17957327333813658,1.6823529411764706,1.6588235294117646,0.021952941211783924,-0.267362277760044,42.109323223334,-2.5305083152542567,0.6886527155408251,0.1446014241566355,False
4.344999999999786,0.18004324320851228,1.6823529411764706,1.6588235294117646,0.022129411800019278,0.9830915971101006,44.870084382624455,-2.1269693694188656,0.686530202548099,0.1452890163588045,False
4.345999999999786,0.18051276884008297,1.6823529411764706,1.6588235294117646,0.022305882388254632,0.9439706727285084,47.36882183250597,-1.7635837732626478,0.6847710625123915,0.14597466773228734,False
4.346999999999786,0.18098184907434053,1.6823529411764706,1.6588235294117646,0.022482352976489987,0.908938311373312,49.63527492502082,-1.4365013594818046,0.68333899445172,0.14665872349992323,False
4.347999999999787,0.1814504827538766,1.6823529411764706,1.6705882352941177,0.02265882356472534,0.8775856567418721,-84.34747728777475,-1.1421479127305942,0.6822012713787181,0.14734149437052949,False
4.348999999999787,0.18191866872238396,1.6823529411764706,1.6705882352941177,0.022835294152960695,0.8495447381618124,-109.25788901207939,3.85131075084386,0.6860570207234907,0.14802562425566493,False
4.349999999999787,0.18238640582465993,1.6823529411764706,1.6705882352941177,0.02301176474119605,0.8244843820279956,-104.17216836050919,5.275409322480414,0.6913368993280014,0.14871432195963363,False
4.350999999999788,0.18285369290661035,1.6823529411764706,1.6705882352941177,0.023188235329431404,0.8021065320957964,-91.68385266692164,5.673499761748528,0.6970149038442593,0.1494084986110035,False
4.351999999999788,0.18332052881525046,1.6941176470588235,1.6705882352941177,0.023364705917666758,0.7821429377450533,57.87451236136337,5.7766967246995495,0.7027961420883228,0.15010840488986282,False
4.352999999999788,0.1837869123987091,1.6941176470588235,1.6705882352941177,0.023541176505902112,0.7643521734176207,97.47997721612569,-0.5642627048525697,0.7022364304886083,0.1508109219347834,False
4.353999999999789,0.1842528425062308,1.6941176470588235,1.6705882352941177,0.023717647094137467,0.7485169561111676,105.83280632908688,-2.055467366761325,0.7001855036747492,0.15151213365900687,False
4.354999999999789,0.18471831798817992,1.6941176470588235,1.6705882352941177,0.02389411768237282,0.7344417311235953,105.51432738424501,-2.185878161526515,0.6980041517319555,0.15221122924148636,False
4.355999999999789,0.1851833376960417,1.6941176470588235,1.6705882352941177,0.02401176474119639,-0.45510832430635206,102.98897794172494,-1.9550145289236487,0.6960536498050303,0.15290825889471993,False
4.35699999999979,0.18564790048242605,1.6941176470588235,1.6705882352941177,0.02412941180001996,-0.36087984478154783,100.0821973881117,-1.6471783670344549,0.6944109722526121,0.15360349195619385,False
4.35799999999979,0.18611200520107088,1.6941176470588235,1.6705882352941177,0.02424705885884353,-0.2759565661504033,97.29615662847047,-1.3413976722403447,0.6930740655934757,0.1542972352238734,False
4.35899999999979,0.1865756507068437,1.6941176470588235,1.6705882352941177,0.0243647059176671,-0.1994079683235525,94.75078071719024,-1.057980423345238,0.6920205682658049,0.154989783288189,False
4.359999999999791,0.18703883585574513,1.6941176470588235,1.6705882352941177,0.02448235297649067,-0.13039658322056585,92.46226007737307,-0.8005771954130761,0.6912244679714006,0.1556814065526148,False
4.360999999999791,0.1875015595049123,1.6941176470588235,1.6705882352941177,0.024600000035314238,-0.06816868956905635,90.41109372577695,-0.5682811346689501,0.6906606591006365,0.15637234986164347,False
4.361999999999791,0.18796382051262037,1.6941176470588235,1.6705882352941177,0.024717647094137808,-0.01204593822387641,88.58061316911561,-0.3590596660483279,0.6903060684645588,0.15706283397034204,False
4.362999999999792,0.18842561773828628,1.6941176470588235,1.6705882352941177,0.024835294152961377,0.03858218504560723,86.94870623435415,-0.17077023491778898,0.6901397652881609,0.15775305763177203,False
4.363999999999792,0.188886950042471,1.6941176470588235,1.6823529411764706,0.024952941211784947,0.08426514304696431,-50.54322846642058,-0.0013789870309213637,0.6901428525234621,0.15844319968506168,False
4.364999999999792,0.18934781628688344,1.6941176470588235,1.6823529411764706,0.025070588270608516,0.12549745230700798,-78.61124709286287,0.1510596231801428,0.690298378553672,0.1591334210449876,False
4.365999999999793,0.18980821533438172,1.6941176470588235,1.6823529411764706,0.025188235329432086,0.16272417769986933,-76.36782162622104,0.28819437306456047,0.6905910404363352,0.1598238664990291,False
4.366999999999793,0.19026814604897663,1.6941176470588235,1.6823529411764706,0.025305882388255655,0.19634587761226716,-66.43649603624296,0.41146210278864653,0.6910069719759527,0.16051466625008087,False
4.367999999999793,0.19072760729583546,1.6941176470588235,1.6823529411764706,0.02548235297649101,1.0,-55.22198802584006,0.5224347844125146,0.6915338788657978,0.16120593742077233,False
4.368999999999794,0.19118659794128295,1.6941176470588235,1.6823529411764706,0.025658823564726364,1.0,-44.46217229812816,-6.575371072364812,0.6849629521999299,0.16189418657823443,False
4.369999999999794,0.19164511685280505,1.6941176470588235,1.6823529411764706,0.025835294152961718,1.0,-34.5835551484896,-7.902166348602717,0.6770651815457678,0.1625752013791558,False
4.370999999999794,0.19210316289905247,1.6941176470588235,1.6823529411764706,0.026011764741197072,1.0,-25.63074381709696,-7.641792743515646,0.6694277340610997,0.1632484485625546,False
4.371999999999795,0.19256073494984183,1.6941176470588235,1.6823529411764706,0.02612941180002064,-0.03996842729005183,-17.549615067960666,-6.989659216276375,0.6624423730543547,0.16391438433374866,False
4.372999999999795,0.19301783187615962,1.6941176470588235,1.6823529411764706,0.02624705885884421,0.014863709591933574,-10.263804307963024,0.9147632042416023,0.663361422903662,0.16457728694601692,False
4.373999999999795,0.1934744525501643,1.6941176470588235,1.6823529411764706,0.02636470591766778,0.06433027984454234,-3.6969482547337758,3.0016555912689027,0.6663673796014261,0.16524215206359438,False
4.374999999999796,0.19393059584519032,1.6941176470588235,1.6823529411764706,0.02648235297649135,0.10896784013071203,2.2220186685871393,3.4349594060576614,0.6698066609316459,0.16591023980357794,False
4.375999999999796,0.19438626063574918,1.7058823529411764,1.6823529411764706,0.02660000003531492,0.14925929144708688,106.31612792173215,3.4094290602770694,0.6732204335482167,0.16658175407414508,False
4.376999999999796,0.19484144579753299,1.7058823529411764,1.6823529411764706,0.02671764709413849,0.18563924469064658,136.1514300359221,3.267093031572976,0.6764918910907514,0.16725661096331004,False
4.377999999999797,0.1952961502074182,1.7058823529411764,1.6823529411764706,0.02683529415296206,0.2184988496686726,144.64176118926738,3.1045356071945545,0.6796008111476566,0.16793465804462723,False
4.378999999999797,0.19575037274346663,1.7058823529411764,1.6823529411764706,0.02695294121178563,0.2481901412077187,146.99839795806304,2.9483282596181843,0.6825535427639847,0.16861573595496052,False
4.379999999999797,0.19620411228492896,1.7058823529411764,1.6823529411764706,0.027070588270609198,0.2750299506516827,147.59186609865793,2.8048180653441497,0.6853627821300218,0.16929969485380159,False
4.380999999999798,0.1966573677122486,1.7058823529411764,1.6941176470588235,0.027188235329432767,0.29930342621007294,12.511727754497539,2.674863427794046,0.6880420839255393,0.16998639802609147,False
4.381999999999798,0.1971101379070625,1.7058823529411764,1.6941176470588235,0.027305882388256337,0.32126720127144726,-19.28523693850727,2.5574341822002746,0.6906039727489746,0.1706757217964244,False
4.382999999999798,0.19756242175220529,1.7058823529411764,1.6941176470588235,0.027423529447079906,0.34115224588550697,-22.092966371474464,2.451649871523385,0.6930600928191115,0.17136755457381622,False
4.383999999999799,0.19801421813171122,1.7058823529411764,1.6941176470588235,0.027541176505903476,0.3591664330969834,-17.19551720090867,2.3563418753255125,0.6954209198047169,0.1720617958272385,False
4.384999999999799,0.1984655259308182,1.7058823529411764,1.6941176470588235,0.027658823564727045,0.3754968486461352,-10.647812259376463,-4.927176113108348,0.6904982121540771,0.17275475613885974,False
4.385999999999799,0.1989163440359688,1.7058823529411764,1.6941176470588235,0.027776470623550615,0.3903118696991952,-4.1338163808843005,-6.421102274816164,0.684081539597469,0.17344204675418765,False
4.3869999999998,0.19936667133481395,1.7058823529411764,1.6941176470588235,0.027894117682374184,0.4037630357057721,1.913322961623178,-6.311194954585052,0.6777747328872055,0.17412297562294976,False
4.3879999999998,0.19981650671621629,1.7058823529411764,1.6941176470588235,0.02795294121178597,-0.7610720913588763,7.414806013222081,-5.79444887513567,0.6719846332544704,0.17479785603194709,False
4.3889999999998,0.20026584907025147,1.7058823529411764,1.6941176470588235,0.028011764741197754,-0.6446589998346934,12.389170131078572,-5.2097388194708865,0.6667792083136813,0.1754672386726586,False
4.389999999999801,0.20071469728821165,1.7058823529411764,1.6941176470588235,0.02807058827060954,-0.5398283939335208,16.87870515631431,-4.6490215316568095,0.6621344689764499,0.17613169622584962,False
4.390999999999801,0.20116305026260903,1.7058823529411764,1.6941176470588235,0.028129411800021323,-0.4454220250930571,20.929041864188537,-4.1348700152770785,0.6580038528972382,0.17679176609653036,False
4.391999999999801,0.20161090688717687,1.7058823529411764,1.6941176470588235,0.028247058858844893,0.8166613539221375,24.583124407675466,-3.669650731158653,0.6543384309575617,0.1774479379439273,False
4.392999999999802,0.2020582660568735,1.7058823529411764,1.6941176470588235,0.028364705917668463,0.7879481597417002,27.8803301253943,-3.250505786865566,0.6510921316266433,0.17810065392689112,False
4.393999999999802,0.20250512666788445,1.7058823529411764,1.6941176470588235,0.028482352976492032,0.762223932038131,30.856257565841023,-2.8733999496126486,0.6482229183254338,0.17875031215016987,False
4.394999999999802,0.20295148761762602,1.7058823529411764,1.6941176470588235,0.0286000000353156,0.7391897741637432,33.54343933323581,-2.5342975374987913,0.6456927899019159,0.179397270699603,False
4.395999999999803,0.20339734780474666,1.7058823529411764,1.6941176470588235,0.02871764709413917,0.7185766791356187,35.970110103224165,-2.2294426973618253,0.6434675008273301,0.18004185153765054,False
4.396999999999803,0.20384270612913055,1.7058823529411764,1.6941176470588235,0.02883529415296274,0.7001425406691311,38.16110348725611,3.269761758528165,0.6467414250098978,0.18068695669373416,False
4.397999999999803,0.2042875614919007,1.7058823529411764,1.7058823529411764,0.02895294121178631,0.6836694631081164,-95.89460193396266,4.839950499971747,0.6515855652930076,0.1813361208863296,False
4.398999999999804,0.20473191279542047,1.7058823529411764,1.7058823529411764,0.02907058827060988,0.6689613403620274,-120.87860366999246,5.280732408694421,0.6568705200995396,0.18199034963182706,False
4.399999999999804,0.20517575894329695,1.7176470588235293,1.7058823529411764,0.02918823532943345,0.6558416769493712,20.172942355012854,5.396918407377742,0.6622716949518608,0.1826499214478081,False
4.400999999999804,0.20561909884038443,1.7176470588235293,1.7058823529411764,0.02930588238825702,0.6441516269368046,59.36502721900166,5.419748078406161,0.6676957338556554,0.1833149058763936,False
4.401999999999805,0.20606193139278553,1.7176470588235293,1.7058823529411764,0.029423529447080588,0.6337482289843188,69.42130859894404,-1.7358092200978652,0.6659642191420937,0.1839817365689686,False
4.402999999999805,0.20650425550785492,1.7176470588235293,1.7058823529411764,0.029541176505904158,0.6245028178859056,71.23102772497899,-3.426715667609899,0.6625417790322943,0.18464599028127632,False
4.403999999999805,0.20694607009420157,1.7176470588235293,1.7058823529411764,0.029600000035315942,-0.560759228573211,70.78234001469744,-3.5837824980376998,0.6589622488433853,0.18530674300458777,False
4.404999999999806,0.20738737406169244,1.7176470588235293,1.7058823529411764,0.029658823564727727,-0.4627303645040709,69.78876390393778,-3.3331299536438683,0.655633348695608,0.18596404150893536,False
4.405999999999806,0.20782816632145354,1.7176470588235293,1.7058823529411764,0.029717647094139512,-0.37444556331243606,68.73203538049253,-2.9951221689033547,0.6526424358245453,0.18661818010329495,False
4.406999999999806,0.2082684457858736,1.7176470588235293,1.7058823529411764,0.029776470623551297,-0.29493041871055586,67.7387695318435,-2.658860508410472,0.6499877662802205,0.18726949590333086,False
4.407999999999807,0.2087082113686073,1.7176470588235293,1.7058823529411764,0.02983529415296308,-0.2233079650394544,66.84069390858362,-2.3472665822985466,0.647644674391867,0.18791831281988294,False
4.408999999999807,0.20914746198457648,1.7176470588235293,1.7058823529411764,0.029894117682374866,-0.15878893320605386,66.03603591606218,-2.064513446326184,0.6455843212552803,0.1885649280114745,False
4.409999999999807,0.20958619654997374,1.7176470588235293,1.7058823529411764,0.02995294121178665,-0.10066298102658362,65.31891605086835,-1.8096237734568659,0.6437788451109637,0.18920961028626648,False
4.410999999999808,0.21002441398226562,1.7176470588235293,1.7058823529411764,0.030011764741198436,-0.04829080053565055,64.68198245824149,-1.5803631689325626,0.6422026184236405,0.18985260170774373,False
4.411999999999808,0.2104621132001939,1.7176470588235293,1.7058823529411764,0.03007058827061022,-0.0010970145644007001,64.1174086461232,-1.3743201564784426,0.6408324249790104,0.1904941199174898,False
4.412999999999808,0.21089929312377925,1.7176470588235293,1.7058823529411764,0.030129411800022005,0.04143621633913422,63.61795461133133,-1.1892251210094547,0.6396473180375603,0.19113436047558768,False
4.413999999999809,0.21133595267432345,1.7176470588235293,1.7058823529411764,0.03018823532943379,0.07977494768172624,63.17758468361071,-1.0229969069325784,0.6386284318889461,0.19177349903587387,False
4.414999999999809,0.21177209077441297,1.7176470588235293,1.7058823529411764,0.030247058858845575,0.11433862941946947,62.78908426210351,-0.8737540592290414,0.6377587821640254,0.192411693327126,False
4.415999999999809,0.21220770634792016,1.7176470588235293,1.7176470588235293,0.030364705917669144,1.0,-73.59067951546253,-0.7397771307405867,0.6370231038384679,0.19304908495340742,False
4.41699999999981,0.21264279832000663,1.7176470588235293,1.7176470588235293,0.030482352976492714,1.0,-100.66468074923269,-0.6195738860886968,0.6364076240311218,0.19368580099981317,False
4.41799999999981,0.2130773656171267,1.7176470588235293,1.7176470588235293,0.030600000035316283,1.0,-97.53344192665598,-0.5118318675598482,0.6358998822352251,0.1943219554347302,False
4.41899999999981,0.21351140716702846,1.7176470588235293,1.7176470588235293,0.030717647094139853,1.0,-86.81060865850789,-7.612722660562498,0.6282912154349418,0.1949540516609152,False
4.419999999999811,0.21394492189875736,1.7176470588235293,1.7176470588235293,0.030835294152963422,1.0,-74.8868359305679,-8.942623747391458,0.6193525924325513,0.19557787423325002,False
4.420999999999811,0.21437790874265938,1.7176470588235293,1.7176470588235293,0.030894117682375207,-0.16951409498315312,-63.50144183323103,-1.4876705640694246,0.6178688966117296,0.1961964856405082,False
4.421999999999811,0.21481036663038222,1.7176470588235293,1.7176470588235293,0.030952941211786992,-0.10931562662597219,-53.066085628170065,0.5780001113698797,0.6184508702926833,0.196814646186132,False
4.422999999999812,0.21524229449487908,1.7176470588235293,1.7176470588235293,0.031011764741198777,-0.055078181575099194,-43.618927496765856,1.1021126754872013,0.6195569620326347,0.19743365076528865,False
4.423999999999812,0.21567369127041067,1.7176470588235293,1.7176470588235293,0.03107058827061056,-0.006205657499903719,-35.099523340388934,1.189893513841206,0.6207508416005894,0.19805380533124867,False
4.424999999999812,0.21610455589254873,1.7176470588235293,1.7176470588235293,0.031129411800022346,0.0378384376971827,-27.426390488904506,1.1581700042433274,0.6219130046964205,0.1986751379197192,False
4.425999999999813,0.21653488729817746,1.7294117647058824,1.7176470588235293,0.03118823532943413,0.0775369469039705,98.94424197702203,1.0976034137161583,0.6230146079075854,0.19929760239247188,False
4.426999999999813,0.21696468442549663,1.7294117647058824,1.7176470588235293,0.031247058858845916,0.11332442871949011,135.18734765381834,1.0336827530266226,0.6240522967563374,0.19992113651231572,False
4.427999999999813,0.21739394621402508,1.7294117647058824,1.7176470588235293,0.0313058823882577,0.1455919858828682,145.5240194372664,0.9731079163434845,0.6250294166664236,0.20054567803753293,False
4.428999999999814,0.2178226716046017,1.7294117647058824,1.7176470588235293,0.03136470591766948,0.17469161085931934,143.35370348825862,0.9175583324650194,0.625950992519242,0.20117116891156264,False
4.429999999999814,0.21825085953938927,1.7294117647058824,1.7176470588235293,0.031423529447081266,0.20094009686753622,136.84864781958643,0.8669409044171442,0.6268219561312481,0.20179755605619848,False
4.430999999999814,0.21867850896187635,1.7294117647058824,1.7176470588235293,0.03148235297649305,0.22462255780434234,129.69183239253204,0.8209451808640239,0.6276469288980474,0.20242479116984502,False
4.431999999999815,0.21910561881688104,1.7294117647058824,1.7176470588235293,0.031541176505904836,0.2459955961768788,122.8859068070304,0.7791827526096097,0.6284301438341913,0.2030528303781169,False
4.432999999999815,0.21953218805055189,1.7294117647058824,1.7176470588235293,0.03160000003531662,0.2652901542415728,116.66076535388585,0.7412400458995595,0.6291754204060023,0.20368163383287333,False
4.433999999999815,0.21995821561037154,1.7294117647058824,1.7294117647058824,0.031658823564728406,0.2827140800292085,-25.00980957981846,0.7067344707586919,0.6298861955128164,0.20431116531416035,False
4.434999999999816,0.2203837004451598,1.7294117647058824,1.7294117647058824,0.03171764709414019,0.2984544367674919,-56.85181725150145,0.6753471150729985,0.6305655871626497,0.2049413918794812,False
4.435999999999816,0.22080864150507498,1.7294117647058824,1.7294117647058824,0.031776470623551975,0.3126795813613581,-58.01287324916075,0.646696652851745,0.6312163320559953,0.2055722835136965,False
4.436999999999816,0.22123303774161693,1.7294117647058824,1.7294117647058824,0.03183529415296376,0.3255410350252491,-51.15387016805067,-6.5770859214976545,0.624643267125401,0.2062002139846386,False
4.437999999999817,0.22165688810763054,1.7294117647058824,1.7294117647058824,0.03183529415296376,-0.8398836566772061,-42.70780716744439,-8.017507728491426,0.6166297315449871,0.20682085114744087,False
4.438999999999817,0.22208019155730707,1.7294117647058824,1.7294117647058824,0.03183529415296376,-0.7240599968564831,-34.45201574882286,-7.859695595033014,0.6087739568678884,0.2074335536465474,False
4.439999999999817,0.22250294704618725,1.7294117647058824,1.7294117647058824,0.031894117682375545,0.5572401205115323,-26.832821175091357,-7.300121097559996,0.601477708205138,0.2080386801258034,False
4.440999999999818,0.22292515353116374,1.7294117647058824,1.7294117647058824,0.03195294121178733,0.5457631673192211,-19.920003627189832,-6.676915459814047,0.5948046205730604,0.20863682192936603,False
4.441999999999818,0.22334680997048445,1.7294117647058824,1.7294117647058824,0.032011764741199114,0.5354927329755534,-13.681511581146037,-6.08211222162011,0.588726295460709,0.20922858801966374,False
4.442999999999818,0.22376791532375379,1.7294117647058824,1.7294117647058824,0.0320705882706109,0.5263081655956646,-8.060898370629248,-5.53749922214947,0.583192546240822,0.2098145480665135,False
4.443999999999819,0.22418846855193597,1.7294117647058824,1.7294117647058824,0.032129411800022684,0.5181008784831769,-2.999647969334776,-5.04510215185287,0.578151160263547,0.21039522054003879,False
4.444999999999819,0.22460846861735817,1.7294117647058824,1.7294117647058824,0.03218823532943447,0.5107731436113498,1.5573985299227497,-4.601728988406523,0.5735531165787523,0.21097107329350862,False
4.445999999999819,0.2250279144837117,1.7294117647058824,1.7294117647058824,0.03224705885884625,0.5042370057561177,5.66034984391682,-4.203073974631616,0.5693536996963086,0.21154252731192175,False
4.44699999999982,0.2254468051160554,1.7294117647058824,1.7294117647058824,0.03230588238825804,0.49841330521582083,9.35457227300614,2.4757671796285514,0.5718331251415485,0.21211312133362317,False
4.44799999999982,0.22586513948081868,1.7294117647058824,1.7294117647058824,0.03236470591766982,0.49323079825896565,12.680916433740228,4.386001678096934,0.5762228086747031,0.21268714991340565,False
4.44899999999982,0.22628291654580288,1.7294117647058824,1.7294117647058824,0.03242352944708161,0.4886253655272078,15.676157947530962,4.925492098212046,0.5811520125890894,0.2132658379418098,False
4.449999999999821,0.22670013528018465,1.7294117647058824,1.7294117647058824,0.03248235297649339,0.4845392995980379,18.372341102796682,4.803188017180027,0.5859589430005161,0.21384939404249534,False
4.450999999999821,0.22711679465451795,1.7294117647058824,1.7294117647058824,0.03254117650590518,0.4809206637911968,20.802110411357475,4.451478531801473,0.5904141927293451,0.21443758123811435,False
4.451999999999821,0.22753289364073767,1.7411764705882353,1.7294117647058824,0.03260000003531696,0.4777227150944518,113.2999834466335,4.065231433460088,0.5944832217510813,0.21503003057757625,False
4.452999999999822,0.22794843121216074,1.7411764705882353,1.7294117647058824,0.032658823564728746,0.47490338479679317,139.80950447984844,3.697500829357997,0.5981845441548478,0.21562636509681427,False
4.453999999999822,0.22836340634348926,1.7411764705882353,1.7411764705882353,0.03271764709414053,0.47242481105831235,36.4270578751241,3.3604547453940716,0.6015488422272213,0.216226232429976,False
4.454999999999822,0.22877781801081376,1.7411764705882353,1.7411764705882353,0.032776470623552316,0.47025291822309145,10.153023926807334,-4.142877183371189,0.5974097973812565,0.21682571238925333,False
4.455999999999823,0.2291916651916145,1.7411764705882353,1.7411764705882353,0.032776470623552316,-0.708701785328564,5.699279666741623,-5.835217030563698,0.5915783784775716,0.21742020711125468,False
4.456999999999823,0.22960494686476438,1.7411764705882353,1.7411764705882353,0.032776470623552316,-0.6050551361721206,7.208377272815556,-5.904180220366317,0.585677958281888,0.21800883590736786,False
4.457999999999823,0.23001766201053245,1.7411764705882353,1.7411764705882353,0.032776470623552316,-0.5117731519313252,10.153656323912253,-5.548735346546431,0.580132946239824,0.2185917419811786,False
4.458999999999824,0.2304298096105849,1.7411764705882353,1.7411764705882353,0.032776470623552316,-0.42781936611461213,13.261756769045755,-5.109251517095448,0.5750273839515005,0.21916932276206638,False
4.459999999999824,0.23084138864798853,1.7411764705882353,1.7411764705882353,0.032776470623552316,-0.35226095887957337,16.191639254486844,-4.679771268473261,0.5703512706156951,0.21974201269984955,False
4.460999999999824,0.23125239810721265,1.7411764705882353,1.7411764705882353,0.032776470623552316,-0.28425839236804107,18.86781543650982,-4.283914554051406,0.5660709853117083,0.22031022443346174,False
4.461999999999825,0.23166283697413279,1.7411764705882353,1.7411764705882353,0.032776470623552316,-0.22305608250766418,21.288995986094744,-3.9253782210563517,0.5621492100395294,0.2208743351323384,False
4.462999999999825,0.23207270423603166,1.7411764705882353,1.7411764705882353,0.032776470623552316,-0.1679740036333271,23.472744169003047,-3.60247082714339,0.5585503180088982,0.2214346854934807,False
4.463999999999825,0.23248199888160226,1.7411764705882353,1.7411764705882353,0.032776470623552316,-0.11840013264642547,25.44083617135353,-3.312209767038545,0.5552416648187044,0.2219915820782576,False
4.464999999999826,0.23289071990095117,1.7411764705882353,1.7411764705882353,0.032776470623552316,-0.07378364875821573,27.21334365968079,-3.0515025480247235,0.5521936983641055,0.22254530034975167,False
4.465999999999826,0.23329886628559973,1.7411764705882353,1.7411764705882353,0.0328352941529641,1.0,28.81030114797476,-2.817433938555891,0.5493797815944921,0.22309608767643788,False
4.466999999999826,0.23370643702848704,1.7411764705882353,1.7411764705882353,0.032894117682375885,1.0,30.25025108675117,-2.6073555828689456,0.5467759256553113,0.22364416611381135,False
4.467999999999827,0.2341134311239733,1.7411764705882353,1.7411764705882353,0.03295294121178767,1.0,31.548125190917723,-2.418869749397689,0.5443605392798246,0.22418973492728228,False
4.468999999999827,0.23451984756784078,1.7411764705882353,1.7411764705882353,0.033011764741199455,0.9561911834652465,32.718469689039544,-2.24981736385928,0.5421141901462189,0.2247329728704446,False
4.4699999999998274,0.2349256853572973,1.7411764705882353,1.7411764705882353,0.03307058827061124,0.9059367710363753,33.773023559582214,-2.0982547192007064,0.5400193895233304,0.22527404023634598,False
4.470999999999828,0.23533094349097827,1.7411764705882353,1.7411764705882353,0.033129411800023024,0.8607666233798048,34.723922246141896,-1.9624882252038545,0.5380603421652332,0.22581308067602784,False
4.471999999999828,0.23573562096894998,1.7411764705882353,1.7411764705882353,0.03318823532943481,0.8201723140183046,35.580645411884944,-1.8407923427675912,0.5362229782711395,0.22635022290799214,False
4.4729999999998284,0.2361397167927107,1.7411764705882353,1.7411764705882353,0.033247058858846594,0.7836962591223675,36.35471463371192,3.0463161809745154,0.5392727315484519,0.22688797133522254,False
4.473999999999829,0.23654322996519395,1.7411764705882353,1.7411764705882353,0.033247058858846594,-0.42613219028395344,37.05266491099881,4.441995420217485,0.5437181890491983,0.2274294673717587,False
4.474999999999829,0.23694615949077158,1.7411764705882353,1.7529411764705882,0.033247058858846594,-0.35027191239668626,-98.35621147820378,-1.0348093751522205,0.5426868463900738,0.22797267046745967,False
4.4759999999998294,0.23734850437525482,1.7411764705882353,1.7529411764705882,0.033247058858846594,-0.2819976622981482,-124.56352293383709,-2.4318568707982187,0.5402584432707167,0.22851414368835823,False
4.47699999999983,0.23775026362589735,1.7411764705882353,1.7529411764705882,0.033247058858846594,-0.22055083720946633,-120.65837454062468,-2.6743797337740287,0.5375875003235915,0.22905306723343902,False
4.47799999999983,0.2381514362513987,1.7411764705882353,1.7529411764705882,0.033247058858846594,-0.16524869462965455,-109.24643693842415,-2.601379696732838,0.5349895402485264,0.22958935632413477,False
4.4789999999998305,0.23855202126190503,1.7529411764705882,1.7529411764705882,0.033247058858846594,-0.11547676630782586,39.329136203289934,-2.452359576265577,0.5325405839232736,0.23012312195387538,False
4.479999999999831,0.23895201766901264,1.7529411764705882,1.7529411764705882,0.033247058858846594,-0.07068203081818179,78.0358289437673,-2.2946936339504655,0.5302492781620478,0.2306545174499816,False
4.480999999999831,0.23935142448576996,1.7529411764705882,1.7529411764705882,0.033247058858846594,-0.030366768877503544,85.56506601319944,-2.1464279052886974,0.5281062237214846,0.2311836957635592,False
4.4819999999998315,0.2397502407266808,1.7529411764705882,1.7529411764705882,0.033247058858846594,0.005916966869105519,84.49563480040474,-2.0115582226581243,0.5260980254484235,0.2317107984485035,False
4.482999999999832,0.2401484654077055,1.7529411764705882,1.7529411764705882,0.033247058858846594,0.038572329041052476,81.27557900937936,-1.890154445441544,0.5242112182441612,0.2322359536285694,False
4.483999999999832,0.24054609754626408,1.7529411764705882,1.7529411764705882,0.033247058858846594,0.06796215499580364,77.73212567306574,-1.7812887931680665,0.5224332647081539,0.23275927642624844,False
4.4849999999998325,0.24094313616123916,1.7529411764705882,1.7529411764705882,0.033247058858846594,0.09441299835507871,74.3584385304288,-1.6838104304173507,0.5207527781998826,0.23328087000199887,False
4.485999999999833,0.24133958027297717,1.7529411764705882,1.7529411764705882,0.033247058858846594,0.11821875737842535,71.27275018334713,-1.5966585672534135,0.5191594328003682,0.2338008266599875,False
4.486999999999833,0.24173542890329153,1.7529411764705882,1.7529411764705882,0.033247058858846594,0.13964394049943657,68.47944039130634,-1.5187742539843119,0.5176439614787245,0.2343192289078958,False
4.4879999999998335,0.24213068107546545,1.7529411764705882,1.7529411764705882,0.033247058858846594,0.15892660530834596,65.96404002666353,-1.4491773722184678,0.5161980772673085,0.23483615047639655,False
4.488999999999834,0.2425253358142534,1.7529411764705882,1.7529411764705882,0.033247058858846594,0.17628100363636376,63.70038089779908,-1.3870787431794933,0.5148142823275758,0.23535165720375106,False
4.489999999999834,0.24291939214588393,1.7529411764705882,1.7529411764705882,0.033247058858846594,0.1918999621315792,61.666382738752375,-1.3317094927592519,0.513485847650383,0.2358658078147893,False
4.4909999999998345,0.24331284909806197,1.7529411764705882,1.7529411764705882,0.033247058858846594,0.20595702477727254,59.83681547104598,-1.2824491936911802,0.5122066646134424,0.23637865461551855,False
4.491999999999835,0.24370570569997216,1.7529411764705882,1.7529411764705882,0.03330588238825838,1.0,58.192643246302104,-1.2386563680483138,0.5109712660360495,0.23689024412403853,False
4.492999999999835,0.2440979609822796,1.7529411764705882,1.7529411764705882,0.033364705917670164,1.0,56.714078247707036,-1.199829986037281,0.5097746857344589,0.23740061764176096,False
4.4939999999998355,0.24448961397713312,1.7529411764705882,1.7529411764705882,0.033364705917670164,0.040242200570061136,55.38471576910759,-1.165360922483535,0.5086125666209369,0.23790981180845716,False
4.494999999999836,0.24488066371816838,1.7529411764705882,1.7529411764705882,0.033364705917670164,0.06958268643073498,54.19106697040559,-1.134903833876095,0.5074808969248742,0.23841785907946458,False
4.495999999999836,0.2452711092405088,1.7529411764705882,1.7529411764705882,0.033364705917670164,0.09598912370534049,53.11904154571917,-8.305671390529525,0.4991784216295776,0.238921189272904,False
4.4969999999998365,0.2456609495807686,1.7529411764705882,1.7529411764705882,0.033364705917670164,0.11975491725248452,52.15705348239348,-9.698570422441053,0.4894829881439015,0.23941552050233894,False
4.497999999999837,0.24605018377705598,1.7529411764705882,1.7529411764705882,0.033364705917670164,0.1411441314449134,51.29322177866617,-9.498124313139867,0.47998793952426055,0.23990025648047805,False
4.498999999999837,0.24643881086897404,1.7529411764705882,1.7647058823529411,0.033364705917670164,0.16039442421809863,-85.52242807608656,-8.900383176741729,0.47109057377981567,0.2403757962416186,False
4.4999999999998375,0.246826829897624,1.7529411764705882,1.7647058823529411,0.033364705917670164,0.1777196877139647,-112.9948497681993,-1.0453777900971297,0.47004818977458623,0.24084636612255408,False
4.500999999999838,0.24721423990560734,1.7529411764705882,1.7647058823529411,0.033364705917670164,0.1933124248602436,-110.22847119515112,0.9965683635286141,0.4710477536063832,0.24131691459332244,False
4.501999999999838,0.24760103993702873,1.7529411764705882,1.7647058823529411,0.033364705917670164,0.2073458882918941,-99.84089368984304,1.3889298342995446,0.47243968658593144,0.2417886588137067,False
4.5029999999998385,0.24798722903749743,1.7529411764705882,1.7647058823529411,0.033364705917670164,0.2199760053803791,-88.22562445066875,1.3263271556068998,0.47376902512687247,0.2422617636712358,False
4.503999999999839,0.24837280625412989,1.7529411764705882,1.7647058823529411,0.033364705917670164,0.23134311076001512,-77.12372259157469,1.1499218457783096,0.4749219657136063,0.24273610966958595,False
4.504999999999839,0.24875777063555315,1.7529411764705882,1.7647058823529411,0.033364705917670164,0.24157350560168717,-66.9499468259373,0.9563931461447573,0.4758813837583747,0.2432115118483124,False
4.5059999999998395,0.24914212123190566,1.7529411764705882,1.7647058823529411,0.033364705917670164,0.2507808609591917,-57.744907391605445,0.7718363016567469,0.47665624992065003,0.243687781170002,False
4.50699999999984,0.2495258570948403,1.7647058823529411,1.7647058823529411,0.033364705917670164,0.25906748078094544,86.588760005878,0.6025091447868159,0.4772617927765018,0.2441647406968724,False
4.50799999999984,0.24990897727752742,1.7647058823529411,1.7647058823529411,0.033364705917670164,0.2665254386205236,120.83020331715221,0.44864546389968374,0.47771347478869797,0.2446422288366769,False
4.5089999999998405,0.2502914808346558,1.7647058823529411,1.7647058823529411,0.033364705917670164,0.2732376006761436,124.15383196946001,0.309481577572634,0.47802599483412234,0.24512009907785476,False
4.509999999999841,0.25067336682243596,1.7647058823529411,1.7647058823529411,0.033364705917670164,0.27927854652620143,119.2438986012098,0.18363463883491132,0.47821266903069565,0.24559821891635758,False
4.510999999999841,0.25105463429860203,1.7647058823529411,1.7647058823529411,0.033364705917670164,0.28471539779125327,112.55621497791705,0.06993792639992111,0.4782856468551367,0.24607646858094773,False
4.5119999999998415,0.2514352823224147,1.7647058823529411,1.7647058823529411,0.033364705917670164,0.2896085639297997,105.89355366763237,-0.03294208134380975,0.4782557443344713,0.24655473978315168,False
4.512999999999842,0.2518153099546628,1.7647058823529411,1.7647058823529411,0.033364705917670164,0.2940124134544914,99.70058857600175,-0.1260113067861224,0.4781327716381279,0.2470329345476052,False
4.513999999999842,0.2521947162576655,1.7647058823529411,1.7647058823529411,0.033364705917670164,0.29797587802671377,94.08086194404262,-0.21031557688309638,0.4779254931667729,0.24751096418623894,False
4.5149999999998425,0.252573500295276,1.7647058823529411,1.7647058823529411,0.03330588238825838,-0.8755158273876549,89.00692064731604,-0.2867218277513176,0.4776418064372316,0.24798874834195117,False
4.515999999999843,0.25295166113288214,1.7647058823529411,1.7647058823529411,0.033247058858846594,-0.7670113034370651,84.43928310778811,-0.355942816049321,0.47728889625706156,0.2484662141988104,False
4.516999999999843,0.25332919783740937,1.7647058823529411,1.7647058823529411,0.03318823532943481,-0.6694160554109501,80.33456717435155,-0.41872320841890515,0.47687320280988027,0.24894329575338786,False
4.5179999999998435,0.25370610947732386,1.7647058823529411,1.7647058823529411,0.033129411800023024,-0.5816391557168614,76.63472739640824,-0.4756752499988864,0.4764005540726748,0.24941993313634178,False
4.518999999999844,0.2540823951226334,1.7647058823529411,1.7647058823529411,0.033129411800023024,0.674360054007772,73.31180933427174,-0.5274268639273055,0.4758761501338263,0.24989607199236885,False
4.519999999999844,0.25445805384489056,1.7647058823529411,1.7647058823529411,0.033129411800023024,0.6400534604070063,70.32279153617539,-7.772209243501351,0.46810692945433036,0.2503680640316374,False
4.5209999999998445,0.25483308471719457,1.7647058823529411,1.7647058823529411,0.033129411800023024,0.6091775261663184,67.63267764722582,-9.231634566004788,0.45887822759609054,0.25083155710058475,False
4.521999999999845,0.25520748681419453,1.7647058823529411,1.7647058823529411,0.033129411800023024,0.5813891853497003,65.21699688242293,-9.091036147492314,0.44979006582597775,0.2512858917279707,False
4.522999999999845,0.25558125921209013,1.7647058823529411,1.7647058823529411,0.033129411800023024,0.556379678614745,63.04282692921009,-8.547094605714342,0.44124578988543567,0.2517314101271196,False
4.5239999999998455,0.255954400988635,1.7647058823529411,1.776470588235294,0.033129411800023024,0.533871122553286,-74.95004574961463,-7.938091808827057,0.43331046477470886,0.25216868871697373,False
4.524999999999846,0.25632691122313933,1.7647058823529411,1.776470588235294,0.033129411800023024,0.5136134220979737,-103.48227071588825,-7.356153164552115,0.4259570301075137,0.2525983229188026,False
4.525999999999846,0.2566987889964709,1.7647058823529411,1.776470588235294,0.033129411800023024,0.49538149168819323,-101.66905454640494,-6.823230274421959,0.4191364736296013,0.25302087011751434,False
4.5269999999998465,0.2570700333910581,1.7647058823529411,1.776470588235294,0.033129411800023024,0.4789727543193914,-92.13885990894647,-6.341478253334056,0.4127976276500612,0.25343683760799174,False
4.527999999999847,0.25744064349089274,1.7647058823529411,1.776470588235294,0.033129411800023024,0.4642048906874704,-81.29823110292162,1.2898362769202902,0.41409008798070773,0.25385028190292974,False
4.528999999999847,0.2578106183815309,1.7647058823529411,1.776470588235294,0.033129411800023024,0.4509138134187419,-70.88830391504256,3.096246412981321,0.4171889740013398,0.2542659218733175,False
4.5299999999998475,0.2581799571500965,1.7647058823529411,1.776470588235294,0.033129411800023024,0.4389518438768868,-61.341715882612405,3.2667839353948533,0.42045841763244407,0.25468474601184926,False
4.530999999999848,0.2585486588852825,1.7647058823529411,1.776470588235294,0.033129411800023024,0.4281860712892176,-52.69568691330542,3.001652150830723,0.42346274879966855,0.25510670704104715,False
4.531999999999848,0.25891672267735444,1.7647058823529411,1.776470588235294,0.033129411800023024,0.41849687596031554,-44.90534983301528,2.642426023425101,0.4261078710745568,0.25553149279990217,False
4.5329999999998485,0.25928414761815133,1.7647058823529411,1.776470588235294,0.033129411800023024,0.4097766001643041,-37.89487723602883,2.2844931310915313,0.42839507541403865,0.2559587447246203,False
4.533999999999849,0.2596509328010884,1.7647058823529411,1.776470588235294,0.033129411800023024,0.4019283519478941,-31.59204012025342,1.95138514814655,0.43034918455795673,0.2563881173082703,False
4.534999999999849,0.2600170773211602,1.7647058823529411,1.776470588235294,0.033129411800023024,0.3948649285531253,-25.919817594380405,1.6485844387396877,0.4320005037917382,0.25681929260796243,False
4.5359999999998495,0.26038258027494127,1.7647058823529411,1.776470588235294,0.033129411800023024,0.38850784749783374,-20.820852675658095,1.3746421474542703,0.43337788973220154,0.25725198226178964,False
4.53699999999985,0.2607474407605891,1.776470588235294,1.776470588235294,0.033129411800023024,0.38278647454807146,104.20478418387518,1.1274726504664072,0.43450811354718505,0.25768592572176674,False
4.53799999999985,0.26111165787784724,1.776470588235294,1.776470588235294,0.033129411800023024,0.3776372388932856,140.06836927757965,0.9047836220578659,0.43541565423947526,0.25812088806502104,False
4.5389999999998505,0.26147523072804585,1.776470588235294,1.776470588235294,0.03307058827061124,-0.8040558967253899,147.98398693534486,0.703506622911207,0.43612192251532395,0.2585566573135587,False
4.539999999999851,0.2618381584141052,1.776470588235294,1.776470588235294,0.033011764741199455,-0.7029326599586763,142.5545493923624,0.5221650379618241,0.4366468525959103,0.2589930421618715,False
4.540999999999851,0.262200440040537,1.776470588235294,1.776470588235294,0.03295294121178767,-0.6119805703980495,134.057962673256,0.35848483133055514,0.4370081047837373,0.25942987010173296,False
4.5419999999998515,0.2625620747134477,1.776470588235294,1.776470588235294,0.032894117682375885,-0.5301825133229001,125.36848219131558,0.21061635455994268,0.4372214898373802,0.25986698536046504,False
4.542999999999852,0.2629230615405397,1.776470588235294,1.776470588235294,0.0328352941529641,-0.4566230854846802,117.2608079581008,0.07726666433071977,0.4373015256672051,0.26030424732974,False
4.543999999999852,0.26328339963111347,1.776470588235294,1.776470588235294,0.032776470623552316,-0.3904784239596965,109.87477572571193,-0.043304518789000976,0.4372609899891295,0.26074152904905795,False
4.5449999999998525,0.2636430880960711,1.776470588235294,1.776470588235294,0.03271764709414053,-0.3310070521166253,103.21067710155174,-7.349869427306644,0.42991385798423687,0.26117511693058293,False
4.545999999999853,0.2640021260479169,1.776470588235294,1.776470588235294,0.032658823564728746,-0.2775416409872749,97.20319943947858,-8.864870102965503,0.4210516720845598,0.26160060014455166,False
4.546999999999853,0.26436051260076004,1.776470588235294,1.776470588235294,0.032658823564728746,0.9475772290290954,91.8004695734665,-8.774209504345471,0.41228009076773514,0.2620172664655598,False
4.5479999999998535,0.2647182468703179,1.776470588235294,1.776470588235294,0.032658823564728746,0.8854783296908939,86.93854753889195,-8.275147534174028,0.40400777901464974,0.2624258244431431,False
4.548999999999854,0.26507532797391653,1.776470588235294,1.776470588235294,0.032658823564728746,0.8295893202865146,82.56643594978746,-7.706649589380685,0.3963039096868815,0.26282636589961744,False
4.549999999999854,0.26543175503049365,1.776470588235294,1.776470588235294,0.032658823564728746,0.7792892118225749,78.63449075937349,-7.16084483920781,0.38914579346890205,0.2632194490678031,False
4.5509999999998545,0.26578752716060083,1.776470588235294,1.776470588235294,0.032658823564728746,0.7340191142050312,75.10038874255237,-6.660630302642514,0.38248784377076755,0.26360559918739723,False
4.551999999999855,0.26614264348640615,1.776470588235294,1.776470588235294,0.032658823564728746,0.6932760263492432,71.91831853923577,-6.207981334583448,0.3762824983204249,0.26398529502240176,False
4.552999999999855,0.2664971031316951,1.776470588235294,1.788235294117647,0.032658823564728746,0.6566072472790354,-66.98033113098164,-5.80052954782311,0.3704845629104265,0.2643589688401267,False
4.5539999999998555,0.2668509052218736,1.776470588235294,1.788235294117647,0.032658823564728746,0.6236053461158496,-96.32743476157931,-5.434267926715377,0.3650528500498934,0.26472700951665146,False
4.554999999999856,0.2672040488839705,1.776470588235294,1.788235294117647,0.032658823564728746,0.5939036350689835,-95.2480163906195,-5.105379342307182,0.3599499891050902,0.2650897664581084,False
4.555999999999856,0.26755653324663875,1.776470588235294,1.788235294117647,0.032658823564728746,0.567172095126805,-86.37672054138254,-4.809792679789063,0.3551426803130572,0.26544755353185095,False
4.5569999999998565,0.267908357440158,1.776470588235294,1.788235294117647,0.032658823564728746,0.5431137091788452,-76.12715918745897,-4.544476817798941,0.35060065481228264,0.26580065266934133,False
4.557999999999857,0.2682595205964375,1.776470588235294,1.788235294117647,0.032658823564728746,0.5214611618256821,-66.25357511701911,2.0660677502679876,0.35266916964063505,0.26615218452246364,False
4.558999999999857,0.2686100218490168,1.776470588235294,1.788235294117647,0.032658823564728746,0.5019738692078362,-57.183734239133635,3.9590947462429598,0.3566307335134053,0.2665066367653968,False
4.5599999999998575,0.2689598603330689,1.776470588235294,1.788235294117647,0.032658823564728746,0.4844353058517754,-48.97209852549821,4.373368820451544,0.3610066004957152,0.2668652370128712,False
4.560999999999858,0.26930903518540195,1.776470588235294,1.788235294117647,0.032658823564728746,0.4686505988313214,-41.57071830847023,4.081515247011274,0.3650906428657866,0.2672280818106577,False
4.561999999999858,0.2696575455444621,1.776470588235294,1.788235294117647,0.032658823564728746,0.45444436251291326,-34.909731628434194,3.627333084823911,0.3687205293199505,0.267594806284684,False
4.5629999999998585,0.2700053905503345,1.776470588235294,1.788235294117647,0.032658823564728746,0.44165874982634634,-28.918284367095197,3.162902323145991,0.37188600805065464,0.26796495166524176,False
4.563999999999859,0.27035256934474594,1.776470588235294,1.788235294117647,0.03260000003531696,-0.7469071251209319,-23.530139890995844,2.7292173256465806,0.3746178217149333,0.26833806737833066,False
4.564999999999859,0.2706990810710677,1.776470588235294,1.788235294117647,0.03254117650590518,-0.6519693537499607,-18.685597194910823,2.333681946852206,0.3769541170700796,0.2687137369244878,False
4.5659999999998595,0.2710449248743163,1.776470588235294,1.788235294117647,0.03248235297649339,-0.5665841830455014,-14.329865285339892,1.9763164064578849,0.37893306135937965,0.2690915819602663,False
4.56699999999986,0.27139009990115637,1.776470588235294,1.788235294117647,0.03242352944708161,-0.4897963529409027,-10.414291214340757,1.653669399755769,0.3805893707732617,0.26947126075652705,False
4.56799999999986,0.2717346052999032,1.788235294117647,1.788235294117647,0.03236470591766982,-0.4207461293761783,108.10142411254142,1.3630002676919772,0.3819550210738213,0.26985246506716426,False
4.5689999999998605,0.2720784402205238,1.788235294117647,1.788235294117647,0.03230588238825804,-0.3586597516973405,142.09409595688558,1.1009295218713693,0.38305860874367126,0.27023491710119035,False
4.569999999999861,0.2724216038146397,1.788235294117647,1.788235294117647,0.03224705885884625,-0.30284083531580025,151.792529431517,0.8647621063763407,0.3839260353976989,0.27061836645143833,False
4.570999999999861,0.2727640952355286,1.788235294117647,1.788235294117647,0.03218823532943447,-0.2526626341018278,148.24285269617093,0.651874255701091,0.3845805790549658,0.27100258743176425,False
4.5719999999998615,0.27310591363812736,1.788235294117647,1.788235294117647,0.032129411800022684,-0.20756107653866596,139.81053733302574,0.46002925977300085,0.3850432811774506,0.2713873766276161,False
4.572999999999862,0.2734470581790329,1.788235294117647,1.788235294117647,0.0320705882706109,-0.16702849826123378,130.7195904899589,0.2868056015566899,0.38533276184670834,0.27177255057630323,False
4.573999999999862,0.2737875280165048,1.788235294117647,1.788235294117647,0.032011764741199114,-0.13060800134095774,122.10762330750458,-7.067017164400462,0.37826839083700914,0.2721547047695989,False
4.5749999999998625,0.2741273223104679,1.788235294117647,1.788235294117647,0.03195294121178733,-0.0978883776421225,114.23627760765086,-8.62447118106917,0.3696465099971514,0.27252909370441325,False
4.575999999999863,0.2744664402225133,1.788235294117647,1.788235294117647,0.031894117682375545,-0.06849953984258375,107.11872063939752,-8.57197725325552,0.3610770631822945,0.27289488434470205,False
4.576999999999863,0.2748048809159013,1.788235294117647,1.788235294117647,0.031894117682375545,1.0,100.7048542342693,-8.107116366852146,0.3529724194502628,0.27325231469079553,False
4.5779999999998635,0.2751426435555633,1.788235294117647,1.788235294117647,0.031894117682375545,1.0,94.93318555371128,-7.56923306602679,0.3454056047624103,0.27360188240797584,False
4.578999999999864,0.27547972730810344,1.788235294117647,1.788235294117647,0.031894117682375545,0.9799086590797996,89.74358904351091,-7.0511494045088945,0.3383568231449364,0.273944116417653,False
4.579999999999864,0.2758161313418011,1.788235294117647,1.788235294117647,0.031894117682375545,0.9138119108541731,85.07098001257411,-6.575504399044727,0.33178363937398536,0.2742795156575703,False
4.5809999999998645,0.27615185482661264,1.788235294117647,1.788235294117647,0.031894117682375545,0.8543248374511114,80.86972758408064,-6.145185348347274,0.3256407306189986,0.27460853533077884,False
4.581999999999865,0.27648689693417394,1.788235294117647,1.788235294117647,0.031894117682375545,0.8007864713883581,77.0919984420971,-5.7576604868473344,0.3198853055097183,0.27493158645660953,False
4.582999999999865,0.2768212568378018,1.788235294117647,1.788235294117647,0.031894117682375545,0.7526019419318818,73.69771880230827,-5.409238169003152,0.3144782640387325,0.27524903892409347,False
4.5839999999998655,0.2771549337124962,1.788235294117647,1.788235294117647,0.031894117682375545,0.7092358654210545,70.64215454276693,-5.096173781220851,0.3093842505555198,0.27556122520717546,False
4.584999999999866,0.27748792673494305,1.788235294117647,1.788235294117647,0.031894117682375545,0.6702063965613116,67.89768364905855,-4.8149665889718385,0.30457140991248477,0.2758684439993407,False
4.585999999999866,0.27782023508351494,1.788235294117647,1.788235294117647,0.031894117682375545,0.6350798745875443,65.42990431701661,-4.5624612663910185,0.30001104207926244,0.27617096355869764,False
4.5869999999998665,0.2781518579382739,1.788235294117647,1.8,0.031894117682375545,0.6034660048111549,-72.82895721973226,-4.335761924941486,0.2956773427263039,0.2764690247463609,False
4.587999999999867,0.2784827944809738,1.788235294117647,1.8,0.031894117682375545,0.5750135220124054,-101.59979842382901,-4.13229712239169,0.2915470787973991,0.27676284377616267,False
4.588999999999867,0.27881304389506145,1.788235294117647,1.8,0.031894117682375545,0.5494062874935318,-100.00002514317703,2.1345711897677817,0.29368368044494997,0.27705535262983083,False
4.5899999999998675,0.2791426053656793,1.788235294117647,1.8,0.031894117682375545,0.5263597764265465,-90.66204263186904,3.9293672263871415,0.29761510023940596,0.27735080575625604,False
4.590999999999868,0.279471478079667,1.788235294117647,1.8,0.031894117682375545,0.5056179164662604,-79.98945156717686,4.438725619290079,0.3020559076270178,0.277650419531167,False
4.591999999999868,0.27979966122556416,1.788235294117647,1.8,0.031894117682375545,0.4869502425020037,-69.73600142328536,4.247084285496391,0.3063051034888178,0.2779543878927902,False
4.5929999999998685,0.28012715399361127,1.788235294117647,1.8,0.03183529415296376,-0.7069094875951953,-60.32491986498554,3.797056425780355,0.3101042988881824,0.27826240295427046,False
4.593999999999869,0.28045395557575237,1.788235294117647,1.8,0.031776470623551975,-0.6167361858591524,-51.804834654437705,3.312136204487818,0.31341859819213935,0.27857399901162716,False
4.594999999999869,0.2807800651656373,1.788235294117647,1.8,0.03171764709414019,-0.5356390378261287,-44.12613741746087,2.8525195457470063,0.3162733017013837,0.2788887025534055,False
4.5959999999998695,0.28110548195862306,1.788235294117647,1.8,0.031658823564728406,-0.4627104281258218,-37.21503346617365,2.432055254029313,0.31870755875507734,0.27920607160055105,False
4.59699999999987,0.2814302051517759,1.788235294117647,1.8,0.03160000003531662,-0.39713350292495986,-30.99822142945198,2.0514450765938714,0.3207612207148599,0.27952570363929985,False
4.59799999999987,0.2817542339438735,1.788235294117647,1.8,0.031541176505904836,-0.33817309377359817,-25.407107003382183,1.7080429576372609,0.32247149315263,0.2798472348166845,False
4.5989999999998705,0.2820775675354074,1.788235294117647,1.8,0.03148235297649305,-0.2851675490667863,-20.379477959197104,1.3985995081385527,0.3238723324963867,0.2801703370232324,False
4.599999999999871,0.28240020512858394,1.788235294117647,1.8,0.031423529447081266,-0.2375213823600692,-15.858804947688867,1.119937269671964,0.3249945179385174,0.2804947146761768,False
4.600999999999871,0.28272214592732664,1.788235294117647,1.8,0.03136470591766948,-0.1946986558534372,-11.794420029314544,0.8686160310270634,0.3258653886598225,0.28082010142396907,False
4.6019999999998715,0.2830433891372791,1.8,1.8,0.0313058823882577,-0.15621702552688174,108.6702197387166,0.6422245323487566,0.3265098727612363,0.28114625716928254,False
4.602999999999872,0.28336393396580534,1.8,1.8,0.031247058858845912,-0.12164238176239482,143.22424116303165,0.43823468411461447,0.3269503704169003,0.2814729656053496,False
4.603999999999872,0.2836837796219927,1.8,1.8,0.031188235329434127,-0.09058402590376965,153.0848123835079,0.25452867535742396,0.3272071641368464,0.2818000318726504,False
4.6049999999998725,0.2840029253166542,1.8,1.8,0.031129411800022343,-0.06269032916041983,147.98826023105792,0.08874187813458133,0.3272981719342687,0.28212728033017165,False
4.605999999999873,0.28432137026232945,1.8,1.8,0.031070588270610558,-0.037644825620817696,139.1734824265639,-0.060585167941161804,0.32723985248040943,0.2824545525982276,False
4.606999999999873,0.2846391136732871,1.8,1.8,0.031011764741198773,-0.015162695964588482,130.0199680040029,-0.19527083322286903,0.32704684618294655,0.28278170593760127,False
4.6079999999998735,0.28495615476552666,1.8,1.8,0.031011764741198773,1.0,121.44843112813055,-7.51449184993358,0.3195345869209885,0.2831053726035708,False
4.608999999999874,0.2852724927567812,1.8,1.8,0.031011764741198773,1.0,113.62442060377762,-9.04070017932158,0.31049606079028286,0.28342084018172303,False
4.609999999999874,0.28558812686651797,1.8,1.8,0.031011764741198773,1.0,106.56088916594624,-8.959913961683174,0.3015382584639462,0.28372730555007736,False
4.6109999999998745,0.28590305631594104,1.8,1.8,0.031011764741198773,0.945771802357813,100.19967831796848,-8.469596033196192,0.29307071392814443,0.2840250337229881,False
4.611999999999875,0.28621728032799354,1.8,1.8,0.031011764741198773,0.8822063868632092,94.47645463134957,-7.908561534810812,0.28516414745391777,0.28431454678290835,False
4.612999999999875,0.2865307981273589,1.8,1.8,0.031011764741198773,0.8249975129180678,89.3274428836219,-7.369606674682161,0.27779648320659234,0.2845963957743493,False
4.6139999999998755,0.28684360894046285,1.8,1.8,0.031011764741198773,0.7735095263674427,84.6963744515337,-6.875130584499804,0.2709232459725229,0.28487109958623436,False
4.614999999999876,0.2871557119954762,1.8,1.8,0.031011764741198773,0.7271703384718817,80.53227972342152,-6.427712087549161,0.264497381394986,0.2851391314716116,False
4.615999999999876,0.28746710652231555,1.8,1.8,0.031011764741198773,0.6854650693658784,76.78877193781173,-6.024731845382033,0.2584744541398361,0.28540091880768437,False
4.6169999999998765,0.2877777917526458,1.8,1.8,0.031011764741198773,0.6479303271704767,73.42332898904615,-5.662290305431904,0.2528139281332251,0.2856568462909447,False
4.617999999999877,0.28808776691988186,1.8,1.8,0.031011764741198773,0.6141490591946166,70.39346486169468,-5.336513526437466,0.24747914097731333,0.2859072598249242,False
4.618999999999877,0.2883970312591912,1.8,1.8,0.031011764741198773,0.5837459180163436,67.67329711431661,-5.043776171603947,0.242437055371695,0.2861524702820138,False
4.6199999999998775,0.2887055840074945,1.8,1.8,0.031011764741198773,0.5563830909558989,65.22686678339062,-4.780790175601587,0.2376579218657201,0.2863927569768033,False
4.620999999999878,0.2890134244034686,1.8,1.8,0.031011764741198773,0.5317565466014995,63.02980303564931,-4.544567790606493,0.23311497856258004,0.28662837081880155,False
4.621999999999878,0.2893205516875481,1.8,1.8,0.031011764741198773,0.509592656682541,61.053420741283205,-4.332431068134517,0.22878414133942923,0.28685953716059215,False
4.6229999999998785,0.2896269651019268,1.8,1.8,0.031011764741198773,0.489645155755479,59.278331948628335,2.0383532712281265,0.23082408483270755,0.287089239514617,False
4.623999999999879,0.28993266389055994,1.8,1.8,0.031011764741198773,0.47169240492112385,57.686304651826454,3.8636510808500177,0.2346893477010011,0.2873218032087103,False
4.624999999999879,0.2902376472991664,1.8,1.8,0.031011764741198773,0.4555349291702049,56.25527121832227,4.382390137342471,0.23907337838526874,0.2875584656153956,False
4.6259999999998795,0.2905419145752298,1.8,1.8,0.031011764741198773,0.44099320099437833,54.969769704566254,4.109708387639289,0.24318475637668138,0.2877993893634687,False
4.62699999999988,0.290845464968001,1.8,1.8,0.03095294121178699,-0.7491531778932559,53.81668239318454,3.6402499878895656,0.2468267023183447,0.2880442132491608,False
4.62799999999988,0.29114829772849926,1.8,1.8,0.030894117682375204,-0.6556378600685828,52.78296941082121,3.1528265648879805,0.24998124786235026,0.28829245975417056,False
4.6289999999998805,0.2914504121095153,1.8,1.8,0.03083529415296342,-0.5715328975557921,51.85564799492863,2.6961582070070667,0.2526791448278956,0.2885436553159259,False
4.629999999999881,0.2917518073656116,1.8,1.811764705882353,0.030776470623551634,-0.495897254823695,-85.01580123476958,2.2790094695638765,0.2549599098392333,0.2887973610678714,False
4.630999999999881,0.2920524827531253,1.8,1.811764705882353,0.03071764709413985,-0.4278839998942219,-112.53717462957975,1.902070690101927,0.25686375013491725,0.28905317797089397,False
4.6319999999998815,0.29235243753017004,1.8,1.811764705882353,0.030658823564728065,-0.36673089398711023,-109.8139222611277,1.5622692879929772,0.2584278006387193,0.28931074581061794,False
4.632999999999882,0.2926516709566371,1.8,1.811764705882353,0.03060000003531628,-0.3117519222001235,-99.46397453785727,1.2562055241475936,0.2596857967785012,0.28956973997785534,False
4.633999999999882,0.29295018229419756,1.8,1.811764705882353,0.030541176505904495,-0.2623296711212491,-87.88104689693513,0.9805087877470823,0.2606681035910416,0.289829868082204,False
4.6349999999998825,0.2932479708063046,1.8,1.811764705882353,0.03048235297649271,-0.21790846867967567,-76.80801037281005,0.7322052694780071,0.26140211250182893,0.2900908667602034,False
4.635999999999883,0.2935450357581947,1.8,1.811764705882353,0.030423529447080926,-0.1779882100116728,-66.65902945465112,0.5086011960173317,0.26191252134160425,0.29035249882772834,False
4.636999999999883,0.29384137641688945,1.811764705882353,1.811764705882353,0.03036470591766914,-0.1421188007398834,78.56451291462896,0.307244971174573,0.2622215765058294,0.29061455069536324,False
4.6379999999998835,0.29413699205119764,1.811764705882353,1.811764705882353,0.030305882388257356,-0.10989515592468604,113.61804288002286,0.12588920663292363,0.2623492771464182,0.29087683000885045,False
4.638999999999884,0.2944318819317175,1.811764705882353,1.811764705882353,0.03024705885884557,-0.0809526991204211,117.67690594847477,-0.037711815583037094,0.26231337682651296,0.29113916340258916,False
4.639999999999884,0.2947260453308372,1.811764705882353,1.811764705882353,0.030188235329433787,-0.05496331152599558,113.43244038783138,-0.18492554965916744,0.2621302617723579,0.29140139464925785,False
4.6409999999998846,0.2950194815227377,1.811764705882353,1.811764705882353,0.030129411800022002,-0.03163168622042519,107.3435053221497,-0.31765278475253933,0.26181441752663276,0.2916633830524704,False
4.641999999999885,0.2953121897833948,1.811764705882353,1.811764705882353,0.030129411800022002,1.0,101.21734868885908,-0.43718136795292317,0.2613790418798968,0.2919250018219087,False
4.642999999999885,0.2956041693905797,1.811764705882353,1.811764705882353,0.030129411800022002,1.0,95.51387029149477,-0.5450275693439937,0.26083581643772114,0.29218613668277565,False
4.6439999999998856,0.2958954196238617,1.811764705882353,1.811764705882353,0.030129411800022002,1.0,90.33136344515462,-0.642215895247838,0.26019539837598854,0.2924466845808975,False
4.644999999999886,0.2961859397646099,1.811764705882353,1.811764705882353,0.030129411800022002,0.9319320860862681,85.65636148417772,-0.7297098206740581,0.2594674814653567,0.29270655268575524,False
4.645999999999886,0.2964757290959948,1.811764705882353,1.811764705882353,0.030129411800022002,0.8688682892776423,81.44716795981938,-0.8086758754821486,0.2586605930088909,0.29296565733569946,False
4.6469999999998866,0.29676478690298985,1.811764705882353,1.811764705882353,0.030129411800022002,0.8121108721498813,77.66179175551021,-0.8799311913876806,0.2577824432335798,0.29322392302870787,False
4.647999999999887,0.29705311247237365,1.811764705882353,1.811764705882353,0.030129411800022002,0.761029196734898,74.2571965397696,-0.9441689623964195,0.25684004922289727,0.2934812816610788,False
4.648999999999887,0.29734070509273175,1.811764705882353,1.811764705882353,0.030129411800022002,0.7150556888614148,71.19630005950712,-1.0020783482615627,0.25583973894626916,0.2937376718360992,False
4.649999999999888,0.2976275640544578,1.811764705882353,1.811764705882353,0.030129411800022002,0.6736795317752817,68.44512035195078,-1.0543455627963056,0.254787154200252,0.2939930381762543,False
4.650999999999888,0.29791368864975565,1.811764705882353,1.811764705882353,0.030129411800022002,0.636440990397763,65.97247628252127,-8.299235555560497,0.24648964207528315,0.2942440917102342,False
4.651999999999888,0.29819907817264163,1.811764705882353,1.811764705882353,0.030129411800022002,0.6029263031579976,63.75183006033201,-9.758402388080771,0.23673289970949296,0.29448619106927115,False
4.652999999999889,0.29848373191894534,1.811764705882353,1.811764705882353,0.030129411800022002,0.5727630846422097,61.7557558182613,-9.617232464359413,0.2271172604307132,0.29471859717227633,False
4.653999999999889,0.29876764918631177,1.811764705882353,1.811764705882353,0.030129411800022002,0.5456161879780017,59.96166337446489,-9.072423478672823,0.21804636595850752,0.29494163276142565,False
4.654999999999889,0.2990508292742036,1.811764705882353,1.811764705882353,0.030129411800022002,0.5211839809802153,58.34990365287581,-8.462268180315306,0.20958556664585967,0.29515587198977716,False
4.65599999999989,0.29933327148390193,1.811764705882353,1.811764705882353,0.030129411800022002,0.4991949946822084,56.90320673636039,-7.878987771437444,0.2017079917111637,0.29536191286126057,False
4.65699999999989,0.29961497511850876,1.811764705882353,1.811764705882353,0.030129411800022002,0.479404907014003,55.604992173899404,-7.344502365785624,0.1943648499816276,0.2955603166448106,False
4.65799999999989,0.2998959394829481,1.811764705882353,1.811764705882353,0.030129411800022002,0.46159382811261873,54.43971325834564,0.3367010953958845,0.19470289277610187,0.2957548338152371,False
4.658999999999891,0.30017616388396884,1.811764705882353,1.811764705882353,0.030129411800022002,0.4455638571013736,53.39495926529026,2.1888973197893393,0.1968931417090896,0.29595052252232446,False
4.659999999999891,0.3004556476301447,1.811764705882353,1.811764705882353,0.030129411800022002,0.4311368831912533,52.45811073946709,2.401166092908805,0.1992956753138561,0.29614849700878804,False
4.660999999999891,0.30073439003187735,1.811764705882353,1.811764705882353,0.030129411800022002,0.4181526066721457,51.61789659036922,2.1740848000725714,0.20147114316763043,0.2963487718516467,False
4.661999999999892,0.3010123904013979,1.811764705882353,1.811764705882353,0.030129411800022002,0.4064667578049492,50.86456625258333,1.8493890609799006,0.20332192885208147,0.2965510760574858,False
4.662999999999892,0.3012896480527678,1.811764705882353,1.811764705882353,0.030129411800022002,0.39594949382447275,50.190821263549424,1.5227027654459913,0.20484603956174194,0.2967550840470365,False
4.663999999999892,0.3015661623018814,1.811764705882353,1.811764705882353,0.030129411800022002,0.38648395624204435,49.58721754395783,1.2183627557977945,0.20606581942092686,0.29696047919985086,False
4.664999999999893,0.30184193246646746,1.811764705882353,1.811764705882353,0.030129411800022002,0.3779649724178591,49.04792226824062,0.9415733016863783,0.2070088169996626,0.2971669695816315,False
4.665999999999893,0.30211695786609033,1.811764705882353,1.811764705882353,0.030129411800022002,0.37029788697609256,48.56535859219128,0.6916252141974798,0.20770187186649042,0.2973742904876287,False
4.666999999999893,0.3023912378221522,1.811764705882353,1.811764705882353,0.030129411800022002,0.363397510078503,48.134659523066205,0.4663153681773404,0.20816962064110994,0.29758220306136085,False
4.667999999999894,0.3026647716578945,1.811764705882353,1.811764705882353,0.030129411800022002,0.35718717087067264,47.75049310613105,0.26342475093665785,0.208434481091545,0.2977904920845077,False
4.668999999999894,0.30293755869839983,1.811764705882353,1.811764705882353,0.030129411800022002,0.3515978655836255,47.408046547935875,0.08067877970606123,0.2085165965484951,0.2979989637330423,False
4.669999999999894,0.30320959827059324,1.811764705882353,1.811764705882353,0.030070588270610217,-0.8304913327040853,47.10357866735605,-0.08388234547527866,0.20843415067372917,0.29820744344443767,False
4.670999999999895,0.303480889703244,1.811764705882353,1.811764705882353,0.030011764741198432,-0.7297245523395034,46.83258586579075,-0.23205460932557875,0.2082035312624619,0.29841577403170655,False
4.671999999999895,0.3037514323269676,1.811764705882353,1.811764705882353,0.029952941211786648,-0.6390932735407948,46.59246061009061,-0.3654860038513956,0.20783947822426707,0.29862381395412474,False
4.672999999999895,0.30402122547422705,1.811764705882353,1.811764705882353,0.029894117682374863,-0.5575839461513721,46.37936881922513,-0.48557902324902813,0.2073553290705158,0.298831435779813,False
4.673999999999896,0.3042902684793343,1.811764705882353,1.811764705882353,0.029835294152963078,-0.484284375030306,46.191222894936196,-0.5937833082900966,0.2067629717579142,0.2990385247621175,False
4.674999999999896,0.3045585606784529,1.811764705882353,1.811764705882353,0.029776470623551293,-0.4183735845507609,46.02547721949666,-0.6912927906680184,0.2060731003886256,0.2992449775051178,False
4.675999999999896,0.3048261014095982,1.811764705882353,1.811764705882353,0.02971764709413951,-0.35911269664858425,45.879345333351715,-0.7791459193118879,0.20529537068542866,0.299450700839736,False
4.676999999999897,0.3050928900126402,1.8235294117647058,1.811764705882353,0.02971764709413951,0.8712221024633293,125.99949697540013,-0.8582553801330961,0.20443852574807986,0.29965561084194586,False
4.677999999999897,0.30535892582930435,1.8235294117647058,1.811764705882353,0.02971764709413951,0.8138175393111169,148.96049074286017,-0.9294974848362857,0.2035104324213645,0.29985963193651516,False
4.678999999999897,0.305624208203174,1.8235294117647058,1.811764705882353,0.02971764709413951,0.7621534324741275,155.49040586472967,-0.9936939448048686,0.20251813588958995,0.30006269604531705,False
4.679999999999898,0.30588873647969106,1.8235294117647058,1.811764705882353,0.02971764709413951,0.7156557363208387,157.3000455807943,-1.051500634216841,0.20146802550880127,0.3002647418402929,False
4.680999999999898,0.30615251000615823,1.8235294117647058,1.811764705882353,0.02971764709413951,0.6738078097828804,157.75155326649866,-1.1035845474225037,0.20036582368203149,0.30046571408261813,False
4.681999999999898,0.3064155281317409,1.8235294117647058,1.811764705882353,0.02971764709413951,0.6361446758987193,157.81304398004954,-1.1505414064926625,0.19921665712726958,0.3006655629878182,False
4.682999999999899,0.30667779020746766,1.8235294117647058,1.811764705882353,0.02971764709413951,0.6022478554029755,156.16294250296005,-1.1928865453487156,0.19802513726182824,0.3008642436662567,False
4.683999999999899,0.30693929558623295,1.8235294117647058,1.811764705882353,0.02971764709413951,0.5717407169568073,149.13505163214847,-1.2310056151110549,0.1967954898821216,0.3010617156661895,False
4.684999999999899,0.30720004362279846,1.8235294117647058,1.8235294117647058,0.02971764709413951,0.5442842923552569,5.184368868420379,-1.2653978396737644,0.19553144158775784,0.30125794253703453,False
4.6859999999999,0.30746003367379415,1.8235294117647058,1.8235294117647058,0.02971764709413951,0.5195735102138624,-29.159418634740284,-1.2963714198626108,0.19423641080195095,0.3014528914161337,False
4.6869999999999,0.30771926509772046,1.8235294117647058,1.8235294117647058,0.02971764709413951,0.4973338062866083,-32.70056806248442,-1.3243268715144862,0.1929134154539989,0.3016465326790333,False
4.6879999999999,0.3079777372549495,1.8235294117647058,1.8235294117647058,0.02971764709413951,0.4773180727520803,-28.01876579996969,-1.3495213711423686,0.19156521631643564,0.3018388396034913,False
4.688999999999901,0.30823544950772713,1.8235294117647058,1.8235294117647058,0.02971764709413951,0.4593039125710058,-21.541117071039412,-1.372236728987836,0.19019429236942437,0.3020297881012344,False
4.689999999999901,0.3084924012201739,1.8235294117647058,1.8235294117647058,0.02971764709413951,0.4430911684080393,-15.05829834078284,-1.3927273165930891,0.1888028682376248,0.30221935644851183,False
4.690999999999901,0.3087485917582868,1.8235294117647058,1.8235294117647058,0.02971764709413951,0.42849969866136994,-9.033438224908926,-1.4111908342578647,0.18739297085991408,0.30240752505724133,False
4.691999999999902,0.3090040204899416,1.8235294117647058,1.8235294117647058,0.02971764709413951,0.4153673758893681,-3.5539276726235958,-1.4278653451377301,0.185966389124999,0.3025942762591589,False
4.692999999999902,0.3092586867848929,1.8235294117647058,1.8235294117647058,0.02971764709413951,0.40354828539456683,1.3962857129023847,-1.4428886149682087,0.18452477416760793,0.3027795941129016,False
4.693999999999902,0.3095125900147769,1.8235294117647058,1.8235294117647058,0.02971764709413951,0.3929111039492461,5.859207062340105,-1.4564633245305185,0.1830695744522254,0.30296346423704135,False
4.694999999999903,0.309765729553113,1.8235294117647058,1.8235294117647058,0.02971764709413951,0.3833376406484578,9.880443863284471,-1.4686997673484965,0.18160212815933324,0.3031458736489881,False
4.695999999999903,0.3100181047753042,1.8235294117647058,1.8235294117647058,0.02971764709413951,0.3747215236777487,13.503206294054586,-1.4797324863261823,0.18012363893516808,0.30332681064379313,False
4.696999999999903,0.31026971505864,1.8235294117647058,1.8235294117647058,0.02971764709413951,0.3669670184041107,16.767084415284945,-1.4897087813214342,0.17863516313378666,0.30350626465387404,False
4.697999999999904,0.3105205597822967,1.8235294117647058,1.8235294117647058,0.02971764709413951,0.3599879636578368,19.708040932002046,2.7471240857749497,0.181383527377941,0.30368613676637646,False
4.698999999999904,0.31077063832734025,1.8235294117647058,1.8235294117647058,0.02971764709413951,0.35370681438619056,22.358158369298078,3.9596781049267107,0.18534446947962335,0.3038693029064845,False
4.699999999999904,0.3110199500767265,1.8235294117647058,1.8235294117647058,0.02971764709413951,0.3480537800417091,24.746608450338336,4.30282773143276,0.189648589794216,0.30405658442310746,False
4.700999999999905,0.3112684944153033,1.8235294117647058,1.8235294117647058,0.02971764709413951,0.34296604913167605,26.899562591537485,4.396177775427388,0.1940460900635053,0.3042482120854921,False
4.701999999999905,0.3115162707298127,1.8235294117647058,1.8235294117647058,0.02971764709413951,0.3383870913126464,28.838233963846047,4.41761535679607,0.19846505816483884,0.30444424691320376,False
4.702999999999905,0.31176327840889084,1.8235294117647058,1.8235294117647058,0.02971764709413951,0.33426602927551985,30.58987579102099,4.418362399400125,0.2028848036160348,0.30464470106337027,False
4.703999999999906,0.31200951684307093,1.8235294117647058,1.8235294117647058,0.02971764709413951,0.33055707344210616,32.16783116804863,4.328496100565801,0.20721471270133218,0.304849534537132,False
4.704999999999906,0.3122549854247843,1.8235294117647058,1.8235294117647058,0.02971764709413951,0.32721901319203395,33.59199556466113,3.954044117404791,0.21117019793877806,0.30505852943354517,False
4.705999999999906,0.3124996835483615,1.8235294117647058,1.8235294117647058,0.02971764709413951,0.3242147589669691,34.876837875800085,-3.6648716084154,0.20750676312093086,0.30526805130209306,False
4.706999999999907,0.3127436106100342,1.8235294117647058,1.8235294117647058,0.02971764709413951,0.3215109301644108,36.03732916884482,-5.484532442673147,0.20202363468259996,0.30547309086915103,False
4.707999999999907,0.3129867660079365,1.8235294117647058,1.8235294117647058,0.02971764709413951,0.3190774842421084,37.08468535529374,-5.674384632302532,0.1963506154877283,0.3056725618511842,False
4.708999999999907,0.31322914914210687,1.8235294117647058,1.8235294117647058,0.02971764709413951,0.31688738291203633,38.03044428795173,-5.429098430041664,0.1909228444247681,0.3058664701699205,False
4.709999999999908,0.313470759414489,1.8235294117647058,1.8235294117647058,0.02971764709413951,0.3149162917149716,38.88481521621124,-5.088729596586006,0.1858354062096901,0.30605510386190715,False
4.710999999999908,0.3137115962289333,1.8235294117647058,1.8235294117647058,0.02971764709413951,0.31314230963761336,39.65628094559301,-4.7480254217309295,0.18108863853080553,0.3062388034123038,False
4.711999999999908,0.3139516589911992,1.8235294117647058,1.8235294117647058,0.02971764709413951,0.31154572576799094,40.35451392947767,-4.431493740769085,0.17665837114169308,0.30641789861537794,False
4.712999999999909,0.3141909471089555,1.8235294117647058,1.8235294117647058,0.02971764709413951,0.3101088002853309,40.98658511829528,-4.143762129966084,0.1725158060338337,0.3065926930126306,False
4.713999999999909,0.31442945999178257,1.8235294117647058,1.8235294117647058,0.02971764709413951,0.3088155673509369,41.55923391979275,-3.8839847184151766,0.16863299087462866,0.30676346172807906,False
4.714999999999909,0.3146671970511737,1.8235294117647058,1.8235294117647058,0.02971764709413951,0.3076516577099823,42.0774465480572,-3.649942162548712,0.1649841924916119,0.3069304529320024,False
4.71599999999991,0.3149041577005362,1.8235294117647058,1.8235294117647058,0.02971764709413951,0.3066041390331232,42.5470257983019,-3.43922421267999,0.16154608779467378,0.3070938901460182,False
4.71699999999991,0.31514034135519337,1.8235294117647058,1.8235294117647058,0.029776470623551293,1.0,42.973086225561076,-3.2495471792611688,0.15829763723202114,0.30725397459622356,False
4.71799999999991,0.3153757474323853,1.8235294117647058,1.8235294117647058,0.029835294152963078,1.0,43.35980911169485,-3.0788186580865613,0.15521989351978924,0.30741088741066297,False
4.718999999999911,0.315610375351271,1.8235294117647058,1.8235294117647058,0.029894117682374863,1.0,43.71114840594467,-2.925137938388984,0.1522958099622342,0.3075647916253432,False
4.719999999999911,0.31584422453292954,1.8235294117647058,1.8235294117647058,0.029952941211786648,1.0,44.03027318813491,-2.7868094022022265,0.14951003537118424,0.3077158339925368,False
4.720999999999911,0.3160772944003611,1.8352941176470587,1.8235294117647058,0.030011764741198432,1.0,126.56743017585103,-2.6622912558531477,0.146848760252796,0.3078641466070754,False
4.721999999999912,0.31630958437848905,1.8352941176470587,1.8235294117647058,0.030070588270610217,1.0,150.22292309714766,-2.5502002840007374,0.1442995582391906,0.30800984837668943,False
4.722999999999912,0.316541093894161,1.8352941176470587,1.8235294117647058,0.030129411800022002,0.9861526365402198,156.95278608565926,-2.4494154582005843,0.1418511239100046,0.30815304628715584,False
4.723999999999912,0.3167718223761501,1.8352941176470587,1.8235294117647058,0.030188235329433787,0.9300197258626717,158.81893132409698,-2.358496043033017,0.1394935925084065,0.30829383666711857,False
4.724999999999913,0.31700176925515694,1.8352941176470587,1.8235294117647058,0.030188235329433787,-0.2974998937470766,159.28725416300037,-2.2767371555150167,0.13721780409554427,0.30843230629762286,False
4.725999999999913,0.3172309339638104,1.8352941176470587,1.8235294117647058,0.030188235329433787,-0.23756166904291512,159.35349568100727,-2.203087123891998,0.13501565034560511,0.308568533272992,False
4.726999999999913,0.31745931593666926,1.8352941176470587,1.8235294117647058,0.030188235329433787,-0.18361726680917184,156.89887185918312,-2.136781294244623,0.13287978753403656,0.30870258792328603,False
4.727999999999914,0.31768691461022364,1.8352941176470587,1.8235294117647058,0.030188235329433787,-0.13506730479880463,149.7740743452075,-2.077028355721645,0.13080366319985356,0.3088345335909019,False
4.728999999999914,0.31791372942289664,1.8352941176470587,1.8235294117647058,0.030188235329433787,-0.09137233898947585,141.96346577612968,-2.02323560060168,0.12878131754713715,0.3089644273324681,False
4.729999999999914,0.31813975981504516,1.8352941176470587,1.8235294117647058,0.030188235329433787,-0.05204686976108132,134.52991094419022,-1.9747932163971358,0.1268074005539521,0.3090923205192095,False
4.730999999999915,0.31836500522896155,1.8352941176470587,1.8235294117647058,0.030188235329433787,-0.01665394745552759,127.73560418148071,-1.9311616218743568,0.12487710174500125,0.30921825941512016,False
4.731999999999915,0.3185894651088754,1.8352941176470587,1.8235294117647058,0.030188235329433787,0.015199682619469572,121.60505297683643,-1.8918925226611936,0.12298605890810117,0.30934228567543204,False
4.732999999999915,0.3188131389009542,1.8352941176470587,1.8235294117647058,0.030188235329433787,0.043867949686965946,116.08247901259332,-1.8564746295155126,0.12113042109239756,0.3094644368232285,False
4.733999999999916,0.31903602605330483,1.8352941176470587,1.8235294117647058,0.030188235329433787,0.06966939004771178,111.1159783110568,-1.824534250204069,0.11930671101430682,0.30958474669878816,False
4.734999999999916,0.31925812601597575,1.8352941176470587,1.8235294117647058,0.030188235329433787,0.09289068637238215,106.66021359103102,-1.7957151925976065,0.11751180755991153,0.30970324582537945,False
4.735999999999916,0.31947943824095726,1.8352941176470587,1.8235294117647058,0.030188235329433787,0.11378985306458471,102.65834859542572,-1.7697539868343968,0.11574285306476172,0.3098199617237056,False
4.736999999999917,0.31969996218218344,1.8352941176470587,1.8235294117647058,0.030188235329433787,0.1325991030875663,99.06891907894754,-1.7463439244712364,0.11399729655444778,0.3099349191948131,False
4.737999999999917,0.31991969729553327,1.8352941176470587,1.8235294117647058,0.030188235329433787,0.14952742810824912,95.84803748207226,-1.7252146808080664,0.11227285736281728,0.3100481406104107,False
4.738999999999917,0.3201386430388323,1.8352941176470587,1.8235294117647058,0.030188235329433787,0.16476292062686307,92.96042334342401,-1.7061452824590495,0.11056747578231685,0.31015964616096964,False
4.739999999999918,0.3203567988718538,1.8352941176470587,1.8235294117647058,0.030188235329433787,0.1784748638936151,90.37563608812086,-1.6889267593921828,0.10887930106210902,0.3102694540712822,False
4.740999999999918,0.3205741642563196,1.8352941176470587,1.8235294117647058,0.030188235329433787,0.19081561283369153,88.05519667867233,-1.6733916460620648,0.10720664990485194,0.31037758079074207,False
4.741999999999918,0.32079073865590263,1.8352941176470587,1.8235294117647058,0.030188235329433787,0.20192228687975988,85.9800898893773,2.692219340336187,0.10989961620660363,0.31048599938697313,False
4.742999999999919,0.32100652153622683,1.8352941176470587,1.8235294117647058,0.030188235329433787,0.211918293521221,84.12149302600454,3.9424157693617485,0.11384280254361678,0.31059767355180534,False
4.743999999999919,0.3212215123648694,1.8352941176470587,1.8235294117647058,0.030188235329433787,0.2209146994985357,82.45984296327241,4.297041742138031,0.11814064334986954,0.31071345050168736,False
4.744999999999919,0.321435710611362,1.8352941176470587,1.8235294117647058,0.030188235329433787,0.2290114648781186,80.97480726268206,4.394278817802634,0.1225357510991922,0.31083356906696025,False
4.74599999999992,0.3216491157471916,1.8352941176470587,1.8235294117647058,0.030188235329433787,0.23629855371974295,79.65001369971317,4.417503497825652,0.12695411375522053,0.31095809320921985,False
4.74699999999992,0.32186172724580236,1.8352941176470587,1.8235294117647058,0.030188235329433787,0.24285693367720465,78.46711752024426,4.419399351011359,0.13137440255921848,0.3110870365854459,False
4.74799999999992,0.3220735445825963,1.8352941176470587,1.8235294117647058,0.030188235329433787,0.24875947563891995,77.41327004587963,4.287864221334279,0.1356631859883463,0.3112203410775477,False
4.748999999999921,0.3222845672349355,1.8352941176470587,1.8235294117647058,0.030188235329433787,0.2540717634044635,76.47550871942727,3.9091832420411907,0.1395733162691759,0.31135776396341464,False
4.749999999999921,0.32249479468214237,1.8352941176470587,1.8235294117647058,0.030188235329433787,0.25885282239345253,75.64219503170214,3.4941702622756434,0.14306845864971854,0.31149891023885473,False
4.750999999999921,0.32270422640550156,1.8352941176470587,1.8235294117647058,0.030188235329433787,0.2631557754835425,74.90265989827716,3.0990655394691475,0.1461685186180451,0.31164337387301794,False
4.751999999999922,0.3229128618882613,1.8352941176470587,1.8235294117647058,0.030188235329433787,0.26702843326462333,74.24761709236019,2.73774627610379,0.14890727905884574,0.31179077498539676,False
4.752999999999922,0.32312070061563414,1.8352941176470587,1.8235294117647058,0.030188235329433787,0.270513825267596,73.6686537580286,2.4115134557777433,0.15131982407796615,0.3119407680639537,False
4.753999999999922,0.32332774207479864,1.8352941176470587,1.8235294117647058,0.030188235329433787,0.2736506780702712,73.15833360102992,2.1174197930629894,0.1534382907247861,0.31209304135461635,False
4.754999999999923,0.32353398575490055,1.8352941176470587,1.8235294117647058,0.030188235329433787,0.2764738455926788,72.70921554159833,1.8527226041103448,0.15529207357438482,0.3122473140062802,False
4.755999999999923,0.3237394311470543,1.8352941176470587,1.8235294117647058,0.030188235329433787,0.27901469636284554,72.31561896051926,1.6150262890509957,0.15690817179409897,0.3124033334845122,False
4.756999999999923,0.3239440777443437,1.8352941176470587,1.8235294117647058,0.030188235329433787,0.28130146205599554,71.97191266930074,1.4013265274637379,0.15831058040399687,0.3125608729022063,False
4.757999999999924,0.32414792504182344,1.8352941176470587,1.8235294117647058,0.030188235329433787,0.28335955117983047,71.67319943360232,1.2094320302607975,0.1595211032909171,0.31271972838129064,False
4.758999999999924,0.32435097253652084,1.8352941176470587,1.8352941176470587,0.030188235329433787,0.2852118313912818,-64.62433250571667,1.0370230336761708,0.1605592247182003,0.3128797168037711,False
4.759999999999924,0.32455321972743634,1.8352941176470587,1.8352941176470587,0.030188235329433787,0.286878883581588,-91.62279296339327,0.882234934533618,0.16144256447221236,0.3130406736969215,False
4.760999999999925,0.3247546661155449,1.8352941176470587,1.8352941176470587,0.03024705885884557,1.0,-88.42211613715332,0.7434589924537,0.16218713371337895,0.3132024514839382,False
4.761999999999925,0.32495531120379784,1.8352941176470587,1.8352941176470587,0.030305882388257356,1.0,-77.63423959110713,0.6186609708968676,0.1628069094672168,0.31336491768383257,False
4.762999999999925,0.32515515449712323,1.8352941176470587,1.8352941176470587,0.03036470591766914,1.0,-65.65050742047636,0.5068362765027944,0.16331486425777647,0.31352795334063,False
4.763999999999926,0.3253541955024276,1.8352941176470587,1.8352941176470587,0.030423529447080926,1.0,-54.21460128718694,0.4064612584013481,0.1637224470410871,0.31369145178528696,False
4.764999999999926,0.32555243372859705,1.8352941176470587,1.8352941176470587,0.03048235297649271,1.0,-43.7234045376186,0.31650204368163676,0.1640400729746637,0.31385531733251815,False
4.765999999999926,0.3257498686864985,1.8352941176470587,1.8352941176470587,0.030541176505904495,1.0,-34.22710913774758,0.23588393173245867,0.16427708258253246,0.31401946422862087,False
4.766999999999927,0.32594649988898083,1.8352941176470587,1.8352941176470587,0.03060000003531628,0.9791731814178108,-25.662281778779903,0.16374164137117786,0.16444195116813623,0.31418381567107656,False
4.767999999999927,0.32614232685087596,1.8352941176470587,1.8352941176470587,0.030658823564728065,0.9242088044877983,-17.946736396237704,0.09910542630847284,0.164542184342851,0.31434830289631677,False
4.768999999999927,0.3263373490890006,1.8352941176470587,1.8352941176470587,0.03071764709413985,0.8747996887802006,-10.998303373112458,0.04129624257809683,0.1645846087228437,0.3145128643408444,False
4.769999999999928,0.3265315661221565,1.8352941176470587,1.8352941176470587,0.030776470623551634,0.830390308172776,-4.741517117932579,-0.010371060409101202,0.1645753658177566,0.31467744495948696,False
4.770999999999928,0.32672497747113255,1.8352941176470587,1.8352941176470587,0.03083529415296342,0.7904806891555073,0.892627696175395,-0.05651165233091058,0.16451998200719958,0.31484199557177944,False
4.771999999999928,0.32691758265870546,1.8352941176470587,1.8352941176470587,0.030894117682375204,0.7546208555693787,5.9663438116192475,-0.09768947734166641,0.16442341976225713,0.315006472269883,False
4.772999999999929,0.32710938120964117,1.8470588235294116,1.8352941176470587,0.03095294121178699,0.7224058288712758,116.12823378551529,-0.13439537308949273,0.16429015074842127,0.31517083588757205,False
4.773999999999929,0.32730037265069567,1.8470588235294116,1.8352941176470587,0.031011764741198773,0.6934711283723961,147.72438179275855,-0.16707402131362936,0.1641242019783179,0.3153350515301976,False
4.774999999999929,0.3274905565106165,1.8470588235294116,1.8352941176470587,0.031070588270610558,0.667488721452817,156.7386628335102,-0.19611848285017489,0.16392920742976735,0.3154990881532612,False
4.77599999999993,0.32767993232014414,1.8470588235294116,1.8352941176470587,0.031129411800022343,0.6441633787546086,159.26098017892454,-0.2219221148856523,0.16370840774673256,0.3156629181692457,False
4.77699999999993,0.32786849961201253,1.8470588235294116,1.8352941176470587,0.031188235329434127,0.6232293938556337,158.0093832992228,-0.24478516904268965,0.16346474334256417,0.31582651709617726,False
4.77799999999993,0.3280562579209504,1.8470588235294116,1.8352941176470587,0.031247058858845912,0.6044476309759688,151.42611605641568,-0.2650053166376215,0.1632008569782546,0.3159898632585548,False
4.778999999999931,0.32824320678368313,1.8470588235294116,1.8352941176470587,0.0313058823882577,0.5876028679136827,143.94376698026133,-0.2828414276838864,0.16291913256185625,0.3161529375071572,False
4.779999999999931,0.32842934573893273,1.8470588235294116,1.8352941176470587,0.03136470591766948,0.5725014046870376,136.77232064711146,-7.496204254073348,0.15542401367818381,0.3163124840005691,False
4.780999999999931,0.32861467432741986,1.8470588235294116,1.8352941176470587,0.031423529447081266,0.5589689113124694,130.186140199068,-8.926553580467365,0.14649848818620828,0.31646389168382527,False
4.781999999999932,0.3287991920918648,1.8470588235294116,1.8352941176470587,0.03148235297649305,0.5468484908047702,124.24271017127715,-8.758984370853373,0.1377404713993701,0.31660644921139636,False
4.782999999999932,0.32898289857698826,1.8470588235294116,1.8352941176470587,0.031541176505904836,0.5359989358772532,118.88377343545167,-8.18987752287414,0.1295515037621763,0.316740504785526,False
4.783999999999932,0.3291657933295127,1.8470588235294116,1.8352941176470587,0.03160000003531662,0.5262931599719001,114.074097009792,-7.557400552914163,0.12199495956240698,0.3168666559744052,False
4.784999999999933,0.3293478758981634,1.8470588235294116,1.8352941176470587,0.031658823564728406,0.5176167851864945,109.75078253603407,-6.953817759103839,0.1150419488435053,0.3169855222016299,False
4.785999999999933,0.3295291458336698,1.8470588235294116,1.8352941176470587,0.03171764709414019,0.5098668714090413,105.87526689795877,-6.400135116344075,0.10864257538879825,0.3170976845479839,False
4.786999999999933,0.32970960268876653,1.8470588235294116,1.8352941176470587,0.031776470623551975,0.5029507725387456,102.39554456827345,-5.899014843756947,0.10274428040892855,0.3172036729998241,False
4.787999999999934,0.32988924601819397,1.8470588235294116,1.8352941176470587,0.03183529415296376,0.49678510708489143,99.27113815591495,-5.447106715942568,0.0972978549929864,0.3173039664921107,False
4.788999999999934,0.33006807537870025,1.8470588235294116,1.8352941176470587,0.031894117682375545,0.4912948317058347,96.47266599995973,-5.04006772705812,0.0922584329160951,0.31739899670505267,False
4.789999999999934,0.3302460903290416,1.8470588235294116,1.8352941176470587,0.03195294121178733,0.4864124073940957,93.96161017865356,-4.6735552061309775,0.08758549033438326,0.31748915240666126,False
4.790999999999935,0.3304232904299838,1.8470588235294116,1.8352941176470587,0.032011764741199114,0.4820770490429426,91.71343750439665,-4.34358070282924,0.0832424915927136,0.31757478363574887,False
4.791999999999935,0.3305996752443034,1.8470588235294116,1.8352941176470587,0.0320705882706109,0.47823405005631675,89.70046935617151,-4.046497138179837,0.07919654787930673,0.31765620553651597,False
4.792999999999935,0.33077524433678823,1.8470588235294116,1.8352941176470587,0.032129411800022684,0.47483417449776544,87.89953768312466,-3.779016430814143,0.07541805825169749,0.3177337018438601,False
4.793999999999936,0.33094999727423907,1.8470588235294116,1.8352941176470587,0.03218823532943447,0.47183311002448103,86.28878506620298,2.048596046551926,0.0774671791576479,0.31781004208482777,False
4.794999999999936,0.3311239336254703,1.8470588235294116,1.8352941176470587,0.03224705885884625,0.469190975527937,84.85025655705654,3.7193334802643,0.08118705837956344,0.31788918329073285,False
4.795999999999936,0.33129705296131146,1.8470588235294116,1.8352941176470587,0.03230588238825804,0.46687187801045926,83.56499927278671,4.195236424104362,0.08538286795724624,0.317972258548534,False
4.796999999999937,0.33146935485460777,1.8470588235294116,1.8352941176470587,0.03236470591766982,0.46484351377414135,82.41764727556917,4.32760267031329,0.08971107303819154,0.3180595891982507,False
4.797999999999937,0.33164083888022117,1.8470588235294116,1.8352941176470587,0.03242352944708161,0.46307680949086705,81.39578898244028,4.2602411588135904,0.09397194594813021,0.3181512177579864,False
4.798999999999937,0.3318115046150322,1.8470588235294116,1.8352941176470587,0.03242352944708161,-0.7155132243640366,80.48659559275642,3.9107348875089736,0.09788334030452632,0.3182469499295125,False
4.799999999999938,0.33198135163794007,1.8470588235294116,1.8352941176470587,0.03242352944708161,-0.6115383724805165,79.67841421917772,3.513612606901036,0.10139763750715122,0.31834641480552645,False
4.800999999999938,0.3321503795298639,1.8470588235294116,1.8352941176470587,0.03242352944708161,-0.517961005785352,78.96134775166216,3.1328983290040275,0.10453124290501896,0.3184492226708801,False
4.801999999999938,0.33231858787374446,1.8470588235294116,1.8352941176470587,0.03242352944708161,-0.433741375759707,78.32639718713224,2.7831129215652646,0.10731508288712716,0.31855500675026516,False
4.802999999999939,0.3324859762545443,1.8470588235294116,1.8352941176470587,0.03242352944708161,-0.35794370873662945,77.7647939068823,2.4673020048280443,0.10978312968722254,0.3186634325654255,False
4.803999999999939,0.3326525442592491,1.8470588235294116,1.8352941176470587,0.03242352944708161,-0.2897258084158621,77.26958807366117,2.182387009390754,0.11196627718983375,0.31877419822511543,False
4.804999999999939,0.3328182914768689,1.8470588235294116,1.8352941176470587,0.03242352944708161,-0.2283296981271738,76.83466578800389,1.9265071774338005,0.11389355872576057,0.31888703189475537,False
4.80599999999994,0.33298321749843907,1.8470588235294116,1.8352941176470587,0.03242352944708161,-0.17307319886735645,76.45282737337794,1.696337658693579,0.11559068296085746,0.3190016892770259,False
4.80699999999994,0.33314732191702096,1.8470588235294116,1.8352941176470587,0.03242352944708161,-0.12334234953352251,76.11937470261309,1.4898408489410704,0.11708132112457433,0.31911795086645267,False
4.80799999999994,0.3333106043277031,1.8470588235294116,1.8352941176470587,0.03242352944708161,-0.07858458513307374,75.8296226311648,1.3042676389403032,0.11838639548805933,0.3192356195917825,False
4.808999999999941,0.3334730643276026,1.8470588235294116,1.8352941176470587,0.03242352944708161,-0.0383025971726713,75.57875666585035,1.1374786136720612,0.11952468904204283,0.3193545183413782,False
4.809999999999941,0.3336347015158654,1.8470588235294116,1.8352941176470587,0.03242352944708161,-0.002048808008310518,75.36317048191691,0.9879211975029726,0.12051343232397087,0.3194744880880079,False
4.810999999999941,0.3337955154936678,1.8470588235294116,1.8352941176470587,0.03242352944708161,0.030579602239613063,75.17917376635651,0.8535592204578393,0.12136781981103366,0.31959538611876664,False
4.811999999999942,0.33395550586421746,1.8470588235294116,1.8352941176470587,0.03242352944708161,0.05994517146274317,75.02401516437318,0.7330962497447713,0.12210174964643411,0.3197170843318919,False
4.812999999999942,0.3341146722327539,1.8470588235294116,1.8352941176470587,0.03248235297649339,1.0,74.89438998634475,0.625069265644932,0.12272765704288893,0.31983946786545897,False
4.813999999999942,0.33427301420655,1.8470588235294116,1.8352941176470587,0.03254117650590518,1.0,74.78789547333761,0.5282537504228987,0.1232567527755648,0.31996243374177136,False
4.814999999999943,0.3344305313949125,1.8470588235294116,1.8352941176470587,0.03260000003531696,1.0,74.7019452389498,0.44149439744246016,0.12369909238506883,0.3200858896740633,False
4.815999999999943,0.3345872234091837,1.8470588235294116,1.8352941176470587,0.032658823564728746,1.0,74.63476823046373,0.3638422561890098,0.12406378252649941,0.320209753004121,False
4.816999999999943,0.3347430898627414,1.8470588235294116,1.8352941176470587,0.03271764709414053,0.9834569726768538,74.58460088837016,0.29429546851716587,0.12435892805509363,0.3203339497295849,False
4.817999999999944,0.3348981303710007,1.8470588235294116,1.8352941176470587,0.032776470623552316,0.9301818636797616,74.54930804609572,0.23204186178000422,0.12459182170563934,0.3204584135875043,False
4.818999999999944,0.3350523445514146,1.8470588235294116,1.8352941176470587,0.0328352941529641,0.8822930891117924,74.52776757230993,0.1764254883166139,0.12476910031253602,0.32058308531251556,False
4.819999999999944,0.3352057320234748,1.8470588235294116,1.8352941176470587,0.032894117682375885,0.8392520155300334,74.51868853881933,0.12676824699039416,0.12489672265173174,0.32070791197096943,False
4.820999999999945,0.33535829240871307,1.8470588235294116,1.8352941176470587,0.03295294121178767,0.8005738728358636,74.5199383558663,0.08245418236638521,0.12498003158203297,0.320832846310836,False
4.821999999999945,0.33551002533070184,1.8470588235294116,1.8352941176470587,0.033011764741199455,0.7658223679405238,74.53142688868458,0.0429601719299518,0.12502384687418489,0.3209578461875596,False
4.822999999999945,0.33566093041505524,1.8470588235294116,1.8352941176470587,0.03307058827061124,0.734604837064131,74.55195243404359,0.007810553801555409,0.12503251266811627,0.32108287406232644,False
4.823999999999946,0.3358110072894298,1.8470588235294116,1.8352941176470587,0.033129411800023024,0.7065678828047904,74.58022624319152,-0.02345819598449675,0.12500990960764347,0.32120789653189347,False
4.824999999999946,0.3359602555835258,1.8470588235294116,1.8352941176470587,0.03318823532943481,0.6813934475007964,74.61563926998309,-0.05121341763426622,0.12495955102144879,0.3213328839083735,False
4.825999999999946,0.33610867492908814,1.8470588235294116,1.8352941176470587,0.033247058858846594,0.6587952792566145,74.65778575767018,-0.07577826460682882,0.1248846271074916,0.3214578098718028,False
4.826999999999947,0.3362562649599066,1.8470588235294116,1.8352941176470587,0.03330588238825838,0.6385157513662636,74.7055434337275,-0.09753337540801546,0.12478794744551089,0.32158265112114043,False
4.827999999999947,0.3364030253118175,1.8470588235294116,1.8352941176470587,0.033364705917670164,0.62032299979436,74.75844118733639,-0.1167270674917176,0.124672073316013,0.32170738705319324,False
4.828999999999947,0.3365489556227043,1.8470588235294116,1.8352941176470587,0.03342352944708195,0.6040083469090594,74.81621860063599,-0.1336070019163282,0.12453931835496804,0.3218319995146112,False
4.829999999999948,0.3366940555324985,1.8470588235294116,1.8352941176470587,0.03348235297649373,0.5893839828417011,74.8780519766303,-0.14842771083543807,0.12439174168098963,0.32195647255114984,False
4.830999999999948,0.33683832468318026,1.8470588235294116,1.8352941176470587,0.03354117650590552,0.5762808787104909,74.94385426027804,-0.1613798279035521,0.12423121179235254,0.32208079218190583,False
4.831999999999948,0.3369817627187801,1.8470588235294116,1.8352941176470587,0.0336000000353173,0.5645469085218138,75.0129861183843,-0.17265845268224841,0.12405940209976118,0.322204946206687,False
4.832999999999949,0.33712436928537887,1.8470588235294116,1.8352941176470587,0.03365882356472909,0.5540451588814168,75.08498268151818,-0.18240902534371348,0.12387784058460638,0.32232892403326985,False
4.833999999999949,0.33726614403110894,1.8470588235294116,1.8352941176470587,0.03371764709414087,0.5446524077344715,75.15974211605653,-0.19080628052888646,0.12368788050337978,0.3224527165187879,False
4.834999999999949,0.3374070866061551,1.8470588235294116,1.8352941176470587,0.03377647062355266,0.536257755231633,75.23713459086774,-0.19797724869629257,0.12349074809085535,0.3225763158164726,False
4.83599999999995,0.33754719666275584,1.8470588235294116,1.8352941176470587,0.03383529415296444,0.5287613915084904,75.31672767851644,-0.20405869035583454,0.12328753282912792,0.3226997152442527,False
4.83699999999995,0.3376864738552034,1.8470588235294116,1.8352941176470587,0.033894117682376226,0.5220734876870741,75.39841599436849,-0.20914424050349883,0.12307923057236739,0.3228229091674077,False
4.83799999999995,0.3378249178398451,1.8470588235294116,1.8352941176470587,0.03395294121178801,0.5161131977772114,75.48168617600288,-0.21332714954386411,0.12286674393077031,0.3229458929051123,False
4.838999999999951,0.3379625282750842,1.8470588235294116,1.8352941176470587,0.034011764741199796,0.5108077603877471,75.56639667782659,-0.2167203398608612,0.12265086259786102,0.32306866262833966,False
4.839999999999951,0.3380993048213807,1.8470588235294116,1.8352941176470587,0.03407058827061158,0.5060916902666412,75.65277786431882,-0.21938314457776747,0.12243231693919915,0.3231912152710599,False
4.840999999999951,0.3382352471412519,1.8588235294117648,1.8352941176470587,0.034129411800023365,0.5019060506870578,135.48059276687908,-0.2213838364033514,0.12221176905235079,0.32331354846688876,False
4.841999999999952,0.33837035489927386,1.8588235294117648,1.8352941176470587,0.03418823532943515,0.49819779859484487,152.61092018770728,-0.22283522717697,0.12198976822710775,0.3234356604607766,False
4.842999999999952,0.3385046277620815,1.8588235294117648,1.8352941176470587,0.034247058858846935,0.49491919524126493,157.46963304399256,-0.2237420711500547,0.12176685900274677,0.3235575500448266,False
4.843999999999952,0.3386380653983699,1.8588235294117648,1.8352941176470587,0.03430588238825872,0.4920272757524551,158.80067948805544,-0.22416794103873086,0.12154352234929029,0.3236792165270753,False
4.844999999999953,0.33877066747889484,1.8588235294117648,1.8352941176470587,0.034364705917670504,0.4894833717419379,159.11890728609396,-0.2241810206526356,0.12132017105595905,0.3238006596658486,False
4.845999999999953,0.3389024336764741,1.8588235294117648,1.8352941176470587,0.03442352944708229,0.4872526816618844,159.14610607752903,-0.22381353631872136,0.12109718568833557,0.3239218796177613,False
4.846999999999953,0.3390333636659875,1.8588235294117648,1.8352941176470587,0.034482352976494074,0.4853038841192481,159.08881363730595,-0.22308696311895282,0.12087492533943243,0.3240428769103314,False
4.847999999999954,0.33916345712437834,1.8588235294117648,1.8352941176470587,0.03454117650590586,0.48360878986028744,159.00723363612997,-0.22206069044528368,0.12065368971507975,0.32416365240344625,False
4.848999999999954,0.33929271373065406,1.8588235294117648,1.8352941176470587,0.03460000003531764,0.48214202855663457,158.918476644396,-0.2207596589124131,0.12043375358243731,0.32428420724547674,False
4.849999999999954,0.3394211331658867,1.8588235294117648,1.8352941176470587,0.03465882356472943,0.48088076691275894,158.82841172179806,-0.2191976649006045,0.1202153779141039,0.32440454285335374,False
4.850999999999955,0.339548715113214,1.8588235294117648,1.8352941176470587,0.03471764709414121,0.47980445496268265,156.64489935458292,-0.21741831035925055,0.11999878008233142,0.32452466088536086,False
4.851999999999955,0.33967545925784043,1.8588235294117648,1.8470588235294116,0.034776470623553,0.4788945977370259,15.781886944453834,-0.21542622486898758,0.11978417283125527,0.3246445632150713,False
4.852999999999955,0.33980136528703725,1.8588235294117648,1.8470588235294116,0.03483529415296478,0.4781345497633466,-16.144582225664486,-0.21325526098219416,0.11957173505377076,0.32476425191356983,False
4.853999999999956,0.3399264328901439,1.8588235294117648,1.8470588235294116,0.03489411768237657,0.4775093301164469,-17.609423282308097,-0.21093004261597004,0.11936162101997479,0.3248837292197539,False
4.854999999999956,0.3400506617585684,1.8588235294117648,1.8470588235294116,0.03495294121178835,0.4770054559636493,-11.08275630453469,-0.20845598768214105,0.11915397958308145,0.32500299752435347,False
4.855999999999956,0.34017405158578856,1.8588235294117648,1.8470588235294116,0.03501176474120014,0.4766107927555431,-2.9472221693057787,-0.2058399972197059,0.11894895269625147,0.3251220593638471,False
4.856999999999957,0.34029660206735207,1.8588235294117648,1.8470588235294116,0.03507058827061192,0.4763144193976594,5.031625673624816,-0.20310498398567575,0.1187466594007614,0.32524091740635613,False
4.857999999999957,0.3404183129008779,1.8588235294117648,1.8470588235294116,0.035129411800023706,0.4761065069049759,12.408280939519738,-0.20025655864860797,0.1185472131280062,0.325359574436519,False
4.858999999999957,0.34053918378605663,1.8588235294117648,1.8470588235294116,0.03518823532943549,0.47597820919097256,19.110311914571597,-0.1973219188524097,0.11835070011239696,0.32547803334016684,False
4.859999999999958,0.34065921442465136,1.8588235294117648,1.8470588235294116,0.035247058858847276,0.47592156477778136,25.167139304089325,-0.1943085907818842,0.11815719906271477,0.32559629708597876,False
4.860999999999958,0.3407784045204984,1.8588235294117648,1.8470588235294116,0.03530588238825906,0.47592940833532105,30.63205631687667,-0.19120442424557413,0.11796680083851618,0.32571436872681053,False
4.861999999999958,0.34089675377950807,1.8588235294117648,1.8470588235294116,0.035364705917670845,0.47599529106651856,35.56165693128937,2.97274807349003,0.12094036674425454,0.3258336737543733,False
4.862999999999959,0.3410142619096654,1.8588235294117648,1.8470588235294116,0.03542352944708263,0.4761134090540081,40.007939272554395,3.877574379057872,0.12481878293657776,0.32595635953388247,False
4.863999999999959,0.34113092862103067,1.8588235294117648,1.8470588235294116,0.035482352976494415,0.47627853877216053,44.01750519321254,4.133071474628254,0.1289527237210046,0.3260830387197227,False
4.864999999999959,0.3412467536257403,1.8588235294117648,1.8470588235294116,0.0355411765059062,0.4764859790479095,47.63857874333809,4.201871385879728,0.1331554928895713,0.3262138828233772,False
4.86599999999996,0.3413617366380078,1.8588235294117648,1.8470588235294116,0.035600000035317984,0.47673149882549537,50.90645825221353,4.217031816718372,0.1373734512082603,0.32634893653562286,False
4.86699999999996,0.3414758773741239,1.8588235294117648,1.8470588235294116,0.03565882356472977,0.47701129015473437,53.853573178934745,4.216741889309668,0.14159114835525882,0.32648820809297346,False
4.86799999999996,0.34158917555245766,1.8588235294117648,1.8470588235294116,0.035717647094141554,0.4773219258804614,56.5209255602956,4.211929360809055,0.1458040617050541,0.32663169519907304,False
4.868999999999961,0.3417016308934571,1.8588235294117648,1.8470588235294116,0.03577647062355334,0.4776603215630275,58.927950234590725,4.205779625849815,0.15001085400881553,0.3267793924683564,False
4.869999999999961,0.34181324311964995,1.8588235294117648,1.8470588235294116,0.03583529415296512,0.47802370120674875,61.10565163663231,4.199198075042687,0.15421109340278358,0.32693129358543177,False
4.870999999999961,0.3419240119556439,1.8588235294117648,1.8470588235294116,0.03589411768237691,0.47840956641550964,63.07479197963298,4.192495324982116,0.15840465863799982,0.3270873919428199,False
4.871999999999962,0.3420339371281282,1.8588235294117648,1.8470588235294116,0.03595294121178869,0.4788156686328063,64.85398472273982,4.0749789336115425,0.16248073556914827,0.32724763099994375,False
4.872999999999962,0.3421430183658732,1.8588235294117648,1.8470588235294116,0.03601176474120048,0.479239984157785,66.46772017598289,-3.3799494202511053,0.15910188137742778,0.3274085914161047,False
4.873999999999962,0.3422512553997317,1.8588235294117648,1.8470588235294116,0.03607058827061226,0.4796806916596777,67.92882323055169,-5.07109530023303,0.15403185125873825,0.32756541194474587,False
4.874999999999963,0.34235864796263976,1.8588235294117648,1.8470588235294116,0.03612941180002405,0.4801361519407929,69.25309268823989,-5.150481360997757,0.14888240009496445,0.3277171266985665,False
4.875999999999963,0.3424651957896168,1.8588235294117648,1.8470588235294116,0.03618823532943583,0.4806048897232085,70.45339814933487,-4.806982102656823,0.14407641440017022,0.32786384655554557,False
4.876999999999963,0.3425708986177668,1.8588235294117648,1.8470588235294116,0.03624705885884762,0.48108557725679413,71.54445620272027,-4.378301852858407,0.13969907786350855,0.32800595331419935,False
4.877999999999964,0.3426757561862783,1.8588235294117648,1.8470588235294116,0.0363058823882594,0.4815770195664331,72.5356547754177,-3.9578596800449426,0.13574215530381972,0.32814387191829053,False
4.878999999999964,0.34277976823642586,1.8588235294117648,1.8470588235294116,0.036364705917671186,0.48207814117451986,73.43613451187618,-3.569231952226762,0.13217383501854865,0.3282780084669477,False
4.879999999999964,0.34288293451157004,1.8588235294117648,1.8470588235294116,0.03642352944708297,0.48258797415120985,74.25716123263139,-3.216255592324277,0.12895846814884915,0.3284087355208427,False
4.880999999999965,0.34298525475715824,1.8588235294117648,1.8470588235294116,0.03654117650590654,1.0,75.00529237135615,-2.8973781721158414,0.1260619580266906,0.3285363906902382,False
4.881999999999965,0.34308672872072554,1.8588235294117648,1.8470588235294116,0.03665882356473011,1.0,75.68799253035243,-2.6097837833577766,0.12345302367071942,0.32866127875575396,False
4.882999999999965,0.34318735615189494,1.8588235294117648,1.8470588235294116,0.03677647062355368,1.0,76.31171619559302,-2.350481505087468,0.12110337481897208,0.3287836745628214,False
4.883999999999966,0.3432871368023784,1.8588235294117648,1.8470588235294116,0.03689411768237725,1.0,76.8825095323995,-2.1167232424217546,0.11898746912226366,0.3289038259031429,False
4.884999999999966,0.34338607042597674,1.8588235294117648,1.8470588235294116,0.03701176474120082,1.0,77.40500535153967,-1.9060461085963485,0.11708222695369852,0.3290219561342712,False
4.885999999999966,0.34348415677858146,1.8588235294117648,1.8470588235294116,0.03712941180002439,1.0,77.88549318202735,-1.7159011153545558,0.11536711752735912,0.3291382666810885,False
4.886999999999967,0.3435813956181741,1.8588235294117648,1.8470588235294116,0.03724705885884796,1.0,78.32728308930432,-1.544422917616982,0.11382347526975543,0.32925293927701565,False
4.887999999999967,0.34367778670482735,1.8588235294117648,1.8470588235294116,0.03736470591767153,1.0,78.73386489463007,-1.389897737235779,0.11243434826502927,0.32936613776102835,False
4.888999999999967,0.34377332980070596,1.8588235294117648,1.8470588235294116,0.0374823529764951,1.0,79.10916779275524,-1.2501580304873712,0.11118495203410467,0.329478009995516,False
4.889999999999968,0.3438680246700669,1.8588235294117648,1.8470588235294116,0.037600000035318666,1.0,79.45629320092719,-1.1241771761039208,0.11006152862237156,0.3295886895203103,False
4.890999999999968,0.3439618710792597,1.8588235294117648,1.8470588235294116,0.037717647094142236,0.9818809564665101,79.77815000838535,-1.010316254514986,0.10905195890751758,0.3296982968547494,False
4.891999999999968,0.344054868796728,1.8588235294117648,1.8470588235294116,0.03777647062355402,-0.23094243326243769,80.07694030237178,-0.9074781081537151,0.10814522084650384,0.3298069408927229,False
4.892999999999969,0.3441470175930089,1.8588235294117648,1.8470588235294116,0.037835294152965805,-0.1577187781361445,80.35541713757293,-0.8146791366330464,0.10733127592541952,0.3299147199486546,False
4.893999999999969,0.3442383172407346,1.8588235294117648,1.8470588235294116,0.03789411768237759,-0.09175866499307149,80.61556876021544,-0.7306246834253677,0.1066013802236178,0.33002172288101167,False
4.894999999999969,0.34432876751463215,1.8588235294117648,1.8470588235294116,0.037952941211789375,-0.03233573963489604,80.85894261013726,-0.6546371936397739,0.10594746731839547,0.3301280301092058,False
4.89599999999997,0.3444183681915247,1.8588235294117648,1.8470588235294116,0.03801176474120116,0.021203716716871462,81.08720876930255,-0.5858816700427779,0.10536230573261147,0.33023371436194365,False
4.89699999999997,0.3445071190503313,1.8588235294117648,1.8470588235294116,0.038070588270612944,0.0694480509628722,81.3019261888252,-0.5236780107260242,0.10483934404443185,0.3303388414424727,False
4.89799999999997,0.3445950198720681,1.8588235294117648,1.8470588235294116,0.03812941180002473,0.11292677531368325,81.50446760888688,-0.4672483143324231,0.10437280869182484,0.3304434709526489,False
4.898999999999971,0.3446820704398485,1.8588235294117648,1.8470588235294116,0.038188235329436514,0.15211645075882357,81.69610097289036,-0.4160965451211299,0.10395742211110347,0.3305476569439598,False
4.899999999999971,0.3447682705388839,1.8588235294117648,1.8470588235294116,0.0382470588588483,0.18744598218886022,81.87765048394301,-0.3697396880138913,0.10358838971959859,0.33065144840766547,False
4.900999999999971,0.3448536199564842,1.8588235294117648,1.8470588235294116,0.03830588238826008,0.219301384005304,82.05060566902341,-0.32758223064488307,0.10326151241670614,0.3307548898084056,False
4.901999999999972,0.3449381184820582,1.8588235294117648,1.8470588235294116,0.03836470591767187,0.24803006916951398,82.2152079072322,-0.28927772681127695,0.1029729375207709,0.33085802156760363,False
4.902999999999972,0.34502176590711403,1.8588235294117648,1.8470588235294116,0.03842352944708365,0.27394470934671394,82.37267738977137,-0.2544316872364205,0.10271920681472353,0.3309608804315065,False
4.903999999999972,0.3451045620252602,1.8588235294117648,1.8470588235294116,0.03848235297649544,0.2973267090356047,82.52358560095145,-0.22270302593032493,0.10249720314526922,0.3310634998416197,False
4.904999999999973,0.34518650663220524,1.8588235294117648,1.8470588235294116,0.03854117650590722,0.31842933228501746,82.6690784844057,-0.19377222385569032,0.10230412885817591,0.33116591026606657,False
4.905999999999973,0.3452675995257593,1.8588235294117648,1.8470588235294116,0.03860000003531901,0.3374805167389001,82.80895571419745,-0.16739450788491939,0.10213743105424038,0.33126813948545347,False
4.906999999999973,0.3453478405058335,1.8588235294117648,1.8470588235294116,0.03865882356473079,0.35468540627680567,82.94407219701303,-0.14323741963761732,0.1019948892765714,0.33137021287708396,False
4.907999999999974,0.34542722937444126,1.8588235294117648,1.8470588235294116,0.03871764709414258,0.3702286303903318,83.0748171499865,-0.12112611478674806,0.10187445789816064,0.331472153676476,False
4.908999999999974,0.34550576593569843,1.8588235294117648,1.8470588235294116,0.03877647062355436,0.3842763556219167,83.201800556367,-0.10087621392922216,0.10177427565819193,0.3315739831564835,False
4.909999999999974,0.3455834499958239,1.8588235294117648,1.8470588235294116,0.038835294152966146,0.3969781318597544,83.32519396760888,-0.08228006887554777,0.10169268893218174,0.33167572082213387,False
4.910999999999975,0.3456602813631399,1.8588235294117648,1.8470588235294116,0.03889411768237793,0.4084685540032197,83.44546367859716,-0.06517380876093916,0.10162820795589282,0.3317773845985655,False
4.911999999999975,0.34573625984807277,1.8588235294117648,1.8470588235294116,0.038952941211789716,0.41886875746174995,83.56291022478243,-0.049403731563707955,0.10157949665756802,0.331878990990313,False
4.912999999999975,0.3458113852631531,1.8588235294117648,1.8470588235294116,0.0390117647412015,0.4282877641038386,83.67787747934655,-0.03485351556189182,0.10154533527852692,0.3319805552181782,False
4.913999999999976,0.34588565742301636,1.8588235294117648,1.8470588235294116,0.039070588270613285,0.4368236936111298,83.79039360079302,-0.021377673530759554,0.10152464953958192,0.33208209134866934,False
4.914999999999976,0.34595907614440335,1.8588235294117648,1.8470588235294116,0.03912941180002507,0.4445648536971035,83.90078269599714,-0.008871170799262834,0.10151647018931192,0.3321836124212769,False
4.915999999999976,0.3460316412461608,1.8588235294117648,1.8470588235294116,0.039188235329436855,0.4515907213038914,84.00923108652397,0.0027477162241133345,0.10151990969360448,0.33228513054301145,False
4.916999999999977,0.34610335254924146,1.8588235294117648,1.8470588235294116,0.03924705885884864,0.457972825679412,84.11598342147165,0.013567210536547102,0.10153416873564577,0.3323866569730466,False
4.917999999999977,0.3461742098767048,1.8588235294117648,1.8470588235294116,0.039305882388260424,0.46377554314679226,84.22143274962343,0.023669664768535707,0.10155853034613219,0.33248820220829467,False
4.918999999999977,0.34624421305371744,1.8588235294117648,1.8470588235294116,0.03936470591767221,0.46905681239684593,84.3253818003435,0.03312758779980642,0.10159235006004111,0.3325897760613249,False
4.919999999999978,0.3463133619075535,1.8588235294117648,1.8470588235294116,0.039423529447083994,0.47386877825130597,84.42786383565016,0.0420079514375323,0.10163505038003069,0.33269138773037626,False
4.920999999999978,0.34638165626759504,1.8588235294117648,1.8470588235294116,0.03948235297649578,0.4782583710497315,84.52944873803152,0.050354256530673165,0.1016860973058425,0.33279304585576364,False
4.921999999999978,0.3464490959653325,1.8588235294117648,1.8470588235294116,0.03954117650590756,0.4822678280977263,84.62990910995595,0.05824521178530303,0.10174503554259964,0.33289475857921846,False
4.922999999999979,0.3465156808343652,1.8588235294117648,1.8470588235294116,0.03960000003531935,0.48593516297033323,84.72940363052052,0.06569349314955339,0.10181142246831565,0.33299653359287973,False
4.923999999999979,0.3465814107104015,1.8588235294117648,1.8470588235294116,0.03965882356473113,0.48929458788509117,84.82803857301535,0.07276356974431383,0.10188487992736572,0.33309837817527377,False
4.924999999999979,0.3466462854312595,1.8588235294117648,1.8470588235294116,0.03971764709414292,0.49237689383778493,84.92588817453453,0.0794855927418626,0.10196505991283754,0.33320029924033795,False
4.92599999999998,0.3467103048368674,1.8588235294117648,1.8470588235294116,0.0397764706235547,0.4952097927246212,85.02302606046605,0.08592011140686501,0.10205167496495374,0.3333023033812484,False
4.92699999999998,0.3467734687692635,1.8588235294117648,1.8470588235294116,0.03983529415296649,0.4978182252521854,85.11951749861173,0.092056448766913,0.10214442694495635,0.3334043968989159,False
4.92799999999998,0.3468357770725971,1.8588235294117648,1.8470588235294116,0.03989411768237827,0.5002246380564048,85.21541725276772,0.0979397626761896,0.10224306287008927,0.3335065858164321,False
4.928999999999981,0.3468972295931288,1.8588235294117648,1.8470588235294116,0.039952941211790056,0.5024492331096142,85.3107736140181,0.10359057481794781,0.1023473502776346,0.33360887591314003,False
4.929999999999981,0.34695782617923043,1.8588235294117648,1.8470588235294116,0.04001176474120184,0.5045101921869143,85.40564598655257,0.10904109011448297,0.10245708890833932,0.33371127275041096,False
4.930999999999981,0.34701756668138606,1.8588235294117648,1.8470588235294116,0.040070588270613626,0.5064238788858961,85.50006188289169,0.11430031891000961,0.1025720875119621,0.3338137816934109,False
4.931999999999982,0.34707645095219186,1.8588235294117648,1.8470588235294116,0.04012941180002541,0.5082050204443914,85.59405965006304,0.11939286838977098,0.1026921794442396,0.3339164079271283,False
4.932999999999982,0.3471344788463568,1.8588235294117648,1.8470588235294116,0.040188235329437196,0.5098668713764491,85.68769623047095,0.1243345775463833,0.10281721389882575,0.3340191564770339,False
4.933999999999982,0.3471916502207028,1.8588235294117648,1.8470588235294116,0.04024705885884898,0.5114213607447127,85.78101163793538,0.1291435801068163,0.10294705820214356,0.33412203222595194,False
4.934999999999983,0.3472479649341652,1.8588235294117648,1.8470588235294116,0.040305882388260765,0.5128792247055616,85.87398242937948,0.1338213072722506,0.10308158111091473,0.3342250399246765,False
4.935999999999983,0.3473034228477931,1.8588235294117648,1.8470588235294116,0.04036470591767255,0.5142501257997374,85.96665746614548,0.13838485013486862,0.10322066847212442,0.33432818420044896,False
4.936999999999983,0.3473580238247494,1.8588235294117648,1.8470588235294116,0.040423529447084335,0.5155427603139074,86.05904699595877,0.14284401106169706,0.10336421593438291,0.3344314695707683,False
4.937999999999984,0.34741176773031185,1.8588235294117648,1.8470588235294116,0.04048235297649612,0.5167649549060722,86.15115690078756,0.14721167970363896,0.10351213203528893,0.33453490045458184,False
4.938999999999984,0.3474646544318726,1.8588235294117648,1.8470588235294116,0.040541176505907904,0.5179237535684323,86.24304207629935,0.1515085984256172,0.10366434605426357,0.33463848118870854,False
4.939999999999984,0.3475166837989389,1.8588235294117648,1.8470588235294116,0.04060000003531969,0.5190254958939682,86.3347470193092,0.15572427728421526,0.10382077678025571,0.33474221603452564,False
4.940999999999985,0.34756785570313364,1.8588235294117648,1.8470588235294116,0.040658823564731474,0.5200758875163622,86.42607920206667,0.1598604246077284,0.10398134470999215,0.3348461091729681,False
4.941999999999985,0.3476181700181951,1.8588235294117648,1.8470588235294116,0.04071764709414326,0.5210800635059286,86.51745659293992,0.1639471416378291,0.10414600044101874,0.33495016471901257,False
4.942999999999985,0.34766762661997774,1.8588235294117648,1.8470588235294116,0.04077647062355504,0.5220426454259501,86.60865678268445,0.167972346959922,0.10431468248907677,0.3350543867327967,False
4.943999999999986,0.3477162253864523,1.8588235294117648,1.8470588235294116,0.04083529415296683,0.5229677926833813,86.69955264254921,0.17194438683637195,0.10448733771578111,0.3351587792167294,False
4.944999999999986,0.34776396619770616,1.8588235294117648,1.8470588235294116,0.04089411768237861,0.5238592487444811,86.79022927478002,0.1758688354214902,0.10466391855655778,0.33526334612258907,False
4.945999999999986,0.34781084893594366,1.8588235294117648,1.8470588235294116,0.0409529412117904,0.5247203827288827,86.88082727530703,0.17974957243903483,0.1048443813262444,0.33536809135633566,False
4.946999999999987,0.3478568734854863,1.8588235294117648,1.8470588235294116,0.04101176474120218,0.5255542268442558,86.97139921189438,0.18359044577479142,0.1050286861872786,0.33547301878197483,False
4.947999999999987,0.34790203973277295,1.8588235294117648,1.8470588235294116,0.04107058827061397,0.5263635100775035,87.06177561392651,0.18739486160405536,0.10521679670801189,0.33557813222520777,False
4.948999999999987,0.3479463475663605,1.8588235294117648,1.8470588235294116,0.04112941180002575,0.5271506885168382,87.15199856013537,0.1911656707874819,0.1054086793074159,0.3356834354765864,False
4.949999999999988,0.3479897968769238,1.8588235294117648,1.8470588235294116,0.041188235329437536,0.5279179726416512,87.24210071190997,0.19490538212964514,0.10560430291304448,0.3357889322942107,False
4.950999999999988,0.34803238755725596,1.8588235294117648,1.8470588235294116,0.04124705885884932,0.5286673518833946,87.33208583967196,0.19861709279392,0.1058036395494119,0.33589462640650175,False
4.951999999999988,0.3480741195022686,1.8588235294117648,1.8470588235294116,0.041305882388261106,0.5294006167303754,87.42193881376548,0.2023022129309646,0.10600666265099434,0.33600052151453946,False
4.952999999999989,0.3481149926089925,1.8588235294117648,1.8588235294117648,0.04136470591767289,0.5301193786220701,-48.526899329018185,0.20596272626021878,0.10621334763581064,0.336106621293731,False
4.953999999999989,0.3481550067765772,1.8588235294117648,1.8588235294117648,0.041423529447084675,0.5308250878540068,-75.21370028283437,0.20960160066024972,0.10642367288959889,0.33621292939623687,False
4.954999999999989,0.3481941619062917,1.8588235294117648,1.8588235294117648,0.04148235297649646,0.5315190496921619,-71.73414281038939,0.2132209085973279,0.10663761887042088,0.33631944945353576,False
4.95599999999999,0.3482324579015247,1.8588235294117648,1.8588235294117648,0.041541176505908245,0.5322024388759132,-60.69651410043939,0.21681936534881036,0.10685516475147329,0.3364261850769864,False
4.95699999999999,0.3482698946677846,1.8588235294117648,1.8588235294117648,0.04160000003532003,0.5328763126707012,-48.49468095556685,0.22039951200244948,0.10707629224690518,0.336533139858264,False
4.95799999999999,0.3483064721126998,1.8588235294117648,1.8588235294117648,0.041658823564731814,0.5335416226154222,-36.851835029937725,0.223961846866402,0.10730098356904731,0.3366403173709822,False
4.958999999999991,0.3483421901460193,1.8588235294117648,1.8588235294117648,0.0417176470941436,0.5341992250950827,-26.186088546247447,0.22750663748669142,0.10752922119765244,0.33674772117108714,False
4.959999999999991,0.3483770486796123,1.8588235294117648,1.8588235294117648,0.041776470623555384,0.534849890856189,-16.531875426089304,0.231036744886763,0.10776099047338511,0.3368553547982921,False
4.960999999999991,0.3484110476274688,1.8588235294117648,1.8588235294117648,0.04183529415296717,0.5354943135705965,-7.8264414057811456,0.23455448007241114,0.10799627904782122,0.3369632217786909,False
4.961999999999992,0.3484441869056998,1.8588235294117648,1.8588235294117648,0.041894117682378954,0.536133117542975,0.014138857058426794,0.23804961351770765,0.10823506434288092,0.3370713256214259,False
4.962999999999992,0.3484764664325374,1.8588235294117648,1.8588235294117648,0.04195294121179074,0.5367668646475274,7.073271445743872,0.2415442166413839,0.10847734585183545,0.33717966982299313,False
4.963999999999992,0.34850788612833505,1.8588235294117648,1.8588235294117648,0.04201176474120252,0.5373960605710362,13.428208803151641,0.24502647915894427,0.1087231112576157,0.3372882578740673,False
4.964999999999993,0.3485384459155679,1.8588235294117648,1.8588235294117648,0.04207058827061431,0.5380211604316062,19.1488797053706,0.2484896321855731,0.10897234147415229,0.33739709324996003,False
4.965999999999993,0.3485681457188326,1.8588235294117648,1.8588235294117648,0.04212941180002609,0.5386425738355307,24.299225689299995,0.2519381359995167,0.1092250218755382,0.3375061794089039,False
4.966999999999993,0.3485969854648479,1.8588235294117648,1.8588235294117648,0.04218823532943788,0.5392606694284747,28.93422651316889,0.2553793871454345,0.10948114523233765,0.3376155197978341,False
4.967999999999994,0.34862496508245455,1.8588235294117648,1.8588235294117648,0.04224705885884966,0.539875778991536,33.10957788687115,0.2588161247615161,0.10974070705421088,0.3377251178576888,False
4.968999999999994,0.34865208450261564,1.8588235294117648,1.8588235294117648,0.04230588238826145,0.5404882011277031,36.867892929205674,0.2622393402554782,0.11000369384215433,0.33783497702086196,False
4.969999999999994,0.3486783436584167,1.8588235294117648,1.8588235294117648,0.04236470591767323,0.5410982045796653,40.249938209945064,0.2656512180763068,0.11027009428152633,0.3379451007072316,False
4.970999999999995,0.3487037424850659,1.8588235294117648,1.8588235294117648,0.042423529447085016,0.5417060312158429,43.29612150105381,0.2690534445483563,0.11053989874393527,0.33805549232611976,False
4.971999999999995,0.3487282809198941,1.8588235294117648,1.8588235294117648,0.0424823529764968,0.5423118987178146,46.04102542910746,0.2724461775276989,0.11081309775877651,0.33816615527729116,False
4.972999999999995,0.3487519589023553,1.8588235294117648,1.8588235294117648,0.042541176505908586,0.5429160029990009,48.510428437129555,0.2758285750144376,0.11108968101337346,0.33827709295066094,False
4.973999999999996,0.34877477637402615,1.8588235294117648,1.8588235294117648,0.04260000003532037,0.5435185203814804,50.73586234821196,-6.918432746894699,0.1041719754454023,0.33838506977465765,False
4.974999999999996,0.34879673327860705,1.8588235294117648,1.8588235294117648,0.042658823564732155,0.5441196095551237,52.73947819585453,-8.331648061204302,0.09584100173260736,0.3384854929147847,False
4.975999999999996,0.3488178295619214,1.8588235294117648,1.8588235294117648,0.04271764709414394,0.5447194133408144,54.54447246999171,-8.148687443749875,0.08769293271474236,0.3385776673798859,False
4.976999999999997,0.34883806517191634,1.8588235294117648,1.8588235294117648,0.042776470623555725,0.5453180602773479,56.17007506275982,-7.565738798236215,0.0801277593005914,0.33866195607091565,False
4.977999999999997,0.34885744005866237,1.8588235294117648,1.8588235294117648,0.04283529415296751,0.5459156660496399,57.63299857246637,-6.9211032165437265,0.07320717264574166,0.33873896964511785,False
4.978999999999997,0.348875954174354,1.8588235294117648,1.8588235294117648,0.042894117682379294,0.5465123347741143,58.95306047825585,-6.305960974675688,0.06690168367641106,0.3388093394198146,False
4.979999999999998,0.34889360747330944,1.8588235294117648,1.8588235294117648,0.04295294121179108,0.5471081601555532,60.14188553169692,-5.742441323054432,0.061159673776893894,0.33887365726492125,False
4.980999999999998,0.3489103999119709,1.8588235294117648,1.8588235294117648,0.043011764741202864,0.54770322652826,61.212510960186215,-5.232372801320649,0.05592769543282597,0.33893246260867926,False
4.981999999999998,0.3489263314489047,1.8588235294117648,1.8588235294117648,0.04307058827061465,0.5482976097931079,62.17810480819269,-4.7724411696037246,0.05115561501935262,0.338986242923013,False
4.982999999999999,0.34894140204480145,1.8588235294117648,1.8588235294117648,0.04312941180002643,0.5488913782608826,63.04830900357545,-4.358211450167779,0.04679773356618983,0.3390354375417669,False
4.983999999999999,0.3489556116624759,1.8588235294117648,1.8588235294117648,0.04318823532943822,0.5494845934112917,63.8316534891058,-3.985275597783311,0.04281275985523501,0.33908044208325905,False
4.984999999999999,0.34896896026686725,1.8588235294117648,1.8588235294117648,0.04324705885885,0.5500773105760717,64.53891173773086,-3.6495506623901695,0.03916348535410133,0.3391216127117573,False
4.986,0.34898144782503904,1.8588235294117648,1.8588235294117648,0.04330588238826179,0.5506695795537855,65.1772010898138,-3.347340742511813,0.03581639719376366,0.3391592700460093,False
4.987,0.3489930743061796,1.8588235294117648,1.8588235294117648,0.04336470591767357,0.5512614451631398,65.75300214931538,-3.0752663201180033,0.03274136180898909,0.3391937027125475,False
4.988,0.34900383968160165,1.8588235294117648,1.8588235294117648,0.04342352944708536,0.5518529477409704,66.2721640864669,-2.830421679937682,0.029911151156653982,0.33922517051179435,False
4.989000000000001,0.34901374392474277,1.8588235294117648,1.8588235294117648,0.04348235297649714,0.5524441235904296,66.74087946585637,-2.609862905945536,0.027301480936435498,0.339253907340787,False
4.990000000000001,0.3490227870111651,1.8588235294117648,1.8588235294117648,0.04354117650590893,0.5530350053843548,67.16397079889599,-2.411337981983057,0.02489031870815856,0.3392801238255755,False
4.991000000000001,0.34903096891855595,1.8588235294117648,1.8588235294117648,0.04360000003532071,0.5536256225282992,67.54595388081954,-2.2326923305714783,0.022657786468046805,0.33930400952924444,False
4.992000000000002,0.34903828962672706,1.8588235294117648,1.8588235294117648,0.043658823564732496,0.5542160014872609,67.89099088746119,-2.071790123936368,0.020586141913603986,0.3393257350979209,False
4.993000000000002,0.3490447491176154,1.8588235294117648,1.8588235294117648,0.043658823564732496,-0.6222526574496524,68.20271173823303,-1.9268035280735323,0.018659470463119356,0.3393454542578864,False
4.994000000000002,0.3490503473752828,1.8588235294117648,1.8588235294117648,0.043658823564732496,-0.5163685681399194,68.48485845671155,-1.7963703409035963,0.01686321963427953,0.3393633054337698,False
4.995000000000003,0.34905508438591615,1.8588235294117648,1.8588235294117648,0.043658823564732496,-0.42107288776116314,68.74055843342556,-1.6788237836928668,0.015184503631333618,0.3393794132477122,False
4.996000000000003,0.3490589601378273,1.8588235294117648,1.8588235294117648,0.043658823564732496,-0.3353067754202857,68.9715113833451,-1.5729932537215312,0.013611607178393121,0.3393938899627806,False
4.997000000000003,0.34906197462145316,1.8588235294117648,1.8588235294117648,0.043658823564732496,-0.2581172743134988,69.18029764677502,-1.4776526961095229,0.012134040979781565,0.33940683667844557,False
4.998000000000004,0.349064127829356,1.8588235294117648,1.8588235294117648,0.043658823564732496,-0.1886467233173933,69.36991225306792,-1.3917858009312551,0.010742331982563715,0.339418344462181,False
4.999000000000004,0.3490654197562228,1.8588235294117648,1.8588235294117648,0.043658823564732496,-0.1261232274209006,69.54185031889683,-1.3145093337213773,0.00942789030745504,0.3394284953058265,False
5.0,0.3490658503988659,1.8588235294117648,1.8588235294117648,0.043658823564732496,-0.06985208111405926,69.69771971872039,-1.2447756832886998,0.0081831736322251,0.33943736308273514,False
